frame,time_s,frame_ms,fps
1,0.049433,49.433000,20.229401
2,0.114238,64.805000,15.430908
3,0.117395,3.157000,316.756414
4,0.118986,1.591000,628.535512
5,0.148816,29.830000,33.523299
6,0.161180,12.364000,80.879974
7,0.201189,40.009000,24.994376
8,0.207432,6.243000,160.179401
9,0.209790,2.358000,424.088210
10,0.213739,3.949000,253.228665
11,0.226863,13.124000,76.196282
12,0.245658,18.795000,53.205640
13,0.254371,8.713000,114.771032
14,0.273175,18.804000,53.180174
15,0.279979,6.804000,146.972369
16,0.293707,13.728000,72.843823
17,0.311334,17.627000,56.731151
18,0.324791,13.457000,74.310768
19,0.333755,8.964000,111.557340
20,0.347153,13.398000,74.638006
21,0.359993,12.840000,77.881620
22,0.373357,13.364000,74.827896
23,0.386805,13.448000,74.360500
24,0.400921,14.116000,70.841598
25,0.413920,12.999000,76.928995
26,0.426625,12.705000,78.709170
27,0.440290,13.665000,73.179656
28,0.453495,13.205000,75.728891
29,0.466569,13.074000,76.487685
30,0.479863,13.294000,75.221905
31,0.493232,13.369000,74.799910
32,0.506673,13.441000,74.399226
33,0.520105,13.432000,74.449077
34,0.533333,13.228000,75.597218
35,0.546579,13.246000,75.494489
36,0.559993,13.414000,74.548979
37,0.576558,16.565000,60.368246
38,0.590531,13.973000,71.566593
39,0.603273,12.742000,78.480615
40,0.616937,13.664000,73.185012
41,0.629519,12.582000,79.478620
42,0.643775,14.256000,70.145903
43,0.656944,13.169000,75.935910
44,0.670703,13.759000,72.679701
45,0.682792,12.089000,82.719828
46,0.696937,14.145000,70.696359
47,0.710631,13.694000,73.024682
48,0.720217,9.586000,104.318798
49,0.733260,13.043000,76.669478
50,0.747623,14.363000,69.623338
51,0.759997,12.374000,80.814611
52,0.773601,13.604000,73.507792
53,0.786994,13.393000,74.665870
54,0.800941,13.947000,71.700007
55,0.813560,12.619000,79.245582
56,0.826846,13.286000,75.267199
57,0.843194,16.348000,61.169562
58,0.854162,10.968000,91.174325
59,0.866575,12.413000,80.560702
60,0.880768,14.193000,70.457268
61,0.893567,12.799000,78.131104
62,0.906281,12.714000,78.653453
63,0.921484,15.203000,65.776491
64,0.954355,32.871000,30.421952
65,0.954413,0.058000,17241.379310
66,0.954520,0.107000,9345.794393
67,0.962300,7.780000,128.534704
68,0.969257,6.957000,143.740118
69,0.976018,6.761000,147.907114
70,0.982909,6.891000,145.116819
71,0.989778,6.869000,145.581598
72,0.996365,6.587000,151.814179
73,1.003890,7.525000,132.890365
74,1.004365,0.475000,2105.263158
75,1.017693,13.328000,75.030012
76,1.024554,6.861000,145.751348
77,1.038895,14.341000,69.730144
78,1.041769,2.874000,347.947112
79,1.060584,18.815000,53.149083
80,1.066762,6.178000,161.864681
81,1.083271,16.509000,60.573021
82,1.093245,9.974000,100.260678
83,1.106736,13.491000,74.123490
84,1.119598,12.862000,77.748406
85,1.133326,13.728000,72.843823
86,1.146671,13.345000,74.934432
87,1.159733,13.062000,76.557954
88,1.173364,13.631000,73.362189
89,1.186827,13.463000,74.277650
90,1.200603,13.776000,72.590012
91,1.214938,14.335000,69.759330
92,1.226631,11.693000,85.521252
93,1.241769,15.138000,66.058925
94,1.253453,11.684000,85.587128
95,1.267554,14.101000,70.916956
96,1.289127,21.573000,46.354239
97,1.295040,5.913000,169.118891
98,1.306741,11.701000,85.462781
99,1.319653,12.912000,77.447336
100,1.333643,13.990000,71.479628
101,1.346873,13.230000,75.585790
102,1.359796,12.923000,77.381413
103,1.373285,13.489000,74.134480
104,1.387698,14.413000,69.381808
105,1.403490,15.792000,63.323202
106,1.413790,10.300000,97.087379
107,1.429062,15.272000,65.479309
108,1.439816,10.754000,92.988655
109,1.453399,13.583000,73.621439
110,1.466889,13.490000,74.128984
111,1.479620,12.731000,78.548425
112,1.493237,13.617000,73.437615
113,1.506623,13.386000,74.704916
114,1.519434,12.811000,78.057919
115,1.533410,13.976000,71.551231
116,1.546796,13.386000,74.704916
117,1.559599,12.803000,78.106694
118,1.573635,14.036000,71.245369
119,1.586616,12.981000,77.035668
120,1.599831,13.215000,75.671585
121,1.613226,13.395000,74.654722
122,1.626741,13.515000,73.991861
123,1.639753,13.012000,76.852136
124,1.655051,15.298000,65.368022
125,1.666699,11.648000,85.851648
126,1.679814,13.115000,76.248570
127,1.693169,13.355000,74.878323
128,1.706859,13.690000,73.046019
129,1.719704,12.845000,77.851304
130,1.733236,13.532000,73.898906
131,1.746662,13.426000,74.482348
132,1.759738,13.076000,76.475987
133,1.773187,13.449000,74.354971
134,1.786646,13.459000,74.299725
135,1.799631,12.985000,77.011937
136,1.813207,13.576000,73.659399
137,1.826556,13.349000,74.911978
138,1.839803,13.247000,75.488790
139,1.853289,13.486000,74.150971
140,1.866557,13.268000,75.369310
141,1.879862,13.305000,75.159714
142,1.893174,13.312000,75.120192
143,1.908865,15.691000,63.730801
144,1.919745,10.880000,91.911765
145,1.933211,13.466000,74.261102
146,1.946678,13.467000,74.255588
147,1.959777,13.099000,76.341705
148,1.973485,13.708000,72.950102
149,1.986657,13.172000,75.918615
150,1.999759,13.102000,76.324225
151,2.013398,13.639000,73.319158
152,2.026605,13.207000,75.717423
153,2.039803,13.198000,75.769056
154,2.057394,17.591000,56.847251
155,2.068092,10.698000,93.475416
156,2.079864,11.772000,84.947333
157,2.093575,13.711000,72.934140
158,2.106501,12.926000,77.363454
159,2.119649,13.148000,76.057195
160,2.133084,13.435000,74.432453
161,2.146691,13.607000,73.491585
162,2.159640,12.949000,77.226041
163,2.173292,13.652000,73.249341
164,2.186664,13.372000,74.783129
165,2.199801,13.137000,76.120880
166,2.213358,13.557000,73.762632
167,2.226541,13.183000,75.855268
168,2.239708,13.167000,75.947444
169,2.253171,13.463000,74.277650
170,2.266476,13.305000,75.159714
171,2.279741,13.265000,75.386355
172,2.293186,13.445000,74.377092
173,2.306555,13.369000,74.799910
174,2.319739,13.184000,75.849515
175,2.333313,13.574000,73.670252
176,2.346400,13.087000,76.411706
177,2.359776,13.376000,74.760766
178,2.373190,13.414000,74.548979
179,2.386804,13.614000,73.453798
180,2.399608,12.804000,78.100594
181,2.413147,13.539000,73.860699
182,2.426731,13.584000,73.616019
183,2.443290,16.559000,60.390120
184,2.453272,9.982000,100.180325
185,2.466608,13.336000,74.985003
186,2.479720,13.112000,76.266016
187,2.493054,13.334000,74.996250
188,2.506710,13.656000,73.227885
189,2.519449,12.739000,78.499097
190,2.533152,13.703000,72.976720
191,2.546302,13.150000,76.045627
192,2.559629,13.327000,75.035642
193,2.572887,13.258000,75.426158
194,2.586370,13.483000,74.167470
195,2.599612,13.242000,75.517293
196,2.613080,13.468000,74.250074
197,2.635666,22.586000,44.275215
198,2.639970,4.304000,232.342007
199,2.653069,13.099000,76.341705
200,2.666526,13.457000,74.310768
201,2.685607,19.081000,52.408155
202,2.695757,10.150000,98.522167
203,2.719320,23.563000,42.439418
204,3.736257,1016.937000,0.983345
205,3.736366,0.109000,9174.311927
206,3.736554,0.188000,5319.148936
207,3.744280,7.726000,129.433083
208,3.751254,6.974000,143.389733
209,3.757904,6.650000,150.375940
210,3.764984,7.080000,141.242938
211,3.771696,6.712000,148.986889
212,3.778667,6.971000,143.451442
213,3.785469,6.802000,147.015584
214,3.792644,7.175000,139.372822
215,3.799306,6.662000,150.105074
216,3.806327,7.021000,142.429853
217,3.813158,6.831000,146.391451
218,3.820338,7.180000,139.275766
219,3.826969,6.631000,150.806816
220,3.834084,7.115000,140.548138
221,3.840655,6.571000,152.183838
222,3.847838,7.183000,139.217597
223,3.854442,6.604000,151.423380
224,3.861481,7.039000,142.065634
225,3.868492,7.011000,142.633005
226,3.875283,6.791000,147.253718
227,3.882151,6.868000,145.602796
228,3.888899,6.748000,148.192057
229,3.895891,6.992000,143.020595
230,3.902777,6.886000,145.222190
231,3.909802,7.025000,142.348754
232,3.916648,6.846000,146.070698
233,3.923538,6.890000,145.137881
234,3.930431,6.893000,145.074713
235,3.937266,6.835000,146.305779
236,3.944092,6.826000,146.498682
237,3.951180,7.088000,141.083521
238,3.957990,6.810000,146.842878
239,3.964179,6.189000,161.576991
240,3.971933,7.754000,128.965695
241,3.978646,6.713000,148.964695
242,3.985676,7.030000,142.247511
243,3.992472,6.796000,147.145380
244,3.999392,6.920000,144.508671
245,4.005692,6.300000,158.730159
246,4.013246,7.554000,132.380196
247,4.020092,6.846000,146.070698
248,4.026968,6.876000,145.433392
249,4.033843,6.875000,145.454545
250,4.040790,6.947000,143.947027
251,4.047677,6.887000,145.201104
252,4.054617,6.940000,144.092219
253,4.061467,6.850000,145.985401
254,4.068418,6.951000,143.864192
255,4.075277,6.859000,145.793847
256,4.082197,6.920000,144.508671
257,4.089097,6.900000,144.927536
258,4.095967,6.870000,145.560408
259,4.102845,6.878000,145.391102
260,4.109832,6.987000,143.122943
261,4.116675,6.843000,146.134736
262,4.123617,6.942000,144.050706
263,4.130488,6.871000,145.539223
264,4.137420,6.932000,144.258511
265,4.144240,6.820000,146.627566
266,4.151150,6.910000,144.717800
267,4.158074,6.924000,144.425188
268,4.164963,6.889000,145.158949
269,4.171900,6.937000,144.154534
270,4.178761,6.861000,145.751348
271,4.185678,6.917000,144.571346
272,4.192278,6.600000,151.515152
273,4.199484,7.206000,138.773245
274,4.206406,6.922000,144.466917
275,4.213070,6.664000,150.060024
276,4.220187,7.117000,140.508641
277,4.227058,6.871000,145.539223
278,4.233947,6.889000,145.158949
279,4.240888,6.941000,144.071459
280,4.247740,6.852000,145.942790
281,4.254681,6.941000,144.071459
282,4.261602,6.921000,144.487791
283,4.268462,6.860000,145.772595
284,4.275401,6.939000,144.112985
285,4.282289,6.888000,145.180023
286,4.289167,6.878000,145.391102
287,4.296078,6.911000,144.696860
288,4.302953,6.875000,145.454545
289,4.309876,6.923000,144.446049
290,4.316763,6.887000,145.201104
291,4.323724,6.961000,143.657520
292,4.330567,6.843000,146.134736
293,4.337532,6.965000,143.575018
294,4.344366,6.834000,146.327188
295,4.351289,6.923000,144.446049
296,4.358314,7.025000,142.348754
297,4.365171,6.857000,145.836372
298,4.371637,6.466000,154.655119
299,4.379032,7.395000,135.226504
300,4.385268,6.236000,160.359205
301,4.392840,7.572000,132.065504
302,4.399611,6.771000,147.688672
303,4.406734,7.123000,140.390285
304,4.413008,6.274000,159.387950
305,4.420389,7.381000,135.482997
306,4.427250,6.861000,145.751348
307,4.434179,6.929000,144.320970
308,4.440985,6.806000,146.929180
309,4.447893,6.908000,144.759699
310,4.455178,7.285000,137.268360
311,4.461089,5.911000,169.176112
312,4.468668,7.579000,131.943528
313,4.475614,6.946000,143.967751
314,4.482351,6.737000,148.434021
315,4.489263,6.912000,144.675926
316,4.496146,6.883000,145.285486
317,4.503175,7.029000,142.267748
318,4.510095,6.920000,144.508671
319,4.516898,6.803000,146.993973
320,4.523810,6.912000,144.675926
321,4.530702,6.892000,145.095763
322,4.537612,6.910000,144.717800
323,4.544530,6.918000,144.550448
324,4.550790,6.260000,159.744409
325,4.558623,7.833000,127.665007
326,4.564545,5.922000,168.861871
327,4.572175,7.630000,131.061599
328,4.578976,6.801000,147.037200
329,4.585886,6.910000,144.717800
330,4.592356,6.470000,154.559505
331,4.599761,7.405000,135.043889
332,4.606337,6.576000,152.068127
333,4.613526,7.189000,139.101405
334,4.620423,6.897000,144.990576
335,4.627328,6.905000,144.822592
336,4.634172,6.844000,146.113384
337,4.641099,6.927000,144.362639
338,4.647867,6.768000,147.754137
339,4.654903,7.036000,142.126208
340,4.661684,6.781000,147.470875
341,4.668697,7.013000,142.592329
342,4.675590,6.893000,145.074713
343,4.682466,6.876000,145.433392
344,4.689383,6.917000,144.571346
345,4.696262,6.879000,145.369967
346,4.703161,6.899000,144.948543
347,4.710078,6.917000,144.571346
348,4.716968,6.890000,145.137881
349,4.723867,6.899000,144.948543
350,4.730768,6.901000,144.906535
351,4.737681,6.913000,144.654998
352,4.744580,6.899000,144.948543
353,4.751457,6.877000,145.412244
354,4.758436,6.979000,143.287004
355,4.765280,6.844000,146.113384
356,4.772185,6.905000,144.822592
357,4.778846,6.661000,150.127608
358,4.786002,7.156000,139.742873
359,4.792889,6.887000,145.201104
360,4.799500,6.611000,151.263046
361,4.806742,7.242000,138.083402
362,4.813553,6.811000,146.821318
363,4.820467,6.914000,144.634076
364,4.827366,6.899000,144.948543
365,4.834252,6.886000,145.222190
366,4.841167,6.915000,144.613160
367,4.848032,6.865000,145.666424
368,4.854963,6.931000,144.279325
369,4.861869,6.906000,144.801622
370,4.868748,6.879000,145.369967
371,4.875648,6.900000,144.927536
372,4.882565,6.917000,144.571346
373,4.889427,6.862000,145.730108
374,4.896337,6.910000,144.717800
375,4.903277,6.940000,144.092219
376,4.910174,6.897000,144.990576
377,4.917026,6.852000,145.942790
378,4.923946,6.920000,144.508671
379,4.930851,6.905000,144.822592
380,4.937768,6.917000,144.571346
381,4.944629,6.861000,145.751348
382,4.951129,6.500000,153.846154
383,4.958494,7.365000,135.777325
384,4.965322,6.828000,146.455770
385,4.972274,6.952000,143.843498
386,4.979127,6.853000,145.921494
387,4.986035,6.908000,144.759699
388,4.992950,6.915000,144.613160
389,4.999834,6.884000,145.264381
390,5.006746,6.912000,144.675926
391,5.013569,6.823000,146.563095
392,5.020566,6.997000,142.918394
393,5.027452,6.886000,145.222190
394,5.034348,6.896000,145.011601
395,5.041251,6.903000,144.864552
396,5.048128,6.877000,145.412244
397,5.055093,6.965000,143.575018
398,5.061962,6.869000,145.581598
399,5.068843,6.881000,145.327714
400,5.075753,6.910000,144.717800
401,5.082650,6.897000,144.990576
402,5.089165,6.515000,153.491942
403,5.096496,7.331000,136.407039
404,5.103338,6.842000,146.156095
405,5.110264,6.926000,144.383483
406,5.117145,6.881000,145.327714
407,5.124063,6.918000,144.550448
408,5.130258,6.195000,161.420500
409,5.137716,7.458000,134.084205
410,5.144773,7.057000,141.703273
411,5.151643,6.870000,145.560408
412,5.158570,6.927000,144.362639
413,5.165218,6.648000,150.421179
414,5.172412,7.194000,139.004726
415,5.178769,6.357000,157.306906
416,5.185439,6.670000,149.925037
417,5.192728,7.289000,137.193031
418,5.199241,6.513000,153.539076
419,5.206957,7.716000,129.600829
420,5.213729,6.772000,147.666864
421,5.220317,6.588000,151.791135
422,5.227595,7.278000,137.400385
423,5.234450,6.855000,145.878920
424,5.241373,6.923000,144.446049
425,5.248229,6.856000,145.857643
426,5.255156,6.927000,144.362639
427,5.262039,6.883000,145.285486
428,5.268312,6.273000,159.413359
429,5.275936,7.624000,131.164743
430,5.282751,6.815000,146.735143
431,5.289685,6.934000,144.216902
432,5.296549,6.864000,145.687646
433,5.303007,6.458000,154.846702
434,5.310420,7.413000,134.898152
435,5.317194,6.774000,147.623265
436,5.324185,6.991000,143.041053
437,5.331045,6.860000,145.772595
438,5.337668,6.623000,150.988978
439,5.344875,7.207000,138.753989
440,5.351758,6.883000,145.285486
441,5.358663,6.905000,144.822592
442,5.365576,6.913000,144.654998
443,5.372552,6.976000,143.348624
444,5.378832,6.280000,159.235669
445,5.386366,7.534000,132.731617
446,5.393215,6.849000,146.006716
447,5.400139,6.924000,144.425188
448,5.406754,6.615000,151.171580
449,5.413926,7.172000,139.431121
450,5.420352,6.426000,155.617803
451,5.427719,7.367000,135.740464
452,5.434580,6.861000,145.751348
453,5.441568,6.988000,143.102461
454,5.448415,6.847000,146.049365
455,5.455289,6.874000,145.475706
456,5.462162,6.873000,145.496872
457,5.469120,6.958000,143.719460
458,5.475974,6.854000,145.900204
459,5.482937,6.963000,143.616257
460,5.489483,6.546000,152.765047
461,5.496787,7.304000,136.911281
462,5.503214,6.427000,155.593590
463,5.510604,7.390000,135.317997
464,5.517402,6.798000,147.102089
465,5.523661,6.259000,159.769931
466,5.531287,7.626000,131.130344
467,5.538117,6.830000,146.412884
468,5.545004,6.887000,145.201104
469,5.551896,6.892000,145.095763
470,5.558795,6.899000,144.948543
471,5.565707,6.912000,144.675926
472,5.572653,6.946000,143.967751
473,5.579478,6.825000,146.520147
474,5.586407,6.929000,144.320970
475,5.593296,6.889000,145.158949
476,5.600195,6.899000,144.948543
477,5.607088,6.893000,145.074713
478,5.613979,6.891000,145.116819
479,5.620409,6.430000,155.520995
480,5.627870,7.461000,134.030291
481,5.634092,6.222000,160.720026
482,5.641422,7.330000,136.425648
483,5.648532,7.110000,140.646976
484,5.655417,6.885000,145.243282
485,5.662300,6.883000,145.285486
486,5.669216,6.916000,144.592250
487,5.676120,6.904000,144.843569
488,5.682671,6.551000,152.648451
489,5.689934,7.263000,137.684153
490,5.696555,6.621000,151.034587
491,5.703744,7.189000,139.101405
492,5.710603,6.859000,145.793847
493,5.717482,6.879000,145.369967
494,5.724412,6.930000,144.300144
495,5.730970,6.558000,152.485514
496,5.738240,7.270000,137.551582
497,5.745058,6.818000,146.670578
498,5.751957,6.899000,144.948543
499,5.758873,6.916000,144.592250
500,5.765765,6.892000,145.095763
501,5.772719,6.954000,143.802128
502,5.779565,6.846000,146.070698
503,5.786452,6.887000,145.201104
504,5.793363,6.911000,144.696860
505,5.800282,6.919000,144.529556
506,5.807191,6.909000,144.738747
507,5.814052,6.861000,145.751348
508,5.820967,6.915000,144.613160
509,5.827851,6.884000,145.264381
510,5.834743,6.892000,145.095763
511,5.841672,6.929000,144.320970
512,5.848152,6.480000,154.320988
513,5.855178,7.026000,142.328494
514,5.862387,7.209000,138.715495
515,5.869239,6.852000,145.942790
516,5.876213,6.974000,143.389733
517,5.883038,6.825000,146.520147
518,5.889973,6.935000,144.196107
519,5.896859,6.886000,145.222190
520,5.903806,6.947000,143.947027
521,5.910676,6.870000,145.560408
522,5.917588,6.912000,144.675926
523,5.924475,6.887000,145.201104
524,5.931360,6.885000,145.243282
525,5.938309,6.949000,143.905598
526,5.945137,6.828000,146.455770
527,5.952051,6.914000,144.634076
528,5.958948,6.897000,144.990576
529,5.965856,6.908000,144.759699
530,5.972391,6.535000,153.022188
531,5.979731,7.340000,136.239782
532,5.986546,6.815000,146.735143
533,5.993485,6.939000,144.112985
534,6.000391,6.906000,144.801622
535,6.007275,6.884000,145.264381
536,6.014147,6.872000,145.518044
537,6.021243,7.096000,140.924464
538,6.027955,6.712000,148.986889
539,6.034882,6.927000,144.362639
540,6.041876,6.994000,142.979697
541,6.048680,6.804000,146.972369
542,6.055152,6.472000,154.511743
543,6.062522,7.370000,135.685210
544,6.069338,6.816000,146.713615
545,6.076260,6.922000,144.466917
546,6.083163,6.903000,144.864552
547,6.089694,6.531000,153.115909
548,6.097015,7.321000,136.593362
549,6.103904,6.889000,145.158949
550,6.110754,6.850000,145.985401
551,6.117664,6.910000,144.717800
552,6.124561,6.897000,144.990576
553,6.131459,6.898000,144.969556
554,6.137713,6.254000,159.897665
555,6.145374,7.661000,130.531262
556,6.152213,6.839000,146.220208
557,6.159135,6.922000,144.466917
558,6.166042,6.907000,144.780657
559,6.172923,6.881000,145.327714
560,6.179766,6.843000,146.134736
561,6.186700,6.934000,144.216902
562,6.193683,6.983000,143.204926
563,6.200457,6.774000,147.623265
564,6.207027,6.570000,152.207002
565,6.214308,7.281000,137.343771
566,6.221142,6.834000,146.327188
567,6.228068,6.926000,144.383483
568,6.234963,6.895000,145.032632
569,6.241919,6.956000,143.760782
570,6.248786,6.867000,145.623999
571,6.255671,6.885000,145.243282
572,6.262245,6.574000,152.114390
573,6.269524,7.279000,137.381508
574,6.276388,6.864000,145.687646
575,6.283271,6.883000,145.285486
576,6.290261,6.990000,143.061516
577,6.297166,6.905000,144.822592
578,6.304031,6.865000,145.666424
579,6.310882,6.851000,145.964093
580,6.317790,6.908000,144.759699
581,6.324678,6.888000,145.180023
582,6.331569,6.891000,145.116819
583,6.338492,6.923000,144.446049
584,6.345348,6.856000,145.857643
585,6.352269,6.921000,144.487791
586,6.359176,6.907000,144.780657
587,6.366078,6.902000,144.885540
588,6.372993,6.915000,144.613160
589,6.379190,6.197000,161.368404
590,6.386880,7.690000,130.039012
591,6.393655,6.775000,147.601476
592,6.400592,6.937000,144.154534
593,6.407478,6.886000,145.222190
594,6.414368,6.890000,145.137881
595,6.421265,6.897000,144.990576
596,6.428137,6.872000,145.518044
597,6.435063,6.926000,144.383483
598,6.441975,6.912000,144.675926
599,6.448849,6.874000,145.475706
600,6.455777,6.928000,144.341801
601,6.462638,6.861000,145.751348
602,6.469572,6.934000,144.216902
603,6.476465,6.893000,145.074713
604,6.483376,6.911000,144.696860
605,6.489678,6.302000,158.679784
606,6.497236,7.558000,132.310135
607,6.504062,6.826000,146.498682
608,6.510816,6.754000,148.060409
609,6.517870,7.054000,141.763538
610,6.524769,6.899000,144.948543
611,6.531665,6.896000,145.011601
612,6.538577,6.912000,144.675926
613,6.545460,6.883000,145.285486
614,6.552370,6.910000,144.717800
615,6.559000,6.630000,150.829563
616,6.566202,7.202000,138.850319
617,6.573073,6.871000,145.539223
618,6.579963,6.890000,145.137881
619,6.586878,6.915000,144.613160
620,6.593753,6.875000,145.454545
621,6.600653,6.900000,144.927536
622,6.607578,6.925000,144.404332
623,6.614454,6.876000,145.433392
624,6.621403,6.949000,143.905598
625,6.628246,6.843000,146.134736
626,6.635155,6.909000,144.738747
627,6.642073,6.918000,144.550448
628,6.648959,6.886000,145.222190
629,6.655877,6.918000,144.550448
630,6.662748,6.871000,145.539223
631,6.669650,6.902000,144.885540
632,6.676347,6.697000,149.320591
633,6.683469,7.122000,140.409997
634,6.690342,6.873000,145.496872
635,6.697274,6.932000,144.258511
636,6.704166,6.892000,145.095763
637,6.711104,6.938000,144.133756
638,6.718023,6.919000,144.529556
639,6.724234,6.211000,161.004669
640,6.731726,7.492000,133.475707
641,6.738618,6.892000,145.095763
642,6.745597,6.979000,143.287004
643,6.752022,6.425000,155.642023
644,6.759509,7.487000,133.564846
645,6.766264,6.755000,148.038490
646,6.773048,6.784000,147.405660
647,6.779700,6.652000,150.330728
648,6.787128,7.428000,134.625740
649,6.793915,6.787000,147.340504
650,6.800828,6.913000,144.654998
651,6.807722,6.894000,145.053670
652,6.814582,6.860000,145.772595
653,6.821524,6.942000,144.050706
654,6.828398,6.874000,145.475706
655,6.835293,6.895000,145.032632
656,6.842269,6.976000,143.348624
657,6.848329,6.060000,165.016502
658,6.856156,7.827000,127.762872
659,6.862870,6.714000,148.942508
660,6.869821,6.951000,143.864192
661,6.876098,6.277000,159.311773
662,6.883643,7.545000,132.538105
663,6.890471,6.828000,146.455770
664,6.897363,6.892000,145.095763
665,6.904272,6.909000,144.738747
666,6.911169,6.897000,144.990576
667,6.918068,6.899000,144.948543
668,6.924982,6.914000,144.634076
669,6.931841,6.859000,145.793847
670,6.938761,6.920000,144.508671
671,6.945632,6.871000,145.539223
672,6.951849,6.217000,160.849284
673,6.958718,6.869000,145.581598
674,6.966452,7.734000,129.299198
675,6.973251,6.799000,147.080453
676,6.980160,6.909000,144.738747
677,6.987093,6.933000,144.237704
678,6.993962,6.869000,145.581598
679,7.000204,6.242000,160.205062
680,7.007180,6.976000,143.348624
681,7.014256,7.076000,141.322781
682,7.021640,7.384000,135.427952
683,7.028163,6.523000,153.303695
684,7.035180,7.017000,142.511045
685,7.042169,6.989000,143.081986
686,7.049166,6.997000,142.918394
687,7.056085,6.919000,144.529556
688,7.062966,6.881000,145.327714
689,7.069877,6.911000,144.696860
690,7.076342,6.465000,154.679041
691,7.083089,6.747000,148.214021
692,7.090155,7.066000,141.522785
693,7.096713,6.558000,152.485514
694,7.104494,7.781000,128.518185
695,7.111145,6.651000,150.353330
696,7.118085,6.940000,144.092219
697,7.125085,7.000000,142.857143
698,7.131970,6.885000,145.243282
699,7.138517,6.547000,152.741714
700,7.145346,6.829000,146.434324
701,7.152136,6.790000,147.275405
702,7.159656,7.520000,132.978723
703,7.166451,6.795000,147.167035
704,7.173396,6.945000,143.988481
705,7.180124,6.728000,148.632580
706,7.187148,7.024000,142.369021
707,7.194074,6.926000,144.383483
708,7.200966,6.892000,145.095763
709,7.207888,6.922000,144.466917
710,7.214024,6.136000,162.972621
711,7.221767,7.743000,129.148909
712,7.228034,6.267000,159.565981
713,7.235526,7.492000,133.475707
714,7.241773,6.247000,160.076837
715,7.249335,7.562000,132.240148
716,7.256164,6.829000,146.434324
717,7.263065,6.901000,144.906535
718,7.269961,6.896000,145.011601
719,7.276871,6.910000,144.717800
720,7.283748,6.877000,145.412244
721,7.290687,6.939000,144.112985
722,7.297573,6.886000,145.222190
723,7.304467,6.894000,145.053670
724,7.310993,6.526000,153.233221
725,7.318142,7.149000,139.879703
726,7.324892,6.750000,148.148148
727,7.332100,7.208000,138.734739
728,7.338483,6.383000,156.666144
729,7.345898,7.415000,134.861767
730,7.352728,6.830000,146.412884
731,7.359682,6.954000,143.802128
732,7.366565,6.883000,145.285486
733,7.373487,6.922000,144.466917
734,7.380197,6.710000,149.031297
735,7.387302,7.105000,140.745954
736,7.394154,6.852000,145.942790
737,7.400795,6.641000,150.579732
738,7.408008,7.213000,138.638569
739,7.414860,6.852000,145.942790
740,7.421792,6.932000,144.258511
741,7.428638,6.846000,146.070698
742,7.435557,6.919000,144.529556
743,7.442463,6.906000,144.801622
744,7.449055,6.592000,151.699029
745,7.456296,7.241000,138.102472
746,7.463129,6.833000,146.348602
747,7.470058,6.929000,144.320970
748,7.476363,6.305000,158.604282
749,7.483909,7.546000,132.520541
750,7.490750,6.841000,146.177459
751,7.497647,6.897000,144.990576
752,7.504598,6.951000,143.864192
753,7.511478,6.880000,145.348837
754,7.518334,6.856000,145.857643
755,7.525250,6.916000,144.592250
756,7.532146,6.896000,145.011601
757,7.538430,6.284000,159.134309
758,7.546033,7.603000,131.527029
759,7.552825,6.792000,147.232038
760,7.559757,6.932000,144.258511
761,7.566634,6.877000,145.412244
762,7.573556,6.922000,144.466917
763,7.580437,6.881000,145.327714
764,7.587343,6.906000,144.801622
765,7.594239,6.896000,145.011601
766,7.601259,7.020000,142.450142
767,7.608144,6.885000,145.243282
768,7.614359,6.215000,160.901046
769,7.622022,7.663000,130.497194
770,7.628720,6.698000,149.298298
771,7.635610,6.890000,145.137881
772,7.642663,7.053000,141.783638
773,7.649476,6.813000,146.778218
774,7.656058,6.582000,151.929505
775,7.663380,7.322000,136.574706
776,7.669664,6.284000,159.134309
777,7.677232,7.568000,132.135307
778,7.684023,6.791000,147.253718
779,7.690921,6.898000,144.969556
780,7.697827,6.906000,144.801622
781,7.704830,7.003000,142.795945
782,7.711666,6.836000,146.284377
783,7.718569,6.903000,144.864552
784,7.725518,6.949000,143.905598
785,7.732400,6.882000,145.306597
786,7.738638,6.238000,160.307791
787,7.746268,7.630000,131.061599
788,7.753056,6.788000,147.318798
789,7.759884,6.828000,146.455770
790,7.767405,7.521000,132.961042
791,7.773747,6.342000,157.678966
792,7.780663,6.916000,144.592250
793,7.787522,6.859000,145.793847
794,7.794431,6.909000,144.738747
795,7.801566,7.135000,140.154170
796,7.808335,6.769000,147.732309
797,7.814719,6.384000,156.641604
798,7.822082,7.363000,135.814206
799,7.828869,6.787000,147.340504
800,7.835855,6.986000,143.143430
801,7.842673,6.818000,146.670578
802,7.849591,6.918000,144.550448
803,7.856600,7.009000,142.673705
804,7.863378,6.778000,147.536146
805,7.870417,7.039000,142.065634
806,7.877260,6.843000,146.134736
807,7.883546,6.286000,159.083678
808,7.891080,7.534000,132.731617
809,7.897885,6.805000,146.950771
810,7.904823,6.938000,144.133756
811,7.911661,6.838000,146.241591
812,7.918555,6.894000,145.053670
813,7.925510,6.955000,143.781452
814,7.932386,6.876000,145.433392
815,7.939275,6.889000,145.158949
816,7.946150,6.875000,145.454545
817,7.953040,6.890000,145.137881
818,7.959970,6.930000,144.300144
819,7.966856,6.886000,145.222190
820,7.973778,6.922000,144.466917
821,7.980660,6.882000,145.306597
822,7.987554,6.894000,145.053670
823,7.994452,6.898000,144.969556
824,8.001387,6.935000,144.196107
825,8.008288,6.901000,144.906535
826,8.015184,6.896000,145.011601
827,8.022031,6.847000,146.049365
828,8.028947,6.916000,144.592250
829,8.035890,6.943000,144.029958
830,8.042833,6.943000,144.029958
831,8.049675,6.842000,146.156095
832,8.056573,6.898000,144.969556
833,8.063497,6.924000,144.425188
834,8.070388,6.891000,145.116819
835,8.077236,6.848000,146.028037
836,8.084137,6.901000,144.906535
837,8.091048,6.911000,144.696860
838,8.097947,6.899000,144.948543
839,8.104879,6.932000,144.258511
840,8.111752,6.873000,145.496872
841,8.118639,6.887000,145.201104
842,8.125562,6.923000,144.446049
843,8.132326,6.764000,147.841514
844,8.139389,7.063000,141.582897
845,8.146236,6.847000,146.049365
846,8.153134,6.898000,144.969556
847,8.160073,6.939000,144.112985
848,8.167013,6.940000,144.092219
849,8.173949,6.936000,144.175317
850,8.180791,6.842000,146.156095
851,8.187776,6.985000,143.163923
852,8.194548,6.772000,147.666864
853,8.201501,6.953000,143.822810
854,8.208429,6.928000,144.341801
855,8.215277,6.848000,146.028037
856,8.222192,6.915000,144.613160
857,8.229078,6.886000,145.222190
858,8.235963,6.885000,145.243282
859,8.242891,6.928000,144.341801
860,8.249684,6.793000,147.210364
861,8.256681,6.997000,142.918394
862,8.263578,6.897000,144.990576
863,8.270475,6.897000,144.990576
864,8.277326,6.851000,145.964093
865,8.284245,6.919000,144.529556
866,8.291136,6.891000,145.116819
867,8.298034,6.898000,144.969556
868,8.304949,6.915000,144.613160
869,8.311824,6.875000,145.454545
870,8.318765,6.941000,144.071459
871,8.325626,6.861000,145.751348
872,8.332530,6.904000,144.843569
873,8.339438,6.908000,144.759699
874,8.346339,6.901000,144.906535
875,8.353230,6.891000,145.116819
876,8.360197,6.967000,143.533802
877,8.366961,6.764000,147.841514
878,8.373954,6.993000,143.000143
879,8.380867,6.913000,144.654998
880,8.387771,6.904000,144.843569
881,8.394638,6.867000,145.623999
882,8.401096,6.458000,154.846702
883,8.408524,7.428000,134.625740
884,8.415015,6.491000,154.059467
885,8.422286,7.271000,137.532664
886,8.429164,6.878000,145.391102
887,8.436066,6.902000,144.885540
888,8.442991,6.925000,144.404332
889,8.449828,6.837000,146.262981
890,8.456758,6.930000,144.300144
891,8.463654,6.896000,145.011601
892,8.470575,6.921000,144.487791
893,8.477436,6.861000,145.751348
894,8.484353,6.917000,144.571346
895,8.491267,6.914000,144.634076
896,8.498161,6.894000,145.053670
897,8.505196,7.035000,142.146411
898,8.511476,6.280000,159.235669
899,8.518968,7.492000,133.475707
900,8.525842,6.874000,145.475706
901,8.532625,6.783000,147.427392
902,8.539765,7.140000,140.056022
903,8.546033,6.268000,159.540523
904,8.553520,7.487000,133.564846
905,8.560333,6.813000,146.778218
906,8.567407,7.074000,141.362737
907,8.574079,6.672000,149.880096
908,8.580320,6.241000,160.230732
909,8.587958,7.638000,130.924326
910,8.594735,6.777000,147.557916
911,8.601651,6.916000,144.592250
912,8.608585,6.934000,144.216902
913,8.615602,7.017000,142.511045
914,8.621911,6.309000,158.503725
915,8.629217,7.306000,136.873802
916,8.636187,6.970000,143.472023
917,8.643215,7.028000,142.287991
918,8.649479,6.264000,159.642401
919,8.657093,7.614000,131.337011
920,8.663846,6.753000,148.082334
921,8.670774,6.928000,144.341801
922,8.677624,6.850000,145.985401
923,8.684471,6.847000,146.049365
924,8.691181,6.710000,149.031297
925,8.698412,7.231000,138.293459
926,8.705187,6.775000,147.601476
927,8.712061,6.874000,145.475706
928,8.718958,6.897000,144.990576
929,8.725866,6.908000,144.759699
930,8.732737,6.871000,145.539223
931,8.739688,6.951000,143.864192
932,8.746580,6.892000,145.095763
933,8.753478,6.898000,144.969556
934,8.760422,6.944000,144.009217
935,8.767261,6.839000,146.220208
936,8.774131,6.870000,145.560408
937,8.781062,6.931000,144.279325
938,8.787986,6.924000,144.425188
939,8.794891,6.905000,144.822592
940,8.801768,6.877000,145.412244
941,8.808661,6.893000,145.074713
942,8.815539,6.878000,145.391102
943,8.822476,6.937000,144.154534
944,8.829369,6.893000,145.074713
945,8.836270,6.901000,144.906535
946,8.843190,6.920000,144.508671
947,8.850055,6.865000,145.666424
948,8.856976,6.921000,144.487791
949,8.863844,6.868000,145.602796
950,8.870759,6.915000,144.613160
951,8.877627,6.868000,145.602796
952,8.884534,6.907000,144.780657
953,8.891441,6.907000,144.780657
954,8.898343,6.902000,144.885540
955,8.905260,6.917000,144.571346
956,8.911543,6.283000,159.159637
957,8.919123,7.580000,131.926121
958,8.925955,6.832000,146.370023
959,8.932838,6.883000,145.285486
960,8.939769,6.931000,144.279325
961,8.946620,6.851000,145.964093
962,8.953542,6.922000,144.466917
963,8.959910,6.368000,157.035176
964,8.967405,7.495000,133.422282
965,8.974261,6.856000,145.857643
966,8.981165,6.904000,144.843569
967,8.988080,6.915000,144.613160
968,8.994943,6.863000,145.708874
969,9.001867,6.924000,144.425188
970,9.008777,6.910000,144.717800
971,9.015644,6.867000,145.623999
972,9.022653,7.009000,142.673705
973,9.029472,6.819000,146.649069
974,9.036369,6.897000,144.990576
975,9.043360,6.991000,143.041053
976,9.050243,6.883000,145.285486
977,9.057229,6.986000,143.143430
978,9.063978,6.749000,148.170099
979,9.071006,7.028000,142.287991
980,9.077784,6.778000,147.536146
981,9.084702,6.918000,144.550448
982,9.091704,7.002000,142.816338
983,9.098248,6.544000,152.811736
984,9.105558,7.310000,136.798906
985,9.112281,6.723000,148.743121
986,9.119212,6.931000,144.279325
987,9.126111,6.899000,144.948543
988,9.132273,6.162000,162.284972
989,9.139736,7.463000,133.994372
990,9.146865,7.129000,140.272128
991,9.153855,6.990000,143.061516
992,9.160647,6.792000,147.232038
993,9.167413,6.766000,147.797813
994,9.174424,7.011000,142.633005
995,9.181338,6.914000,144.634076
996,9.188235,6.897000,144.990576
997,9.195136,6.901000,144.906535
998,9.201988,6.852000,145.942790
999,9.208948,6.960000,143.678161
1000,9.215792,6.844000,146.113384
1001,9.222722,6.930000,144.300144
1002,9.229367,6.645000,150.489090
1003,9.236585,7.218000,138.542533
1004,9.242728,6.143000,162.786912
1005,9.250526,7.798000,128.238010
1006,9.257360,6.834000,146.327188
1007,9.264184,6.824000,146.541618
1008,9.271215,7.031000,142.227279
1009,9.277937,6.722000,148.765248
1010,9.284454,6.517000,153.444837
1011,9.291861,7.407000,135.007425
1012,9.298790,6.929000,144.320970
1013,9.304906,6.116000,163.505559
1014,9.312553,7.647000,130.770237
1015,9.319355,6.802000,147.015584
1016,9.326024,6.669000,149.947518
1017,9.333179,7.155000,139.762404
1018,9.340085,6.906000,144.801622
1019,9.346511,6.426000,155.617803
1020,9.353944,7.433000,134.535181
1021,9.360135,6.191000,161.524794
1022,9.367718,7.583000,131.873929
1023,9.374723,7.005000,142.755175
1024,9.381373,6.650000,150.375940
1025,9.387958,6.585000,151.860289
1026,9.395243,7.285000,137.268360
1027,9.402017,6.774000,147.623265
1028,9.409080,7.063000,141.582897
1029,9.415901,6.821000,146.606069
1030,9.422897,6.996000,142.938822
1031,9.429779,6.882000,145.306597
1032,9.436700,6.921000,144.487791
1033,9.443703,7.003000,142.795945
1034,9.450458,6.755000,148.038490
1035,9.457099,6.641000,150.579732
1036,9.464320,7.221000,138.484974
1037,9.470980,6.660000,150.150150
1038,9.478104,7.124000,140.370578
1039,9.484489,6.385000,156.617071
1040,9.491929,7.440000,134.408602
1041,9.498661,6.732000,148.544266
1042,9.505649,6.988000,143.102461
1043,9.512503,6.854000,145.900204
1044,9.519372,6.869000,145.581598
1045,9.526259,6.887000,145.201104
1046,9.533157,6.898000,144.969556
1047,9.540106,6.949000,143.905598
1048,9.547051,6.945000,143.988481
1049,9.553906,6.855000,145.878920
1050,9.560768,6.862000,145.730108
1051,9.567681,6.913000,144.654998
1052,9.574645,6.964000,143.595635
1053,9.581464,6.819000,146.649069
1054,9.588404,6.940000,144.092219
1055,9.595084,6.680000,149.700599
1056,9.602178,7.094000,140.964195
1057,9.609125,6.947000,143.947027
1058,9.615968,6.843000,146.134736
1059,9.622940,6.972000,143.430866
1060,9.629780,6.840000,146.198830
1061,9.636347,6.567000,152.276534
1062,9.643659,7.312000,136.761488
1063,9.650431,6.772000,147.666864
1064,9.657440,7.009000,142.673705
1065,9.664281,6.841000,146.177459
1066,9.671208,6.927000,144.362639
1067,9.678050,6.842000,146.156095
1068,9.684780,6.730000,148.588410
1069,9.691886,7.106000,140.726147
1070,9.698729,6.843000,146.134736
1071,9.705666,6.937000,144.154534
1072,9.712543,6.877000,145.412244
1073,9.719440,6.897000,144.990576
1074,9.726362,6.922000,144.466917
1075,9.733252,6.890000,145.137881
1076,9.740151,6.899000,144.948543
1077,9.747039,6.888000,145.180023
1078,9.753936,6.897000,144.990576
1079,9.760851,6.915000,144.613160
1080,9.767734,6.883000,145.285486
1081,9.774693,6.959000,143.698807
1082,9.781532,6.839000,146.220208
1083,9.788443,6.911000,144.696860
1084,9.795335,6.892000,145.095763
1085,9.802259,6.924000,144.425188
1086,9.809190,6.931000,144.279325
1087,9.816058,6.868000,145.602796
1088,9.822965,6.907000,144.780657
1089,9.829891,6.926000,144.383483
1090,9.836783,6.892000,145.095763
1091,9.843694,6.911000,144.696860
1092,9.850597,6.903000,144.864552
1093,9.857505,6.908000,144.759699
1094,9.864384,6.879000,145.369967
1095,9.871325,6.941000,144.071459
1096,9.878175,6.850000,145.985401
1097,9.885059,6.884000,145.264381
1098,9.891972,6.913000,144.654998
1099,9.898851,6.879000,145.369967
1100,9.905774,6.923000,144.446049
1101,9.912641,6.867000,145.623999
1102,9.919544,6.903000,144.864552
1103,9.926473,6.929000,144.320970
1104,9.933339,6.866000,145.645208
1105,9.940266,6.927000,144.362639
1106,9.947142,6.876000,145.433392
1107,9.954086,6.944000,144.009217
1108,9.960979,6.893000,145.074713
1109,9.967881,6.902000,144.885540
1110,9.974195,6.314000,158.378207
1111,9.981780,7.585000,131.839156
1112,9.988621,6.841000,146.177459
1113,9.995472,6.851000,145.964093
1114,10.002340,6.868000,145.602796
1115,10.009289,6.949000,143.905598
1116,10.016158,6.869000,145.581598
1117,10.023086,6.928000,144.341801
1118,10.029963,6.877000,145.412244
1119,10.036882,6.919000,144.529556
1120,10.043759,6.877000,145.412244
1121,10.050650,6.891000,145.116819
1122,10.057592,6.942000,144.050706
1123,10.064461,6.869000,145.581598
1124,10.071382,6.921000,144.487791
1125,10.078247,6.865000,145.666424
1126,10.085178,6.931000,144.279325
1127,10.092146,6.968000,143.513203
1128,10.098952,6.806000,146.929180
1129,10.106008,7.056000,141.723356
1130,10.112940,6.932000,144.258511
1131,10.119688,6.748000,148.192057
1132,10.126687,6.999000,142.877554
1133,10.133591,6.904000,144.843569
1134,10.140385,6.794000,147.188696
1135,10.147312,6.927000,144.362639
1136,10.153758,6.446000,155.134967
1137,10.161252,7.494000,133.440085
1138,10.167859,6.607000,151.354624
1139,10.174931,7.072000,141.402715
1140,10.181778,6.847000,146.049365
1141,10.188737,6.959000,143.698807
1142,10.195713,6.976000,143.348624
1143,10.202536,6.823000,146.563095
1144,10.209445,6.909000,144.738747
1145,10.216396,6.951000,143.864192
1146,10.223301,6.905000,144.822592
1147,10.230238,6.937000,144.154534
1148,10.237065,6.827000,146.477223
1149,10.243941,6.876000,145.433392
1150,10.250140,6.199000,161.316341
1151,10.257900,7.760000,128.865979
1152,10.264484,6.584000,151.883354
1153,10.271249,6.765000,147.819660
1154,10.278412,7.163000,139.606310
1155,10.285295,6.883000,145.285486
1156,10.292189,6.894000,145.053670
1157,10.299111,6.922000,144.466917
1158,10.305444,6.333000,157.903048
1159,10.312313,6.869000,145.581598
1160,10.319857,7.544000,132.555673
1161,10.326758,6.901000,144.906535
1162,10.333585,6.827000,146.477223
1163,10.340585,7.000000,142.857143
1164,10.347337,6.752000,148.104265
1165,10.354334,6.997000,142.918394
1166,10.361201,6.867000,145.623999
1167,10.368110,6.909000,144.738747
1168,10.375014,6.904000,144.843569
1169,10.381869,6.855000,145.878920
1170,10.388818,6.949000,143.905598
1171,10.395672,6.854000,145.900204
1172,10.402575,6.903000,144.864552
1173,10.409516,6.941000,144.071459
1174,10.416354,6.838000,146.241591
1175,10.423312,6.958000,143.719460
1176,10.430149,6.837000,146.262981
1177,10.437064,6.915000,144.613160
1178,10.443979,6.915000,144.613160
1179,10.450837,6.858000,145.815106
1180,10.457805,6.968000,143.513203
1181,10.464647,6.842000,146.156095
1182,10.471568,6.921000,144.487791
1183,10.478330,6.762000,147.885241
1184,10.485374,7.044000,141.964793
1185,10.492259,6.885000,145.243282
1186,10.499173,6.914000,144.634076
1187,10.506098,6.925000,144.404332
1188,10.512939,6.841000,146.177459
1189,10.519855,6.916000,144.592250
1190,10.526761,6.906000,144.801622
1191,10.533429,6.668000,149.970006
1192,10.540588,7.159000,139.684313
1193,10.547465,6.877000,145.412244
1194,10.554351,6.886000,145.222190
1195,10.561223,6.872000,145.518044
1196,10.568138,6.915000,144.613160
1197,10.575088,6.950000,143.884892
1198,10.581926,6.838000,146.241591
1199,10.588869,6.943000,144.029958
1200,10.595770,6.901000,144.906535
1201,10.602668,6.898000,144.969556
1202,10.609583,6.915000,144.613160
1203,10.616437,6.854000,145.900204
1204,10.623346,6.909000,144.738747
1205,10.630254,6.908000,144.759699
1206,10.637176,6.922000,144.466917
1207,10.644112,6.936000,144.175317
1208,10.650982,6.870000,145.560408
1209,10.657966,6.984000,143.184422
1210,10.664770,6.804000,146.972369
1211,10.671445,6.675000,149.812734
1212,10.678653,7.208000,138.734739
1213,10.685209,6.556000,152.532032
1214,10.692533,7.324000,136.537411
1215,10.699640,7.107000,140.706346
1216,10.706257,6.617000,151.125888
1217,10.713131,6.874000,145.475706
1218,10.720034,6.903000,144.864552
1219,10.726976,6.942000,144.050706
1220,10.733780,6.804000,146.972369
1221,10.740772,6.992000,143.020595
1222,10.747693,6.921000,144.487791
1223,10.754019,6.326000,158.077774
1224,10.760981,6.962000,143.636886
1225,10.768332,7.351000,136.035913
1226,10.775267,6.935000,144.196107
1227,10.782115,6.848000,146.028037
1228,10.789043,6.928000,144.341801
1229,10.795914,6.871000,145.539223
1230,10.802810,6.896000,145.011601
1231,10.809194,6.384000,156.641604
1232,10.816659,7.465000,133.958473
1233,10.823545,6.886000,145.222190
1234,10.830450,6.905000,144.822592
1235,10.836963,6.513000,153.539076
1236,10.843752,6.789000,147.297098
1237,10.851151,7.399000,135.153399
1238,10.858055,6.904000,144.843569
1239,10.864641,6.586000,151.837230
1240,10.871790,7.149000,139.879703
1241,10.878679,6.889000,145.158949
1242,10.884979,6.300000,158.730159
1243,10.892557,7.578000,131.960940
1244,10.899445,6.888000,145.180023
1245,10.905576,6.131000,163.105529
1246,10.912920,7.344000,136.165577
1247,10.920181,7.261000,137.722077
1248,10.927127,6.946000,143.967751
1249,10.933952,6.825000,146.520147
1250,10.940845,6.893000,145.074713
1251,10.947740,6.895000,145.032632
1252,10.954680,6.940000,144.092219
1253,10.961295,6.615000,151.171580
1254,10.969447,8.152000,122.669284
1255,10.975120,5.673000,176.273577
1256,10.982201,7.081000,141.222991
1257,10.989102,6.901000,144.906535
1258,10.995987,6.885000,145.243282
1259,11.002871,6.884000,145.264381
1260,11.009790,6.919000,144.529556
1261,11.016769,6.979000,143.287004
1262,11.023726,6.957000,143.740118
1263,11.030507,6.781000,147.470875
1264,11.037463,6.956000,143.760782
1265,11.044309,6.846000,146.070698
1266,11.050744,6.435000,155.400155
1267,11.058076,7.332000,136.388434
1268,11.065026,6.950000,143.884892
1269,11.071928,6.902000,144.885540
1270,11.078806,6.878000,145.391102
1271,11.085683,6.877000,145.412244
1272,11.092681,6.998000,142.897971
1273,11.099528,6.847000,146.049365
1274,11.106515,6.987000,143.122943
1275,11.113047,6.532000,153.092468
1276,11.120379,7.332000,136.388434
1277,11.127049,6.670000,149.925037
1278,11.133983,6.934000,144.216902
1279,11.140925,6.942000,144.050706
1280,11.147752,6.827000,146.477223
1281,11.154683,6.931000,144.279325
1282,11.161554,6.871000,145.539223
1283,11.168499,6.945000,143.988481
1284,11.175386,6.887000,145.201104
1285,11.182333,6.947000,143.947027
1286,11.189211,6.878000,145.391102
1287,11.196083,6.872000,145.518044
1288,11.202970,6.887000,145.201104
1289,11.209900,6.930000,144.300144
1290,11.216793,6.893000,145.074713
1291,11.223785,6.992000,143.020595
1292,11.230570,6.785000,147.383935
1293,11.237503,6.933000,144.237704
1294,11.244390,6.887000,145.201104
1295,11.251290,6.900000,144.927536
1296,11.257716,6.426000,155.617803
1297,11.265129,7.413000,134.898152
1298,11.272001,6.872000,145.518044
1299,11.278858,6.857000,145.836372
1300,11.285766,6.908000,144.759699
1301,11.292710,6.944000,144.009217
1302,11.299554,6.844000,146.113384
1303,11.306471,6.917000,144.571346
1304,11.313362,6.891000,145.116819
1305,11.320320,6.958000,143.719460
1306,11.327152,6.832000,146.370023
1307,11.333424,6.272000,159.438776
1308,11.341034,7.610000,131.406045
1309,11.347872,6.838000,146.241591
1310,11.354745,6.873000,145.496872
1311,11.361625,6.880000,145.348837
1312,11.368535,6.910000,144.717800
1313,11.375455,6.920000,144.508671
1314,11.382341,6.886000,145.222190
1315,11.389089,6.748000,148.192057
1316,11.396217,7.128000,140.291807
1317,11.403062,6.845000,146.092038
1318,11.409984,6.922000,144.466917
1319,11.416849,6.865000,145.666424
1320,11.423749,6.900000,144.927536
1321,11.430668,6.919000,144.529556
1322,11.437549,6.881000,145.327714
1323,11.444439,6.890000,145.137881
1324,11.451366,6.927000,144.362639
1325,11.458244,6.878000,145.391102
1326,11.465128,6.884000,145.264381
1327,11.472091,6.963000,143.616257
1328,11.478943,6.852000,145.942790
1329,11.485853,6.910000,144.717800
1330,11.492335,6.482000,154.273372
1331,11.499700,7.365000,135.777325
1332,11.506562,6.862000,145.730108
1333,11.513443,6.881000,145.327714
1334,11.520368,6.925000,144.404332
1335,11.527260,6.892000,145.095763
1336,11.534159,6.899000,144.948543
1337,11.540333,6.174000,161.969550
1338,11.548028,7.695000,129.954516
1339,11.554841,6.813000,146.778218
1340,11.561690,6.849000,146.006716
1341,11.568652,6.962000,143.636886
1342,11.575277,6.625000,150.943396
1343,11.582566,7.289000,137.193031
1344,11.589454,6.888000,145.180023
1345,11.596258,6.804000,146.972369
1346,11.603254,6.996000,142.938822
1347,11.610197,6.943000,144.029958
1348,11.617020,6.823000,146.563095
1349,11.623882,6.862000,145.730108
1350,11.630812,6.930000,144.300144
1351,11.637061,6.249000,160.025604
1352,11.644714,7.653000,130.667712
1353,11.651589,6.875000,145.454545
1354,11.658418,6.829000,146.434324
1355,11.665380,6.962000,143.636886
1356,11.672234,6.854000,145.900204
1357,11.679124,6.890000,145.137881
1358,11.685997,6.873000,145.496872
1359,11.692957,6.960000,143.678161
1360,11.699691,6.734000,148.500149
1361,11.706462,6.771000,147.688672
1362,11.713635,7.173000,139.411683
1363,11.720546,6.911000,144.696860
1364,11.727435,6.889000,145.158949
1365,11.734330,6.895000,145.032632
1366,11.741333,7.003000,142.795945
1367,11.748141,6.808000,146.886016
1368,11.755063,6.922000,144.466917
1369,11.761903,6.840000,146.198830
1370,11.768399,6.496000,153.940887
1371,11.775888,7.489000,133.529176
1372,11.782124,6.236000,160.359205
1373,11.789727,7.603000,131.527029
1374,11.796443,6.716000,148.898154
1375,11.803340,6.897000,144.990576
1376,11.810312,6.972000,143.430866
1377,11.817030,6.718000,148.853826
1378,11.824069,7.039000,142.065634
1379,11.830891,6.822000,146.584579
1380,11.837441,6.550000,152.671756
1381,11.844779,7.338000,136.276915
1382,11.851651,6.872000,145.518044
1383,11.857956,6.305000,158.604282
1384,11.864854,6.898000,144.969556
1385,11.872498,7.644000,130.821559
1386,11.879217,6.719000,148.831671
1387,11.886111,6.894000,145.053670
1388,11.892934,6.823000,146.563095
1389,11.899338,6.404000,156.152405
1390,11.906908,7.570000,132.100396
1391,11.913660,6.752000,148.104265
1392,11.920612,6.952000,143.843498
1393,11.927443,6.831000,146.391451
1394,11.933834,6.391000,156.470036
1395,11.941350,7.516000,133.049494
1396,11.948159,6.809000,146.864444
1397,11.955057,6.898000,144.969556
1398,11.961980,6.923000,144.446049
1399,11.968869,6.889000,145.158949
1400,11.975843,6.974000,143.389733
1401,11.982639,6.796000,147.145380
1402,11.989584,6.945000,143.988481
1403,11.996483,6.899000,144.948543
1404,12.003374,6.891000,145.116819
1405,12.010326,6.952000,143.843498
1406,12.016995,6.669000,149.947518
1407,12.024103,7.108000,140.686550
1408,12.030828,6.725000,148.698885
1409,12.037891,7.063000,141.582897
1410,12.044735,6.844000,146.113384
1411,12.051640,6.905000,144.822592
1412,12.058555,6.915000,144.613160
1413,12.065445,6.890000,145.137881
1414,12.072351,6.906000,144.801622
1415,12.079252,6.901000,144.906535
1416,12.086136,6.884000,145.264381
1417,12.093053,6.917000,144.571346
1418,12.099949,6.896000,145.011601
1419,12.106868,6.919000,144.529556
1420,12.113731,6.863000,145.708874
1421,12.120650,6.919000,144.529556
1422,12.127544,6.894000,145.053670
1423,12.133713,6.169000,162.100827
1424,12.141328,7.615000,131.319764
1425,12.148259,6.931000,144.279325
1426,12.155165,6.906000,144.801622
1427,12.162048,6.883000,145.285486
1428,12.168961,6.913000,144.654998
1429,12.175883,6.922000,144.466917
1430,12.182754,6.871000,145.539223
1431,12.189666,6.912000,144.675926
1432,12.196544,6.878000,145.391102
1433,12.203462,6.918000,144.550448
1434,12.210371,6.909000,144.738747
1435,12.217277,6.906000,144.801622
1436,12.224168,6.891000,145.116819
1437,12.231086,6.918000,144.550448
1438,12.237986,6.900000,144.927536
1439,12.244880,6.894000,145.053670
1440,12.251784,6.904000,144.843569
1441,12.258723,6.939000,144.112985
1442,12.265751,7.028000,142.287991
1443,12.272088,6.337000,157.803377
1444,12.279480,7.392000,135.281385
1445,12.286296,6.816000,146.713615
1446,12.292802,6.506000,153.704273
1447,12.300160,7.358000,135.906496
1448,12.307049,6.889000,145.158949
1449,12.313900,6.851000,145.964093
1450,12.320587,6.687000,149.543891
1451,12.327772,7.185000,139.178845
1452,12.334276,6.504000,153.751538
1453,12.341631,7.355000,135.961931
1454,12.348429,6.798000,147.102089
1455,12.355375,6.946000,143.967751
1456,12.362221,6.846000,146.070698
1457,12.369363,7.142000,140.016802
1458,12.376048,6.685000,149.588631
1459,12.382318,6.270000,159.489633
1460,12.389920,7.602000,131.544330
1461,12.396724,6.804000,146.972369
1462,12.403742,7.018000,142.490738
1463,12.410496,6.754000,148.060409
1464,12.417377,6.881000,145.327714
1465,12.424436,7.059000,141.663125
1466,12.431228,6.792000,147.232038
1467,12.438180,6.952000,143.843498
1468,12.444995,6.815000,146.735143
1469,12.451950,6.955000,143.781452
1470,12.458248,6.298000,158.780565
1471,12.465491,7.243000,138.064338
1472,12.472694,7.203000,138.831043
1473,12.479498,6.804000,146.972369
1474,12.486453,6.955000,143.781452
1475,12.493394,6.941000,144.071459
1476,12.500236,6.842000,146.156095
1477,12.507269,7.033000,142.186833
1478,12.514128,6.859000,145.793847
1479,12.521040,6.912000,144.675926
1480,12.527624,6.584000,151.883354
1481,12.534783,7.159000,139.684313
1482,12.541719,6.936000,144.175317
1483,12.548570,6.851000,145.964093
1484,12.555577,7.007000,142.714428
1485,12.562679,7.102000,140.805407
1486,12.569215,6.536000,152.998776
1487,12.576239,7.024000,142.369021
1488,12.583063,6.824000,146.541618
1489,12.589427,6.364000,157.133878
1490,12.596912,7.485000,133.600534
1491,12.603909,6.997000,142.918394
1492,12.610624,6.715000,148.920328
1493,12.617349,6.725000,148.698885
1494,12.624131,6.782000,147.449130
1495,12.631445,7.314000,136.724091
1496,12.638169,6.724000,148.720999
1497,12.644436,6.267000,159.565981
1498,12.652115,7.679000,130.225290
1499,12.658946,6.831000,146.391451
1500,12.665834,6.888000,145.180023
1501,12.672708,6.874000,145.475706
1502,12.679655,6.947000,143.947027
1503,12.686571,6.916000,144.592250
1504,12.693481,6.910000,144.717800
1505,12.700294,6.813000,146.778218
1506,12.707214,6.920000,144.508671
1507,12.714092,6.878000,145.391102
1508,12.720975,6.883000,145.285486
1509,12.727404,6.429000,155.545186
1510,12.734837,7.433000,134.535181
1511,12.741731,6.894000,145.053670
1512,12.748557,6.826000,146.498682
1513,12.755165,6.608000,151.331719
1514,12.762396,7.231000,138.293459
1515,12.769270,6.874000,145.475706
1516,12.776190,6.920000,144.508671
1517,12.783060,6.870000,145.560408
1518,12.790009,6.949000,143.905598
1519,12.796863,6.854000,145.900204
1520,12.803800,6.937000,144.154534
1521,12.810665,6.865000,145.666424
1522,12.817638,6.973000,143.410297
1523,12.824475,6.837000,146.262981
1524,12.831341,6.866000,145.645208
1525,12.837953,6.612000,151.240169
1526,12.845182,7.229000,138.331719
1527,12.852053,6.871000,145.539223
1528,12.858980,6.927000,144.362639
1529,12.865843,6.863000,145.708874
1530,12.872768,6.925000,144.404332
1531,12.879663,6.895000,145.032632
1532,12.886551,6.888000,145.180023
1533,12.893497,6.946000,143.967751
1534,12.900339,6.842000,146.156095
1535,12.907279,6.940000,144.092219
1536,12.914177,6.898000,144.969556
1537,12.921073,6.896000,145.011601
1538,12.927983,6.910000,144.717800
1539,12.934872,6.889000,145.158949
1540,12.941774,6.902000,144.885540
1541,12.948647,6.873000,145.496872
1542,12.955579,6.932000,144.258511
1543,12.962435,6.856000,145.857643
1544,12.969372,6.937000,144.154534
1545,12.976273,6.901000,144.906535
1546,12.983153,6.880000,145.348837
1547,12.990077,6.924000,144.425188
1548,12.996962,6.885000,145.243282
1549,13.003857,6.895000,145.032632
1550,13.010766,6.909000,144.738747
1551,13.017716,6.950000,143.884892
1552,13.024617,6.901000,144.906535
1553,13.031527,6.910000,144.717800
1554,13.038443,6.916000,144.592250
1555,13.045307,6.864000,145.687646
1556,13.052221,6.914000,144.634076
1557,13.059127,6.906000,144.801622
1558,13.066014,6.887000,145.201104
1559,13.072874,6.860000,145.772595
1560,13.079826,6.952000,143.843498
1561,13.086725,6.899000,144.948543
1562,13.093739,7.014000,142.571999
1563,13.100533,6.794000,147.188696
1564,13.107454,6.921000,144.487791
1565,13.114355,6.901000,144.906535
1566,13.121286,6.931000,144.279325
1567,13.128166,6.880000,145.348837
1568,13.135039,6.873000,145.496872
1569,13.141946,6.907000,144.780657
1570,13.148810,6.864000,145.687646
1571,13.155855,7.045000,141.944642
1572,13.162664,6.809000,146.864444
1573,13.169521,6.857000,145.836372
1574,13.176459,6.938000,144.133756
1575,13.183169,6.710000,149.031297
1576,13.189978,6.809000,146.864444
1577,13.197102,7.124000,140.370578
1578,13.203450,6.348000,157.529931
1579,13.210990,7.540000,132.625995
1580,13.217245,6.255000,159.872102
1581,13.224267,7.022000,142.409570
1582,13.231741,7.474000,133.797164
1583,13.238614,6.873000,145.496872
1584,13.244892,6.278000,159.286397
1585,13.252482,7.590000,131.752306
1586,13.259281,6.799000,147.080453
1587,13.266182,6.901000,144.906535
1588,13.272762,6.580000,151.975684
1589,13.279851,7.089000,141.063620
1590,13.286775,6.924000,144.425188
1591,13.293810,7.035000,142.146411
1592,13.300637,6.827000,146.477223
1593,13.307290,6.653000,150.308132
1594,13.314482,7.192000,139.043382
1595,13.321387,6.905000,144.822592
1596,13.328202,6.815000,146.735143
1597,13.335148,6.946000,143.967751
1598,13.342061,6.913000,144.654998
1599,13.348998,6.937000,144.154534
1600,13.355827,6.829000,146.434324
1601,13.362452,6.625000,150.943396
1602,13.369682,7.230000,138.312586
1603,13.376224,6.542000,152.858453
1604,13.383201,6.977000,143.328078
1605,13.390144,6.943000,144.029958
1606,13.397076,6.932000,144.258511
1607,13.403505,6.429000,155.545186
1608,13.411156,7.651000,130.701869
1609,13.417863,6.707000,149.097957
1610,13.424915,7.052000,141.803744
1611,13.431699,6.784000,147.405660
1612,13.438345,6.646000,150.466446
1613,13.445275,6.930000,144.300144
1614,13.452521,7.246000,138.007176
1615,13.458979,6.458000,154.846702
1616,13.465789,6.810000,146.842878
1617,13.473222,7.433000,134.535181
1618,13.479986,6.764000,147.841514
1619,13.486903,6.917000,144.571346
1620,13.493916,7.013000,142.592329
1621,13.500723,6.807000,146.907595
1622,13.507740,7.017000,142.511045
1623,13.514526,6.786000,147.362216
1624,13.521417,6.891000,145.116819
1625,13.528263,6.846000,146.070698
1626,13.535192,6.929000,144.320970
1627,13.542087,6.895000,145.032632
1628,13.548983,6.896000,145.011601
1629,13.555893,6.910000,144.717800
1630,13.562757,6.864000,145.687646
1631,13.569703,6.946000,143.967751
1632,13.576627,6.924000,144.425188
1633,13.583442,6.815000,146.735143
1634,13.590382,6.940000,144.092219
1635,13.597258,6.876000,145.433392
1636,13.604198,6.940000,144.092219
1637,13.611030,6.832000,146.370023
1638,13.617960,6.930000,144.300144
1639,13.624902,6.942000,144.050706
1640,13.631801,6.899000,144.948543
1641,13.638710,6.909000,144.738747
1642,13.645583,6.873000,145.496872
1643,13.652442,6.859000,145.793847
1644,13.659365,6.923000,144.446049
1645,13.666269,6.904000,144.843569
1646,13.673189,6.920000,144.508671
1647,13.680036,6.847000,146.049365
1648,13.686983,6.947000,143.947027
1649,13.693845,6.862000,145.730108
1650,13.700758,6.913000,144.654998
1651,13.707686,6.928000,144.341801
1652,13.714550,6.864000,145.687646
1653,13.721463,6.913000,144.654998
1654,13.728351,6.888000,145.180023
1655,13.735254,6.903000,144.864552
1656,13.742156,6.902000,144.885540
1657,13.749025,6.869000,145.581598
1658,13.755933,6.908000,144.759699
1659,13.762840,6.907000,144.780657
1660,13.769731,6.891000,145.116819
1661,13.776660,6.929000,144.320970
1662,13.783533,6.873000,145.496872
1663,13.790432,6.899000,144.948543
1664,13.797346,6.914000,144.634076
1665,13.804244,6.898000,144.969556
1666,13.811143,6.899000,144.948543
1667,13.818046,6.903000,144.864552
1668,13.825002,6.956000,143.760782
1669,13.831844,6.842000,146.156095
1670,13.838756,6.912000,144.675926
1671,13.845660,6.904000,144.843569
1672,13.852597,6.937000,144.154534
1673,13.859480,6.883000,145.285486
1674,13.866347,6.867000,145.623999
1675,13.873267,6.920000,144.508671
1676,13.880143,6.876000,145.433392
1677,13.887063,6.920000,144.508671
1678,13.893937,6.874000,145.475706
1679,13.900841,6.904000,144.843569
1680,13.907813,6.972000,143.430866
1681,13.914586,6.773000,147.645061
1682,13.921838,7.252000,137.892995
1683,13.928429,6.591000,151.722045
1684,13.935361,6.932000,144.258511
1685,13.942305,6.944000,144.009217
1686,13.949171,6.866000,145.645208
1687,13.956090,6.919000,144.529556
1688,13.962963,6.873000,145.496872
1689,13.969837,6.874000,145.475706
1690,13.976822,6.985000,143.163923
1691,13.983648,6.826000,146.498682
1692,13.990666,7.018000,142.490738
1693,13.997456,6.790000,147.275405
1694,14.004402,6.946000,143.967751
1695,14.011266,6.864000,145.687646
1696,14.018174,6.908000,144.759699
1697,14.025098,6.924000,144.425188
1698,14.031945,6.847000,146.049365
1699,14.038865,6.920000,144.508671
1700,14.045759,6.894000,145.053670
1701,14.052714,6.955000,143.781452
1702,14.059727,7.013000,142.592329
1703,14.065960,6.233000,160.436387
1704,14.073452,7.492000,133.475707
1705,14.080349,6.897000,144.990576
1706,14.087232,6.883000,145.285486
1707,14.094168,6.936000,144.175317
1708,14.101003,6.835000,146.305779
1709,14.107972,6.969000,143.492610
1710,14.114748,6.776000,147.579693
1711,14.121764,7.016000,142.531357
1712,14.128563,6.799000,147.080453
1713,14.135628,7.065000,141.542817
1714,14.142372,6.744000,148.279953
1715,14.149481,7.109000,140.666760
1716,14.156290,6.809000,146.864444
1717,14.163076,6.786000,147.362216
1718,14.169302,6.226000,160.616768
1719,14.176440,7.138000,140.095265
1720,14.183812,7.372000,135.648399
1721,14.190668,6.856000,145.857643
1722,14.197547,6.879000,145.369967
1723,14.204600,7.053000,141.783638
1724,14.210655,6.055000,165.152766
1725,14.218368,7.713000,129.651238
1726,14.225169,6.801000,147.037200
1727,14.232203,7.034000,142.166619
1728,14.239367,7.164000,139.586823
1729,14.245719,6.352000,157.430730
1730,14.252889,7.170000,139.470014
1731,14.259609,6.720000,148.809524
1732,14.266674,7.065000,141.542817
1733,14.273521,6.847000,146.049365
1734,14.280454,6.933000,144.237704
1735,14.287392,6.938000,144.133756
1736,14.294155,6.763000,147.863374
1737,14.301047,6.892000,145.095763
1738,14.308046,6.999000,142.877554
1739,14.314845,6.799000,147.080453
1740,14.321806,6.961000,143.657520
1741,14.328684,6.878000,145.391102
1742,14.335595,6.911000,144.696860
1743,14.342522,6.927000,144.362639
1744,14.349383,6.861000,145.751348
1745,14.356327,6.944000,144.009217
1746,14.363211,6.884000,145.264381
1747,14.370093,6.882000,145.306597
1748,14.377036,6.943000,144.029958
1749,14.383884,6.848000,146.028037
1750,14.390822,6.938000,144.133756
1751,14.397743,6.921000,144.487791
1752,14.404635,6.892000,145.095763
1753,14.411468,6.833000,146.348602
1754,14.418438,6.970000,143.472023
1755,14.425301,6.863000,145.708874
1756,14.432163,6.862000,145.730108
1757,14.439094,6.931000,144.279325
1758,14.445952,6.858000,145.815106
1759,14.452890,6.938000,144.133756
1760,14.459947,7.057000,141.703273
1761,14.466674,6.727000,148.654675
1762,14.473598,6.924000,144.425188
1763,14.480449,6.851000,145.964093
1764,14.487416,6.967000,143.533802
1765,14.494276,6.860000,145.772595
1766,14.501165,6.889000,145.158949
1767,14.508077,6.912000,144.675926
1768,14.514928,6.851000,145.964093
1769,14.521850,6.922000,144.466917
1770,14.528749,6.899000,144.948543
1771,14.535651,6.902000,144.885540
1772,14.542579,6.928000,144.341801
1773,14.549362,6.783000,147.427392
1774,14.556379,7.017000,142.511045
1775,14.563269,6.890000,145.137881
1776,14.570171,6.902000,144.885540
1777,14.577083,6.912000,144.675926
1778,14.583955,6.872000,145.518044
1779,14.590892,6.937000,144.154534
1780,14.597750,6.858000,145.815106
1781,14.604663,6.913000,144.654998
1782,14.611534,6.871000,145.539223
1783,14.618446,6.912000,144.675926
1784,14.625357,6.911000,144.696860
1785,14.632289,6.932000,144.258511
1786,14.639190,6.901000,144.906535
1787,14.646080,6.890000,145.137881
1788,14.652969,6.889000,145.158949
1789,14.659864,6.895000,145.032632
1790,14.666746,6.882000,145.306597
1791,14.673687,6.941000,144.071459
1792,14.680557,6.870000,145.560408
1793,14.687441,6.884000,145.264381
1794,14.694340,6.899000,144.948543
1795,14.701260,6.920000,144.508671
1796,14.708217,6.957000,143.740118
1797,14.715052,6.835000,146.305779
1798,14.721993,6.941000,144.071459
1799,14.728906,6.913000,144.654998
1800,14.735775,6.869000,145.581598
1801,14.742692,6.917000,144.571346
1802,14.749562,6.870000,145.560408
1803,14.756444,6.882000,145.306597
1804,14.762635,6.191000,161.524794
1805,14.770364,7.729000,129.382844
1806,14.777227,6.863000,145.708874
1807,14.784131,6.904000,144.843569
1808,14.790990,6.859000,145.793847
1809,14.797853,6.863000,145.708874
1810,14.804489,6.636000,150.693189
1811,14.811539,7.050000,141.843972
1812,14.818620,7.081000,141.222991
1813,14.825635,7.015000,142.551675
1814,14.832389,6.754000,148.060409
1815,14.839466,7.077000,141.302812
1816,14.846135,6.669000,149.947518
1817,14.853106,6.971000,143.451442
1818,14.860021,6.915000,144.613160
1819,14.866849,6.828000,146.455770
1820,14.873786,6.937000,144.154534
1821,14.880663,6.877000,145.412244
1822,14.887548,6.885000,145.243282
1823,14.894460,6.912000,144.675926
1824,14.901414,6.954000,143.802128
1825,14.908412,6.998000,142.897971
1826,14.915262,6.850000,145.985401
1827,14.922232,6.970000,143.472023
1828,14.929052,6.820000,146.627566
1829,14.935894,6.842000,146.156095
1830,14.942809,6.915000,144.613160
1831,14.949686,6.877000,145.412244
1832,14.956571,6.885000,145.243282
1833,14.963440,6.869000,145.581598
1834,14.970429,6.989000,143.081986
1835,14.977273,6.844000,146.113384
1836,14.984161,6.888000,145.180023
1837,14.991084,6.923000,144.446049
1838,14.997960,6.876000,145.433392
1839,15.004878,6.918000,144.550448
1840,15.011738,6.860000,145.772595
1841,15.018638,6.900000,144.927536
1842,15.025562,6.924000,144.425188
1843,15.032447,6.885000,145.243282
1844,15.039018,6.571000,152.183838
1845,15.046281,7.263000,137.684153
1846,15.053153,6.872000,145.518044
1847,15.060085,6.932000,144.258511
1848,15.066957,6.872000,145.518044
1849,15.073868,6.911000,144.696860
1850,15.080771,6.903000,144.864552
1851,15.087688,6.917000,144.571346
1852,15.094541,6.853000,145.921494
1853,15.101438,6.897000,144.990576
1854,15.108360,6.922000,144.466917
1855,15.115241,6.881000,145.327714
1856,15.122179,6.938000,144.133756
1857,15.129080,6.901000,144.906535
1858,15.135951,6.871000,145.539223
1859,15.142863,6.912000,144.675926
1860,15.149763,6.900000,144.927536
1861,15.156692,6.929000,144.320970
1862,15.163591,6.899000,144.948543
1863,15.170510,6.919000,144.529556
1864,15.177289,6.779000,147.514383
1865,15.184326,7.037000,142.106011
1866,15.191285,6.959000,143.698807
1867,15.198115,6.830000,146.412884
1868,15.204453,6.338000,157.778479
1869,15.211993,7.540000,132.625995
1870,15.218806,6.813000,146.778218
1871,15.225862,7.056000,141.723356
1872,15.232563,6.701000,149.231458
1873,15.239525,6.962000,143.636886
1874,15.246470,6.945000,143.988481
1875,15.253261,6.791000,147.253718
1876,15.260234,6.973000,143.410297
1877,15.267076,6.842000,146.156095
1878,15.274024,6.948000,143.926310
1879,15.280873,6.849000,146.006716
1880,15.287815,6.942000,144.050706
1881,15.294659,6.844000,146.113384
1882,15.301585,6.926000,144.383483
1883,15.308486,6.901000,144.906535
1884,15.315353,6.867000,145.623999
1885,15.322270,6.917000,144.571346
1886,15.329183,6.913000,144.654998
1887,15.336068,6.885000,145.243282
1888,15.342985,6.917000,144.571346
1889,15.349494,6.509000,153.633431
1890,15.356707,7.213000,138.638569
1891,15.363676,6.969000,143.492610
1892,15.370588,6.912000,144.675926
1893,15.377257,6.669000,149.947518
1894,15.384396,7.139000,140.075641
1895,15.390651,6.255000,159.872102
1896,15.398250,7.599000,131.596263
1897,15.405082,6.832000,146.370023
1898,15.411953,6.871000,145.539223
1899,15.418166,6.213000,160.952841
1900,15.425882,7.716000,129.600829
1901,15.432649,6.767000,147.775972
1902,15.439598,6.949000,143.905598
1903,15.446462,6.864000,145.687646
1904,15.453348,6.886000,145.222190
1905,15.460255,6.907000,144.780657
1906,15.466492,6.237000,160.333494
1907,15.474119,7.627000,131.113151
1908,15.480931,6.812000,146.799765
1909,15.487857,6.926000,144.383483
1910,15.494767,6.910000,144.717800
1911,15.501668,6.901000,144.906535
1912,15.508686,7.018000,142.490738
1913,15.515514,6.828000,146.455770
1914,15.522434,6.920000,144.508671
1915,15.528981,6.547000,152.741714
1916,15.536143,7.162000,139.625803
1917,15.542883,6.740000,148.367953
1918,15.549698,6.815000,146.735143
1919,15.556469,6.771000,147.688672
1920,15.563940,7.471000,133.850890
1921,15.570183,6.243000,160.179401
1922,15.577399,7.216000,138.580931
1923,15.584529,7.130000,140.252454
1924,15.591096,6.567000,152.276534
1925,15.598388,7.292000,137.136588
1926,15.605259,6.871000,145.539223
1927,15.612108,6.849000,146.006716
1928,15.618309,6.201000,161.264312
1929,15.625254,6.945000,143.988481
1930,15.632948,7.694000,129.971406
1931,15.639759,6.811000,146.821318
1932,15.646084,6.325000,158.102767
1933,15.653602,7.518000,133.014099
1934,15.660438,6.836000,146.284377
1935,15.667311,6.873000,145.496872
1936,15.674227,6.916000,144.592250
1937,15.681157,6.930000,144.300144
1938,15.688129,6.972000,143.430866
1939,15.694785,6.656000,150.240385
1940,15.701909,7.124000,140.370578
1941,15.708852,6.943000,144.029958
1942,15.715640,6.788000,147.318798
1943,15.722553,6.913000,144.654998
1944,15.729482,6.929000,144.320970
1945,15.736337,6.855000,145.878920
1946,15.743303,6.966000,143.554407
1947,15.749437,6.134000,163.025758
1948,15.756817,7.380000,135.501355
1949,15.763955,7.138000,140.095265
1950,15.770133,6.178000,161.864681
1951,15.777524,7.391000,135.299689
1952,15.784646,7.122000,140.409997
1953,15.791572,6.926000,144.383483
1954,15.798525,6.953000,143.822810
1955,15.805465,6.940000,144.092219
1956,15.811751,6.286000,159.083678
1957,15.818463,6.712000,148.986889
1958,15.826145,7.682000,130.174434
1959,15.832924,6.779000,147.514383
1960,15.839549,6.625000,150.943396
1961,15.846764,7.215000,138.600139
1962,15.853620,6.856000,145.857643
1963,15.860580,6.960000,143.678161
1964,15.867059,6.479000,154.344806
1965,15.874492,7.433000,134.535181
1966,15.881240,6.748000,148.192057
1967,15.888219,6.979000,143.287004
1968,15.895056,6.837000,146.262981
1969,15.901947,6.891000,145.116819
1970,15.908824,6.877000,145.412244
1971,15.915751,6.927000,144.362639
1972,15.922715,6.964000,143.595635
1973,15.929571,6.856000,145.857643
1974,15.936418,6.847000,146.049365
1975,15.943335,6.917000,144.571346
1976,15.950221,6.886000,145.222190
1977,15.957095,6.874000,145.475706
1978,15.963981,6.886000,145.222190
1979,15.970895,6.914000,144.634076
1980,15.977775,6.880000,145.348837
1981,15.984662,6.887000,145.201104
1982,15.991585,6.923000,144.446049
1983,15.998475,6.890000,145.137881
1984,16.005379,6.904000,144.843569
1985,16.012245,6.866000,145.645208
1986,16.019147,6.902000,144.885540
1987,16.026067,6.920000,144.508671
1988,16.032981,6.914000,144.634076
1989,16.039372,6.391000,156.470036
1990,16.046849,7.477000,133.743480
1991,16.053643,6.794000,147.188696
1992,16.060527,6.884000,145.264381
1993,16.067448,6.921000,144.487791
1994,16.074340,6.892000,145.095763
1995,16.081253,6.913000,144.654998
1996,16.088197,6.944000,144.009217
1997,16.095039,6.842000,146.156095
1998,16.101968,6.929000,144.320970
1999,16.108865,6.897000,144.990576
2000,16.115730,6.865000,145.666424
2001,16.122638,6.908000,144.759699
2002,16.129530,6.892000,145.095763
2003,16.136440,6.910000,144.717800
2004,16.143339,6.899000,144.948543
2005,16.149970,6.631000,150.806816
2006,16.156611,6.641000,150.579732
2007,16.164095,7.484000,133.618386
2008,16.170966,6.871000,145.539223
2009,16.177838,6.872000,145.518044
2010,16.184727,6.889000,145.158949
2011,16.191638,6.911000,144.696860
2012,16.198531,6.893000,145.074713
2013,16.205435,6.904000,144.843569
2014,16.212384,6.949000,143.905598
2015,16.219261,6.877000,145.412244
2016,16.226143,6.882000,145.306597
2017,16.233036,6.893000,145.074713
2018,16.239947,6.911000,144.696860
2019,16.246863,6.916000,144.592250
2020,16.253768,6.905000,144.822592
2021,16.260627,6.859000,145.793847
2022,16.267637,7.010000,142.653352
2023,16.274515,6.878000,145.391102
2024,16.280854,6.339000,157.753589
2025,16.288409,7.555000,132.362674
2026,16.294914,6.505000,153.727902
2027,16.302164,7.250000,137.931034
2028,16.309049,6.885000,145.243282
2029,16.315743,6.694000,149.387511
2030,16.322866,7.123000,140.390285
2031,16.329688,6.822000,146.584579
2032,16.336627,6.939000,144.112985
2033,16.343513,6.886000,145.222190
2034,16.350263,6.750000,148.148148
2035,16.357333,7.070000,141.442716
2036,16.363934,6.601000,151.492198
2037,16.371174,7.240000,138.121547
2038,16.377991,6.817000,146.692093
2039,16.384910,6.919000,144.529556
2040,16.391864,6.954000,143.802128
2041,16.398762,6.898000,144.969556
2042,16.405682,6.920000,144.508671
2043,16.412219,6.537000,152.975371
2044,16.419091,6.872000,145.518044
2045,16.426053,6.962000,143.636886
2046,16.433409,7.356000,135.943448
2047,16.440186,6.777000,147.557916
2048,16.447063,6.877000,145.412244
2049,16.453416,6.353000,157.405950
2050,16.461426,8.010000,124.843945
2051,16.467100,5.674000,176.242510
2052,16.474750,7.650000,130.718954
2053,16.481451,6.701000,149.231458
2054,16.488438,6.987000,143.122943
2055,16.495311,6.873000,145.496872
2056,16.501798,6.487000,154.154463
2057,16.508838,7.040000,142.045455
2058,16.516048,7.210000,138.696255
2059,16.522722,6.674000,149.835181
2060,16.529820,7.098000,140.884756
2061,16.536039,6.219000,160.797556
2062,16.543700,7.661000,130.531262
2063,16.550445,6.745000,148.257969
2064,16.557414,6.969000,143.492610
2065,16.563610,6.196000,161.394448
2066,16.571334,7.724000,129.466598
2067,16.577511,6.177000,161.890886
2068,16.585110,7.599000,131.596263
2069,16.591443,6.333000,157.903048
2070,16.598905,7.462000,134.012329
2071,16.605670,6.765000,147.819660
2072,16.611839,6.169000,162.100827
2073,16.619562,7.723000,129.483361
2074,16.626387,6.825000,146.520147
2075,16.633264,6.877000,145.412244
2076,16.640187,6.923000,144.446049
2077,16.646938,6.751000,148.126204
2078,16.653992,7.054000,141.763538
2079,16.660859,6.867000,145.623999
2080,16.667772,6.913000,144.654998
2081,16.674701,6.929000,144.320970
2082,16.681558,6.857000,145.836372
2083,16.687867,6.309000,158.503725
2084,16.695433,7.566000,132.170235
2085,16.702253,6.820000,146.627566
2086,16.709178,6.925000,144.404332
2087,16.716057,6.879000,145.369967
2088,16.722985,6.928000,144.341801
2089,16.729867,6.882000,145.306597
2090,16.736770,6.903000,144.864552
2091,16.743692,6.922000,144.466917
2092,16.750400,6.708000,149.075730
2093,16.757519,7.119000,140.469167
2094,16.764371,6.852000,145.942790
2095,16.771288,6.917000,144.571346
2096,16.778166,6.878000,145.391102
2097,16.785067,6.901000,144.906535
2098,16.791996,6.929000,144.320970
2099,16.798861,6.865000,145.666424
2100,16.805775,6.914000,144.634076
2101,16.812657,6.882000,145.306597
2102,16.819548,6.891000,145.116819
2103,16.826464,6.916000,144.592250
2104,16.833365,6.901000,144.906535
2105,16.840276,6.911000,144.696860
2106,16.847161,6.885000,145.243282
2107,16.854050,6.889000,145.158949
2108,16.860958,6.908000,144.759699
2109,16.867857,6.899000,144.948543
2110,16.874764,6.907000,144.780657
2111,16.881645,6.881000,145.327714
2112,16.888568,6.923000,144.446049
2113,16.895436,6.868000,145.602796
2114,16.902358,6.922000,144.466917
2115,16.909278,6.920000,144.508671
2116,16.916139,6.861000,145.751348
2117,16.923064,6.925000,144.404332
2118,16.929943,6.879000,145.369967
2119,16.936860,6.917000,144.571346
2120,16.943738,6.878000,145.391102
2121,16.950630,6.892000,145.095763
2122,16.957570,6.940000,144.092219
2123,16.965202,7.632000,131.027254
2124,16.971435,6.233000,160.436387
2125,16.978246,6.811000,146.821318
2126,16.985157,6.911000,144.696860
2127,16.992099,6.942000,144.050706
2128,16.998955,6.856000,145.857643
2129,17.005853,6.898000,144.969556
2130,17.012732,6.879000,145.369967
2131,17.019669,6.937000,144.154534
2132,17.026560,6.891000,145.116819
2133,17.033459,6.899000,144.948543
2134,17.040367,6.908000,144.759699
2135,17.047235,6.868000,145.602796
2136,17.054169,6.934000,144.216902
2137,17.061050,6.881000,145.327714
2138,17.067973,6.923000,144.446049
2139,17.074873,6.900000,144.927536
2140,17.081758,6.885000,145.243282
2141,17.088654,6.896000,145.011601
2142,17.095569,6.915000,144.613160
2143,17.102457,6.888000,145.180023
2144,17.109381,6.924000,144.425188
2145,17.116240,6.859000,145.793847
2146,17.123166,6.926000,144.383483
2147,17.130055,6.889000,145.158949
2148,17.136981,6.926000,144.383483
2149,17.143842,6.861000,145.751348
2150,17.150762,6.920000,144.508671
2151,17.157677,6.915000,144.613160
2152,17.164565,6.888000,145.180023
2153,17.171492,6.927000,144.362639
2154,17.178347,6.855000,145.878920
2155,17.185283,6.936000,144.175317
2156,17.192155,6.872000,145.518044
2157,17.198518,6.363000,157.158573
2158,17.206048,7.530000,132.802125
2159,17.212851,6.803000,146.993973
2160,17.219764,6.913000,144.654998
2161,17.226660,6.896000,145.011601
2162,17.233574,6.914000,144.634076
2163,17.240466,6.892000,145.095763
2164,17.247346,6.880000,145.348837
2165,17.254291,6.945000,143.988481
2166,17.261147,6.856000,145.857643
2167,17.268066,6.919000,144.529556
2168,17.274963,6.897000,144.990576
2169,17.281877,6.914000,144.634076
2170,17.288790,6.913000,144.654998
2171,17.295644,6.854000,145.900204
2172,17.302568,6.924000,144.425188
2173,17.309479,6.911000,144.696860
2174,17.316417,6.938000,144.133756
2175,17.323285,6.868000,145.602796
2176,17.330168,6.883000,145.285486
2177,17.337091,6.923000,144.446049
2178,17.343972,6.881000,145.327714
2179,17.350847,6.875000,145.454545
2180,17.357777,6.930000,144.300144
2181,17.364667,6.890000,145.137881
2182,17.371582,6.915000,144.613160
2183,17.378444,6.862000,145.730108
2184,17.385371,6.927000,144.362639
2185,17.392289,6.918000,144.550448
2186,17.399162,6.873000,145.496872
2187,17.406069,6.907000,144.780657
2188,17.413024,6.955000,143.781452
2189,17.419850,6.826000,146.498682
2190,17.426803,6.953000,143.822810
2191,17.433654,6.851000,145.964093
2192,17.440587,6.933000,144.237704
2193,17.447443,6.856000,145.857643
2194,17.454366,6.923000,144.446049
2195,17.461273,6.907000,144.780657
2196,17.468157,6.884000,145.264381
2197,17.475091,6.934000,144.216902
2198,17.481958,6.867000,145.623999
2199,17.488881,6.923000,144.446049
2200,17.495774,6.893000,145.074713
2201,17.502658,6.884000,145.264381
2202,17.509594,6.936000,144.175317
2203,17.516469,6.875000,145.454545
2204,17.523384,6.915000,144.613160
2205,17.530277,6.893000,145.074713
2206,17.537178,6.901000,144.906535
2207,17.544052,6.874000,145.475706
2208,17.550947,6.895000,145.032632
2209,17.557888,6.941000,144.071459
2210,17.564770,6.882000,145.306597
2211,17.571670,6.900000,144.927536
2212,17.578563,6.893000,145.074713
2213,17.585477,6.914000,144.634076
2214,17.592364,6.887000,145.201104
2215,17.599266,6.902000,144.885540
2216,17.606185,6.919000,144.529556
2217,17.613041,6.856000,145.857643
2218,17.619955,6.914000,144.634076
2219,17.626888,6.933000,144.237704
2220,17.633766,6.878000,145.391102
2221,17.639970,6.204000,161.186331
2222,17.647662,7.692000,130.005200
2223,17.654488,6.826000,146.498682
2224,17.661368,6.880000,145.348837
2225,17.667587,6.219000,160.797556
2226,17.675275,7.688000,130.072841
2227,17.682059,6.784000,147.405660
2228,17.688944,6.885000,145.243282
2229,17.695861,6.917000,144.571346
2230,17.702769,6.908000,144.759699
2231,17.709688,6.919000,144.529556
2232,17.716544,6.856000,145.857643
2233,17.723497,6.953000,143.822810
2234,17.730363,6.866000,145.645208
2235,17.737270,6.907000,144.780657
2236,17.744161,6.891000,145.116819
2237,17.751064,6.903000,144.864552
2238,17.757964,6.900000,144.927536
2239,17.764852,6.888000,145.180023
2240,17.771781,6.929000,144.320970
2241,17.778677,6.896000,145.011601
2242,17.785559,6.882000,145.306597
2243,17.792488,6.929000,144.320970
2244,17.799367,6.879000,145.369967
2245,17.806294,6.927000,144.362639
2246,17.813161,6.867000,145.623999
2247,17.819971,6.810000,146.842878
2248,17.826575,6.604000,151.423380
2249,17.833924,7.349000,136.072935
2250,17.840782,6.858000,145.815106
2251,17.847660,6.878000,145.391102
2252,17.854268,6.608000,151.331719
2253,17.861502,7.234000,138.236107
2254,17.868348,6.846000,146.070698
2255,17.875274,6.926000,144.383483
2256,17.882172,6.898000,144.969556
2257,17.889055,6.883000,145.285486
2258,17.895942,6.887000,145.201104
2259,17.902853,6.911000,144.696860
2260,17.909781,6.928000,144.341801
2261,17.916650,6.869000,145.581598
2262,17.923584,6.934000,144.216902
2263,17.930467,6.883000,145.285486
2264,17.936893,6.426000,155.617803
2265,17.944318,7.425000,134.680135
2266,17.950574,6.256000,159.846547
2267,17.958151,7.577000,131.978356
2268,17.964927,6.776000,147.579693
2269,17.971879,6.952000,143.843498
2270,17.978742,6.863000,145.708874
2271,17.985653,6.911000,144.696860
2272,17.992599,6.946000,143.967751
2273,17.999466,6.867000,145.623999
2274,18.006377,6.911000,144.696860
2275,18.013264,6.887000,145.201104
2276,18.019593,6.329000,158.002844
2277,18.027156,7.563000,132.222663
2278,18.033942,6.786000,147.362216
2279,18.040887,6.945000,143.988481
2280,18.047757,6.870000,145.560408
2281,18.054689,6.932000,144.258511
2282,18.061555,6.866000,145.645208
2283,18.068473,6.918000,144.550448
2284,18.075358,6.885000,145.243282
2285,18.082241,6.883000,145.285486
2286,18.089177,6.936000,144.175317
2287,18.096055,6.878000,145.391102
2288,18.102953,6.898000,144.969556
2289,18.109884,6.931000,144.279325
2290,18.116749,6.865000,145.666424
2291,18.123669,6.920000,144.508671
2292,18.130547,6.878000,145.391102
2293,18.136876,6.329000,158.002844
2294,18.143945,7.069000,141.462725
2295,18.151303,7.358000,135.906496
2296,18.158176,6.873000,145.496872
2297,18.164493,6.317000,158.302992
2298,18.172040,7.547000,132.502981
2299,18.178858,6.818000,146.670578
2300,18.185761,6.903000,144.864552
2301,18.192667,6.906000,144.801622
2302,18.199559,6.892000,145.095763
2303,18.206470,6.911000,144.696860
2304,18.213361,6.891000,145.116819
2305,18.220295,6.934000,144.216902
2306,18.227146,6.851000,145.964093
2307,18.234056,6.910000,144.717800
2308,18.241003,6.947000,143.947027
2309,18.247429,6.426000,155.617803
2310,18.254842,7.413000,134.898152
2311,18.261647,6.805000,146.950771
2312,18.268566,6.919000,144.529556
2313,18.275472,6.906000,144.801622
2314,18.282353,6.881000,145.327714
2315,18.289264,6.911000,144.696860
2316,18.296178,6.914000,144.634076
2317,18.303049,6.871000,145.539223
2318,18.310000,6.951000,143.864192
2319,18.316850,6.850000,145.985401
2320,18.323608,6.758000,147.972773
2321,18.330677,7.069000,141.462725
2322,18.337553,6.876000,145.433392
2323,18.344459,6.906000,144.801622
2324,18.351367,6.908000,144.759699
2325,18.358277,6.910000,144.717800
2326,18.365168,6.891000,145.116819
2327,18.372081,6.913000,144.654998
2328,18.378952,6.871000,145.539223
2329,18.385845,6.893000,145.074713
2330,18.392791,6.946000,143.967751
2331,18.399286,6.495000,153.964588
2332,18.406619,7.333000,136.369835
2333,18.413422,6.803000,146.993973
2334,18.420370,6.948000,143.926310
2335,18.427247,6.877000,145.412244
2336,18.434152,6.905000,144.822592
2337,18.441076,6.924000,144.425188
2338,18.447951,6.875000,145.454545
2339,18.454883,6.932000,144.258511
2340,18.461755,6.872000,145.518044
2341,18.468666,6.911000,144.696860
2342,18.475584,6.918000,144.550448
2343,18.482470,6.886000,145.222190
2344,18.489377,6.907000,144.780657
2345,18.496257,6.880000,145.348837
2346,18.503161,6.904000,144.843569
2347,18.510059,6.898000,144.969556
2348,18.516961,6.902000,144.885540
2349,18.523865,6.904000,144.843569
2350,18.530746,6.881000,145.327714
2351,18.537649,6.903000,144.864552
2352,18.544550,6.901000,144.906535
2353,18.551482,6.932000,144.258511
2354,18.558356,6.874000,145.475706
2355,18.565237,6.881000,145.327714
2356,18.571868,6.631000,150.806816
2357,18.579076,7.208000,138.734739
2358,18.585844,6.768000,147.754137
2359,18.592883,7.039000,142.065634
2360,18.599743,6.860000,145.772595
2361,18.606647,6.904000,144.843569
2362,18.613554,6.907000,144.780657
2363,18.620459,6.905000,144.822592
2364,18.627343,6.884000,145.264381
2365,18.634234,6.891000,145.116819
2366,18.641163,6.929000,144.320970
2367,18.648033,6.870000,145.560408
2368,18.654965,6.932000,144.258511
2369,18.661846,6.881000,145.327714
2370,18.668762,6.916000,144.592250
2371,18.675668,6.906000,144.801622
2372,18.682532,6.864000,145.687646
2373,18.689479,6.947000,143.947027
2374,18.696355,6.876000,145.433392
2375,18.703247,6.892000,145.095763
2376,18.710182,6.935000,144.196107
2377,18.717070,6.888000,145.180023
2378,18.723433,6.363000,157.158573
2379,18.730923,7.490000,133.511348
2380,18.737751,6.828000,146.455770
2381,18.744652,6.901000,144.906535
2382,18.751553,6.901000,144.906535
2383,18.758488,6.935000,144.196107
2384,18.765362,6.874000,145.475706
2385,18.772265,6.903000,144.864552
2386,18.779129,6.864000,145.687646
2387,18.786031,6.902000,144.885540
2388,18.792944,6.913000,144.654998
2389,18.799870,6.926000,144.383483
2390,18.806762,6.892000,145.095763
2391,18.813639,6.877000,145.412244
2392,18.820562,6.923000,144.446049
2393,18.827439,6.877000,145.412244
2394,18.834372,6.933000,144.237704
2395,18.841293,6.921000,144.487791
2396,18.848167,6.874000,145.475706
2397,18.855070,6.903000,144.864552
2398,18.861967,6.897000,144.990576
2399,18.868894,6.927000,144.362639
2400,18.875678,6.784000,147.405660
2401,18.882656,6.978000,143.307538
2402,18.889565,6.909000,144.738747
2403,18.896466,6.901000,144.906535
2404,18.903334,6.868000,145.602796
2405,18.910272,6.938000,144.133756
2406,18.917145,6.873000,145.496872
2407,18.924035,6.890000,145.137881
2408,18.930943,6.908000,144.759699
2409,18.937848,6.905000,144.822592
2410,18.944739,6.891000,145.116819
2411,18.951628,6.889000,145.158949
2412,18.958543,6.915000,144.613160
2413,18.965425,6.882000,145.306597
2414,18.972372,6.947000,143.947027
2415,18.979266,6.894000,145.053670
2416,18.986162,6.896000,145.011601
2417,18.993056,6.894000,145.053670
2418,18.999950,6.894000,145.053670
2419,19.006843,6.893000,145.074713
2420,19.013724,6.881000,145.327714
2421,19.020635,6.911000,144.696860
2422,19.027539,6.904000,144.843569
2423,19.034441,6.902000,144.885540
2424,19.041361,6.920000,144.508671
2425,19.048267,6.906000,144.801622
2426,19.055149,6.882000,145.306597
2427,19.062056,6.907000,144.780657
2428,19.068973,6.917000,144.571346
2429,19.075852,6.879000,145.369967
2430,19.082746,6.894000,145.053670
2431,19.089645,6.899000,144.948543
2432,19.096564,6.919000,144.529556
2433,19.103423,6.859000,145.793847
2434,19.110339,6.916000,144.592250
2435,19.117241,6.902000,144.885540
2436,19.124132,6.891000,145.116819
2437,19.131038,6.906000,144.801622
2438,19.137932,6.894000,145.053670
2439,19.144839,6.907000,144.780657
2440,19.151734,6.895000,145.032632
2441,19.158643,6.909000,144.738747
2442,19.165532,6.889000,145.158949
2443,19.172476,6.944000,144.009217
2444,19.179337,6.861000,145.751348
2445,19.186226,6.889000,145.158949
2446,19.193141,6.915000,144.613160
2447,19.200035,6.894000,145.053670
2448,19.206931,6.896000,145.011601
2449,19.213826,6.895000,145.032632
2450,19.220727,6.901000,144.906535
2451,19.227623,6.896000,145.011601
2452,19.234527,6.904000,144.843569
2453,19.241449,6.922000,144.466917
2454,19.248322,6.873000,145.496872
2455,19.255252,6.930000,144.300144
2456,19.262180,6.928000,144.341801
2457,19.269034,6.854000,145.900204
2458,19.275945,6.911000,144.696860
2459,19.282840,6.895000,145.032632
2460,19.289745,6.905000,144.822592
2461,19.296667,6.922000,144.466917
2462,19.303659,6.992000,143.020595
2463,19.309801,6.142000,162.813416
2464,19.317466,7.665000,130.463144
2465,19.324352,6.886000,145.222190
2466,19.331189,6.837000,146.262981
2467,19.338180,6.991000,143.041053
2468,19.344996,6.816000,146.713615
2469,19.351364,6.368000,157.035176
2470,19.358298,6.934000,144.216902
2471,19.365805,7.507000,133.209005
2472,19.372657,6.852000,145.942790
2473,19.379512,6.855000,145.878920
2474,19.386239,6.727000,148.654675
2475,19.393392,7.153000,139.801482
2476,19.400242,6.850000,145.985401
2477,19.406875,6.633000,150.761345
2478,19.414081,7.206000,138.773245
2479,19.420590,6.509000,153.633431
2480,19.427905,7.315000,136.705400
2481,19.434728,6.823000,146.563095
2482,19.441473,6.745000,148.257969
2483,19.448511,7.038000,142.085820
2484,19.455422,6.911000,144.696860
2485,19.462346,6.924000,144.425188
2486,19.468570,6.224000,160.668380
2487,19.476218,7.648000,130.753138
2488,19.482996,6.778000,147.536146
2489,19.489766,6.770000,147.710487
2490,19.496799,7.033000,142.186833
2491,19.503711,6.912000,144.675926
2492,19.510009,6.298000,158.780565
2493,19.517584,7.575000,132.013201
2494,19.524454,6.870000,145.560408
2495,19.531268,6.814000,146.756677
2496,19.538316,7.048000,141.884222
2497,19.545114,6.798000,147.102089
2498,19.551862,6.748000,148.192057
2499,19.558974,7.112000,140.607424
2500,19.565789,6.815000,146.735143
2501,19.572143,6.354000,157.381177
2502,19.579060,6.917000,144.571346
2503,19.586622,7.562000,132.240148
2504,19.593412,6.790000,147.275405
2505,19.600341,6.929000,144.320970
2506,19.607277,6.936000,144.175317
2507,19.614094,6.817000,146.692093
2508,19.620768,6.674000,149.835181
2509,19.627911,7.143000,139.997200
2510,19.634814,6.903000,144.864552
2511,19.641761,6.947000,143.947027
2512,19.647942,6.181000,161.786119
2513,19.655657,7.715000,129.617628
2514,19.662449,6.792000,147.232038
2515,19.669391,6.942000,144.050706
2516,19.676256,6.865000,145.666424
2517,19.683098,6.842000,146.156095
2518,19.690122,7.024000,142.369021
2519,19.696308,6.186000,161.655351
2520,19.704041,7.733000,129.315919
2521,19.710254,6.213000,160.952841
2522,19.717747,7.493000,133.457894
2523,19.723988,6.241000,160.230732
2524,19.731404,7.416000,134.843581
2525,19.738371,6.967000,143.533802
2526,19.745255,6.884000,145.264381
2527,19.752141,6.886000,145.222190
2528,19.759087,6.946000,143.967751
2529,19.765253,6.166000,162.179695
2530,19.773142,7.889000,126.758778
2531,19.779725,6.583000,151.906426
2532,19.786615,6.890000,145.137881
2533,19.793559,6.944000,144.009217
2534,19.800463,6.904000,144.843569
2535,19.807326,6.863000,145.708874
2536,19.814175,6.849000,146.006716
2537,19.821266,7.091000,141.023833
2538,19.827932,6.666000,150.015002
2539,19.834755,6.823000,146.563095
2540,19.841806,7.051000,141.823855
2541,19.848667,6.861000,145.751348
2542,19.855656,6.989000,143.081986
2543,19.862458,6.802000,147.015584
2544,19.869266,6.808000,146.886016
2545,19.876148,6.882000,145.306597
2546,19.883241,7.093000,140.984069
2547,19.889464,6.223000,160.694199
2548,19.897091,7.627000,131.113151
2549,19.903872,6.781000,147.470875
2550,19.910795,6.923000,144.446049
2551,19.917230,6.435000,155.400155
2552,19.924657,7.427000,134.643867
2553,19.931477,6.820000,146.627566
2554,19.938398,6.921000,144.487791
2555,19.945260,6.862000,145.730108
2556,19.952185,6.925000,144.404332
2557,19.959110,6.925000,144.404332
2558,19.965956,6.846000,146.070698
2559,19.972888,6.932000,144.258511
2560,19.979807,6.919000,144.529556
2561,19.986665,6.858000,145.815106
2562,19.993065,6.400000,156.250000
2563,19.999734,6.669000,149.947518
2564,20.007527,7.793000,128.320287
2565,20.014260,6.733000,148.522204
2566,20.021260,7.000000,142.857143
2567,20.028058,6.798000,147.102089
2568,20.034973,6.915000,144.613160
2569,20.041886,6.913000,144.654998
2570,20.048759,6.873000,145.496872
2571,20.055675,6.916000,144.592250
2572,20.062560,6.885000,145.243282
2573,20.069468,6.908000,144.759699
2574,20.076388,6.920000,144.508671
2575,20.083256,6.868000,145.602796
2576,20.090172,6.916000,144.592250
2577,20.096563,6.391000,156.470036
2578,20.104037,7.474000,133.797164
2579,20.110846,6.809000,146.864444
2580,20.117772,6.926000,144.383483
2581,20.124666,6.894000,145.053670
2582,20.131556,6.890000,145.137881
2583,20.138480,6.924000,144.425188
2584,20.145350,6.870000,145.560408
2585,20.152256,6.906000,144.801622
2586,20.159170,6.914000,144.634076
2587,20.166075,6.905000,144.822592
2588,20.173000,6.925000,144.404332
2589,20.179857,6.857000,145.836372
2590,20.186767,6.910000,144.717800
2591,20.192966,6.199000,161.316341
2592,20.200642,7.676000,130.276186
2593,20.207543,6.901000,144.906535
2594,20.214113,6.570000,152.207002
2595,20.221074,6.961000,143.657520
2596,20.228174,7.100000,140.845070
2597,20.235104,6.930000,144.300144
2598,20.241856,6.752000,148.104265
2599,20.248914,7.058000,141.683196
2600,20.255504,6.590000,151.745068
2601,20.262732,7.228000,138.350858
2602,20.269588,6.856000,145.857643
2603,20.276517,6.929000,144.320970
2604,20.283418,6.901000,144.906535
2605,20.290366,6.948000,143.926310
2606,20.296628,6.262000,159.693389
2607,20.304208,7.580000,131.926121
2608,20.310609,6.401000,156.225590
2609,20.317667,7.058000,141.683196
2610,20.324277,6.610000,151.285930
2611,20.331770,7.493000,133.457894
2612,20.338723,6.953000,143.822810
2613,20.345482,6.759000,147.950880
2614,20.352427,6.945000,143.988481
2615,20.359338,6.911000,144.696860
2616,20.365689,6.351000,157.455519
2617,20.373260,7.571000,132.082948
2618,20.379648,6.388000,156.543519
2619,20.386996,7.348000,136.091453
2620,20.393845,6.849000,146.006716
2621,20.400707,6.862000,145.730108
2622,20.407576,6.869000,145.581598
2623,20.414496,6.920000,144.508671
2624,20.421439,6.943000,144.029958
2625,20.428315,6.876000,145.433392
2626,20.435181,6.866000,145.645208
2627,20.442084,6.903000,144.864552
2628,20.448975,6.891000,145.116819
2629,20.455956,6.981000,143.245953
2630,20.462910,6.954000,143.802128
2631,20.469707,6.797000,147.123731
2632,20.476642,6.935000,144.196107
2633,20.483283,6.641000,150.579732
2634,20.490498,7.215000,138.600139
2635,20.497316,6.818000,146.670578
2636,20.504293,6.977000,143.328078
2637,20.511086,6.793000,147.210364
2638,20.518020,6.934000,144.216902
2639,20.524947,6.927000,144.362639
2640,20.531647,6.700000,149.253731
2641,20.538805,7.158000,139.703828
2642,20.545348,6.543000,152.835091
2643,20.552546,7.198000,138.927480
2644,20.559218,6.672000,149.880096
2645,20.566302,7.084000,141.163185
2646,20.573332,7.030000,142.247511
2647,20.579824,6.492000,154.035736
2648,20.587075,7.251000,137.912012
2649,20.594013,6.938000,144.133756
2650,20.600843,6.830000,146.412884
2651,20.607678,6.835000,146.305779
2652,20.613941,6.263000,159.667891
2653,20.621561,7.620000,131.233596
2654,20.628329,6.768000,147.754137
2655,20.635239,6.910000,144.717800
2656,20.642178,6.939000,144.112985
2657,20.649046,6.868000,145.602796
2658,20.655957,6.911000,144.696860
2659,20.662882,6.925000,144.404332
2660,20.669771,6.889000,145.158949
2661,20.676699,6.928000,144.341801
2662,20.683544,6.845000,146.092038
2663,20.690501,6.957000,143.740118
2664,20.697368,6.867000,145.623999
2665,20.704326,6.958000,143.719460
2666,20.711169,6.843000,146.134736
2667,20.718105,6.936000,144.175317
2668,20.724996,6.891000,145.116819
2669,20.731896,6.900000,144.927536
2670,20.738802,6.906000,144.801622
2671,20.744915,6.113000,163.585801
2672,20.752199,7.284000,137.287205
2673,20.759567,7.368000,135.722041
2674,20.766264,6.697000,149.320591
2675,20.773301,7.037000,142.106011
2676,20.780139,6.838000,146.241591
2677,20.787139,7.000000,142.857143
2678,20.793963,6.824000,146.541618
2679,20.800851,6.888000,145.180023
2680,20.807817,6.966000,143.554407
2681,20.814671,6.854000,145.900204
2682,20.821565,6.894000,145.053670
2683,20.828477,6.912000,144.675926
2684,20.835340,6.863000,145.708874
2685,20.842271,6.931000,144.279325
2686,20.849123,6.852000,145.942790
2687,20.856055,6.932000,144.258511
2688,20.862941,6.886000,145.222190
2689,20.869862,6.921000,144.487791
2690,20.876752,6.890000,145.137881
2691,20.883070,6.318000,158.277936
2692,20.890636,7.566000,132.170235
2693,20.897434,6.798000,147.102089
2694,20.904401,6.967000,143.533802
2695,20.911253,6.852000,145.942790
2696,20.918165,6.912000,144.675926
2697,20.925089,6.924000,144.425188
2698,20.931941,6.852000,145.942790
2699,20.938879,6.938000,144.133756
2700,20.945822,6.943000,144.029958
2701,20.952730,6.908000,144.759699
2702,20.959694,6.964000,143.595635
2703,20.966549,6.855000,145.878920
2704,20.973514,6.965000,143.575018
2705,20.980526,7.012000,142.612664
2706,20.987267,6.741000,148.345943
2707,20.994081,6.814000,146.756677
2708,21.000429,6.348000,157.529931
2709,21.007946,7.517000,133.031795
2710,21.014734,6.788000,147.318798
2711,21.021243,6.509000,153.633431
2712,21.028628,7.385000,135.409614
2713,21.035483,6.855000,145.878920
2714,21.042399,6.916000,144.592250
2715,21.049363,6.964000,143.595635
2716,21.056180,6.817000,146.692093
2717,21.063051,6.871000,145.539223
2718,21.069730,6.679000,149.723012
2719,21.076898,7.168000,139.508929
2720,21.083812,6.914000,144.634076
2721,21.090954,7.142000,140.016802
2722,21.097648,6.694000,149.387511
2723,21.104639,6.991000,143.041053
2724,21.111344,6.705000,149.142431
2725,21.118407,7.063000,141.582897
2726,21.124874,6.467000,154.631205
2727,21.132308,7.434000,134.517084
2728,21.138500,6.192000,161.498708
2729,21.146012,7.512000,133.120341
2730,21.152930,6.918000,144.550448
2731,21.159782,6.852000,145.942790
2732,21.166691,6.909000,144.738747
2733,21.173580,6.889000,145.158949
2734,21.180334,6.754000,148.060409
2735,21.187295,6.961000,143.657520
2736,21.194170,6.875000,145.454545
2737,21.201048,6.878000,145.391102
2738,21.207970,6.922000,144.466917
2739,21.214842,6.872000,145.518044
2740,21.221947,7.105000,140.745954
2741,21.228736,6.789000,147.297098
2742,21.235392,6.656000,150.240385
2743,21.242625,7.233000,138.255219
2744,21.249082,6.457000,154.870683
2745,21.255878,6.796000,147.145380
2746,21.263319,7.441000,134.390539
2747,21.269823,6.504000,153.751538
2748,21.277130,7.307000,136.855070
2749,21.283856,6.726000,148.676777
2750,21.290844,6.988000,143.102461
2751,21.297787,6.943000,144.029958
2752,21.304637,6.850000,145.985401
2753,21.311455,6.818000,146.670578
2754,21.318419,6.964000,143.595635
2755,21.325150,6.731000,148.566335
2756,21.331888,6.738000,148.411992
2757,21.339236,7.348000,136.091453
2758,21.345754,6.518000,153.421295
2759,21.353030,7.276000,137.438153
2760,21.359511,6.481000,154.297176
2761,21.366754,7.243000,138.064338
2762,21.373358,6.604000,151.423380
2763,21.380542,7.184000,139.198218
2764,21.387111,6.569000,152.230172
2765,21.394397,7.286000,137.249520
2766,21.401212,6.815000,146.735143
2767,21.408145,6.933000,144.237704
2768,21.414758,6.613000,151.217299
2769,21.421964,7.206000,138.773245
2770,21.428788,6.824000,146.541618
2771,21.435675,6.887000,145.201104
2772,21.442596,6.921000,144.487791
2773,21.448895,6.299000,158.755358
2774,21.456416,7.521000,132.961042
2775,21.463275,6.859000,145.793847
2776,21.470169,6.894000,145.053670
2777,21.477078,6.909000,144.738747
2778,21.483950,6.872000,145.518044
2779,21.490922,6.972000,143.430866
2780,21.497772,6.850000,145.985401
2781,21.504700,6.928000,144.341801
2782,21.511552,6.852000,145.942790
2783,21.518240,6.688000,149.521531
2784,21.525423,7.183000,139.217597
2785,21.532297,6.874000,145.475706
2786,21.539224,6.927000,144.362639
2787,21.546122,6.898000,144.969556
2788,21.553072,6.950000,143.884892
2789,21.559914,6.842000,146.156095
2790,21.566814,6.900000,144.927536
2791,21.573747,6.933000,144.237704
2792,21.580606,6.859000,145.793847
2793,21.587580,6.974000,143.389733
2794,21.594361,6.781000,147.470875
2795,21.601290,6.929000,144.320970
2796,21.608231,6.941000,144.071459
2797,21.614576,6.345000,157.604413
2798,21.622063,7.487000,133.564846
2799,21.628886,6.823000,146.563095
2800,21.635784,6.898000,144.969556
2801,21.642696,6.912000,144.675926
2802,21.649543,6.847000,146.049365
2803,21.656456,6.913000,144.654998
2804,21.663348,6.892000,145.095763
2805,21.670257,6.909000,144.738747
2806,21.677143,6.886000,145.222190
2807,21.684054,6.911000,144.696860
2808,21.691012,6.958000,143.719460
2809,21.697873,6.861000,145.751348
2810,21.704803,6.930000,144.300144
2811,21.711665,6.862000,145.730108
2812,21.718561,6.896000,145.011601
2813,21.725496,6.935000,144.196107
2814,21.732358,6.862000,145.730108
2815,21.739246,6.888000,145.180023
2816,21.746180,6.934000,144.216902
2817,21.752917,6.737000,148.434021
2818,21.759991,7.074000,141.362737
2819,21.766834,6.843000,146.134736
2820,21.773768,6.934000,144.216902
2821,21.780642,6.874000,145.475706
2822,21.787609,6.967000,143.533802
2823,21.794433,6.824000,146.541618
2824,21.801397,6.964000,143.595635
2825,21.808289,6.892000,145.095763
2826,21.815184,6.895000,145.032632
2827,21.822054,6.870000,145.560408
2828,21.828241,6.187000,161.629223
2829,21.835183,6.942000,144.050706
2830,21.842207,7.024000,142.369021
2831,21.849164,6.957000,143.740118
2832,21.856674,7.510000,133.155792
2833,21.863480,6.806000,146.929180
2834,21.870094,6.614000,151.194436
2835,21.877335,7.241000,138.102472
2836,21.884062,6.727000,148.654675
2837,21.891099,7.037000,142.106011
2838,21.897949,6.850000,145.985401
2839,21.904874,6.925000,144.404332
2840,21.911775,6.901000,144.906535
2841,21.918686,6.911000,144.696860
2842,21.925639,6.953000,143.822810
2843,21.932494,6.855000,145.878920
2844,21.939422,6.928000,144.341801
2845,21.946249,6.827000,146.477223
2846,21.953156,6.907000,144.780657
2847,21.960088,6.932000,144.258511
2848,21.966951,6.863000,145.708874
2849,21.973979,7.028000,142.287991
2850,21.980164,6.185000,161.681487
2851,21.987907,7.743000,129.148909
2852,21.994574,6.667000,149.992500
2853,22.001587,7.013000,142.592329
2854,22.008498,6.911000,144.696860
2855,22.015236,6.738000,148.411992
2856,22.021759,6.523000,153.303695
2857,22.029140,7.381000,135.482997
2858,22.035386,6.246000,160.102466
2859,22.043054,7.668000,130.412102
2860,22.049877,6.823000,146.563095
2861,22.056840,6.963000,143.616257
2862,22.063694,6.854000,145.900204
2863,22.070537,6.843000,146.134736
2864,22.077470,6.933000,144.237704
2865,22.084354,6.884000,145.264381
2866,22.091289,6.935000,144.196107
2867,22.098488,7.199000,138.908182
2868,22.105085,6.597000,151.584053
2869,22.111689,6.604000,151.423380
2870,22.118829,7.140000,140.056022
2871,22.125681,6.852000,145.942790
2872,22.132621,6.940000,144.092219
2873,22.139575,6.954000,143.802128
2874,22.146423,6.848000,146.028037
2875,22.153295,6.872000,145.518044
2876,22.160220,6.925000,144.404332
2877,22.167125,6.905000,144.822592
2878,22.174032,6.907000,144.780657
2879,22.180901,6.869000,145.581598
2880,22.187854,6.953000,143.822810
2881,22.194799,6.945000,143.988481
2882,22.200952,6.153000,162.522347
2883,22.208672,7.720000,129.533679
2884,22.215372,6.700000,149.253731
2885,22.222395,7.023000,142.389292
2886,22.229202,6.807000,146.907595
2887,22.236105,6.903000,144.864552
2888,22.243057,6.952000,143.843498
2889,22.249907,6.850000,145.985401
2890,22.256354,6.447000,155.110904
2891,22.263777,7.423000,134.716422
2892,22.270313,6.536000,152.998776
2893,22.277669,7.356000,135.943448
2894,22.284377,6.708000,149.075730
2895,22.291367,6.990000,143.061516
2896,22.298153,6.786000,147.362216
2897,22.305109,6.956000,143.760782
2898,22.311978,6.869000,145.581598
2899,22.318869,6.891000,145.116819
2900,22.325793,6.924000,144.425188
2901,22.332663,6.870000,145.560408
2902,22.339662,6.999000,142.877554
2903,22.346462,6.800000,147.058824
2904,22.353384,6.922000,144.466917
2905,22.360262,6.878000,145.391102
2906,22.367167,6.905000,144.822592
2907,22.374068,6.901000,144.906535
2908,22.380956,6.888000,145.180023
2909,22.387622,6.666000,150.015002
2910,22.394198,6.576000,152.068127
2911,22.401740,7.542000,132.590825
2912,22.408580,6.840000,146.198830
2913,22.415456,6.876000,145.433392
2914,22.422376,6.920000,144.508671
2915,22.429263,6.887000,145.201104
2916,22.436154,6.891000,145.116819
2917,22.443061,6.907000,144.780657
2918,22.449950,6.889000,145.158949
2919,22.456863,6.913000,144.654998
2920,22.463752,6.889000,145.158949
2921,22.470680,6.928000,144.341801
2922,22.477546,6.866000,145.645208
2923,22.484455,6.909000,144.738747
2924,22.491366,6.911000,144.696860
2925,22.498247,6.881000,145.327714
2926,22.505156,6.909000,144.738747
2927,22.512045,6.889000,145.158949
2928,22.518730,6.685000,149.588631
2929,22.525691,6.961000,143.657520
2930,22.532786,7.095000,140.944327
2931,22.539647,6.861000,145.751348
2932,22.546527,6.880000,145.348837
2933,22.553464,6.937000,144.154534
2934,22.560366,6.902000,144.885540
2935,22.567245,6.879000,145.369967
2936,22.574163,6.918000,144.550448
2937,22.581031,6.868000,145.602796
2938,22.587956,6.925000,144.404332
2939,22.594847,6.891000,145.116819
2940,22.601747,6.900000,144.927536
2941,22.608668,6.921000,144.487791
2942,22.615544,6.876000,145.433392
2943,22.622445,6.901000,144.906535
2944,22.629328,6.883000,145.285486
2945,22.636251,6.923000,144.446049
2946,22.643177,6.926000,144.383483
2947,22.650046,6.869000,145.581598
2948,22.656965,6.919000,144.529556
2949,22.663841,6.876000,145.433392
2950,22.670237,6.396000,156.347717
2951,22.677720,7.483000,133.636242
2952,22.684535,6.815000,146.735143
2953,22.691457,6.922000,144.466917
2954,22.698346,6.889000,145.158949
2955,22.705273,6.927000,144.362639
2956,22.712147,6.874000,145.475706
2957,22.719065,6.918000,144.550448
2958,22.725964,6.899000,144.948543
2959,22.732850,6.886000,145.222190
2960,22.739594,6.744000,148.279953
2961,22.746677,7.083000,141.183114
2962,22.753568,6.891000,145.116819
2963,22.760453,6.885000,145.243282
2964,22.767352,6.899000,144.948543
2965,22.774259,6.907000,144.780657
2966,22.781153,6.894000,145.053670
2967,22.788073,6.920000,144.508671
2968,22.794943,6.870000,145.560408
2969,22.801851,6.908000,144.759699
2970,22.808765,6.914000,144.634076
2971,22.815630,6.865000,145.666424
2972,22.822554,6.924000,144.425188
2973,22.829447,6.893000,145.074713
2974,22.836369,6.922000,144.466917
2975,22.842767,6.398000,156.298843
2976,22.850204,7.437000,134.462821
2977,22.857069,6.865000,145.666424
2978,22.863941,6.872000,145.518044
2979,22.870860,6.919000,144.529556
2980,22.877725,6.865000,145.666424
2981,22.884650,6.925000,144.404332
2982,22.891570,6.920000,144.508671
2983,22.898441,6.871000,145.539223
2984,22.904943,6.502000,153.798831
2985,22.911623,6.680000,149.700599
2986,22.919224,7.601000,131.561637
2987,22.926055,6.831000,146.391451
2988,22.932958,6.903000,144.864552
2989,22.939856,6.898000,144.969556
2990,22.946746,6.890000,145.137881
2991,22.952886,6.140000,162.866450
2992,22.960637,7.751000,129.015611
2993,22.967429,6.792000,147.232038
2994,22.974361,6.932000,144.258511
2995,22.981235,6.874000,145.475706
2996,22.988151,6.916000,144.592250
2997,22.995041,6.890000,145.137881
2998,23.001952,6.911000,144.696860
2999,23.008878,6.926000,144.383483
3000,23.015747,6.869000,145.581598
3001,23.022637,6.890000,145.137881
3002,23.029542,6.905000,144.822592
3003,23.036456,6.914000,144.634076
3004,23.043380,6.924000,144.425188
3005,23.050256,6.876000,145.433392
3006,23.057178,6.922000,144.466917
3007,23.064041,6.863000,145.708874
3008,23.070258,6.217000,160.849284
3009,23.077937,7.679000,130.225290
3010,23.084751,6.814000,146.756677
3011,23.091668,6.917000,144.571346
3012,23.098533,6.865000,145.666424
3013,23.105489,6.956000,143.760782
3014,23.112344,6.855000,145.878920
3015,23.119248,6.904000,144.843569
3016,23.126164,6.916000,144.592250
3017,23.133050,6.886000,145.222190
3018,23.139942,6.892000,145.095763
3019,23.146861,6.919000,144.529556
3020,23.153765,6.904000,144.843569
3021,23.160267,6.502000,153.798831
3022,23.167594,7.327000,136.481507
3023,23.174460,6.866000,145.645208
3024,23.181336,6.876000,145.433392
3025,23.188251,6.915000,144.613160
3026,23.194720,6.469000,154.583398
3027,23.202123,7.403000,135.080373
3028,23.208985,6.862000,145.730108
3029,23.215855,6.870000,145.560408
3030,23.222165,6.310000,158.478605
3031,23.229420,7.255000,137.835975
3032,23.236593,7.173000,139.411683
3033,23.243470,6.877000,145.412244
3034,23.250361,6.891000,145.116819
3035,23.256742,6.381000,156.715248
3036,23.264212,7.470000,133.868809
3037,23.271058,6.846000,146.070698
3038,23.277941,6.883000,145.285486
3039,23.284853,6.912000,144.675926
3040,23.291756,6.903000,144.864552
3041,23.298658,6.902000,144.885540
3042,23.305580,6.922000,144.466917
3043,23.312454,6.874000,145.475706
3044,23.319355,6.901000,144.906535
3045,23.326278,6.923000,144.446049
3046,23.333142,6.864000,145.687646
3047,23.340053,6.911000,144.696860
3048,23.346953,6.900000,144.927536
3049,23.353889,6.936000,144.175317
3050,23.360736,6.847000,146.049365
3051,23.367648,6.912000,144.675926
3052,23.374255,6.607000,151.354624
3053,23.381473,7.218000,138.542533
3054,23.388354,6.881000,145.327714
3055,23.395244,6.890000,145.137881
3056,23.402170,6.926000,144.383483
3057,23.409072,6.902000,144.885540
3058,23.415960,6.888000,145.180023
3059,23.422221,6.261000,159.718895
3060,23.429838,7.617000,131.285283
3061,23.435972,6.134000,163.025758
3062,23.443605,7.633000,131.010088
3063,23.450433,6.828000,146.455770
3064,23.457352,6.919000,144.529556
3065,23.464247,6.895000,145.032632
3066,23.471168,6.921000,144.487791
3067,23.478051,6.883000,145.285486
3068,23.484936,6.885000,145.243282
3069,23.491862,6.926000,144.383483
3070,23.498747,6.885000,145.243282
3071,23.505659,6.912000,144.675926
3072,23.512532,6.873000,145.496872
3073,23.519452,6.920000,144.508671
3074,23.526353,6.901000,144.906535
3075,23.533254,6.901000,144.906535
3076,23.540166,6.912000,144.675926
3077,23.547058,6.892000,145.095763
3078,23.553973,6.915000,144.613160
3079,23.560846,6.873000,145.496872
3080,23.567759,6.913000,144.654998
3081,23.574672,6.913000,144.654998
3082,23.581542,6.870000,145.560408
3083,23.588460,6.918000,144.550448
3084,23.595355,6.895000,145.032632
3085,23.602260,6.905000,144.822592
3086,23.609150,6.890000,145.137881
3087,23.616030,6.880000,145.348837
3088,23.622942,6.912000,144.675926
3089,23.629822,6.880000,145.348837
3090,23.636735,6.913000,144.654998
3091,23.643462,6.727000,148.654675
3092,23.650578,7.116000,140.528387
3093,23.657460,6.882000,145.306597
3094,23.664346,6.886000,145.222190
3095,23.671253,6.907000,144.780657
3096,23.678126,6.873000,145.496872
3097,23.685028,6.902000,144.885540
3098,23.691944,6.916000,144.592250
3099,23.698844,6.900000,144.927536
3100,23.705766,6.922000,144.466917
3101,23.712628,6.862000,145.730108
3102,23.718858,6.230000,160.513644
3103,23.726249,7.391000,135.299689
3104,23.733375,7.126000,140.331182
3105,23.740243,6.868000,145.602796
3106,23.747149,6.906000,144.801622
3107,23.754087,6.938000,144.133756
3108,23.760950,6.863000,145.708874
3109,23.767851,6.901000,144.906535
3110,23.774768,6.917000,144.571346
3111,23.781663,6.895000,145.032632
3112,23.788569,6.906000,144.801622
3113,23.795457,6.888000,145.180023
3114,23.802370,6.913000,144.654998
3115,23.809269,6.899000,144.948543
3116,23.816142,6.873000,145.496872
3117,23.823059,6.917000,144.571346
3118,23.829312,6.253000,159.923237
3119,23.836962,7.650000,130.718954
3120,23.843752,6.790000,147.275405
3121,23.850151,6.399000,156.274418
3122,23.857018,6.867000,145.623999
3123,23.864518,7.500000,133.333333
3124,23.871360,6.842000,146.156095
3125,23.878248,6.888000,145.180023
3126,23.885150,6.902000,144.885540
3127,23.891618,6.468000,154.607297
3128,23.899019,7.401000,135.116876
3129,23.905872,6.853000,145.921494
3130,23.912772,6.900000,144.927536
3131,23.919661,6.889000,145.158949
3132,23.926589,6.928000,144.341801
3133,23.932972,6.383000,156.666144
3134,23.940436,7.464000,133.976420
3135,23.947254,6.818000,146.670578
3136,23.954235,6.981000,143.245953
3137,23.961046,6.811000,146.821318
3138,23.967934,6.888000,145.180023
3139,23.974851,6.917000,144.571346
3140,23.981721,6.870000,145.560408
3141,23.988669,6.948000,143.926310
3142,23.995559,6.890000,145.137881
3143,24.002453,6.894000,145.053670
3144,24.009359,6.906000,144.801622
3145,24.015758,6.399000,156.274418
3146,24.023223,7.465000,133.958473
3147,24.029599,6.376000,156.838143
3148,24.037010,7.411000,134.934557
3149,24.043865,6.855000,145.878920
3150,24.050737,6.872000,145.518044
3151,24.057647,6.910000,144.717800
3152,24.064554,6.907000,144.780657
3153,24.071488,6.934000,144.216902
3154,24.078329,6.841000,146.177459
3155,24.085233,6.904000,144.843569
3156,24.092150,6.917000,144.571346
3157,24.099040,6.890000,145.137881
3158,24.106011,6.971000,143.451442
3159,24.112862,6.851000,145.964093
3160,24.119790,6.928000,144.341801
3161,24.126716,6.926000,144.383483
3162,24.133552,6.836000,146.284377
3163,24.140486,6.934000,144.216902
3164,24.147352,6.866000,145.645208
3165,24.154292,6.940000,144.092219
3166,24.161142,6.850000,145.985401
3167,24.168065,6.923000,144.446049
3168,24.175011,6.946000,143.967751
3169,24.181859,6.848000,146.028037
3170,24.188793,6.934000,144.216902
3171,24.195677,6.884000,145.264381
3172,24.202577,6.900000,144.927536
3173,24.209492,6.915000,144.613160
3174,24.215955,6.463000,154.726907
3175,24.223331,7.376000,135.574837
3176,24.230169,6.838000,146.241591
3177,24.237220,7.051000,141.823855
3178,24.243964,6.744000,148.279953
3179,24.251005,7.041000,142.025280
3180,24.258088,7.083000,141.183114
3181,24.264781,6.693000,149.409831
3182,24.271778,6.997000,142.918394
3183,24.278579,6.801000,147.037200
3184,24.285488,6.909000,144.738747
3185,24.292457,6.969000,143.492610
3186,24.300055,7.598000,131.613583
3187,24.306081,6.026000,165.947561
3188,24.313144,7.063000,141.582897
3189,24.319776,6.632000,150.784077
3190,24.327002,7.226000,138.389150
3191,24.333753,6.751000,148.126204
3192,24.340694,6.941000,144.071459
3193,24.347569,6.875000,145.454545
3194,24.354514,6.945000,143.988481
3195,24.361064,6.550000,152.671756
3196,24.368329,7.265000,137.646249
3197,24.374993,6.664000,150.060024
3198,24.382069,7.076000,141.322781
3199,24.388345,6.276000,159.337157
3200,24.395485,7.140000,140.056022
3201,24.402896,7.411000,134.934557
3202,24.409753,6.857000,145.836372
3203,24.416201,6.448000,155.086849
3204,24.423582,7.381000,135.482997
3205,24.430363,6.781000,147.470875
3206,24.437258,6.895000,145.032632
3207,24.444189,6.931000,144.279325
3208,24.450819,6.630000,150.829563
3209,24.458065,7.246000,138.007176
3210,24.464865,6.800000,147.058824
3211,24.471878,7.013000,142.592329
3212,24.478332,6.454000,154.942671
3213,24.485498,7.166000,139.547865
3214,24.492499,7.001000,142.836738
3215,24.499450,6.951000,143.864192
3216,24.506293,6.843000,146.134736
3217,24.513153,6.860000,145.772595
3218,24.520076,6.923000,144.446049
3219,24.526912,6.836000,146.284377
3220,24.533824,6.912000,144.675926
3221,24.540675,6.851000,145.964093
3222,24.547548,6.873000,145.496872
3223,24.554453,6.905000,144.822592
3224,24.561342,6.889000,145.158949
3225,24.568376,7.034000,142.166619
3226,24.575245,6.869000,145.581598
3227,24.582148,6.903000,144.864552
3228,24.589026,6.878000,145.391102
3229,24.595882,6.856000,145.857643
3230,24.602788,6.906000,144.801622
3231,24.609704,6.916000,144.592250
3232,24.616536,6.832000,146.370023
3233,24.623495,6.959000,143.698807
3234,24.630385,6.890000,145.137881
3235,24.637342,6.957000,143.740118
3236,24.643559,6.217000,160.849284
3237,24.651141,7.582000,131.891322
3238,24.657974,6.833000,146.348602
3239,24.664883,6.909000,144.738747
3240,24.671823,6.940000,144.092219
3241,24.678666,6.843000,146.134736
3242,24.685573,6.907000,144.780657
3243,24.692456,6.883000,145.285486
3244,24.699395,6.939000,144.112985
3245,24.706301,6.906000,144.801622
3246,24.713168,6.867000,145.623999
3247,24.720073,6.905000,144.822592
3248,24.727009,6.936000,144.175317
3249,24.733557,6.548000,152.718387
3250,24.740849,7.292000,137.136588
3251,24.747700,6.851000,145.964093
3252,24.754614,6.914000,144.634076
3253,24.761476,6.862000,145.730108
3254,24.768369,6.893000,145.074713
3255,24.775328,6.959000,143.698807
3256,24.782167,6.839000,146.220208
3257,24.789081,6.914000,144.634076
3258,24.795982,6.901000,144.906535
3259,24.802537,6.555000,152.555301
3260,24.809848,7.311000,136.780194
3261,24.816673,6.825000,146.520147
3262,24.823592,6.919000,144.529556
3263,24.830468,6.876000,145.433392
3264,24.837401,6.933000,144.237704
3265,24.844241,6.840000,146.198830
3266,24.851190,6.949000,143.905598
3267,24.858124,6.934000,144.216902
3268,24.864798,6.674000,149.835181
3269,24.871924,7.126000,140.331182
3270,24.878768,6.844000,146.113384
3271,24.885658,6.890000,145.137881
3272,24.892097,6.439000,155.303619
3273,24.899529,7.432000,134.553283
3274,24.906398,6.869000,145.581598
3275,24.913249,6.851000,145.964093
3276,24.920153,6.904000,144.843569
3277,24.927126,6.973000,143.410297
3278,24.933962,6.836000,146.284377
3279,24.940877,6.915000,144.613160
3280,24.947751,6.874000,145.475706
3281,24.954657,6.906000,144.801622
3282,24.961574,6.917000,144.571346
3283,24.968456,6.882000,145.306597
3284,24.974891,6.435000,155.400155
3285,24.982312,7.421000,134.752729
3286,24.989152,6.840000,146.198830
3287,24.996048,6.896000,145.011601
3288,25.002934,6.886000,145.222190
3289,25.009852,6.918000,144.550448
3290,25.016754,6.902000,144.885540
3291,25.023444,6.690000,149.476831
3292,25.030551,7.107000,140.706346
3293,25.037027,6.476000,154.416306
3294,25.044425,7.398000,135.171668
3295,25.051217,6.792000,147.232038
3296,25.058149,6.932000,144.258511
3297,25.065042,6.893000,145.074713
3298,25.071944,6.902000,144.885540
3299,25.078871,6.927000,144.362639
3300,25.085750,6.879000,145.369967
3301,25.092679,6.929000,144.320970
3302,25.099538,6.859000,145.793847
3303,25.106100,6.562000,152.392563
3304,25.113376,7.276000,137.438153
3305,25.120455,7.079000,141.262890
3306,25.127187,6.732000,148.544266
3307,25.134225,7.038000,142.085820
3308,25.141127,6.902000,144.885540
3309,25.147980,6.853000,145.921494
3310,25.154989,7.009000,142.673705
3311,25.161671,6.682000,149.655792
3312,25.168605,6.934000,144.216902
3313,25.175523,6.918000,144.550448
3314,25.182447,6.924000,144.425188
3315,25.189309,6.862000,145.730108
3316,25.196145,6.836000,146.284377
3317,25.202492,6.347000,157.554750
3318,25.210085,7.593000,131.700250
3319,25.216908,6.823000,146.563095
3320,25.223837,6.929000,144.320970
3321,25.230740,6.903000,144.864552
3322,25.237760,7.020000,142.450142
3323,25.244552,6.792000,147.232038
3324,25.250828,6.276000,159.337157
3325,25.258335,7.507000,133.209005
3326,25.265371,7.036000,142.126208
3327,25.272187,6.816000,146.713615
3328,25.279063,6.876000,145.433392
3329,25.285964,6.901000,144.906535
3330,25.292927,6.963000,143.616257
3331,25.299743,6.816000,146.713615
3332,25.306630,6.887000,145.201104
3333,25.313503,6.873000,145.496872
3334,25.320488,6.985000,143.163923
3335,25.327314,6.826000,146.498682
3336,25.334211,6.897000,144.990576
3337,25.341149,6.938000,144.133756
3338,25.348010,6.861000,145.751348
3339,25.354908,6.898000,144.969556
3340,25.361784,6.876000,145.433392
3341,25.368711,6.927000,144.362639
3342,25.375643,6.932000,144.258511
3343,25.382471,6.828000,146.455770
3344,25.389460,6.989000,143.081986
3345,25.396290,6.830000,146.412884
3346,25.402454,6.164000,162.232317
3347,25.410225,7.771000,128.683567
3348,25.416984,6.759000,147.950880
3349,25.423875,6.891000,145.116819
3350,25.430794,6.919000,144.529556
3351,25.437720,6.926000,144.383483
3352,25.444619,6.899000,144.948543
3353,25.451478,6.859000,145.793847
3354,25.458403,6.925000,144.404332
3355,25.465257,6.854000,145.900204
3356,25.472215,6.958000,143.719460
3357,25.479098,6.883000,145.285486
3358,25.485969,6.871000,145.539223
3359,25.492903,6.934000,144.216902
3360,25.499768,6.865000,145.666424
3361,25.506709,6.941000,144.071459
3362,25.513547,6.838000,146.241591
3363,25.520508,6.961000,143.657520
3364,25.527076,6.568000,152.253350
3365,25.534327,7.251000,137.912012
3366,25.541169,6.842000,146.156095
3367,25.548073,6.904000,144.843569
3368,25.554954,6.881000,145.327714
3369,25.561856,6.902000,144.885540
3370,25.568780,6.924000,144.425188
3371,25.575690,6.910000,144.717800
3372,25.582551,6.861000,145.751348
3373,25.589451,6.900000,144.927536
3374,25.596353,6.902000,144.885540
3375,25.603238,6.885000,145.243282
3376,25.610149,6.911000,144.696860
3377,25.617025,6.876000,145.433392
3378,25.623948,6.923000,144.446049
3379,25.630873,6.925000,144.404332
3380,25.637758,6.885000,145.243282
3381,25.644633,6.875000,145.454545
3382,25.651565,6.932000,144.258511
3383,25.658445,6.880000,145.348837
3384,25.665339,6.894000,145.053670
3385,25.672371,7.032000,142.207053
3386,25.679199,6.828000,146.455770
3387,25.686110,6.911000,144.696860
3388,25.693031,6.921000,144.487791
3389,25.699906,6.875000,145.454545
3390,25.706810,6.904000,144.843569
3391,25.713679,6.869000,145.581598
3392,25.720693,7.014000,142.571999
3393,25.727511,6.818000,146.670578
3394,25.734450,6.939000,144.112985
3395,25.741492,7.042000,142.005112
3396,25.747677,6.185000,161.681487
3397,25.755185,7.508000,133.191263
3398,25.761372,6.187000,161.629223
3399,25.769006,7.634000,130.992926
3400,25.775307,6.301000,158.704967
3401,25.782343,7.036000,142.126208
3402,25.789169,6.826000,146.498682
3403,25.796269,7.100000,140.845070
3404,25.803518,7.249000,137.950062
3405,25.810457,6.939000,144.112985
3406,25.817288,6.831000,146.391451
3407,25.823967,6.679000,149.723012
3408,25.830979,7.012000,142.612664
3409,25.837978,6.999000,142.877554
3410,25.844802,6.824000,146.541618
3411,25.851722,6.920000,144.508671
3412,25.858672,6.950000,143.884892
3413,25.865354,6.682000,149.655792
3414,25.872565,7.211000,138.677021
3415,25.879364,6.799000,147.080453
3416,25.886269,6.905000,144.822592
3417,25.893085,6.816000,146.713615
3418,25.900081,6.996000,142.938822
3419,25.906955,6.874000,145.475706
3420,25.913848,6.893000,145.074713
3421,25.920577,6.729000,148.610492
3422,25.927684,7.107000,140.706346
3423,25.934459,6.775000,147.601476
3424,25.941488,7.029000,142.267748
3425,25.948267,6.779000,147.514383
3426,25.955270,7.003000,142.795945
3427,25.962141,6.871000,145.539223
3428,25.969108,6.967000,143.533802
3429,25.975826,6.718000,148.853826
3430,25.982773,6.947000,143.947027
3431,25.989840,7.067000,141.502759
3432,25.996642,6.802000,147.015584
3433,26.003449,6.807000,146.907595
3434,26.010267,6.818000,146.670578
3435,26.016870,6.603000,151.446312
3436,26.024313,7.443000,134.354427
3437,26.031068,6.755000,148.038490
3438,26.038100,7.032000,142.207053
3439,26.044898,6.798000,147.102089
3440,26.051837,6.939000,144.112985
3441,26.058733,6.896000,145.011601
3442,26.065354,6.621000,151.034587
3443,26.072824,7.470000,133.868809
3444,26.079107,6.283000,159.159637
3445,26.086369,7.262000,137.703112
3446,26.093253,6.884000,145.264381
3447,26.099662,6.409000,156.030582
3448,26.107147,7.485000,133.600534
3449,26.113907,6.760000,147.928994
3450,26.120890,6.983000,143.204926
3451,26.127765,6.875000,145.454545
3452,26.134033,6.268000,159.540523
3453,26.141700,7.667000,130.429112
3454,26.147861,6.161000,162.311313
3455,26.155384,7.523000,132.925695
3456,26.162150,6.766000,147.797813
3457,26.169121,6.971000,143.451442
3458,26.175679,6.558000,152.485514
3459,26.182907,7.228000,138.350858
3460,26.189851,6.944000,144.009217
3461,26.196657,6.806000,146.929180
3462,26.203600,6.943000,144.029958
3463,26.210464,6.864000,145.687646
3464,26.217367,6.903000,144.864552
3465,26.224307,6.940000,144.092219
3466,26.231167,6.860000,145.772595
3467,26.238090,6.923000,144.446049
3468,26.244944,6.854000,145.900204
3469,26.251891,6.947000,143.947027
3470,26.258810,6.919000,144.529556
3471,26.264997,6.187000,161.629223
3472,26.272730,7.733000,129.315919
3473,26.279461,6.731000,148.566335
3474,26.286270,6.809000,146.864444
3475,26.293315,7.045000,141.944642
3476,26.300210,6.895000,145.032632
3477,26.307114,6.904000,144.843569
3478,26.313987,6.873000,145.496872
3479,26.320939,6.952000,143.843498
3480,26.327808,6.869000,145.581598
3481,26.334570,6.762000,147.885241
3482,26.341636,7.066000,141.522785
3483,26.348411,6.775000,147.601476
3484,26.355434,7.023000,142.389292
3485,26.362296,6.862000,145.730108
3486,26.368473,6.177000,161.890886
3487,26.376212,7.739000,129.215661
3488,26.383005,6.793000,147.210364
3489,26.389895,6.890000,145.137881
3490,26.396809,6.914000,144.634076
3491,26.403723,6.914000,144.634076
3492,26.410586,6.863000,145.708874
3493,26.417485,6.899000,144.948543
3494,26.424429,6.944000,144.009217
3495,26.431287,6.858000,145.815106
3496,26.437557,6.270000,159.489633
3497,26.445144,7.587000,131.804402
3498,26.451958,6.814000,146.756677
3499,26.458888,6.930000,144.300144
3500,26.465776,6.888000,145.180023
3501,26.472682,6.906000,144.801622
3502,26.479569,6.887000,145.201104
3503,26.486465,6.896000,145.011601
3504,26.493384,6.919000,144.529556
3505,26.499596,6.212000,160.978751
3506,26.507254,7.658000,130.582397
3507,26.514022,6.768000,147.754137
3508,26.520937,6.915000,144.613160
3509,26.527849,6.912000,144.675926
3510,26.534766,6.917000,144.571346
3511,26.541657,6.891000,145.116819
3512,26.548551,6.894000,145.053670
3513,26.555448,6.897000,144.990576
3514,26.562342,6.894000,145.053670
3515,26.568835,6.493000,154.012013
3516,26.575751,6.916000,144.592250
3517,26.583104,7.353000,135.998912
3518,26.589964,6.860000,145.772595
3519,26.596860,6.896000,145.011601
3520,26.603773,6.913000,144.654998
3521,26.610644,6.871000,145.539223
3522,26.617551,6.907000,144.780657
3523,26.624483,6.932000,144.258511
3524,26.631341,6.858000,145.815106
3525,26.638293,6.952000,143.843498
3526,26.645156,6.863000,145.708874
3527,26.652063,6.907000,144.780657
3528,26.658968,6.905000,144.822592
3529,26.665864,6.896000,145.011601
3530,26.672758,6.894000,145.053670
3531,26.679661,6.903000,144.864552
3532,26.686550,6.889000,145.158949
3533,26.693557,7.007000,142.714428
3534,26.700349,6.792000,147.232038
3535,26.707364,7.015000,142.551675
3536,26.714148,6.784000,147.405660
3537,26.721076,6.928000,144.341801
3538,26.727960,6.884000,145.264381
3539,26.734872,6.912000,144.675926
3540,26.741772,6.900000,144.927536
3541,26.748667,6.895000,145.032632
3542,26.755588,6.921000,144.487791
3543,26.762213,6.625000,150.943396
3544,26.769395,7.182000,139.236981
3545,26.776267,6.872000,145.518044
3546,26.783148,6.881000,145.327714
3547,26.790073,6.925000,144.404332
3548,26.796946,6.873000,145.496872
3549,26.803885,6.939000,144.112985
3550,26.810751,6.866000,145.645208
3551,26.817681,6.930000,144.300144
3552,26.824559,6.878000,145.391102
3553,26.831457,6.898000,144.969556
3554,26.837978,6.521000,153.350713
3555,26.845300,7.322000,136.574706
3556,26.851421,6.121000,163.371998
3557,26.859153,7.732000,129.332644
3558,26.865928,6.775000,147.601476
3559,26.872860,6.932000,144.258511
3560,26.879744,6.884000,145.264381
3561,26.886659,6.915000,144.613160
3562,26.893572,6.913000,144.654998
3563,26.900448,6.876000,145.433392
3564,26.907375,6.927000,144.362639
3565,26.914291,6.916000,144.592250
3566,26.921249,6.958000,143.719460
3567,26.928082,6.833000,146.348602
3568,26.935069,6.987000,143.122943
3569,26.941757,6.688000,149.521531
3570,26.948787,7.030000,142.247511
3571,26.955670,6.883000,145.285486
3572,26.962550,6.880000,145.348837
3573,26.969456,6.906000,144.801622
3574,26.976388,6.932000,144.258511
3575,26.983256,6.868000,145.602796
3576,26.990187,6.931000,144.279325
3577,26.997052,6.865000,145.666424
3578,27.003986,6.934000,144.216902
3579,27.010861,6.875000,145.454545
3580,27.017744,6.883000,145.285486
3581,27.024667,6.923000,144.446049
3582,27.031554,6.887000,145.201104
3583,27.038460,6.906000,144.801622
3584,27.045351,6.891000,145.116819
3585,27.052246,6.895000,145.032632
3586,27.059182,6.936000,144.175317
3587,27.066046,6.864000,145.687646
3588,27.072962,6.916000,144.592250
3589,27.079855,6.893000,145.074713
3590,27.086751,6.896000,145.011601
3591,27.093681,6.930000,144.300144
3592,27.100551,6.870000,145.560408
3593,27.107465,6.914000,144.634076
3594,27.114368,6.903000,144.864552
3595,27.121262,6.894000,145.053670
3596,27.128165,6.903000,144.864552
3597,27.135066,6.901000,144.906535
3598,27.141990,6.924000,144.425188
3599,27.148851,6.861000,145.751348
3600,27.155784,6.933000,144.237704
3601,27.162659,6.875000,145.454545
3602,27.169565,6.906000,144.801622
3603,27.176481,6.916000,144.592250
3604,27.183359,6.878000,145.391102
3605,27.190283,6.924000,144.425188
3606,27.197162,6.879000,145.369967
3607,27.204083,6.921000,144.487791
3608,27.210964,6.881000,145.327714
3609,27.217854,6.890000,145.137881
3610,27.224753,6.899000,144.948543
3611,27.231663,6.910000,144.717800
3612,27.238565,6.902000,144.885540
3613,27.245454,6.889000,145.158949
3614,27.252362,6.908000,144.759699
3615,27.259264,6.902000,144.885540
3616,27.266143,6.879000,145.369967
3617,27.272937,6.794000,147.188696
3618,27.279967,7.030000,142.247511
3619,27.286869,6.902000,144.885540
3620,27.293789,6.920000,144.508671
3621,27.300297,6.508000,153.657037
3622,27.307661,7.364000,135.795763
3623,27.314279,6.618000,151.103052
3624,27.321091,6.812000,146.799765
3625,27.328296,7.205000,138.792505
3626,27.335178,6.882000,145.306597
3627,27.342165,6.987000,143.122943
3628,27.349008,6.843000,146.134736
3629,27.355288,6.280000,159.235669
3630,27.362171,6.883000,145.285486
3631,27.369764,7.593000,131.700250
3632,27.376715,6.951000,143.864192
3633,27.383480,6.765000,147.819660
3634,27.390436,6.956000,143.760782
3635,27.397314,6.878000,145.391102
3636,27.404115,6.801000,147.037200
3637,27.411115,7.000000,142.857143
3638,27.418000,6.885000,145.243282
3639,27.424905,6.905000,144.822592
3640,27.431864,6.959000,143.698807
3641,27.438740,6.876000,145.433392
3642,27.445594,6.854000,145.900204
3643,27.452509,6.915000,144.613160
3644,27.459420,6.911000,144.696860
3645,27.466287,6.867000,145.623999
3646,27.473181,6.894000,145.053670
3647,27.480070,6.889000,145.158949
3648,27.486981,6.911000,144.696860
3649,27.493860,6.879000,145.369967
3650,27.500760,6.900000,144.927536
3651,27.507676,6.916000,144.592250
3652,27.514557,6.881000,145.327714
3653,27.521175,6.618000,151.103052
3654,27.528385,7.210000,138.696255
3655,27.535266,6.881000,145.327714
3656,27.542174,6.908000,144.759699
3657,27.548767,6.593000,151.676020
3658,27.555619,6.852000,145.942790
3659,27.562913,7.294000,137.098985
3660,27.569762,6.849000,146.006716
3661,27.576682,6.920000,144.508671
3662,27.583563,6.881000,145.327714
3663,27.590474,6.911000,144.696860
3664,27.597365,6.891000,145.116819
3665,27.604271,6.906000,144.801622
3666,27.611032,6.761000,147.907114
3667,27.618094,7.062000,141.602945
3668,27.624944,6.850000,145.985401
3669,27.631877,6.933000,144.237704
3670,27.638766,6.889000,145.158949
3671,27.645656,6.890000,145.137881
3672,27.652573,6.917000,144.571346
3673,27.659475,6.902000,144.885540
3674,27.666357,6.882000,145.306597
3675,27.673267,6.910000,144.717800
3676,27.680164,6.897000,144.990576
3677,27.687073,6.909000,144.738747
3678,27.693965,6.892000,145.095763
3679,27.700863,6.898000,144.969556
3680,27.707786,6.923000,144.446049
3681,27.714666,6.880000,145.348837
3682,27.721589,6.923000,144.446049
3683,27.728464,6.875000,145.454545
3684,27.735156,6.692000,149.432158
3685,27.741679,6.523000,153.303695
3686,27.749232,7.553000,132.397723
3687,27.755749,6.517000,153.444837
3688,27.762996,7.247000,137.988133
3689,27.769859,6.863000,145.708874
3690,27.776788,6.929000,144.320970
3691,27.782983,6.195000,161.420500
3692,27.790666,7.683000,130.157491
3693,27.797100,6.434000,155.424308
3694,27.804446,7.346000,136.128505
3695,27.810528,6.082000,164.419599
3696,27.818262,7.734000,129.299198
3697,27.825001,6.739000,148.389969
3698,27.831415,6.414000,155.908949
3699,27.838481,7.066000,141.522785
3700,27.845823,7.342000,136.202670
3701,27.852657,6.834000,146.327188
3702,27.859606,6.949000,143.905598
3703,27.866479,6.873000,145.496872
3704,27.873385,6.906000,144.801622
3705,27.879654,6.269000,159.515074
3706,27.887256,7.602000,131.544330
3707,27.893489,6.233000,160.436387
3708,27.901093,7.604000,131.509732
3709,27.907872,6.779000,147.514383
3710,27.914790,6.918000,144.550448
3711,27.921686,6.896000,145.011601
3712,27.928560,6.874000,145.475706
3713,27.935468,6.908000,144.759699
3714,27.942250,6.782000,147.449130
3715,27.949269,7.019000,142.470437
3716,27.956177,6.908000,144.759699
3717,27.962537,6.360000,157.232704
3718,27.970057,7.520000,132.978723
3719,27.976861,6.804000,146.972369
3720,27.983761,6.900000,144.927536
3721,27.990679,6.918000,144.550448
3722,27.997556,6.877000,145.412244
3723,28.004472,6.916000,144.592250
3724,28.011361,6.889000,145.158949
3725,28.018254,6.893000,145.074713
3726,28.025172,6.918000,144.550448
3727,28.032062,6.890000,145.137881
3728,28.038920,6.858000,145.815106
3729,28.045870,6.950000,143.884892
3730,28.052741,6.871000,145.539223
3731,28.059678,6.937000,144.154534
3732,28.066548,6.870000,145.560408
3733,28.073473,6.925000,144.404332
3734,28.080366,6.893000,145.074713
3735,28.087281,6.915000,144.613160
3736,28.094165,6.884000,145.264381
3737,28.101055,6.890000,145.137881
3738,28.107647,6.592000,151.699029
3739,28.114899,7.252000,137.892995
3740,28.121328,6.429000,155.545186
3741,28.128720,7.392000,135.281385
3742,28.135355,6.635000,150.715901
3743,28.142502,7.147000,139.918847
3744,28.149343,6.841000,146.177459
3745,28.156286,6.943000,144.029958
3746,28.163165,6.879000,145.369967
3747,28.170055,6.890000,145.137881
3748,28.176959,6.904000,144.843569
3749,28.183848,6.889000,145.158949
3750,28.190765,6.917000,144.571346
3751,28.197671,6.906000,144.801622
3752,28.204565,6.894000,145.053670
3753,28.210826,6.261000,159.718895
3754,28.218437,7.611000,131.388779
3755,28.225263,6.826000,146.498682
3756,28.232156,6.893000,145.074713
3757,28.239077,6.921000,144.487791
3758,28.245962,6.885000,145.243282
3759,28.252862,6.900000,144.927536
3760,28.259785,6.923000,144.446049
3761,28.265913,6.128000,163.185379
3762,28.273687,7.774000,128.633908
3763,28.280458,6.771000,147.688672
3764,28.287402,6.944000,144.009217
3765,28.294260,6.858000,145.815106
3766,28.301169,6.909000,144.738747
3767,28.308080,6.911000,144.696860
3768,28.314966,6.886000,145.222190
3769,28.321898,6.932000,144.258511
3770,28.328756,6.858000,145.815106
3771,28.335654,6.898000,144.969556
3772,28.342572,6.918000,144.550448
3773,28.349462,6.890000,145.137881
3774,28.355632,6.170000,162.074554
3775,28.363349,7.717000,129.584035
3776,28.369789,6.440000,155.279503
3777,28.377127,7.338000,136.276915
3778,28.383950,6.823000,146.563095
3779,28.390881,6.931000,144.279325
3780,28.397765,6.884000,145.264381
3781,28.404661,6.896000,145.011601
3782,28.411563,6.902000,144.885540
3783,28.418482,6.919000,144.529556
3784,28.425378,6.896000,145.011601
3785,28.432249,6.871000,145.539223
3786,28.439168,6.919000,144.529556
3787,28.446074,6.906000,144.801622
3788,28.452965,6.891000,145.116819
3789,28.459888,6.923000,144.446049
3790,28.466757,6.869000,145.581598
3791,28.472939,6.182000,161.759948
3792,28.480645,7.706000,129.769011
3793,28.487479,6.834000,146.327188
3794,28.494356,6.877000,145.412244
3795,28.501209,6.853000,145.921494
3796,28.508189,6.980000,143.266476
3797,28.515073,6.884000,145.264381
3798,28.521980,6.907000,144.780657
3799,28.528884,6.904000,144.843569
3800,28.535613,6.729000,148.610492
3801,28.542281,6.668000,149.970006
3802,28.549598,7.317000,136.668033
3803,28.556458,6.860000,145.772595
3804,28.563377,6.919000,144.529556
3805,28.570292,6.915000,144.613160
3806,28.577151,6.859000,145.793847
3807,28.584046,6.895000,145.032632
3808,28.590982,6.936000,144.175317
3809,28.597862,6.880000,145.348837
3810,28.604605,6.743000,148.301943
3811,28.611685,7.080000,141.242938
3812,28.618561,6.876000,145.433392
3813,28.625492,6.931000,144.279325
3814,28.632088,6.596000,151.607035
3815,28.639303,7.215000,138.600139
3816,28.646156,6.853000,145.921494
3817,28.653062,6.906000,144.801622
3818,28.659970,6.908000,144.759699
3819,28.666866,6.896000,145.011601
3820,28.673764,6.898000,144.969556
3821,28.680654,6.890000,145.137881
3822,28.687568,6.914000,144.634076
3823,28.694462,6.894000,145.053670
3824,28.701367,6.905000,144.822592
3825,28.708279,6.912000,144.675926
3826,28.715149,6.870000,145.560408
3827,28.722073,6.924000,144.425188
3828,28.728924,6.851000,145.964093
3829,28.735856,6.932000,144.258511
3830,28.742775,6.919000,144.529556
3831,28.749638,6.863000,145.708874
3832,28.756563,6.925000,144.404332
3833,28.763458,6.895000,145.032632
3834,28.770382,6.924000,144.425188
3835,28.777262,6.880000,145.348837
3836,28.784154,6.892000,145.095763
3837,28.791077,6.923000,144.446049
3838,28.797969,6.892000,145.095763
3839,28.804876,6.907000,144.780657
3840,28.811761,6.885000,145.243282
3841,28.818665,6.904000,144.843569
3842,28.824943,6.278000,159.286397
3843,28.832539,7.596000,131.648236
3844,28.839368,6.829000,146.434324
3845,28.846251,6.883000,145.285486
3846,28.853148,6.897000,144.990576
3847,28.860068,6.920000,144.508671
3848,28.866944,6.876000,145.433392
3849,28.873868,6.924000,144.425188
3850,28.880752,6.884000,145.264381
3851,28.887661,6.909000,144.738747
3852,28.894264,6.603000,151.446312
3853,28.901495,7.231000,138.293459
3854,28.908381,6.886000,145.222190
3855,28.915275,6.894000,145.053670
3856,28.922114,6.839000,146.220208
3857,28.929073,6.959000,143.698807
3858,28.935240,6.167000,162.153397
3859,28.942980,7.740000,129.198966
3860,28.949744,6.764000,147.841514
3861,28.956692,6.948000,143.926310
3862,28.963554,6.862000,145.730108
3863,28.970472,6.918000,144.550448
3864,28.977351,6.879000,145.369967
3865,28.984265,6.914000,144.634076
3866,28.991157,6.892000,145.095763
3867,28.998059,6.902000,144.885540
3868,29.004981,6.922000,144.466917
3869,29.011841,6.860000,145.772595
3870,29.018746,6.905000,144.822592
3871,29.025680,6.934000,144.216902
3872,29.032548,6.868000,145.602796
3873,29.039476,6.928000,144.341801
3874,29.046335,6.859000,145.793847
3875,29.053243,6.908000,144.759699
3876,29.059603,6.360000,157.232704
3877,29.067123,7.520000,132.978723
3878,29.073956,6.833000,146.348602
3879,29.080838,6.882000,145.306597
3880,29.087771,6.933000,144.237704
3881,29.094661,6.890000,145.137881
3882,29.101547,6.886000,145.222190
3883,29.108472,6.925000,144.404332
3884,29.115333,6.861000,145.751348
3885,29.122261,6.928000,144.341801
3886,29.129143,6.882000,145.306597
3887,29.136051,6.908000,144.759699
3888,29.142956,6.905000,144.822592
3889,29.149832,6.876000,145.433392
3890,29.156754,6.922000,144.466917
3891,29.163650,6.896000,145.011601
3892,29.170029,6.379000,156.764383
3893,29.176931,6.902000,144.885540
3894,29.184017,7.086000,141.123342
3895,29.191316,7.299000,137.005069
3896,29.198142,6.826000,146.498682
3897,29.205059,6.917000,144.571346
3898,29.211953,6.894000,145.053670
3899,29.218780,6.827000,146.477223
3900,29.225761,6.981000,143.245953
3901,29.232651,6.890000,145.137881
3902,29.239565,6.914000,144.634076
3903,29.246256,6.691000,149.454491
3904,29.253362,7.106000,140.726147
3905,29.260271,6.909000,144.738747
3906,29.267160,6.889000,145.158949
3907,29.274077,6.917000,144.571346
3908,29.280949,6.872000,145.518044
3909,29.287873,6.924000,144.425188
3910,29.294249,6.376000,156.838143
3911,29.301722,7.473000,133.815068
3912,29.308534,6.812000,146.799765
3913,29.315471,6.937000,144.154534
3914,29.322381,6.910000,144.717800
3915,29.329268,6.887000,145.201104
3916,29.336141,6.873000,145.496872
3917,29.343056,6.915000,144.613160
3918,29.349957,6.901000,144.906535
3919,29.356886,6.929000,144.320970
3920,29.363767,6.881000,145.327714
3921,29.370684,6.917000,144.571346
3922,29.377544,6.860000,145.772595
3923,29.384482,6.938000,144.133756
3924,29.391370,6.888000,145.180023
3925,29.398251,6.881000,145.327714
3926,29.405173,6.922000,144.466917
3927,29.412049,6.876000,145.433392
3928,29.418957,6.908000,144.759699
3929,29.425892,6.935000,144.196107
3930,29.432756,6.864000,145.687646
3931,29.439689,6.933000,144.237704
3932,29.446565,6.876000,145.433392
3933,29.453460,6.895000,145.032632
3934,29.460374,6.914000,144.634076
3935,29.467246,6.872000,145.518044
3936,29.474184,6.938000,144.133756
3937,29.481053,6.869000,145.581598
3938,29.487967,6.914000,144.634076
3939,29.494862,6.895000,145.032632
3940,29.501752,6.890000,145.137881
3941,29.508661,6.909000,144.738747
3942,29.515540,6.879000,145.369967
3943,29.521823,6.283000,159.159637
3944,29.529436,7.613000,131.354262
3945,29.536240,6.804000,146.972369
3946,29.543174,6.934000,144.216902
3947,29.550043,6.869000,145.581598
3948,29.556961,6.918000,144.550448
3949,29.563856,6.895000,145.032632
3950,29.570044,6.188000,161.603103
3951,29.577764,7.720000,129.533679
3952,29.584556,6.792000,147.232038
3953,29.591478,6.922000,144.466917
3954,29.597683,6.205000,161.160355
3955,29.605337,7.654000,130.650640
3956,29.612128,6.791000,147.253718
3957,29.619038,6.910000,144.717800
3958,29.625951,6.913000,144.654998
3959,29.632848,6.897000,144.990576
3960,29.639772,6.924000,144.425188
3961,29.646640,6.868000,145.602796
3962,29.653538,6.898000,144.969556
3963,29.660462,6.924000,144.425188
3964,29.667359,6.897000,144.990576
3965,29.674264,6.905000,144.822592
3966,29.681171,6.907000,144.780657
3967,29.688070,6.899000,144.948543
3968,29.694959,6.889000,145.158949
3969,29.701862,6.903000,144.864552
3970,29.708475,6.613000,151.217299
3971,29.715591,7.116000,140.528387
3972,29.722588,6.997000,142.918394
3973,29.729456,6.868000,145.602796
3974,29.736364,6.908000,144.759699
3975,29.743281,6.917000,144.571346
3976,29.750162,6.881000,145.327714
3977,29.757067,6.905000,144.822592
3978,29.763955,6.888000,145.180023
3979,29.770889,6.934000,144.216902
3980,29.777743,6.854000,145.900204
3981,29.784657,6.914000,144.634076
3982,29.791580,6.923000,144.446049
3983,29.798437,6.857000,145.836372
3984,29.805361,6.924000,144.425188
3985,29.812255,6.894000,145.053670
3986,29.819138,6.883000,145.285486
3987,29.826075,6.937000,144.154534
3988,29.832936,6.861000,145.751348
3989,29.839875,6.939000,144.112985
3990,29.846770,6.895000,145.032632
3991,29.853678,6.908000,144.759699
3992,29.860551,6.873000,145.496872
3993,29.867462,6.911000,144.696860
3994,29.874366,6.904000,144.843569
3995,29.881259,6.893000,145.074713
3996,29.888180,6.921000,144.487791
3997,29.895070,6.890000,145.137881
3998,29.901949,6.879000,145.369967
3999,29.908877,6.928000,144.341801
4000,29.915771,6.894000,145.053670
4001,29.922682,6.911000,144.696860
4002,29.929552,6.870000,145.560408
4003,29.936455,6.903000,144.864552
4004,29.943356,6.901000,144.906535
4005,29.950248,6.892000,145.095763
4006,29.957194,6.946000,143.967751
4007,29.964058,6.864000,145.687646
4008,29.970999,6.941000,144.071459
4009,29.977865,6.866000,145.645208
4010,29.984755,6.890000,145.137881
4011,29.991684,6.929000,144.320970
4012,29.998558,6.874000,145.475706
4013,30.005483,6.925000,144.404332
4014,30.012361,6.878000,145.391102
4015,30.019246,6.885000,145.243282
4016,30.026171,6.925000,144.404332
4017,30.033052,6.881000,145.327714
4018,30.039973,6.921000,144.487791
4019,30.046843,6.870000,145.560408
4020,30.053763,6.920000,144.508671
4021,30.060657,6.894000,145.053670
4022,30.067554,6.897000,144.990576
4023,30.074483,6.929000,144.320970
4024,30.081354,6.871000,145.539223
4025,30.088245,6.891000,145.116819
4026,30.095134,6.889000,145.158949
4027,30.102054,6.920000,144.508671
4028,30.108397,6.343000,157.654107
4029,30.115919,7.522000,132.943366
4030,30.122782,6.863000,145.708874
4031,30.129670,6.888000,145.180023
4032,30.136559,6.889000,145.158949
4033,30.143485,6.926000,144.383483
4034,30.150350,6.865000,145.666424
4035,30.157273,6.923000,144.446049
4036,30.164190,6.917000,144.571346
4037,30.171077,6.887000,145.201104
4038,30.177971,6.894000,145.053670
4039,30.184858,6.887000,145.201104
4040,30.191405,6.547000,152.741714
4041,30.198699,7.294000,137.098985
4042,30.205561,6.862000,145.730108
4043,30.212469,6.908000,144.759699
4044,30.219165,6.696000,149.342891
4045,30.226292,7.127000,140.311492
4046,30.232928,6.636000,150.693189
4047,30.240100,7.172000,139.431121
4048,30.246940,6.840000,146.198830
4049,30.253878,6.938000,144.133756
4050,30.260752,6.874000,145.475706
4051,30.267654,6.902000,144.885540
4052,30.274584,6.930000,144.300144
4053,30.281466,6.882000,145.306597
4054,30.288372,6.906000,144.801622
4055,30.295252,6.880000,145.348837
4056,30.302149,6.897000,144.990576
4057,30.308377,6.228000,160.565189
4058,30.316025,7.648000,130.753138
4059,30.322845,6.820000,146.627566
4060,30.329749,6.904000,144.843569
4061,30.336652,6.903000,144.864552
4062,30.343570,6.918000,144.550448
4063,30.350454,6.884000,145.264381
4064,30.357381,6.927000,144.362639
4065,30.364236,6.855000,145.878920
4066,30.371182,6.946000,143.967751
4067,30.378040,6.858000,145.815106
4068,30.384958,6.918000,144.550448
4069,30.391405,6.447000,155.110904
4070,30.398259,6.854000,145.900204
4071,30.405722,7.463000,133.994372
4072,30.412552,6.830000,146.412884
4073,30.419462,6.910000,144.717800
4074,30.426366,6.904000,144.843569
4075,30.433247,6.881000,145.327714
4076,30.440163,6.916000,144.592250
4077,30.447040,6.877000,145.412244
4078,30.453960,6.920000,144.508671
4079,30.460838,6.878000,145.391102
4080,30.467757,6.919000,144.529556
4081,30.474680,6.923000,144.446049
4082,30.481555,6.875000,145.454545
4083,30.488452,6.897000,144.990576
4084,30.495356,6.904000,144.843569
4085,30.502260,6.904000,144.843569
4086,30.509166,6.906000,144.801622
4087,30.515568,6.402000,156.201187
4088,30.523144,7.576000,131.995776
4089,30.529864,6.720000,148.809524
4090,30.536797,6.933000,144.237704
4091,30.543674,6.877000,145.412244
4092,30.550631,6.957000,143.740118
4093,30.557545,6.914000,144.634076
4094,30.564378,6.833000,146.348602
4095,30.571287,6.909000,144.738747
4096,30.578253,6.966000,143.554407
4097,30.585097,6.844000,146.113384
4098,30.592007,6.910000,144.717800
4099,30.598921,6.914000,144.634076
4100,30.605815,6.894000,145.053670
4101,30.612718,6.903000,144.864552
4102,30.618996,6.278000,159.286397
4103,30.626585,7.589000,131.769667
4104,30.633376,6.791000,147.253718
4105,30.639695,6.319000,158.252888
4106,30.647250,7.555000,132.362674
4107,30.654121,6.871000,145.539223
4108,30.661011,6.890000,145.137881
4109,30.667927,6.916000,144.592250
4110,30.674115,6.188000,161.603103
4111,30.681988,7.873000,127.016385
4112,30.688530,6.542000,152.858453
4113,30.695493,6.963000,143.616257
4114,30.702397,6.904000,144.843569
4115,30.709327,6.930000,144.300144
4116,30.716221,6.894000,145.053670
4117,30.723102,6.881000,145.327714
4118,30.729962,6.860000,145.772595
4119,30.736832,6.870000,145.560408
4120,30.743785,6.953000,143.822810
4121,30.750650,6.865000,145.666424
4122,30.757576,6.926000,144.383483
4123,30.764464,6.888000,145.180023
4124,30.771385,6.921000,144.487791
4125,30.778258,6.873000,145.496872
4126,30.785150,6.892000,145.095763
4127,30.792083,6.933000,144.237704
4128,30.798968,6.885000,145.243282
4129,30.805869,6.901000,144.906535
4130,30.812805,6.936000,144.175317
4131,30.819658,6.853000,145.921494
4132,30.826584,6.926000,144.383483
4133,30.833450,6.866000,145.645208
4134,30.840091,6.641000,150.579732
4135,30.847283,7.192000,139.043382
4136,30.854177,6.894000,145.053670
4137,30.861063,6.886000,145.222190
4138,30.867943,6.880000,145.348837
4139,30.874889,6.946000,143.967751
4140,30.881188,6.299000,158.755358
4141,30.888741,7.553000,132.397723
4142,30.895556,6.815000,146.735143
4143,30.902454,6.898000,144.969556
4144,30.909381,6.927000,144.362639
4145,30.916244,6.863000,145.708874
4146,30.923175,6.931000,144.279325
4147,30.930055,6.880000,145.348837
4148,30.936976,6.921000,144.487791
4149,30.943861,6.885000,145.243282
4150,30.950751,6.890000,145.137881
4151,30.957673,6.922000,144.466917
4152,30.964541,6.868000,145.602796
4153,30.971466,6.925000,144.404332
4154,30.977900,6.434000,155.424308
4155,30.985299,7.399000,135.153399
4156,30.992153,6.854000,145.900204
4157,30.999033,6.880000,145.348837
4158,31.005962,6.929000,144.320970
4159,31.012837,6.875000,145.454545
4160,31.019743,6.906000,144.801622
4161,31.026654,6.911000,144.696860
4162,31.033542,6.888000,145.180023
4163,31.040452,6.910000,144.717800
4164,31.047348,6.896000,145.011601
4165,31.054283,6.935000,144.196107
4166,31.061149,6.866000,145.645208
4167,31.068043,6.894000,145.053670
4168,31.074964,6.921000,144.487791
4169,31.081853,6.889000,145.158949
4170,31.088758,6.905000,144.822592
4171,31.095663,6.905000,144.822592
4172,31.102550,6.887000,145.201104
4173,31.109463,6.913000,144.654998
4174,31.116340,6.877000,145.412244
4175,31.123281,6.941000,144.071459
4176,31.130151,6.870000,145.560408
4177,31.137074,6.923000,144.446049
4178,31.143946,6.872000,145.518044
4179,31.150253,6.307000,158.553988
4180,31.157829,7.576000,131.995776
4181,31.164661,6.832000,146.370023
4182,31.171572,6.911000,144.696860
4183,31.178438,6.866000,145.645208
4184,31.185366,6.928000,144.341801
4185,31.192264,6.898000,144.969556
4186,31.199157,6.893000,145.074713
4187,31.206060,6.903000,144.864552
4188,31.212987,6.927000,144.362639
4189,31.219874,6.887000,145.201104
4190,31.226849,6.975000,143.369176
4191,31.233137,6.288000,159.033079
4192,31.240520,7.383000,135.446296
4193,31.247516,6.996000,142.938822
4194,31.253827,6.311000,158.453494
4195,31.261382,7.555000,132.362674
4196,31.268254,6.872000,145.518044
4197,31.275129,6.875000,145.454545
4198,31.281555,6.426000,155.617803
4199,31.289028,7.473000,133.815068
4200,31.295774,6.746000,148.235992
4201,31.302720,6.946000,143.967751
4202,31.309598,6.878000,145.391102
4203,31.316498,6.900000,144.927536
4204,31.323379,6.881000,145.327714
4205,31.330294,6.915000,144.613160
4206,31.336488,6.194000,161.446561
4207,31.344148,7.660000,130.548303
4208,31.350962,6.814000,146.756677
4209,31.357879,6.917000,144.571346
4210,31.364549,6.670000,149.925037
4211,31.371785,7.236000,138.197899
4212,31.377918,6.133000,163.052340
4213,31.385537,7.619000,131.250820
4214,31.392137,6.600000,151.515152
4215,31.399329,7.192000,139.043382
4216,31.406204,6.875000,145.454545
4217,31.413085,6.881000,145.327714
4218,31.419901,6.816000,146.713615
4219,31.426950,7.049000,141.864094
4220,31.433408,6.458000,154.846702
4221,31.440768,7.360000,135.869565
4222,31.447141,6.373000,156.911972
4223,31.457314,10.173000,98.299420
4224,31.461107,3.793000,263.643554
4225,31.469011,7.904000,126.518219
4226,31.475114,6.103000,163.853842
4227,31.481561,6.447000,155.110904
4228,31.489117,7.556000,132.345156
4229,31.495785,6.668000,149.970006
4230,31.502521,6.736000,148.456057
4231,31.509774,7.253000,137.873983
4232,31.516556,6.782000,147.449130
4233,31.523477,6.921000,144.487791
4234,31.530032,6.555000,152.555301
4235,31.537323,7.291000,137.155397
4236,31.543700,6.377000,156.813549
4237,31.551112,7.412000,134.916352
4238,31.557979,6.867000,145.623999
4239,31.564861,6.882000,145.306597
4240,31.571620,6.759000,147.950880
4241,31.578678,7.058000,141.683196
4242,31.585562,6.884000,145.264381
4243,31.592475,6.913000,144.654998
4244,31.599100,6.625000,150.943396
4245,31.606312,7.212000,138.657793
4246,31.613150,6.838000,146.241591
4247,31.620050,6.900000,144.927536
4248,31.626967,6.917000,144.571346
4249,31.633709,6.742000,148.323939
4250,31.640628,6.919000,144.529556
4251,31.647681,7.053000,141.783638
4252,31.654563,6.882000,145.306597
4253,31.661458,6.895000,145.032632
4254,31.668158,6.700000,149.253731
4255,31.675303,7.145000,139.958013
4256,31.681535,6.232000,160.462131
4257,31.689158,7.623000,131.181949
4258,31.695948,6.790000,147.275405
4259,31.702857,6.909000,144.738747
4260,31.709181,6.324000,158.127767
4261,31.716734,7.553000,132.397723
4262,31.723571,6.837000,146.262981
4263,31.729768,6.197000,161.368404
4264,31.737456,7.688000,130.072841
4265,31.744258,6.802000,147.015584
4266,31.751221,6.963000,143.616257
4267,31.758098,6.877000,145.412244
4268,31.764978,6.880000,145.348837
4269,31.771887,6.909000,144.738747
4270,31.778770,6.883000,145.285486
4271,31.785665,6.895000,145.032632
4272,31.792594,6.929000,144.320970
4273,31.799468,6.874000,145.475706
4274,31.806290,6.822000,146.584579
4275,31.813283,6.993000,143.000143
4276,31.820162,6.879000,145.369967
4277,31.827043,6.881000,145.327714
4278,31.833965,6.922000,144.466917
4279,31.840445,6.480000,154.320988
4280,31.847824,7.379000,135.519718
4281,31.854311,6.487000,154.154463
4282,31.861611,7.300000,136.986301
4283,31.868181,6.570000,152.207002
4284,31.875488,7.307000,136.855070
4285,31.881594,6.106000,163.773338
4286,31.889065,7.471000,133.850890
4287,31.896086,7.021000,142.429853
4288,31.902970,6.884000,145.264381
4289,31.909885,6.915000,144.613160
4290,31.916151,6.266000,159.591446
4291,31.923168,7.017000,142.511045
4292,31.929920,6.752000,148.104265
4293,31.937566,7.646000,130.787340
4294,31.944365,6.799000,147.080453
4295,31.951300,6.935000,144.196107
4296,31.958195,6.895000,145.032632
4297,31.965097,6.902000,144.885540
4298,31.971976,6.879000,145.369967
4299,31.978863,6.887000,145.201104
4300,31.985770,6.907000,144.780657
4301,31.992340,6.570000,152.207002
4302,31.999629,7.289000,137.193031
4303,32.006487,6.858000,145.815106
4304,32.013363,6.876000,145.433392
4305,32.020353,6.990000,143.061516
4306,32.027167,6.814000,146.756677
4307,32.033859,6.692000,149.432158
4308,32.041092,7.233000,138.255219
4309,32.047562,6.470000,154.559505
4310,32.054954,7.392000,135.281385
4311,32.061704,6.750000,148.148148
4312,32.068115,6.411000,155.981906
4313,32.075620,7.505000,133.244504
4314,32.082353,6.733000,148.522204
4315,32.089307,6.954000,143.802128
4316,32.096177,6.870000,145.560408
4317,32.103005,6.828000,146.455770
4318,32.110047,7.042000,142.005112
4319,32.116910,6.863000,145.708874
4320,32.123561,6.651000,150.353330
4321,32.130723,7.162000,139.625803
4322,32.137145,6.422000,155.714731
4323,32.144492,7.347000,136.109977
4324,32.151351,6.859000,145.793847
4325,32.158271,6.920000,144.508671
4326,32.165167,6.896000,145.011601
4327,32.172072,6.905000,144.822592
4328,32.178946,6.874000,145.475706
4329,32.185846,6.900000,144.927536
4330,32.192778,6.932000,144.258511
4331,32.199727,6.949000,143.905598
4332,32.206513,6.786000,147.362216
4333,32.213531,7.018000,142.490738
4334,32.220450,6.919000,144.529556
4335,32.227269,6.819000,146.649069
4336,32.234130,6.861000,145.751348
4337,32.241140,7.010000,142.653352
4338,32.247439,6.299000,158.755358
4339,32.254996,7.557000,132.327643
4340,32.261111,6.115000,163.532298
4341,32.268148,7.037000,142.106011
4342,32.275678,7.530000,132.802125
4343,32.282455,6.777000,147.557916
4344,32.289370,6.915000,144.613160
4345,32.296247,6.877000,145.412244
4346,32.303152,6.905000,144.822592
4347,32.310051,6.899000,144.948543
4348,32.316949,6.898000,144.969556
4349,32.323866,6.917000,144.571346
4350,32.330764,6.898000,144.969556
4351,32.337686,6.922000,144.466917
4352,32.344561,6.875000,145.454545
4353,32.351454,6.893000,145.074713
4354,32.357717,6.263000,159.667891
4355,32.365194,7.477000,133.743480
4356,32.372180,6.986000,143.143430
4357,32.379063,6.883000,145.285486
4358,32.385947,6.884000,145.264381
4359,32.392871,6.924000,144.425188
4360,32.399744,6.873000,145.496872
4361,32.406669,6.925000,144.404332
4362,32.413549,6.880000,145.348837
4363,32.420481,6.932000,144.258511
4364,32.427360,6.879000,145.369967
4365,32.434254,6.894000,145.053670
4366,32.440944,6.690000,149.476831
4367,32.448080,7.136000,140.134529
4368,32.454720,6.640000,150.602410
4369,32.461891,7.171000,139.450565
4370,32.468764,6.873000,145.496872
4371,32.475679,6.915000,144.613160
4372,32.482555,6.876000,145.433392
4373,32.489478,6.923000,144.446049
4374,32.496349,6.871000,145.539223
4375,32.503257,6.908000,144.759699
4376,32.510189,6.932000,144.258511
4377,32.517064,6.875000,145.454545
4378,32.523991,6.927000,144.362639
4379,32.530862,6.871000,145.539223
4380,32.537797,6.935000,144.196107
4381,32.544667,6.870000,145.560408
4382,32.551565,6.898000,144.969556
4383,32.558493,6.928000,144.341801
4384,32.565353,6.860000,145.772595
4385,32.572283,6.930000,144.300144
4386,32.578476,6.193000,161.472630
4387,32.586153,7.677000,130.259216
4388,32.592946,6.793000,147.210364
4389,32.599871,6.925000,144.404332
4390,32.606773,6.902000,144.885540
4391,32.613771,6.998000,142.897971
4392,32.619860,6.089000,164.230580
4393,32.626798,6.938000,144.133756
4394,32.634474,7.676000,130.276186
4395,32.640615,6.141000,162.839928
4396,32.648194,7.579000,131.943528
4397,32.654620,6.426000,155.617803
4398,32.662063,7.443000,134.354427
4399,32.668641,6.578000,152.021891
4400,32.675093,6.452000,154.990701
4401,32.682790,7.697000,129.920748
4402,32.688930,6.140000,162.866450
4403,32.696572,7.642000,130.855797
4404,32.703253,6.681000,149.678192
4405,32.710035,6.782000,147.449130
4406,32.717222,7.187000,139.140114
4407,32.724089,6.867000,145.623999
4408,32.730997,6.908000,144.759699
4409,32.737965,6.968000,143.513203
4410,32.744797,6.832000,146.370023
4411,32.751697,6.900000,144.927536
4412,32.758640,6.943000,144.029958
4413,32.765536,6.896000,145.011601
4414,32.772147,6.611000,151.263046
4415,32.779321,7.174000,139.392250
4416,32.786183,6.862000,145.730108
4417,32.793161,6.978000,143.307538
4418,32.799330,6.169000,162.100827
4419,32.807065,7.735000,129.282482
4420,32.813838,6.773000,147.645061
4421,32.820745,6.907000,144.780657
4422,32.827602,6.857000,145.836372
4423,32.834472,6.870000,145.560408
4424,32.841487,7.015000,142.551675
4425,32.848332,6.845000,146.092038
4426,32.855303,6.971000,143.451442
4427,32.862145,6.842000,146.156095
4428,32.868974,6.829000,146.434324
4429,32.876017,7.043000,141.984950
4430,32.882462,6.445000,155.159038
4431,32.889806,7.344000,136.165577
4432,32.896276,6.470000,154.559505
4433,32.903589,7.313000,136.742787
4434,32.910416,6.827000,146.477223
4435,32.916763,6.347000,157.554750
4436,32.924282,7.519000,132.996409
4437,32.930887,6.605000,151.400454
4438,32.938062,7.175000,139.372822
4439,32.944891,6.829000,146.434324
4440,32.951779,6.888000,145.180023
4441,32.958792,7.013000,142.592329
4442,32.965583,6.791000,147.253718
4443,32.972509,6.926000,144.383483
4444,32.979381,6.872000,145.518044
4445,32.986290,6.909000,144.738747
4446,32.993118,6.828000,146.455770
4447,33.000100,6.982000,143.225437
4448,33.007001,6.901000,144.906535
4449,33.013891,6.890000,145.137881
4450,33.020905,7.014000,142.571999
4451,33.027757,6.852000,145.942790
4452,33.034638,6.881000,145.327714
4453,33.041510,6.872000,145.518044
4454,33.048410,6.900000,144.927536
4455,33.055078,6.668000,149.970006
4456,33.062196,7.118000,140.488901
4457,33.069053,6.857000,145.836372
4458,33.075621,6.568000,152.253350
4459,33.082920,7.299000,137.005069
4460,33.089779,6.859000,145.793847
4461,33.096665,6.886000,145.222190
4462,33.103578,6.913000,144.654998
4463,33.110472,6.894000,145.053670
4464,33.117371,6.899000,144.948543
4465,33.124290,6.919000,144.529556
4466,33.131163,6.873000,145.496872
4467,33.138068,6.905000,144.822592
4468,33.144950,6.882000,145.306597
4469,33.151872,6.922000,144.466917
4470,33.158774,6.902000,144.885540
4471,33.165656,6.882000,145.306597
4472,33.172568,6.912000,144.675926
4473,33.179464,6.896000,145.011601
4474,33.186360,6.896000,145.011601
4475,33.192956,6.596000,151.607035
4476,33.199987,7.031000,142.227279
4477,33.207098,7.111000,140.627197
4478,33.213957,6.859000,145.793847
4479,33.220218,6.261000,159.718895
4480,33.227639,7.421000,134.752729
4481,33.234678,7.039000,142.065634
4482,33.240953,6.275000,159.362550
4483,33.248545,7.592000,131.717597
4484,33.255369,6.824000,146.541618
4485,33.262261,6.892000,145.095763
4486,33.269160,6.899000,144.948543
4487,33.276066,6.906000,144.801622
4488,33.282954,6.888000,145.180023
4489,33.289780,6.826000,146.498682
4490,33.296768,6.988000,143.102461
4491,33.303694,6.926000,144.383483
4492,33.310541,6.847000,146.049365
4493,33.317456,6.915000,144.613160
4494,33.324383,6.927000,144.362639
4495,33.331251,6.868000,145.602796
4496,33.338191,6.940000,144.092219
4497,33.345074,6.883000,145.285486
4498,33.351953,6.879000,145.369967
4499,33.358879,6.926000,144.383483
4500,33.365767,6.888000,145.180023
4501,33.372662,6.895000,145.032632
4502,33.379131,6.469000,154.583398
4503,33.386595,7.464000,133.976420
4504,33.393419,6.824000,146.541618
4505,33.400309,6.890000,145.137881
4506,33.406921,6.612000,151.240169
4507,33.413525,6.604000,151.423380
4508,33.421084,7.559000,132.292631
4509,33.427909,6.825000,146.520147
4510,33.434815,6.906000,144.801622
4511,33.441690,6.875000,145.454545
4512,33.448613,6.923000,144.446049
4513,33.455541,6.928000,144.341801
4514,33.462158,6.617000,151.125888
4515,33.469385,7.227000,138.370001
4516,33.475946,6.561000,152.415790
4517,33.482466,6.520000,153.374233
4518,33.490147,7.681000,130.191381
4519,33.496898,6.751000,148.126204
4520,33.503505,6.607000,151.354624
4521,33.510787,7.282000,137.324911
4522,33.517574,6.787000,147.340504
4523,33.524604,7.030000,142.247511
4524,33.531137,6.533000,153.069034
4525,33.538404,7.267000,137.608367
4526,33.545207,6.803000,146.993973
4527,33.552123,6.916000,144.592250
4528,33.558811,6.688000,149.521531
4529,33.565489,6.678000,149.745433
4530,33.572860,7.371000,135.666802
4531,33.579177,6.317000,158.302992
4532,33.586648,7.471000,133.850890
4533,33.592931,6.283000,159.159637
4534,33.600159,7.228000,138.350858
4535,33.607289,7.130000,140.252454
4536,33.614198,6.909000,144.738747
4537,33.621107,6.909000,144.738747
4538,33.628001,6.894000,145.053670
4539,33.634885,6.884000,145.264381
4540,33.641827,6.942000,144.050706
4541,33.648668,6.841000,146.177459
4542,33.655639,6.971000,143.451442
4543,33.662486,6.847000,146.049365
4544,33.669041,6.555000,152.555301
4545,33.676345,7.304000,136.911281
4546,33.683187,6.842000,146.156095
4547,33.689926,6.739000,148.389969
4548,33.697012,7.086000,141.123342
4549,33.703906,6.894000,145.053670
4550,33.710319,6.413000,155.933261
4551,33.717753,7.434000,134.517084
4552,33.724602,6.849000,146.006716
4553,33.731505,6.903000,144.864552
4554,33.737742,6.237000,160.333494
4555,33.745368,7.626000,131.130344
4556,33.751885,6.517000,153.444837
4557,33.758710,6.825000,146.520147
4558,33.766113,7.403000,135.080373
4559,33.772889,6.776000,147.579693
4560,33.779795,6.906000,144.801622
4561,33.786271,6.476000,154.416306
4562,33.793661,7.390000,135.317997
4563,33.800477,6.816000,146.713615
4564,33.807417,6.940000,144.092219
4565,33.814359,6.942000,144.050706
4566,33.821206,6.847000,146.049365
4567,33.827850,6.644000,150.511740
4568,33.835007,7.157000,139.723348
4569,33.841165,6.158000,162.390386
4570,33.848828,7.663000,130.497194
4571,33.855647,6.819000,146.649069
4572,33.862581,6.934000,144.216902
4573,33.869463,6.882000,145.306597
4574,33.876368,6.905000,144.822592
4575,33.883252,6.884000,145.264381
4576,33.890166,6.914000,144.634076
4577,33.896928,6.762000,147.885241
4578,33.903975,7.047000,141.904356
4579,33.910844,6.869000,145.581598
4580,33.917752,6.908000,144.759699
4581,33.924661,6.909000,144.738747
4582,33.931542,6.881000,145.327714
4583,33.938484,6.942000,144.050706
4584,33.944925,6.441000,155.255395
4585,33.952292,7.367000,135.740464
4586,33.959149,6.857000,145.836372
4587,33.966043,6.894000,145.053670
4588,33.972960,6.917000,144.571346
4589,33.979855,6.895000,145.032632
4590,33.986741,6.886000,145.222190
4591,33.992911,6.170000,162.074554
4592,34.000640,7.729000,129.382844
4593,34.007444,6.804000,146.972369
4594,34.014340,6.896000,145.011601
4595,34.021248,6.908000,144.759699
4596,34.028127,6.879000,145.369967
4597,34.035049,6.922000,144.466917
4598,34.041955,6.906000,144.801622
4599,34.048829,6.874000,145.475706
4600,34.055738,6.909000,144.738747
4601,34.062626,6.888000,145.180023
4602,34.069546,6.920000,144.508671
4603,34.076457,6.911000,144.696860
4604,34.083331,6.874000,145.475706
4605,34.090238,6.907000,144.780657
4606,34.097141,6.903000,144.864552
4607,34.103893,6.752000,148.104265
4608,34.110954,7.061000,141.623000
4609,34.117847,6.893000,145.074713
4610,34.124741,6.894000,145.053670
4611,34.131681,6.940000,144.092219
4612,34.138017,6.336000,157.828283
4613,34.144947,6.930000,144.300144
4614,34.151856,6.909000,144.738747
4615,34.159383,7.527000,132.855055
4616,34.165508,6.125000,163.265306
4617,34.173213,7.705000,129.785853
4618,34.179982,6.769000,147.732309
4619,34.186916,6.934000,144.216902
4620,34.193818,6.902000,144.885540
4621,34.200708,6.890000,145.137881
4622,34.207608,6.900000,144.927536
4623,34.214505,6.897000,144.990576
4624,34.221423,6.918000,144.550448
4625,34.228203,6.780000,147.492625
4626,34.235210,7.007000,142.714428
4627,34.242124,6.914000,144.634076
4628,34.248743,6.619000,151.080224
4629,34.255513,6.770000,147.710487
4630,34.262839,7.326000,136.500137
4631,34.269685,6.846000,146.070698
4632,34.276602,6.917000,144.571346
4633,34.282992,6.390000,156.494523
4634,34.290494,7.502000,133.297787
4635,34.297007,6.513000,153.539076
4636,34.304241,7.234000,138.236107
4637,34.310351,6.110000,163.666121
4638,34.318092,7.741000,129.182276
4639,34.324902,6.810000,146.842878
4640,34.331793,6.891000,145.116819
4641,34.337951,6.158000,162.390386
4642,34.345682,7.731000,129.349373
4643,34.352210,6.528000,153.186275
4644,34.359441,7.231000,138.293459
4645,34.365620,6.179000,161.838485
4646,34.373305,7.685000,130.123617
4647,34.379616,6.311000,158.453494
4648,34.387092,7.476000,133.761370
4649,34.393859,6.767000,147.775972
4650,34.400752,6.893000,145.074713
4651,34.407669,6.917000,144.571346
4652,34.414440,6.771000,147.688672
4653,34.421494,7.054000,141.763538
4654,34.428392,6.898000,144.969556
4655,34.435258,6.866000,145.645208
4656,34.442182,6.924000,144.425188
4657,34.448520,6.338000,157.778479
4658,34.456109,7.589000,131.769667
4659,34.462855,6.746000,148.235992
4660,34.469807,6.952000,143.843498
4661,34.476669,6.862000,145.730108
4662,34.483603,6.934000,144.216902
4663,34.490463,6.860000,145.772595
4664,34.497354,6.891000,145.116819
4665,34.504258,6.904000,144.843569
4666,34.511146,6.888000,145.180023
4667,34.518055,6.909000,144.738747
4668,34.524961,6.906000,144.801622
4669,34.531836,6.875000,145.454545
4670,34.538759,6.923000,144.446049
4671,34.545429,6.670000,149.925037
4672,34.552263,6.834000,146.327188
4673,34.559517,7.254000,137.854977
4674,34.566373,6.856000,145.857643
4675,34.573250,6.877000,145.412244
4676,34.580150,6.900000,144.927536
4677,34.587092,6.942000,144.050706
4678,34.593953,6.861000,145.751348
4679,34.600140,6.187000,161.629223
4680,34.607852,7.712000,129.668050
4681,34.613976,6.124000,163.291966
4682,34.621653,7.677000,130.259216
4683,34.627716,6.063000,164.934851
4684,34.634658,6.942000,144.050706
4685,34.642366,7.708000,129.735340
4686,34.649025,6.659000,150.172699
4687,34.656094,7.069000,141.462725
4688,34.662935,6.841000,146.177459
4689,34.669846,6.911000,144.696860
4690,34.676760,6.914000,144.634076
4691,34.683659,6.899000,144.948543
4692,34.690567,6.908000,144.759699
4693,34.697453,6.886000,145.222190
4694,34.704358,6.905000,144.822592
4695,34.711249,6.891000,145.116819
4696,34.718149,6.900000,144.927536
4697,34.725064,6.915000,144.613160
4698,34.731948,6.884000,145.264381
4699,34.738881,6.933000,144.237704
4700,34.745753,6.872000,145.518044
4701,34.752645,6.892000,145.095763
4702,34.759572,6.927000,144.362639
4703,34.765693,6.121000,163.371998
4704,34.773464,7.771000,128.683567
4705,34.780219,6.755000,148.038490
4706,34.787170,6.951000,143.864192
4707,34.794062,6.892000,145.095763
4708,34.800215,6.153000,162.522347
4709,34.807588,7.373000,135.630001
4710,34.814775,7.187000,139.140114
4711,34.820973,6.198000,161.342369
4712,34.828619,7.646000,130.787340
4713,34.835436,6.817000,146.692093
4714,34.842372,6.936000,144.175317
4715,34.849230,6.858000,145.815106
4716,34.856141,6.911000,144.696860
4717,34.863038,6.897000,144.990576
4718,34.869953,6.915000,144.613160
4719,34.876846,6.893000,145.074713
4720,34.883727,6.881000,145.327714
4721,34.890640,6.913000,144.654998
4722,34.897556,6.916000,144.592250
4723,34.904447,6.891000,145.116819
4724,34.911345,6.898000,144.969556
4725,34.918226,6.881000,145.327714
4726,34.925158,6.932000,144.258511
4727,34.931646,6.488000,154.130703
4728,34.939025,7.379000,135.519718
4729,34.945827,6.802000,147.015584
4730,34.952744,6.917000,144.571346
4731,34.959640,6.896000,145.011601
4732,34.966551,6.911000,144.696860
4733,34.973453,6.902000,144.885540
4734,34.980356,6.903000,144.864552
4735,34.987257,6.901000,144.906535
4736,34.993477,6.220000,160.771704
4737,35.000435,6.958000,143.719460
4738,35.008057,7.622000,131.199160
4739,35.014322,6.265000,159.616919
4740,35.021854,7.532000,132.766861
4741,35.028644,6.790000,147.275405
4742,35.035560,6.916000,144.592250
4743,35.042488,6.928000,144.341801
4744,35.049410,6.922000,144.466917
4745,35.056321,6.911000,144.696860
4746,35.063220,6.899000,144.948543
4747,35.070083,6.863000,145.708874
4748,35.077012,6.929000,144.320970
4749,35.083917,6.905000,144.822592
4750,35.090812,6.895000,145.032632
4751,35.097697,6.885000,145.243282
4752,35.104614,6.917000,144.571346
4753,35.111490,6.876000,145.433392
4754,35.118398,6.908000,144.759699
4755,35.125073,6.675000,149.812734
4756,35.132011,6.938000,144.133756
4757,35.139145,7.134000,140.173816
4758,35.145890,6.745000,148.257969
4759,35.152907,7.017000,142.511045
4760,35.159813,6.906000,144.801622
4761,35.166684,6.871000,145.539223
4762,35.173580,6.896000,145.011601
4763,35.180452,6.872000,145.518044
4764,35.187390,6.938000,144.133756
4765,35.194294,6.904000,144.843569
4766,35.201198,6.904000,144.843569
4767,35.208143,6.945000,143.988481
4768,35.214985,6.842000,146.156095
4769,35.221542,6.557000,152.508769
4770,35.228855,7.313000,136.742787
4771,35.235698,6.843000,146.134736
4772,35.242605,6.907000,144.780657
4773,35.249175,6.570000,152.207002
4774,35.256460,7.285000,137.268360
4775,35.262867,6.407000,156.079288
4776,35.269531,6.664000,150.060024
4777,35.277195,7.664000,130.480167
4778,35.283972,6.777000,147.557916
4779,35.290916,6.944000,144.009217
4780,35.297792,6.876000,145.433392
4781,35.304710,6.918000,144.550448
4782,35.311428,6.718000,148.853826
4783,35.318605,7.177000,139.333984
4784,35.325398,6.793000,147.210364
4785,35.332306,6.908000,144.759699
4786,35.339120,6.814000,146.756677
4787,35.345564,6.444000,155.183116
4788,35.353015,7.451000,134.210173
4789,35.359884,6.869000,145.581598
4790,35.366754,6.870000,145.560408
4791,35.373661,6.907000,144.780657
4792,35.380567,6.906000,144.801622
4793,35.387477,6.910000,144.717800
4794,35.393763,6.286000,159.083678
4795,35.400974,7.211000,138.677021
4796,35.408213,7.239000,138.140627
4797,35.415056,6.843000,146.134736
4798,35.421966,6.910000,144.717800
4799,35.428851,6.885000,145.243282
4800,35.435758,6.907000,144.780657
4801,35.442678,6.920000,144.508671
4802,35.449019,6.341000,157.703832
4803,35.456542,7.523000,132.925695
4804,35.463190,6.648000,150.421179
4805,35.470165,6.975000,143.369176
4806,35.477182,7.017000,142.511045
4807,35.484062,6.880000,145.348837
4808,35.490963,6.901000,144.906535
4809,35.497865,6.902000,144.885540
4810,35.504780,6.915000,144.613160
4811,35.511655,6.875000,145.454545
4812,35.518569,6.914000,144.634076
4813,35.525483,6.914000,144.634076
4814,35.532363,6.880000,145.348837
4815,35.539282,6.919000,144.529556
4816,35.546167,6.885000,145.243282
4817,35.553054,6.887000,145.201104
4818,35.559983,6.929000,144.320970
4819,35.566270,6.287000,159.058374
4820,35.573855,7.585000,131.839156
4821,35.580664,6.809000,146.864444
4822,35.587669,7.005000,142.755175
4823,35.594452,6.783000,147.427392
4824,35.600900,6.448000,155.086849
4825,35.608332,7.432000,134.553283
4826,35.615209,6.877000,145.412244
4827,35.622086,6.877000,145.412244
4828,35.628954,6.868000,145.602796
4829,35.635615,6.661000,150.127608
4830,35.642804,7.189000,139.101405
4831,35.649666,6.862000,145.730108
4832,35.656585,6.919000,144.529556
4833,35.663531,6.946000,143.967751
4834,35.670407,6.876000,145.433392
4835,35.677292,6.885000,145.243282
4836,35.683432,6.140000,162.866450
4837,35.691219,7.787000,128.419160
4838,35.697963,6.744000,148.279953
4839,35.704910,6.947000,143.947027
4840,35.711693,6.783000,147.427392
4841,35.718721,7.028000,142.287991
4842,35.725622,6.901000,144.906535
4843,35.732544,6.922000,144.466917
4844,35.739383,6.839000,146.220208
4845,35.746268,6.885000,145.243282
4846,35.753153,6.885000,145.243282
4847,35.760089,6.936000,144.175317
4848,35.766961,6.872000,145.518044
4849,35.773880,6.919000,144.529556
4850,35.780760,6.880000,145.348837
4851,35.787273,6.513000,153.539076
4852,35.793970,6.697000,149.320591
4853,35.800912,6.942000,144.050706
4854,35.808482,7.570000,132.100396
4855,35.814617,6.135000,162.999185
4856,35.822039,7.422000,134.734573
4857,35.829112,7.073000,141.382723
4858,35.836071,6.959000,143.698807
4859,35.842675,6.604000,151.423380
4860,35.849816,7.141000,140.036409
4861,35.856240,6.424000,155.666252
4862,35.863202,6.962000,143.636886
4863,35.870564,7.362000,135.832654
4864,35.877399,6.835000,146.305779
4865,35.884004,6.605000,151.400454
4866,35.891254,7.250000,137.931034
4867,35.898084,6.830000,146.412884
4868,35.904412,6.328000,158.027813
4869,35.911967,7.555000,132.362674
4870,35.918774,6.807000,146.907595
4871,35.925701,6.927000,144.362639
4872,35.932347,6.646000,150.466446
4873,35.939557,7.210000,138.696255
4874,35.946065,6.508000,153.657037
4875,35.953155,7.090000,141.043724
4876,35.960321,7.166000,139.547865
4877,35.967065,6.744000,148.279953
4878,35.974114,7.049000,141.864094
4879,35.980888,6.774000,147.623265
4880,35.987760,6.872000,145.518044
4881,35.994736,6.976000,143.348624
4882,36.001624,6.888000,145.180023
4883,36.008285,6.661000,150.127608
4884,36.015535,7.250000,137.931034
4885,36.022415,6.880000,145.348837
4886,36.028542,6.127000,163.212012
4887,36.035548,7.006000,142.734799
4888,36.042472,6.924000,144.425188
4889,36.049944,7.472000,133.832976
4890,36.056877,6.933000,144.237704
4891,36.063751,6.874000,145.475706
4892,36.070676,6.925000,144.404332
4893,36.076974,6.298000,158.780565
4894,36.084500,7.526000,132.872708
4895,36.091372,6.872000,145.518044
4896,36.098175,6.803000,146.993973
4897,36.105182,7.007000,142.714428
4898,36.111997,6.815000,146.735143
4899,36.118900,6.903000,144.864552
4900,36.125782,6.882000,145.306597
4901,36.132650,6.868000,145.602796
4902,36.139582,6.932000,144.258511
4903,36.146449,6.867000,145.623999
4904,36.153374,6.925000,144.404332
4905,36.159858,6.484000,154.225787
4906,36.167212,7.354000,135.980419
4907,36.174075,6.863000,145.708874
4908,36.180959,6.884000,145.264381
4909,36.187581,6.622000,151.011779
4910,36.194788,7.207000,138.753989
4911,36.201669,6.881000,145.327714
4912,36.208586,6.917000,144.571346
4913,36.215457,6.871000,145.539223
4914,36.222380,6.923000,144.446049
4915,36.229256,6.876000,145.433392
4916,36.236153,6.897000,144.990576
4917,36.243068,6.915000,144.613160
4918,36.249950,6.882000,145.306597
4919,36.256875,6.925000,144.404332
4920,36.263749,6.874000,145.475706
4921,36.270695,6.946000,143.967751
4922,36.277563,6.868000,145.602796
4923,36.284466,6.903000,144.864552
4924,36.291382,6.916000,144.592250
4925,36.298251,6.869000,145.581598
4926,36.305176,6.925000,144.404332
4927,36.312062,6.886000,145.222190
4928,36.318946,6.884000,145.264381
4929,36.325877,6.931000,144.279325
4930,36.332747,6.870000,145.560408
4931,36.339688,6.941000,144.071459
4932,36.346544,6.856000,145.857643
4933,36.353469,6.925000,144.404332
4934,36.360368,6.899000,144.948543
4935,36.367256,6.888000,145.180023
4936,36.374158,6.902000,144.885540
4937,36.381063,6.905000,144.822592
4938,36.387983,6.920000,144.508671
4939,36.394866,6.883000,145.285486
4940,36.401007,6.141000,162.839928
4941,36.408781,7.774000,128.633908
4942,36.415553,6.772000,147.666864
4943,36.422481,6.928000,144.341801
4944,36.429389,6.908000,144.759699
4945,36.435745,6.356000,157.331655
4946,36.443286,7.541000,132.608407
4947,36.449518,6.232000,160.462131
4948,36.457107,7.589000,131.769667
4949,36.463228,6.121000,163.371998
4950,36.470893,7.665000,130.463144
4951,36.477689,6.796000,147.145380
4952,36.484598,6.909000,144.738747
4953,36.491528,6.930000,144.300144
4954,36.498410,6.882000,145.306597
4955,36.504947,6.537000,152.975371
4956,36.512290,7.343000,136.184121
4957,36.519106,6.816000,146.713615
4958,36.525787,6.681000,149.678192
4959,36.532897,7.110000,140.646976
4960,36.539821,6.924000,144.425188
4961,36.546740,6.919000,144.529556
4962,36.553672,6.932000,144.258511
4963,36.560112,6.440000,155.279503
4964,36.567054,6.942000,144.050706
4965,36.574288,7.234000,138.236107
4966,36.581221,6.933000,144.237704
4967,36.588188,6.967000,143.533802
4968,36.595019,6.831000,146.391451
4969,36.601962,6.943000,144.029958
4970,36.608859,6.897000,144.990576
4971,36.615909,7.050000,141.843972
4972,36.622568,6.659000,150.172699
4973,36.629559,6.991000,143.041053
4974,36.636435,6.876000,145.433392
4975,36.642626,6.191000,161.524794
4976,36.649467,6.841000,146.177459
4977,36.657265,7.798000,128.238010
4978,36.664040,6.775000,147.601476
4979,36.670555,6.515000,153.491942
4980,36.677906,7.351000,136.035913
4981,36.684094,6.188000,161.603103
4982,36.691760,7.666000,130.446126
4983,36.698471,6.711000,149.009090
4984,36.704800,6.329000,158.002844
4985,36.711673,6.873000,145.496872
4986,36.719331,7.658000,130.582397
4987,36.726129,6.798000,147.102089
4988,36.732998,6.869000,145.581598
4989,36.739562,6.564000,152.346130
4990,36.746392,6.830000,146.412884
4991,36.753809,7.417000,134.825401
4992,36.760614,6.805000,146.950771
4993,36.767479,6.865000,145.666424
4994,36.774452,6.973000,143.410297
4995,36.780632,6.180000,161.812298
4996,36.788328,7.696000,129.937630
4997,36.795140,6.812000,146.799765
4998,36.801443,6.303000,158.654609
4999,36.809043,7.600000,131.578947
5000,36.815802,6.759000,147.950880
5001,36.822728,6.926000,144.383483
5002,36.829650,6.922000,144.466917
5003,36.836487,6.837000,146.262981
5004,36.843465,6.978000,143.307538
5005,36.850338,6.873000,145.496872
5006,36.857212,6.874000,145.475706
5007,36.864111,6.899000,144.948543
5008,36.870983,6.872000,145.518044
5009,36.877491,6.508000,153.657037
5010,36.884824,7.333000,136.369835
5011,36.891516,6.692000,149.432158
5012,36.897864,6.348000,157.529931
5013,36.905608,7.744000,129.132231
5014,36.912368,6.760000,147.928994
5015,36.919263,6.895000,145.032632
5016,36.926147,6.884000,145.264381
5017,36.933058,6.911000,144.696860
5018,36.939971,6.913000,144.654998
5019,36.946865,6.894000,145.053670
5020,36.953770,6.905000,144.822592
5021,36.960650,6.880000,145.348837
5022,36.967551,6.901000,144.906535
5023,36.974456,6.905000,144.822592
5024,36.981336,6.880000,145.348837
5025,36.988244,6.908000,144.759699
5026,36.995152,6.908000,144.759699
5027,37.002077,6.925000,144.404332
5028,37.008981,6.904000,144.843569
5029,37.015851,6.870000,145.560408
5030,37.022522,6.671000,149.902563
5031,37.029675,7.153000,139.801482
5032,37.036556,6.881000,145.327714
5033,37.043464,6.908000,144.759699
5034,37.050347,6.883000,145.285486
5035,37.057278,6.931000,144.279325
5036,37.064149,6.871000,145.539223
5037,37.071071,6.922000,144.466917
5038,37.077945,6.874000,145.475706
5039,37.084850,6.905000,144.822592
5040,37.091762,6.912000,144.675926
5041,37.098690,6.928000,144.341801
5042,37.104866,6.176000,161.917098
5043,37.112554,7.688000,130.072841
5044,37.119332,6.778000,147.536146
5045,37.126250,6.918000,144.550448
5046,37.133133,6.883000,145.285486
5047,37.140071,6.938000,144.133756
5048,37.146962,6.891000,145.116819
5049,37.153870,6.908000,144.759699
5050,37.160767,6.897000,144.990576
5051,37.167660,6.893000,145.074713
5052,37.174083,6.423000,155.690487
5053,37.181525,7.442000,134.372481
5054,37.188378,6.853000,145.921494
5055,37.195261,6.883000,145.285486
5056,37.202171,6.910000,144.717800
5057,37.208966,6.795000,147.167035
5058,37.215988,7.022000,142.409570
5059,37.222877,6.889000,145.158949
5060,37.229766,6.889000,145.158949
5061,37.236661,6.895000,145.032632
5062,37.243586,6.925000,144.404332
5063,37.250456,6.870000,145.560408
5064,37.257421,6.965000,143.575018
5065,37.264301,6.880000,145.348837
5066,37.271210,6.909000,144.738747
5067,37.277816,6.606000,151.377536
5068,37.285049,7.233000,138.255219
5069,37.291836,6.787000,147.340504
5070,37.298810,6.974000,143.389733
5071,37.305712,6.902000,144.885540
5072,37.312285,6.573000,152.137532
5073,37.318849,6.564000,152.346130
5074,37.326287,7.438000,134.444743
5075,37.333265,6.978000,143.307538
5076,37.340188,6.923000,144.446049
5077,37.347056,6.868000,145.602796
5078,37.353973,6.917000,144.571346
5079,37.360888,6.915000,144.613160
5080,37.367828,6.940000,144.092219
5081,37.374845,7.017000,142.511045
5082,37.381592,6.747000,148.214021
5083,37.388541,6.949000,143.905598
5084,37.395433,6.892000,145.095763
5085,37.402295,6.862000,145.730108
5086,37.409229,6.934000,144.216902
5087,37.415719,6.490000,154.083205
5088,37.422498,6.779000,147.514383
5089,37.429952,7.454000,134.156158
5090,37.436493,6.541000,152.881822
5091,37.443238,6.745000,148.257969
5092,37.450441,7.203000,138.831043
5093,37.457075,6.634000,150.738619
5094,37.464496,7.421000,134.752729
5095,37.471286,6.790000,147.275405
5096,37.478236,6.950000,143.884892
5097,37.485083,6.847000,146.049365
5098,37.491740,6.657000,150.217816
5099,37.498931,7.191000,139.062717
5100,37.505880,6.949000,143.905598
5101,37.512714,6.834000,146.327188
5102,37.519628,6.914000,144.634076
5103,37.526619,6.991000,143.041053
5104,37.533427,6.808000,146.886016
5105,37.540316,6.889000,145.158949
5106,37.547233,6.917000,144.571346
5107,37.554217,6.984000,143.184422
5108,37.560871,6.654000,150.285543
5109,37.567874,7.003000,142.795945
5110,37.574818,6.944000,144.009217
5111,37.581682,6.864000,145.687646
5112,37.588598,6.916000,144.592250
5113,37.595564,6.966000,143.554407
5114,37.602455,6.891000,145.116819
5115,37.609480,7.025000,142.348754
5116,37.616248,6.768000,147.754137
5117,37.623102,6.854000,145.900204
5118,37.629478,6.376000,156.838143
5119,37.636708,7.230000,138.312586
5120,37.643841,7.133000,140.193467
5121,37.650684,6.843000,146.134736
5122,37.657615,6.931000,144.279325
5123,37.664285,6.670000,149.925037
5124,37.671457,7.172000,139.431121
5125,37.678296,6.839000,146.220208
5126,37.684865,6.569000,152.230172
5127,37.692119,7.254000,137.854977
5128,37.698955,6.836000,146.284377
5129,37.705881,6.926000,144.383483
5130,37.712761,6.880000,145.348837
5131,37.719674,6.913000,144.654998
5132,37.726588,6.914000,144.634076
5133,37.733471,6.883000,145.285486
5134,37.740399,6.928000,144.341801
5135,37.747296,6.897000,144.990576
5136,37.753412,6.116000,163.505559
5137,37.761214,7.802000,128.172264
5138,37.767949,6.735000,148.478099
5139,37.774886,6.937000,144.154534
5140,37.781761,6.875000,145.454545
5141,37.788683,6.922000,144.466917
5142,37.795618,6.935000,144.196107
5143,37.802445,6.827000,146.477223
5144,37.808966,6.521000,153.350713
5145,37.816307,7.341000,136.221223
5146,37.823180,6.873000,145.496872
5147,37.830063,6.883000,145.285486
5148,37.836964,6.901000,144.906535
5149,37.843885,6.921000,144.487791
5150,37.850759,6.874000,145.475706
5151,37.857677,6.918000,144.550448
5152,37.864558,6.881000,145.327714
5153,37.871498,6.940000,144.092219
5154,37.878359,6.861000,145.751348
5155,37.885264,6.905000,144.822592
5156,37.892199,6.935000,144.196107
5157,37.899047,6.848000,146.028037
5158,37.905983,6.936000,144.175317
5159,37.912522,6.539000,152.928582
5160,37.919795,7.273000,137.494844
5161,37.926684,6.889000,145.158949
5162,37.933556,6.872000,145.518044
5163,37.940490,6.934000,144.216902
5164,37.947230,6.740000,148.367953
5165,37.954303,7.073000,141.382723
5166,37.961164,6.861000,145.751348
5167,37.968068,6.904000,144.843569
5168,37.974980,6.912000,144.675926
5169,37.981859,6.879000,145.369967
5170,37.988848,6.989000,143.081986
5171,37.995708,6.860000,145.772595
5172,38.002595,6.887000,145.201104
5173,38.008843,6.248000,160.051216
5174,38.016451,7.608000,131.440589
5175,38.023300,6.849000,146.006716
5176,38.030219,6.919000,144.529556
5177,38.037121,6.902000,144.885540
5178,38.043733,6.612000,151.240169
5179,38.050375,6.642000,150.557061
5180,38.057884,7.509000,133.173525
5181,38.064647,6.763000,147.863374
5182,38.071629,6.982000,143.225437
5183,38.078240,6.611000,151.263046
5184,38.084817,6.577000,152.045005
5185,38.092483,7.666000,130.446126
5186,38.099188,6.705000,149.142431
5187,38.106129,6.941000,144.071459
5188,38.112955,6.826000,146.498682
5189,38.119173,6.218000,160.823416
5190,38.126876,7.703000,129.819551
5191,38.133658,6.782000,147.449130
5192,38.140634,6.976000,143.348624
5193,38.147508,6.874000,145.475706
5194,38.153855,6.347000,157.554750
5195,38.160694,6.839000,146.220208
5196,38.168272,7.578000,131.960940
5197,38.175417,7.145000,139.958013
5198,38.181965,6.548000,152.718387
5199,38.188971,7.006000,142.734799
5200,38.195805,6.834000,146.327188
5201,38.202729,6.924000,144.425188
5202,38.209679,6.950000,143.884892
5203,38.216183,6.504000,153.751538
5204,38.223503,7.320000,136.612022
5205,38.229922,6.419000,155.787506
5206,38.237313,7.391000,135.299689
5207,38.243612,6.299000,158.755358
5208,38.251130,7.518000,133.014099
5209,38.257968,6.838000,146.241591
5210,38.264139,6.171000,162.048290
5211,38.271838,7.699000,129.886998
5212,38.278643,6.805000,146.950771
5213,38.285262,6.619000,151.080224
5214,38.292501,7.239000,138.140627
5215,38.304546,12.045000,83.022001
5216,38.305489,0.943000,1060.445387
5217,38.312949,7.460000,134.048257
5218,38.320007,7.058000,141.683196
5219,38.326962,6.955000,143.781452
5220,38.333763,6.801000,147.037200
5221,38.340674,6.911000,144.696860
5222,38.347566,6.892000,145.095763
5223,38.354569,7.003000,142.795945
5224,38.360704,6.135000,162.999185
5225,38.368418,7.714000,129.634431
5226,38.375261,6.843000,146.134736
5227,38.381825,6.564000,152.346130
5228,38.389089,7.264000,137.665198
5229,38.395742,6.653000,150.308132
5230,38.402305,6.563000,152.369343
5231,38.409050,6.745000,148.257969
5232,38.416694,7.644000,130.821559
5233,38.423124,6.430000,155.520995
5234,38.430750,7.626000,131.130344
5235,38.437000,6.250000,160.000000
5236,38.443850,6.850000,145.985401
5237,38.451112,7.262000,137.703112
5238,38.457940,6.828000,146.455770
5239,38.464888,6.948000,143.926310
5240,38.471772,6.884000,145.264381
5241,38.478668,6.896000,145.011601
5242,38.485558,6.890000,145.137881
5243,38.492496,6.938000,144.133756
5244,38.499055,6.559000,152.462266
5245,38.506325,7.270000,137.551582
5246,38.513157,6.832000,146.370023
5247,38.520079,6.922000,144.466917
5248,38.526971,6.892000,145.095763
5249,38.533871,6.900000,144.927536
5250,38.540781,6.910000,144.717800
5251,38.547137,6.356000,157.331655
5252,38.554652,7.515000,133.067199
5253,38.561456,6.804000,146.972369
5254,38.568360,6.904000,144.843569
5255,38.575283,6.923000,144.446049
5256,38.582153,6.870000,145.560408
5257,38.589074,6.921000,144.487791
5258,38.595991,6.917000,144.571346
5259,38.602848,6.857000,145.836372
5260,38.609810,6.962000,143.636886
5261,38.616648,6.838000,146.241591
5262,38.623606,6.958000,143.719460
5263,38.630451,6.845000,146.092038
5264,38.637387,6.936000,144.175317
5265,38.644254,6.867000,145.623999
5266,38.651161,6.907000,144.780657
5267,38.658063,6.902000,144.885540
5268,38.664363,6.300000,158.730159
5269,38.671949,7.586000,131.821777
5270,38.678758,6.809000,146.864444
5271,38.685652,6.894000,145.053670
5272,38.692038,6.386000,156.592546
5273,38.699533,7.495000,133.422282
5274,38.705654,6.121000,163.371998
5275,38.712934,7.280000,137.362637
5276,38.720225,7.291000,137.155397
5277,38.727048,6.823000,146.563095
5278,38.733474,6.426000,155.617803
5279,38.740948,7.474000,133.797164
5280,38.747103,6.155000,162.469537
5281,38.754459,7.356000,135.943448
5282,38.761030,6.571000,152.183838
5283,38.768557,7.527000,132.855055
5284,38.775166,6.609000,151.308821
5285,38.782333,7.167000,139.528394
5286,38.789223,6.890000,145.137881
5287,38.796093,6.870000,145.560408
5288,38.802637,6.544000,152.811736
5289,38.809983,7.346000,136.128505
5290,38.816821,6.838000,146.241591
5291,38.823775,6.954000,143.802128
5292,38.830139,6.364000,157.133878
5293,38.836917,6.778000,147.536146
5294,38.843985,7.068000,141.482739
5295,38.851396,7.411000,134.934557
5296,38.858205,6.809000,146.864444
5297,38.865124,6.919000,144.529556
5298,38.871998,6.874000,145.475706
5299,38.878885,6.887000,145.201104
5300,38.885542,6.657000,150.217816
5301,38.892788,7.246000,138.007176
5302,38.899608,6.820000,146.627566
5303,38.906101,6.493000,154.012013
5304,38.912878,6.777000,147.557916
5305,38.920048,7.170000,139.470014
5306,38.927242,7.194000,139.004726
5307,38.933767,6.525000,153.256705
5308,38.940618,6.851000,145.964093
5309,38.947608,6.990000,143.061516
5310,38.954825,7.217000,138.561729
5311,38.961456,6.631000,150.806816
5312,38.967980,6.524000,153.280196
5313,38.975314,7.334000,136.351241
5314,38.982422,7.108000,140.686550
5315,38.988602,6.180000,161.812298
5316,38.996272,7.670000,130.378096
5317,39.002358,6.086000,164.311535
5318,39.010176,7.818000,127.909951
5319,39.017383,7.207000,138.753989
5320,39.023103,5.720000,174.825175
5321,39.030636,7.533000,132.749237
5322,39.037630,6.994000,142.979697
5323,39.044114,6.484000,154.225787
5324,39.050856,6.742000,148.323939
5325,39.057677,6.821000,146.606069
5326,39.064911,7.234000,138.236107
5327,39.072164,7.253000,137.873983
5328,39.079001,6.837000,146.262981
5329,39.085928,6.927000,144.362639
5330,39.092673,6.745000,148.257969
5331,39.099709,7.036000,142.126208
5332,39.106614,6.905000,144.822592
5333,39.113486,6.872000,145.518044
5334,39.120553,7.067000,141.502759
5335,39.127272,6.719000,148.831671
5336,39.133906,6.634000,150.738619
5337,39.141183,7.277000,137.419266
5338,39.148001,6.818000,146.670578
5339,39.154914,6.913000,144.654998
5340,39.161793,6.879000,145.369967
5341,39.168706,6.913000,144.654998
5342,39.175185,6.479000,154.344806
5343,39.182540,7.355000,135.961931
5344,39.189415,6.875000,145.454545
5345,39.196312,6.897000,144.990576
5346,39.202733,6.421000,155.738981
5347,39.209515,6.782000,147.449130
5348,39.217070,7.555000,132.362674
5349,39.223347,6.277000,159.311773
5350,39.230828,7.481000,133.671969
5351,39.237671,6.843000,146.134736
5352,39.244562,6.891000,145.116819
5353,39.251466,6.904000,144.843569
5354,39.258393,6.927000,144.362639
5355,39.265278,6.885000,145.243282
5356,39.272197,6.919000,144.529556
5357,39.279062,6.865000,145.666424
5358,39.285973,6.911000,144.696860
5359,39.292892,6.919000,144.529556
5360,39.299620,6.728000,148.632580
5361,39.306708,7.088000,141.083521
5362,39.313574,6.866000,145.645208
5363,39.320433,6.859000,145.793847
5364,39.327365,6.932000,144.258511
5365,39.333728,6.363000,157.158573
5366,39.341242,7.514000,133.084908
5367,39.347612,6.370000,156.985871
5368,39.355031,7.419000,134.789055
5369,39.361854,6.823000,146.563095
5370,39.368765,6.911000,144.696860
5371,39.375696,6.931000,144.279325
5372,39.382566,6.870000,145.560408
5373,39.389479,6.913000,144.654998
5374,39.396360,6.881000,145.327714
5375,39.403276,6.916000,144.592250
5376,39.410170,6.894000,145.053670
5377,39.417058,6.888000,145.180023
5378,39.423981,6.923000,144.446049
5379,39.430868,6.887000,145.201104
5380,39.437780,6.912000,144.675926
5381,39.444661,6.881000,145.327714
5382,39.451570,6.909000,144.738747
5383,39.458490,6.920000,144.508671
5384,39.465357,6.867000,145.623999
5385,39.472275,6.918000,144.550448
5386,39.479158,6.883000,145.285486
5387,39.486079,6.921000,144.487791
5388,39.492978,6.899000,144.948543
5389,39.499881,6.903000,144.864552
5390,39.506783,6.902000,144.885540
5391,39.513663,6.880000,145.348837
5392,39.520587,6.924000,144.425188
5393,39.527443,6.856000,145.857643
5394,39.533676,6.233000,160.436387
5395,39.541373,7.697000,129.920748
5396,39.548292,6.919000,144.529556
5397,39.555109,6.817000,146.692093
5398,39.562007,6.898000,144.969556
5399,39.568887,6.880000,145.348837
5400,39.575699,6.812000,146.799765
5401,39.582717,7.018000,142.490738
5402,39.589651,6.934000,144.216902
5403,39.596542,6.891000,145.116819
5404,39.603062,6.520000,153.374233
5405,39.609960,6.898000,144.969556
5406,39.616900,6.940000,144.092219
5407,39.624172,7.272000,137.513751
5408,39.630987,6.815000,146.735143
5409,39.637903,6.916000,144.592250
5410,39.644815,6.912000,144.675926
5411,39.651729,6.914000,144.634076
5412,39.658437,6.708000,149.075730
5413,39.665576,7.139000,140.075641
5414,39.672494,6.918000,144.550448
5415,39.679197,6.703000,149.186931
5416,39.686173,6.976000,143.348624
5417,39.693078,6.905000,144.822592
5418,39.699599,6.521000,153.350713
5419,39.706910,7.311000,136.780194
5420,39.713746,6.836000,146.284377
5421,39.720496,6.750000,148.148148
5422,39.727659,7.163000,139.606310
5423,39.734158,6.499000,153.869826
5424,39.741460,7.302000,136.948781
5425,39.748328,6.868000,145.602796
5426,39.755207,6.879000,145.369967
5427,39.762092,6.885000,145.243282
5428,39.769007,6.915000,144.613160
5429,39.775925,6.918000,144.550448
5430,39.782789,6.864000,145.687646
5431,39.789714,6.925000,144.404332
5432,39.796576,6.862000,145.730108
5433,39.803412,6.836000,146.284377
5434,39.810416,7.004000,142.775557
5435,39.817303,6.887000,145.201104
5436,39.824208,6.905000,144.822592
5437,39.831094,6.886000,145.222190
5438,39.838032,6.938000,144.133756
5439,39.844893,6.861000,145.751348
5440,39.851793,6.900000,144.927536
5441,39.858712,6.919000,144.529556
5442,39.865440,6.728000,148.632580
5443,39.871736,6.296000,158.831004
5444,39.879441,7.705000,129.785853
5445,39.886266,6.825000,146.520147
5446,39.893197,6.931000,144.279325
5447,39.900058,6.861000,145.751348
5448,39.906964,6.906000,144.801622
5449,39.913851,6.887000,145.201104
5450,39.920772,6.921000,144.487791
5451,39.927633,6.861000,145.751348
5452,39.934559,6.926000,144.383483
5453,39.941462,6.903000,144.864552
5454,39.948347,6.885000,145.243282
5455,39.955289,6.942000,144.050706
5456,39.962176,6.887000,145.201104
5457,39.969050,6.874000,145.475706
5458,39.975964,6.914000,144.634076
5459,39.982860,6.896000,145.011601
5460,39.989781,6.921000,144.487791
5461,39.996671,6.890000,145.137881
5462,40.003573,6.902000,144.885540
5463,40.010478,6.905000,144.822592
5464,40.017357,6.879000,145.369967
5465,40.024294,6.937000,144.154534
5466,40.030662,6.368000,157.035176
5467,40.038159,7.497000,133.386688
5468,40.044949,6.790000,147.275405
5469,40.051866,6.917000,144.571346
5470,40.058796,6.930000,144.300144
5471,40.065657,6.861000,145.751348
5472,40.072578,6.921000,144.487791
5473,40.079473,6.895000,145.032632
5474,40.086366,6.893000,145.074713
5475,40.093294,6.928000,144.341801
5476,40.100176,6.882000,145.306597
5477,40.106960,6.784000,147.405660
5478,40.113352,6.392000,156.445557
5479,40.120283,6.931000,144.279325
5480,40.127821,7.538000,132.661183
5481,40.134629,6.808000,146.886016
5482,40.141556,6.927000,144.362639
5483,40.148461,6.905000,144.822592
5484,40.155365,6.904000,144.843569
5485,40.162244,6.879000,145.369967
5486,40.169136,6.892000,145.095763
5487,40.176074,6.938000,144.133756
5488,40.182942,6.868000,145.602796
5489,40.189908,6.966000,143.554407
5490,40.196752,6.844000,146.113384
5491,40.203677,6.925000,144.404332
5492,40.210573,6.896000,145.011601
5493,40.217448,6.875000,145.454545
5494,40.224361,6.913000,144.654998
5495,40.231241,6.880000,145.348837
5496,40.238195,6.954000,143.802128
5497,40.244479,6.284000,159.134309
5498,40.252062,7.583000,131.873929
5499,40.258619,6.557000,152.508769
5500,40.265764,7.145000,139.958013
5501,40.272668,6.904000,144.843569
5502,40.279571,6.903000,144.864552
5503,40.286267,6.696000,149.342891
5504,40.293134,6.867000,145.623999
5505,40.300311,7.177000,139.333984
5506,40.306885,6.574000,152.114390
5507,40.314137,7.252000,137.892995
5508,40.321052,6.915000,144.613160
5509,40.327198,6.146000,162.707452
5510,40.334098,6.900000,144.927536
5511,40.341863,7.765000,128.783001
5512,40.348417,6.554000,152.578578
5513,40.355576,7.159000,139.684313
5514,40.362387,6.811000,146.821318
5515,40.369334,6.947000,143.947027
5516,40.376263,6.929000,144.320970
5517,40.383120,6.857000,145.836372
5518,40.390044,6.924000,144.425188
5519,40.396916,6.872000,145.518044
5520,40.403923,7.007000,142.714428
5521,40.410791,6.868000,145.602796
5522,40.417700,6.909000,144.738747
5523,40.424566,6.866000,145.645208
5524,40.431434,6.868000,145.602796
5525,40.438367,6.933000,144.237704
5526,40.445241,6.874000,145.475706
5527,40.452119,6.878000,145.391102
5528,40.458491,6.372000,156.936598
5529,40.466020,7.529000,132.819764
5530,40.472866,6.846000,146.070698
5531,40.479710,6.844000,146.113384
5532,40.486452,6.742000,148.323939
5533,40.493683,7.231000,138.293459
5534,40.500390,6.707000,149.097957
5535,40.507301,6.911000,144.696860
5536,40.514232,6.931000,144.279325
5537,40.521241,7.009000,142.673705
5538,40.527980,6.739000,148.389969
5539,40.535013,7.033000,142.186833
5540,40.541897,6.884000,145.264381
5541,40.548687,6.790000,147.275405
5542,40.555706,7.019000,142.470437
5543,40.562531,6.825000,146.520147
5544,40.569427,6.896000,145.011601
5545,40.576331,6.904000,144.843569
5546,40.583275,6.944000,144.009217
5547,40.590167,6.892000,145.095763
5548,40.596993,6.826000,146.498682
5549,40.603927,6.934000,144.216902
5550,40.610796,6.869000,145.581598
5551,40.616982,6.186000,161.655351
5552,40.624860,7.878000,126.935771
5553,40.631489,6.629000,150.852316
5554,40.638348,6.859000,145.793847
5555,40.645330,6.982000,143.225437
5556,40.652194,6.864000,145.687646
5557,40.659208,7.014000,142.571999
5558,40.665960,6.752000,148.104265
5559,40.672972,7.012000,142.612664
5560,40.679773,6.801000,147.037200
5561,40.686708,6.935000,144.196107
5562,40.693534,6.826000,146.498682
5563,40.700537,7.003000,142.795945
5564,40.707412,6.875000,145.454545
5565,40.714340,6.928000,144.341801
5566,40.721199,6.859000,145.793847
5567,40.728098,6.899000,144.948543
5568,40.734339,6.241000,160.230732
5569,40.742019,7.680000,130.208333
5570,40.748756,6.737000,148.434021
5571,40.755688,6.932000,144.258511
5572,40.762567,6.879000,145.369967
5573,40.769448,6.881000,145.327714
5574,40.776368,6.920000,144.508671
5575,40.783290,6.922000,144.466917
5576,40.790174,6.884000,145.264381
5577,40.797074,6.900000,144.927536
5578,40.803625,6.551000,152.648451
5579,40.810945,7.320000,136.612022
5580,40.817729,6.784000,147.405660
5581,40.824653,6.924000,144.425188
5582,40.831595,6.942000,144.050706
5583,40.838518,6.923000,144.446049
5584,40.845379,6.861000,145.751348
5585,40.851637,6.258000,159.795462
5586,40.859277,7.640000,130.890052
5587,40.866071,6.794000,147.188696
5588,40.872976,6.905000,144.822592
5589,40.879894,6.918000,144.550448
5590,40.886760,6.866000,145.645208
5591,40.893473,6.713000,148.964695
5592,40.900581,7.108000,140.686550
5593,40.907495,6.914000,144.634076
5594,40.914331,6.836000,146.284377
5595,40.920971,6.640000,150.602410
5596,40.928170,7.199000,138.908182
5597,40.935043,6.873000,145.496872
5598,40.941956,6.913000,144.654998
5599,40.948858,6.902000,144.885540
5600,40.955758,6.900000,144.927536
5601,40.962651,6.893000,145.074713
5602,40.969541,6.890000,145.137881
5603,40.975999,6.458000,154.846702
5604,40.983411,7.412000,134.916352
5605,40.990265,6.854000,145.900204
5606,40.997148,6.883000,145.285486
5607,41.004066,6.918000,144.550448
5608,41.010949,6.883000,145.285486
5609,41.017729,6.780000,147.492625
5610,41.024806,7.077000,141.302812
5611,41.031353,6.547000,152.741714
5612,41.038277,6.924000,144.425188
5613,41.044933,6.656000,150.240385
5614,41.052434,7.501000,133.315558
5615,41.059254,6.820000,146.627566
5616,41.065888,6.634000,150.738619
5617,41.073110,7.222000,138.465799
5618,41.079946,6.836000,146.284377
5619,41.086902,6.956000,143.760782
5620,41.093440,6.538000,152.951973
5621,41.100698,7.258000,137.779002
5622,41.107605,6.907000,144.780657
5623,41.114444,6.839000,146.220208
5624,41.121381,6.937000,144.154534
5625,41.128227,6.846000,146.070698
5626,41.135155,6.928000,144.341801
5627,41.142080,6.925000,144.404332
5628,41.148974,6.894000,145.053670
5629,41.155637,6.663000,150.082545
5630,41.162802,7.165000,139.567341
5631,41.169639,6.837000,146.262981
5632,41.176619,6.980000,143.266476
5633,41.183457,6.838000,146.241591
5634,41.190393,6.936000,144.175317
5635,41.197248,6.855000,145.878920
5636,41.204178,6.930000,144.300144
5637,41.211061,6.883000,145.285486
5638,41.217950,6.889000,145.158949
5639,41.224847,6.897000,144.990576
5640,41.231765,6.918000,144.550448
5641,41.238132,6.367000,157.059840
5642,41.245605,7.473000,133.815068
5643,41.252446,6.841000,146.177459
5644,41.259343,6.897000,144.990576
5645,41.266235,6.892000,145.095763
5646,41.273159,6.924000,144.425188
5647,41.279963,6.804000,146.972369
5648,41.286960,6.997000,142.918394
5649,41.293840,6.880000,145.348837
5650,41.300736,6.896000,145.011601
5651,41.307657,6.921000,144.487791
5652,41.314588,6.931000,144.279325
5653,41.321528,6.940000,144.092219
5654,41.327861,6.333000,157.903048
5655,41.335358,7.497000,133.386688
5656,41.342211,6.853000,145.921494
5657,41.349058,6.847000,146.049365
5658,41.355405,6.347000,157.554750
5659,41.362991,7.586000,131.821777
5660,41.369761,6.770000,147.710487
5661,41.376471,6.710000,149.031297
5662,41.383598,7.127000,140.311492
5663,41.390545,6.947000,143.947027
5664,41.397424,6.879000,145.369967
5665,41.404273,6.849000,146.006716
5666,41.411175,6.902000,144.885540
5667,41.418097,6.922000,144.466917
5668,41.425081,6.984000,143.184422
5669,41.431873,6.792000,147.232038
5670,41.438703,6.830000,146.412884
5671,41.445696,6.993000,143.000143
5672,41.452663,6.967000,143.533802
5673,41.459484,6.821000,146.606069
5674,41.466388,6.904000,144.843569
5675,41.473302,6.914000,144.634076
5676,41.480867,7.565000,132.187707
5677,41.487036,6.169000,162.100827
5678,41.494022,6.986000,143.143430
5679,41.500398,6.376000,156.838143
5680,41.507714,7.316000,136.686714
5681,41.514686,6.972000,143.430866
5682,41.521400,6.714000,148.942508
5683,41.528497,7.097000,140.904608
5684,41.535360,6.863000,145.708874
5685,41.542258,6.898000,144.969556
5686,41.549158,6.900000,144.927536
5687,41.556087,6.929000,144.320970
5688,41.562948,6.861000,145.751348
5689,41.569851,6.903000,144.864552
5690,41.576755,6.904000,144.843569
5691,41.583657,6.902000,144.885540
5692,41.590551,6.894000,145.053670
5693,41.597453,6.902000,144.885540
5694,41.603611,6.158000,162.390386
5695,41.611393,7.782000,128.501671
5696,41.618112,6.719000,148.831671
5697,41.625042,6.930000,144.300144
5698,41.631951,6.909000,144.738747
5699,41.638866,6.915000,144.613160
5700,41.645732,6.866000,145.645208
5701,41.652668,6.936000,144.175317
5702,41.659551,6.883000,145.285486
5703,41.666433,6.882000,145.306597
5704,41.673354,6.921000,144.487791
5705,41.680250,6.896000,145.011601
5706,41.687147,6.897000,144.990576
5707,41.693299,6.152000,162.548765
5708,41.701037,7.738000,129.232360
5709,41.707832,6.795000,147.167035
5710,41.714757,6.925000,144.404332
5711,41.721647,6.890000,145.137881
5712,41.728540,6.893000,145.074713
5713,41.735427,6.887000,145.201104
5714,41.742376,6.949000,143.905598
5715,41.749238,6.862000,145.730108
5716,41.756158,6.920000,144.508671
5717,41.763038,6.880000,145.348837
5718,41.769950,6.912000,144.675926
5719,41.776865,6.915000,144.613160
5720,41.783749,6.884000,145.264381
5721,41.790645,6.896000,145.011601
5722,41.797550,6.905000,144.822592
5723,41.804474,6.924000,144.425188
5724,41.811453,6.979000,143.287004
5725,41.818329,6.876000,145.433392
5726,41.825272,6.943000,144.029958
5727,41.832127,6.855000,145.878920
5728,41.838645,6.518000,153.421295
5729,41.845288,6.643000,150.534397
5730,41.852918,7.630000,131.061599
5731,41.859569,6.651000,150.353330
5732,41.866781,7.212000,138.657793
5733,41.873524,6.743000,148.301943
5734,41.880016,6.492000,154.035736
5735,41.887373,7.357000,135.924969
5736,41.894226,6.853000,145.921494
5737,41.901151,6.925000,144.404332
5738,41.907863,6.712000,148.986889
5739,41.914982,7.119000,140.469167
5740,41.921257,6.275000,159.362550
5741,41.928776,7.519000,132.996409
5742,41.935597,6.821000,146.606069
5743,41.942590,6.993000,143.000143
5744,41.949410,6.820000,146.627566
5745,41.956484,7.074000,141.362737
5746,41.963082,6.598000,151.561079
5747,41.970183,7.101000,140.825236
5748,41.977081,6.898000,144.969556
5749,41.983605,6.524000,153.280196
5750,41.990980,7.375000,135.593220
5751,41.997738,6.758000,147.972773
5752,42.004655,6.917000,144.571346
5753,42.011422,6.767000,147.775972
5754,42.018024,6.602000,151.469252
5755,42.025190,7.166000,139.547865
5756,42.032319,7.129000,140.272128
5757,42.039223,6.904000,144.843569
5758,42.046059,6.836000,146.284377
5759,42.052906,6.847000,146.049365
5760,42.059887,6.981000,143.245953
5761,42.066738,6.851000,145.964093
5762,42.073696,6.958000,143.719460
5763,42.080519,6.823000,146.563095
5764,42.087501,6.982000,143.225437
5765,42.094434,6.933000,144.237704
5766,42.101061,6.627000,150.897842
5767,42.108135,7.074000,141.362737
5768,42.115074,6.939000,144.112985
5769,42.122145,7.071000,141.422712
5770,42.128258,6.113000,163.585801
5771,42.136134,7.876000,126.968004
5772,42.142596,6.462000,154.750851
5773,42.149479,6.883000,145.285486
5774,42.156399,6.920000,144.508671
5775,42.163313,6.914000,144.634076
5776,42.170184,6.871000,145.539223
5777,42.177122,6.938000,144.133756
5778,42.184033,6.911000,144.696860
5779,42.191220,7.187000,139.140114
5780,42.197818,6.598000,151.561079
5781,42.204939,7.121000,140.429715
5782,42.211627,6.688000,149.521531
5783,42.218613,6.986000,143.143430
5784,42.225249,6.636000,150.693189
5785,42.232414,7.165000,139.567341
5786,42.239233,6.819000,146.649069
5787,42.246175,6.942000,144.050706
5788,42.252782,6.607000,151.354624
5789,42.260087,7.305000,136.892539
5790,42.266904,6.817000,146.692093
5791,42.273822,6.918000,144.550448
5792,42.280069,6.247000,160.076837
5793,42.287735,7.666000,130.446126
5794,42.294368,6.633000,150.761345
5795,42.301288,6.920000,144.508671
5796,42.308221,6.933000,144.237704
5797,42.315064,6.843000,146.134736
5798,42.321993,6.929000,144.320970
5799,42.328880,6.887000,145.201104
5800,42.335801,6.921000,144.487791
5801,42.342704,6.903000,144.864552
5802,42.349587,6.883000,145.285486
5803,42.356525,6.938000,144.133756
5804,42.363377,6.852000,145.942790
5805,42.370317,6.940000,144.092219
5806,42.376959,6.642000,150.557061
5807,42.384064,7.105000,140.745954
5808,42.391023,6.959000,143.698807
5809,42.397857,6.834000,146.327188
5810,42.404283,6.426000,155.617803
5811,42.411730,7.447000,134.282261
5812,42.418567,6.837000,146.262981
5813,42.425473,6.906000,144.801622
5814,42.432352,6.879000,145.369967
5815,42.439256,6.904000,144.843569
5816,42.446132,6.876000,145.433392
5817,42.453039,6.907000,144.780657
5818,42.459977,6.938000,144.133756
5819,42.466847,6.870000,145.560408
5820,42.473764,6.917000,144.571346
5821,42.480664,6.900000,144.927536
5822,42.487564,6.900000,144.927536
5823,42.494445,6.881000,145.327714
5824,42.501362,6.917000,144.571346
5825,42.508259,6.897000,144.990576
5826,42.515139,6.880000,145.348837
5827,42.522057,6.918000,144.550448
5828,42.528955,6.898000,144.969556
5829,42.535840,6.885000,145.243282
5830,42.542769,6.929000,144.320970
5831,42.549628,6.859000,145.793847
5832,42.556558,6.930000,144.300144
5833,42.562889,6.331000,157.952930
5834,42.570455,7.566000,132.170235
5835,42.577232,6.777000,147.557916
5836,42.583823,6.591000,151.722045
5837,42.591119,7.296000,137.061404
5838,42.597893,6.774000,147.623265
5839,42.604879,6.986000,143.143430
5840,42.611744,6.865000,145.666424
5841,42.618651,6.907000,144.780657
5842,42.625664,7.013000,142.592329
5843,42.632484,6.820000,146.627566
5844,42.638960,6.476000,154.416306
5845,42.646347,7.387000,135.372952
5846,42.652742,6.395000,156.372166
5847,42.660183,7.441000,134.390539
5848,42.666700,6.517000,153.444837
5849,42.673973,7.273000,137.494844
5850,42.680753,6.780000,147.492625
5851,42.687654,6.901000,144.906535
5852,42.694563,6.909000,144.738747
5853,42.701527,6.964000,143.595635
5854,42.708415,6.888000,145.180023
5855,42.715360,6.945000,143.988481
5856,42.722202,6.842000,146.156095
5857,42.729122,6.920000,144.508671
5858,42.735974,6.852000,145.942790
5859,42.743013,7.039000,142.065634
5860,42.749921,6.908000,144.759699
5861,42.756387,6.466000,154.655119
5862,42.763650,7.263000,137.684153
5863,42.770552,6.902000,144.885540
5864,42.777391,6.839000,146.220208
5865,42.784313,6.922000,144.466917
5866,42.790645,6.332000,157.927985
5867,42.798179,7.534000,132.731617
5868,42.805012,6.833000,146.348602
5869,42.811893,6.881000,145.327714
5870,42.818710,6.817000,146.692093
5871,42.825549,6.839000,146.220208
5872,42.832515,6.966000,143.554407
5873,42.839538,7.023000,142.389292
5874,42.846011,6.473000,154.487873
5875,42.853373,7.362000,135.832654
5876,42.859862,6.489000,154.106950
5877,42.866753,6.891000,145.116819
5878,42.874093,7.340000,136.239782
5879,42.880895,6.802000,147.015584
5880,42.887810,6.915000,144.613160
5881,42.894202,6.392000,156.445557
5882,42.901658,7.456000,134.120172
5883,42.908542,6.884000,145.264381
5884,42.915443,6.901000,144.906535
5885,42.922356,6.913000,144.654998
5886,42.929250,6.894000,145.053670
5887,42.936099,6.849000,146.006716
5888,42.943057,6.958000,143.719460
5889,42.949933,6.876000,145.433392
5890,42.956520,6.587000,151.814179
5891,42.963718,7.198000,138.927480
5892,42.970641,6.923000,144.446049
5893,42.977497,6.856000,145.857643
5894,42.984394,6.897000,144.990576
5895,42.991336,6.942000,144.050706
5896,42.997728,6.392000,156.445557
5897,43.005184,7.456000,134.120172
5898,43.011985,6.801000,147.037200
5899,43.018933,6.948000,143.926310
5900,43.025540,6.607000,151.354624
5901,43.032757,7.217000,138.561729
5902,43.039617,6.860000,145.772595
5903,43.046003,6.386000,156.592546
5904,43.053473,7.470000,133.868809
5905,43.060334,6.861000,145.751348
5906,43.067034,6.700000,149.253731
5907,43.074214,7.180000,139.275766
5908,43.081297,7.083000,141.183114
5909,43.087906,6.609000,151.308821
5910,43.094774,6.868000,145.602796
5911,43.101651,6.877000,145.412244
5912,43.108581,6.930000,144.300144
5913,43.115437,6.856000,145.857643
5914,43.122368,6.931000,144.279325
5915,43.128946,6.578000,152.021891
5916,43.136200,7.254000,137.854977
5917,43.143086,6.886000,145.222190
5918,43.149952,6.866000,145.645208
5919,43.156870,6.918000,144.550448
5920,43.163748,6.878000,145.391102
5921,43.170652,6.904000,144.843569
5922,43.177571,6.919000,144.529556
5923,43.184173,6.602000,151.469252
5924,43.191436,7.263000,137.684153
5925,43.198256,6.820000,146.627566
5926,43.204628,6.372000,156.936598
5927,43.212093,7.465000,133.958473
5928,43.218951,6.858000,145.815106
5929,43.225876,6.925000,144.404332
5930,43.232214,6.338000,157.778479
5931,43.249863,17.649000,56.660434
5932,43.249908,0.045000,22222.222222
5933,43.253096,3.188000,313.676286
5934,43.261016,7.920000,126.262626
5935,43.267658,6.642000,150.557061
5936,43.274210,6.552000,152.625153
5937,43.281090,6.880000,145.348837
5938,43.287984,6.894000,145.053670
5939,43.294389,6.405000,156.128025
5940,43.301823,7.434000,134.517084
5941,43.308674,6.851000,145.964093
5942,43.315559,6.885000,145.243282
5943,43.322534,6.975000,143.369176
5944,43.329349,6.815000,146.735143
5945,43.336273,6.924000,144.425188
5946,43.343182,6.909000,144.738747
5947,43.350060,6.878000,145.391102
5948,43.356972,6.912000,144.675926
5949,43.363859,6.887000,145.201104
5950,43.370777,6.918000,144.550448
5951,43.377659,6.882000,145.306597
5952,43.384565,6.906000,144.801622
5953,43.391473,6.908000,144.759699
5954,43.398349,6.876000,145.433392
5955,43.405270,6.921000,144.487791
5956,43.412163,6.893000,145.074713
5957,43.419058,6.895000,145.032632
5958,43.425986,6.928000,144.341801
5959,43.432849,6.863000,145.708874
5960,43.439765,6.916000,144.592250
5961,43.446648,6.883000,145.285486
5962,43.453578,6.930000,144.300144
5963,43.460450,6.872000,145.518044
5964,43.467380,6.930000,144.300144
5965,43.474260,6.880000,145.348837
5966,43.481170,6.910000,144.717800
5967,43.488077,6.907000,144.780657
5968,43.494947,6.870000,145.560408
5969,43.501847,6.900000,144.927536
5970,43.508760,6.913000,144.654998
5971,43.515660,6.900000,144.927536
5972,43.522560,6.900000,144.927536
5973,43.529448,6.888000,145.180023
5974,43.536372,6.924000,144.425188
5975,43.543313,6.941000,144.071459
5976,43.550148,6.835000,146.305779
5977,43.557062,6.914000,144.634076
5978,43.563949,6.887000,145.201104
5979,43.570852,6.903000,144.864552
5980,43.577747,6.895000,145.032632
5981,43.584683,6.936000,144.175317
5982,43.591563,6.880000,145.348837
5983,43.598443,6.880000,145.348837
5984,43.605411,6.968000,143.513203
5985,43.612235,6.824000,146.541618
5986,43.619169,6.934000,144.216902
5987,43.626061,6.892000,145.095763
5988,43.632980,6.919000,144.529556
5989,43.639723,6.743000,148.301943
5990,43.646783,7.060000,141.643059
5991,43.653663,6.880000,145.348837
5992,43.660545,6.882000,145.306597
5993,43.667496,6.951000,143.864192
5994,43.674219,6.723000,148.743121
5995,43.681407,7.188000,139.120757
5996,43.688241,6.834000,146.327188
5997,43.695186,6.945000,143.988481
5998,43.701408,6.222000,160.720026
5999,43.709075,7.667000,130.429112
6000,43.715929,6.854000,145.900204
6001,43.722669,6.740000,148.367953
6002,43.729681,7.012000,142.612664
6003,43.736563,6.882000,145.306597
6004,43.743500,6.937000,144.154534
6005,43.750323,6.823000,146.563095
6006,43.756838,6.515000,153.491942
6007,43.763730,6.892000,145.095763
6008,43.771213,7.483000,133.636242
6009,43.777944,6.731000,148.566335
6010,43.784873,6.929000,144.320970
6011,43.791836,6.963000,143.616257
6012,43.798605,6.769000,147.732309
6013,43.805642,7.037000,142.106011
6014,43.812465,6.823000,146.563095
6015,43.819382,6.917000,144.571346
6016,43.826323,6.941000,144.071459
6017,43.833174,6.851000,145.964093
6018,43.839894,6.720000,148.809524
6019,43.846987,7.093000,140.984069
6020,43.853976,6.989000,143.081986
6021,43.860774,6.798000,147.102089
6022,43.867803,7.029000,142.267748
6023,43.874622,6.819000,146.649069
6024,43.881468,6.846000,146.070698
6025,43.888357,6.889000,145.158949
6026,43.895205,6.848000,146.028037
6027,43.902124,6.919000,144.529556
6028,43.909027,6.903000,144.864552
6029,43.915870,6.843000,146.134736
6030,43.922837,6.967000,143.533802
6031,43.929372,6.535000,153.022188
6032,43.935864,6.492000,154.035736
6033,43.943220,7.356000,135.943448
6034,43.950410,7.190000,139.082058
6035,43.957329,6.919000,144.529556
6036,43.964205,6.876000,145.433392
6037,43.971136,6.931000,144.279325
6038,43.977982,6.846000,146.070698
6039,43.984884,6.902000,144.885540
6040,43.991817,6.933000,144.237704
6041,43.998680,6.863000,145.708874
6042,44.005631,6.951000,143.864192
6043,44.011878,6.247000,160.076837
6044,44.018800,6.922000,144.466917
6045,44.026466,7.666000,130.446126
6046,44.033166,6.700000,149.253731
6047,44.040119,6.953000,143.822810
6048,44.046968,6.849000,146.006716
6049,44.053867,6.899000,144.948543
6050,44.060741,6.874000,145.475706
6051,44.067664,6.923000,144.446049
6052,44.074654,6.990000,143.061516
6053,44.081529,6.875000,145.454545
6054,44.088446,6.917000,144.571346
6055,44.095302,6.856000,145.857643
6056,44.102171,6.869000,145.581598
6057,44.109172,7.001000,142.836738
6058,44.115368,6.196000,161.394448
6059,44.123059,7.691000,130.022104
6060,44.129913,6.854000,145.900204
6061,44.136707,6.794000,147.188696
6062,44.143061,6.354000,157.381177
6063,44.150557,7.496000,133.404482
6064,44.157538,6.981000,143.245953
6065,44.164277,6.739000,148.389969
6066,44.171223,6.946000,143.967751
6067,44.178165,6.942000,144.050706
6068,44.184994,6.829000,146.434324
6069,44.191931,6.937000,144.154534
6070,44.198807,6.876000,145.433392
6071,44.205731,6.924000,144.425188
6072,44.212592,6.861000,145.751348
6073,44.219488,6.896000,145.011601
6074,44.226388,6.900000,144.927536
6075,44.233294,6.906000,144.801622
6076,44.239736,6.442000,155.231295
6077,44.247142,7.406000,135.025655
6078,44.254004,6.862000,145.730108
6079,44.260875,6.871000,145.539223
6080,44.267779,6.904000,144.843569
6081,44.274702,6.923000,144.446049
6082,44.281560,6.858000,145.815106
6083,44.288489,6.929000,144.320970
6084,44.295363,6.874000,145.475706
6085,44.302207,6.844000,146.113384
6086,44.309191,6.984000,143.184422
6087,44.316063,6.872000,145.518044
6088,44.323007,6.944000,144.009217
6089,44.329722,6.715000,148.920328
6090,44.336811,7.089000,141.063620
6091,44.343705,6.894000,145.053670
6092,44.350320,6.615000,151.171580
6093,44.356811,6.491000,154.059467
6094,44.364492,7.681000,130.191381
6095,44.371305,6.813000,146.778218
6096,44.378179,6.874000,145.475706
6097,44.385080,6.901000,144.906535
6098,44.392007,6.927000,144.362639
6099,44.398886,6.879000,145.369967
6100,44.405812,6.926000,144.383483
6101,44.412674,6.862000,145.730108
6102,44.419595,6.921000,144.487791
6103,44.426313,6.718000,148.853826
6104,44.433411,7.098000,140.884756
6105,44.440310,6.899000,144.948543
6106,44.447179,6.869000,145.581598
6107,44.453431,6.252000,159.948816
6108,44.461090,7.659000,130.565348
6109,44.467883,6.793000,147.210364
6110,44.474813,6.930000,144.300144
6111,44.481678,6.865000,145.666424
6112,44.488623,6.945000,143.988481
6113,44.495478,6.855000,145.878920
6114,44.502244,6.766000,147.797813
6115,44.509315,7.071000,141.422712
6116,44.516207,6.892000,145.095763
6117,44.523060,6.853000,145.921494
6118,44.530016,6.956000,143.760782
6119,44.536941,6.925000,144.404332
6120,44.543809,6.868000,145.602796
6121,44.551272,7.463000,133.994372
6122,44.557599,6.327000,158.052790
6123,44.564481,6.882000,145.306597
6124,44.571421,6.940000,144.092219
6125,44.579836,8.415000,118.835413
6126,44.585023,5.187000,192.789666
6127,44.592236,7.213000,138.638569
6128,44.598983,6.747000,148.214021
6129,44.605975,6.992000,143.020595
6130,44.612838,6.863000,145.708874
6131,44.619725,6.887000,145.201104
6132,44.626313,6.588000,151.791135
6133,44.633562,7.249000,137.950062
6134,44.640501,6.939000,144.112985
6135,44.647302,6.801000,147.037200
6136,44.654002,6.700000,149.253731
6137,44.661137,7.135000,140.154170
6138,44.667457,6.320000,158.227848
6139,44.675021,7.564000,132.205182
6140,44.681777,6.756000,148.016578
6141,44.688745,6.968000,143.513203
6142,44.695595,6.850000,145.985401
6143,44.702294,6.699000,149.276011
6144,44.709417,7.123000,140.390285
6145,44.716286,6.869000,145.581598
6146,44.723197,6.911000,144.696860
6147,44.730057,6.860000,145.772595
6148,44.736985,6.928000,144.341801
6149,44.743869,6.884000,145.264381
6150,44.750764,6.895000,145.032632
6151,44.757697,6.933000,144.237704
6152,44.764569,6.872000,145.518044
6153,44.771499,6.930000,144.300144
6154,44.778366,6.867000,145.623999
6155,44.785262,6.896000,145.011601
6156,44.792199,6.937000,144.154534
6157,44.799064,6.865000,145.666424
6158,44.805990,6.926000,144.383483
6159,44.812877,6.887000,145.201104
6160,44.819764,6.887000,145.201104
6161,44.826219,6.455000,154.918668
6162,44.833616,7.397000,135.189942
6163,44.840479,6.863000,145.708874
6164,44.847356,6.877000,145.412244
6165,44.854296,6.940000,144.092219
6166,44.860898,6.602000,151.469252
6167,44.867623,6.725000,148.698885
6168,44.875050,7.427000,134.643867
6169,44.881863,6.813000,146.778218
6170,44.888849,6.986000,143.143430
6171,44.895655,6.806000,146.929180
6172,44.902184,6.529000,153.162812
6173,44.909570,7.386000,135.391281
6174,44.916364,6.794000,147.188696
6175,44.923287,6.923000,144.446049
6176,44.930174,6.887000,145.201104
6177,44.937113,6.939000,144.112985
6178,44.944202,7.089000,141.063620
6179,44.950886,6.684000,149.611011
6180,44.957590,6.704000,149.164678
6181,44.964914,7.324000,136.537411
6182,44.971602,6.688000,149.521531
6183,44.980730,9.128000,109.553024
6184,44.984981,4.251000,235.238767
6185,44.992404,7.423000,134.716422
6186,44.998559,6.155000,162.469537
6187,45.006165,7.606000,131.475151
