frame,time_s,frame_ms,fps
1,0.005,5.444,183.69
2,0.087,81.761,12.23
3,0.090,2.915,343.05
4,0.095,5.232,191.13
5,0.109,13.231,75.58
6,0.118,9.013,110.95
7,0.132,14.188,70.48
8,0.135,2.762,362.06
9,0.140,5.783,172.92
10,0.162,21.637,46.22
11,0.163,1.478,676.59
12,0.212,48.310,20.70
13,0.212,0.678,1474.93
14,0.217,4.190,238.66
15,0.220,2.933,340.95
16,0.224,4.601,217.34
17,0.235,11.291,88.57
18,0.244,8.208,121.83
19,0.257,13.297,75.20
20,0.268,10.550,94.79
21,0.283,15.109,66.19
22,0.290,7.501,133.32
23,0.294,4.310,232.02
24,0.307,12.697,78.76
25,0.310,2.573,388.65
26,0.315,5.474,182.68
27,0.327,11.437,87.44
28,0.336,9.382,106.59
29,0.350,14.438,69.26
30,0.357,6.732,148.54
31,0.359,2.091,478.24
32,0.368,8.304,120.42
33,0.376,8.573,116.65
34,0.385,8.979,111.37
35,0.395,9.746,102.61
36,0.402,7.189,139.10
37,0.410,7.880,126.90
38,0.419,9.017,110.90
39,0.427,7.868,127.10
40,0.434,7.014,142.57
41,0.448,14.474,69.09
42,0.452,3.283,304.60
43,0.458,6.447,155.11
44,0.472,13.594,73.56
45,0.476,4.315,231.75
46,0.483,7.048,141.88
47,0.491,8.142,122.82
48,0.499,8.340,119.90
49,0.507,7.968,125.50
50,0.516,8.354,119.70
51,0.524,8.320,120.19
52,0.532,8.391,119.18
53,0.541,8.204,121.89
54,0.549,8.465,118.13
55,0.561,12.162,82.22
56,0.567,5.444,183.69
57,0.574,7.315,136.71
58,0.583,8.465,118.13
59,0.591,8.308,120.37
60,0.599,8.303,120.44
61,0.607,8.213,121.76
62,0.616,8.417,118.81
63,0.624,8.292,120.60
64,0.633,8.844,113.07
65,0.641,7.759,128.88
66,0.650,9.306,107.46
67,0.657,7.366,135.76
68,0.667,9.315,107.35
69,0.674,7.406,135.03
70,0.683,8.739,114.43
71,0.691,7.937,125.99
72,0.700,9.386,106.54
73,0.708,7.650,130.72
74,0.716,8.006,124.91
75,0.724,8.606,116.20
76,0.733,8.124,123.09
77,0.742,9.221,108.45
78,0.749,7.320,136.61
79,0.758,8.782,113.87
80,0.766,7.909,126.44
81,0.775,9.269,107.89
82,0.782,7.360,135.87
83,0.791,8.513,117.47
84,0.799,8.130,123.00
85,0.808,8.736,114.47
86,0.816,7.968,125.50
87,0.824,8.701,114.93
88,0.832,7.920,126.26
89,0.841,8.389,119.20
90,0.849,8.337,119.95
91,0.859,9.940,100.60
92,0.866,6.770,147.71
93,0.874,8.450,118.34
94,0.882,8.238,121.39
95,0.891,8.804,113.58
96,0.899,7.845,127.47
97,0.908,8.676,115.26
98,0.918,10.146,98.56
99,0.926,7.590,131.75
100,0.933,7.601,131.56
101,0.941,8.189,122.12
102,0.950,8.622,115.98
103,0.958,7.714,129.63
104,0.966,8.321,120.18
105,0.974,8.246,121.27
106,0.985,10.949,91.33
107,0.991,6.107,163.75
108,1.000,8.562,116.80
109,1.008,8.633,115.83
110,1.017,8.504,117.59
111,1.025,7.748,129.07
112,1.033,8.510,117.51
113,1.044,10.518,95.08
114,1.050,6.003,166.58
115,1.058,8.343,119.86
116,1.067,8.586,116.47
117,1.075,7.880,126.90
118,1.088,13.499,74.08
119,1.094,6.071,164.72
120,1.104,9.528,104.95
121,1.109,5.439,183.86
122,1.116,6.997,142.92
123,1.125,9.271,107.86
124,1.133,7.421,134.75
125,1.141,8.419,118.78
126,1.149,8.265,120.99
127,1.158,8.259,121.08
128,1.166,8.125,123.08
129,1.174,8.336,119.96
130,1.183,9.011,110.98
131,1.191,7.729,129.38
132,1.199,8.132,122.97
133,1.207,8.374,119.42
134,1.216,8.249,121.23
135,1.224,8.403,119.01
136,1.232,8.287,120.67
137,1.241,8.355,119.69
138,1.249,8.361,119.60
139,1.257,8.268,120.95
140,1.266,8.326,120.11
141,1.274,8.370,119.47
142,1.282,8.330,120.05
143,1.291,8.346,119.82
144,1.299,8.415,118.84
145,1.307,8.248,121.24
146,1.316,8.299,120.50
147,1.324,8.464,118.15
148,1.332,8.180,122.25
149,1.341,8.341,119.89
150,1.349,8.298,120.51
151,1.357,8.363,119.57
152,1.366,8.347,119.80
153,1.374,8.370,119.47
154,1.382,8.345,119.83
155,1.391,8.246,121.27
156,1.399,8.324,120.13
157,1.407,8.342,119.88
158,1.416,8.348,119.79
159,1.424,8.284,120.71
160,1.432,8.362,119.59
161,1.441,8.381,119.32
162,1.449,8.335,119.98
163,1.457,8.283,120.73
164,1.466,8.366,119.53
165,1.474,8.261,121.05
166,1.482,8.404,118.99
167,1.491,8.324,120.13
168,1.499,8.354,119.70
169,1.507,8.294,120.57
170,1.516,8.434,118.57
171,1.524,8.325,120.12
172,1.532,8.226,121.57
173,1.541,8.736,114.47
174,1.550,8.624,115.96
175,1.558,8.138,122.88
176,1.566,8.298,120.51
177,1.575,8.743,114.38
178,1.584,8.858,112.89
179,1.591,7.212,138.66
180,1.599,8.120,123.15
181,1.607,8.273,120.88
182,1.616,8.419,118.78
183,1.624,8.256,121.12
184,1.633,8.589,116.43
185,1.641,8.143,122.80
186,1.649,8.323,120.15
187,1.657,8.342,119.88
188,1.666,8.390,119.19
189,1.674,8.266,120.98
190,1.682,8.381,119.32
191,1.691,8.247,121.26
192,1.699,8.338,119.93
193,1.707,8.362,119.59
194,1.716,8.269,120.93
195,1.724,8.317,120.24
196,1.732,8.365,119.55
197,1.741,8.365,119.55
198,1.749,8.300,120.48
199,1.757,8.401,119.03
200,1.766,8.343,119.86
201,1.774,8.287,120.67
202,1.783,8.925,112.04
203,1.791,7.931,126.09
204,1.799,8.452,118.32
205,1.809,10.110,98.91
206,1.817,7.591,131.73
207,1.824,7.100,140.85
208,1.832,8.336,119.96
209,1.841,8.297,120.53
210,1.849,8.334,119.99
211,1.858,8.424,118.71
212,1.866,8.300,120.48
213,1.874,8.379,119.35
214,1.883,8.316,120.25
215,1.891,8.231,121.49
216,1.899,8.405,118.98
217,1.908,8.496,117.70
218,1.916,8.256,121.12
219,1.924,8.318,120.22
220,1.933,8.414,118.85
221,1.941,8.122,123.12
222,1.949,8.326,120.11
223,1.958,8.506,117.56
224,1.966,8.387,119.23
225,1.974,8.169,122.41
226,1.983,8.608,116.17
227,1.991,8.455,118.27
228,2.000,8.315,120.26
229,2.008,8.231,121.49
230,2.016,8.279,120.79
231,2.024,8.245,121.29
232,2.033,8.504,117.59
233,2.041,8.083,123.72
234,2.049,8.406,118.96
235,2.058,8.480,117.92
236,2.066,8.169,122.41
237,2.074,8.063,124.02
238,2.083,8.547,117.00
239,2.091,8.213,121.76
240,2.099,8.295,120.55
241,2.107,8.448,118.37
242,2.116,8.234,121.45
243,2.124,8.303,120.44
244,2.133,8.518,117.40
245,2.141,8.200,121.95
246,2.149,8.304,120.42
247,2.157,8.361,119.60
248,2.166,8.326,120.11
249,2.174,8.485,117.86
250,2.182,8.286,120.69
251,2.191,8.222,121.62
252,2.199,8.335,119.98
253,2.208,8.569,116.70
254,2.216,8.132,122.97
255,2.224,8.327,120.09
256,2.232,8.239,121.37
257,2.241,8.338,119.93
258,2.249,8.388,119.22
259,2.257,8.302,120.45
260,2.266,8.315,120.26
261,2.274,8.317,120.24
262,2.282,8.453,118.30
263,2.291,8.238,121.39
264,2.299,8.290,120.63
265,2.308,8.663,115.43
266,2.316,8.139,122.87
267,2.324,8.290,120.63
268,2.333,8.561,116.81
269,2.341,7.998,125.03
270,2.349,8.465,118.13
271,2.357,8.334,119.99
272,2.366,8.403,119.01
273,2.374,8.263,121.02
274,2.383,8.442,118.46
275,2.391,8.447,118.39
276,2.399,8.240,121.36
277,2.408,8.446,118.40
278,2.416,7.927,126.15
279,2.424,8.272,120.89
280,2.432,8.583,116.51
281,2.441,8.232,121.48
282,2.449,8.391,119.18
283,2.458,8.529,117.25
284,2.466,8.126,123.06
285,2.474,8.247,121.26
286,2.482,8.411,118.89
287,2.491,8.330,120.05
288,2.499,8.349,119.77
289,2.508,8.548,116.99
290,2.516,8.059,124.08
291,2.524,8.340,119.90
292,2.533,8.627,115.92
293,2.541,8.105,123.38
294,2.549,8.309,120.35
295,2.557,8.390,119.19
296,2.566,8.269,120.93
297,2.574,8.353,119.72
298,2.582,8.295,120.55
299,2.591,8.359,119.63
300,2.599,8.260,121.07
301,2.608,8.610,116.14
302,2.616,8.156,122.61
303,2.624,8.324,120.13
304,2.632,8.317,120.24
305,2.641,8.364,119.56
306,2.649,8.219,121.67
307,2.658,8.571,116.67
308,2.666,8.164,122.49
309,2.674,8.505,117.58
310,2.682,8.212,121.77
311,2.691,8.314,120.28
312,2.699,8.252,121.18
313,2.707,8.378,119.36
314,2.716,8.389,119.20
315,2.724,8.266,120.98
316,2.733,8.533,117.19
317,2.741,8.165,122.47
318,2.749,8.236,121.42
319,2.758,8.622,115.98
320,2.766,8.119,123.17
321,2.774,8.382,119.30
322,2.782,8.317,120.24
323,2.791,8.237,121.40
324,2.799,8.497,117.69
325,2.808,8.483,117.88
326,2.816,8.114,123.24
327,2.824,8.311,120.32
328,2.832,8.421,118.75
329,2.841,8.188,122.13
330,2.849,8.424,118.71
331,2.857,8.424,118.71
332,2.866,8.116,123.21
333,2.874,8.555,116.89
334,2.882,8.334,119.99
335,2.891,8.423,118.72
336,2.899,8.308,120.37
337,2.908,8.474,118.01
338,2.916,8.195,122.03
339,2.924,8.199,121.97
340,2.933,8.716,114.73
341,2.941,8.073,123.87
342,2.949,8.250,121.21
343,2.958,8.603,116.24
344,2.966,8.045,124.30
345,2.974,8.426,118.68
346,2.983,8.454,118.29
347,2.991,8.338,119.93
348,2.999,8.353,119.72
349,3.008,8.481,117.91
350,3.016,8.352,119.73
351,3.024,8.300,120.48
352,3.033,8.254,121.15
353,3.041,8.340,119.90
354,3.049,8.233,121.46
355,3.058,8.226,121.57
356,3.066,8.320,120.19
357,3.074,8.256,121.12
358,3.083,8.444,118.43
359,3.091,8.219,121.67
360,3.099,8.273,120.88
361,3.107,8.316,120.25
362,3.116,8.390,119.19
363,3.124,8.298,120.51
364,3.133,8.534,117.18
365,3.141,8.128,123.03
366,3.149,8.333,120.00
367,3.157,8.383,119.29
368,3.166,8.320,120.19
369,3.174,8.231,121.49
370,3.182,8.507,117.55
371,3.191,8.291,120.61
372,3.199,8.268,120.95
373,3.207,8.353,119.72
374,3.216,8.270,120.92
375,3.224,8.371,119.46
376,3.233,8.485,117.86
377,3.241,8.168,122.43
378,3.249,8.310,120.34
379,3.257,8.407,118.95
380,3.266,8.275,120.85
381,3.274,8.287,120.67
382,3.282,8.343,119.86
383,3.291,8.388,119.22
384,3.299,8.466,118.12
385,3.307,8.309,120.35
386,3.316,8.369,119.49
387,3.324,8.436,118.54
388,3.332,8.215,121.73
389,3.341,8.275,120.85
390,3.349,8.241,121.34
391,3.357,8.448,118.37
392,3.366,8.344,119.85
393,3.374,8.326,120.11
394,3.382,8.225,121.58
395,3.391,8.430,118.62
396,3.399,8.233,121.46
397,3.408,8.647,115.65
398,3.416,8.102,123.43
399,3.424,8.357,119.66
400,3.433,8.462,118.18
401,3.441,8.190,122.10
402,3.449,8.289,120.64
403,3.458,8.463,118.16
404,3.466,8.185,122.17
405,3.474,8.267,120.96
406,3.482,8.523,117.33
407,3.491,8.228,121.54
408,3.499,8.272,120.89
409,3.507,8.384,119.27
410,3.516,8.343,119.86
411,3.524,8.256,121.12
412,3.532,8.323,120.15
413,3.541,8.412,118.88
414,3.549,8.247,121.26
415,3.557,8.364,119.56
416,3.566,8.369,119.49
417,3.574,8.336,119.96
418,3.582,8.363,119.57
419,3.591,8.316,120.25
420,3.599,8.331,120.03
421,3.607,8.340,119.90
422,3.616,8.309,120.35
423,3.624,8.360,119.62
424,3.632,8.303,120.44
425,3.641,8.365,119.55
426,3.649,8.329,120.06
427,3.658,8.522,117.34
428,3.666,8.176,122.31
429,3.674,8.321,120.18
430,3.682,8.358,119.65
431,3.691,8.274,120.86
432,3.699,8.378,119.36
433,3.708,8.436,118.54
434,3.716,8.186,122.16
435,3.724,8.298,120.51
436,3.732,8.427,118.67
437,3.741,8.292,120.60
438,3.749,8.313,120.29
439,3.757,8.402,119.02
440,3.766,8.222,121.62
441,3.774,8.402,119.02
442,3.782,8.361,119.60
443,3.791,8.818,113.40
444,3.800,8.417,118.81
445,3.808,8.386,119.25
446,3.816,8.282,120.74
447,3.826,9.207,108.61
448,3.834,8.470,118.06
449,3.841,7.431,134.57
450,3.849,7.908,126.45
451,3.858,8.562,116.80
452,3.866,8.125,123.08
453,3.874,8.431,118.61
454,3.883,8.384,119.27
455,3.891,8.096,123.52
456,3.899,8.171,122.38
457,3.908,8.425,118.69
458,3.916,8.442,118.46
459,3.924,8.175,122.32
460,3.933,8.618,116.04
461,3.941,7.892,126.71
462,3.949,8.430,118.62
463,3.958,8.639,115.75
464,3.966,8.120,123.15
465,3.974,8.355,119.69
466,3.983,8.578,116.58
467,3.991,8.157,122.59
468,3.999,8.347,119.80
469,4.008,8.574,116.63
470,4.016,8.174,122.34
471,4.024,8.416,118.82
472,4.033,8.248,121.24
473,4.041,8.385,119.26
474,4.050,8.525,117.30
475,4.058,8.349,119.77
476,4.066,8.460,118.20
477,4.075,8.118,123.18
478,4.083,8.261,121.05
479,4.091,8.433,118.58
480,4.100,8.355,119.69
481,4.108,8.336,119.96
482,4.116,8.214,121.74
483,4.124,8.057,124.12
484,4.133,8.406,118.96
485,4.141,8.076,123.82
486,4.149,8.446,118.40
487,4.157,8.304,120.42
488,4.166,8.311,120.32
489,4.174,8.358,119.65
490,4.182,8.392,119.16
491,4.191,8.467,118.11
492,4.199,8.258,121.09
493,4.208,8.376,119.39
494,4.216,8.147,122.74
495,4.224,8.281,120.76
496,4.232,8.307,120.38
497,4.241,8.375,119.40
498,4.249,8.290,120.63
499,4.257,8.491,117.77
500,4.266,8.211,121.79
501,4.274,8.320,120.19
502,4.283,8.593,116.37
503,4.291,8.068,123.95
504,4.299,8.338,119.93
505,4.307,8.304,120.42
506,4.316,8.517,117.41
507,4.324,8.417,118.81
508,4.333,8.538,117.12
509,4.341,8.246,121.27
510,4.349,8.385,119.26
511,4.358,8.157,122.59
512,4.366,8.519,117.38
513,4.374,8.343,119.86
514,4.383,8.305,120.41
515,4.391,8.379,119.35
516,4.400,8.531,117.22
517,4.408,8.030,124.53
518,4.416,7.984,125.25
519,4.424,8.361,119.60
520,4.433,8.594,116.36
521,4.441,8.087,123.66
522,4.449,8.490,117.79
523,4.458,8.822,113.35
524,4.466,8.303,120.44
525,4.474,8.062,124.04
526,4.483,8.665,115.41
527,4.491,7.905,126.50
528,4.499,8.187,122.14
529,4.508,8.389,119.20
530,4.516,8.171,122.38
531,4.524,8.337,119.95
532,4.532,8.384,119.27
533,4.541,8.278,120.80
534,4.549,8.388,119.22
535,4.557,8.321,120.18
536,4.566,8.272,120.89
537,4.574,8.316,120.25
538,4.582,8.332,120.02
539,4.591,8.403,119.01
540,4.599,8.308,120.37
541,4.608,8.560,116.82
542,4.616,8.098,123.49
543,4.624,8.296,120.54
544,4.632,8.418,118.79
545,4.641,8.333,120.00
546,4.649,8.307,120.38
547,4.657,8.257,121.11
548,4.666,8.420,118.76
549,4.674,8.278,120.80
550,4.682,8.308,120.37
551,4.691,8.397,119.09
552,4.699,8.365,119.55
553,4.707,8.213,121.76
554,4.716,8.378,119.36
555,4.724,8.418,118.79
556,4.733,8.460,118.20
557,4.741,8.112,123.27
558,4.749,8.360,119.62
559,4.758,8.562,116.80
560,4.766,8.143,122.80
561,4.774,8.306,120.39
562,4.782,8.272,120.89
563,4.791,8.404,118.99
564,4.799,8.323,120.15
565,4.807,8.368,119.50
566,4.816,8.295,120.55
567,4.824,8.370,119.47
568,4.832,8.300,120.48
569,4.841,8.317,120.24
570,4.849,8.391,119.18
571,4.858,8.538,117.12
572,4.867,8.942,111.83
573,4.875,8.000,125.00
574,4.883,8.141,122.84
575,4.891,8.142,122.82
576,4.899,8.297,120.53
577,4.908,8.635,115.81
578,4.916,8.013,124.80
579,4.924,8.313,120.29
580,4.932,8.399,119.06
581,4.941,8.326,120.11
582,4.949,8.316,120.25
583,4.957,8.297,120.53
584,4.966,8.348,119.79
585,4.974,8.250,121.21
586,4.983,8.588,116.44
587,4.991,8.315,120.26
588,4.999,8.461,118.19
589,5.008,8.506,117.56
590,5.016,8.334,119.99
591,5.025,8.414,118.85
592,5.033,8.279,120.79
593,5.041,7.894,126.68
594,5.049,8.374,119.42
595,5.058,8.340,119.90
596,5.066,8.414,118.85
597,5.074,8.048,124.25
598,5.082,8.423,118.72
599,5.091,8.364,119.56
600,5.099,8.437,118.53
601,5.108,8.314,120.28
602,5.116,8.142,122.82
603,5.124,8.364,119.56
604,5.132,8.451,118.33
605,5.141,8.192,122.07
606,5.149,8.343,119.86
607,5.157,8.332,120.02
608,5.166,8.411,118.89
609,5.174,8.246,121.27
610,5.183,8.623,115.97
611,5.191,8.031,124.52
612,5.199,8.321,120.18
613,5.207,8.388,119.22
614,5.216,8.284,120.71
615,5.224,8.353,119.72
616,5.232,8.477,117.97
617,5.241,8.227,121.55
618,5.249,8.282,120.74
619,5.257,8.335,119.98
620,5.266,8.352,119.73
621,5.274,8.371,119.46
622,5.282,8.292,120.60
623,5.291,8.279,120.79
624,5.299,8.346,119.82
625,5.308,8.610,116.14
626,5.316,8.136,122.91
627,5.324,8.310,120.34
628,5.333,8.525,117.30
629,5.341,8.137,122.90
630,5.349,8.350,119.76
631,5.357,8.369,119.49
632,5.366,8.285,120.70
633,5.374,8.306,120.39
634,5.382,8.368,119.50
635,5.391,8.368,119.50
636,5.399,8.242,121.33
637,5.407,8.375,119.40
638,5.416,8.275,120.85
639,5.424,8.382,119.30
640,5.433,8.589,116.43
641,5.441,8.171,122.38
642,5.449,8.326,120.11
643,5.457,8.226,121.57
644,5.466,8.438,118.51
645,5.474,8.188,122.13
646,5.483,8.682,115.18
647,5.491,8.026,124.60
648,5.499,8.411,118.89
649,5.508,8.575,116.62
650,5.516,8.052,124.19
651,5.524,8.286,120.69
652,5.532,8.365,119.55
653,5.541,8.292,120.60
654,5.549,8.389,119.20
655,5.557,8.333,120.00
656,5.566,8.347,119.80
657,5.574,8.297,120.53
658,5.582,8.395,119.12
659,5.591,8.325,120.12
660,5.599,8.284,120.71
661,5.608,8.542,117.07
662,5.616,8.115,123.23
663,5.624,8.362,119.59
664,5.633,8.537,117.14
665,5.641,8.112,123.27
666,5.649,8.343,119.86
667,5.658,8.601,116.27
668,5.666,8.074,123.85
669,5.674,8.394,119.13
670,5.682,8.333,120.00
671,5.691,8.246,121.27
672,5.699,8.342,119.88
673,5.707,8.342,119.88
674,5.716,8.353,119.72
675,5.724,8.362,119.59
676,5.732,8.373,119.43
677,5.741,8.248,121.24
678,5.749,8.370,119.47
679,5.757,8.283,120.73
680,5.766,8.299,120.50
681,5.774,8.430,118.62
682,5.782,8.391,119.18
683,5.791,8.143,122.80
684,5.799,8.404,118.99
685,5.808,8.571,116.67
686,5.816,8.057,124.12
687,5.824,8.417,118.81
688,5.832,8.316,120.25
689,5.841,8.237,121.40
690,5.849,8.387,119.23
691,5.857,8.414,118.85
692,5.866,8.367,119.52
693,5.874,8.302,120.45
694,5.882,8.375,119.40
695,5.891,8.294,120.57
696,5.899,8.429,118.64
697,5.908,8.472,118.04
698,5.916,8.218,121.68
699,5.924,8.283,120.73
700,5.932,8.345,119.83
701,5.941,8.158,122.58
702,5.949,8.641,115.73
703,5.958,8.424,118.71
704,5.966,8.057,124.12
705,5.974,8.262,121.04
706,5.983,8.723,114.64
707,5.991,8.551,116.95
708,6.000,8.632,115.85
709,6.008,8.400,119.05
710,6.017,8.187,122.14
711,6.026,9.077,110.17
712,6.034,8.322,120.16
713,6.042,7.954,125.72
714,6.050,7.887,126.79
715,6.058,8.240,121.36
716,6.066,8.131,122.99
717,6.074,8.290,120.63
718,6.083,8.318,120.22
719,6.091,8.192,122.07
720,6.099,8.497,117.69
721,6.108,8.474,118.01
722,6.116,7.819,127.89
723,6.124,8.257,121.11
724,6.132,8.375,119.40
725,6.141,8.405,118.98
726,6.149,8.247,121.26
727,6.158,8.572,116.66
728,6.166,8.101,123.44
729,6.174,8.285,120.70
730,6.182,8.459,118.22
731,6.191,8.318,120.22
732,6.199,8.272,120.89
733,6.208,8.501,117.63
734,6.216,8.193,122.06
735,6.224,8.351,119.75
736,6.232,8.333,120.00
737,6.241,8.268,120.95
738,6.249,8.487,117.83
739,6.258,8.410,118.91
740,6.266,8.168,122.43
741,6.274,8.301,120.47
742,6.282,8.451,118.33
743,6.291,8.221,121.64
744,6.299,8.266,120.98
745,6.307,8.404,118.99
746,6.316,8.365,119.55
747,6.324,8.281,120.76
748,6.332,8.410,118.91
749,6.341,8.259,121.08
750,6.349,8.380,119.33
751,6.357,8.376,119.39
752,6.366,8.279,120.79
753,6.374,8.353,119.72
754,6.383,8.631,115.86
755,6.391,8.459,118.22
756,6.399,8.028,124.56
757,6.408,8.361,119.60
758,6.416,8.191,122.09
759,6.424,8.270,120.92
760,6.432,8.379,119.35
761,6.441,8.393,119.15
762,6.449,8.247,121.26
763,6.457,8.421,118.75
764,6.466,8.324,120.13
765,6.474,8.271,120.90
766,6.482,8.423,118.72
767,6.491,8.178,122.28
768,6.499,8.471,118.05
769,6.507,8.185,122.17
770,6.516,8.341,119.89
771,6.524,8.405,118.98
772,6.533,8.591,116.40
773,6.541,8.220,121.65
774,6.549,8.183,122.20
775,6.557,8.326,120.11
776,6.566,8.316,120.25
777,6.574,8.317,120.24
778,6.582,8.437,118.53
779,6.591,8.249,121.23
780,6.599,8.345,119.83
781,6.607,8.333,120.00
782,6.616,8.338,119.93
783,6.624,8.308,120.37
784,6.632,8.431,118.61
785,6.641,8.169,122.41
786,6.649,8.405,118.98
787,6.658,8.569,116.70
788,6.666,8.072,123.89
789,6.674,8.373,119.43
790,6.682,8.403,119.01
791,6.691,8.244,121.30
792,6.699,8.332,120.02
793,6.708,8.522,117.34
794,6.716,8.126,123.06
795,6.724,8.285,120.70
796,6.732,8.492,117.76
797,6.741,8.410,118.91
798,6.749,8.174,122.34
799,6.757,8.335,119.98
800,6.766,8.307,120.38
801,6.774,8.349,119.77
802,6.782,8.355,119.69
803,6.791,8.257,121.11
804,6.799,8.795,113.70
805,6.807,8.019,124.70
806,6.816,8.351,119.75
807,6.826,10.082,99.19
808,6.833,7.497,133.39
809,6.841,7.841,127.53
810,6.849,8.080,123.76
811,6.858,8.229,121.52
812,6.866,8.216,121.71
813,6.874,8.373,119.43
814,6.882,8.356,119.67
815,6.891,8.264,121.01
816,6.899,8.540,117.10
817,6.908,8.286,120.69
818,6.916,8.270,120.92
819,6.924,8.451,118.33
820,6.933,8.436,118.54
821,6.941,8.160,122.55
822,6.950,8.664,115.42
823,6.958,8.187,122.14
824,6.966,8.198,121.98
825,6.974,8.386,119.25
826,6.983,8.469,118.08
827,6.991,8.187,122.14
828,6.999,8.470,118.06
829,7.008,8.361,119.60
830,7.016,8.211,121.79
831,7.024,8.362,119.59
832,7.033,8.523,117.33
833,7.041,8.075,123.84
834,7.050,8.577,116.59
835,7.058,8.191,122.09
836,7.066,8.260,121.07
837,7.074,8.318,120.22
838,7.083,8.428,118.65
839,7.091,8.010,124.84
840,7.099,8.519,117.38
841,7.107,8.216,121.71
842,7.116,8.230,121.51
843,7.124,8.431,118.61
844,7.133,8.441,118.47
845,7.141,8.083,123.72
846,7.149,8.414,118.85
847,7.158,8.511,117.50
848,7.166,8.134,122.94
849,7.174,8.375,119.40
850,7.182,8.368,119.50
851,7.191,8.205,121.88
852,7.199,8.412,118.88
853,7.208,8.536,117.15
854,7.216,8.114,123.24
855,7.224,8.459,118.22
856,7.232,8.149,122.71
857,7.241,8.260,121.07
858,7.249,8.570,116.69
859,7.258,8.355,119.69
860,7.266,8.126,123.06
861,7.274,8.560,116.82
862,7.282,8.206,121.86
863,7.291,8.248,121.24
864,7.299,8.283,120.73
865,7.308,8.644,115.69
866,7.316,8.125,123.08
867,7.324,8.364,119.56
868,7.333,8.735,114.48
869,7.341,7.865,127.15
870,7.349,8.329,120.06
871,7.357,8.422,118.74
872,7.366,8.217,121.70
873,7.374,8.490,117.79
874,7.383,8.411,118.89
875,7.391,8.178,122.28
876,7.399,8.451,118.33
877,7.407,8.306,120.39
878,7.416,8.195,122.03
879,7.424,8.275,120.85
880,7.432,8.406,118.96
881,7.441,8.285,120.70
882,7.449,8.417,118.81
883,7.458,8.467,118.11
884,7.466,8.219,121.67
885,7.474,8.220,121.65
886,7.482,8.296,120.54
887,7.491,8.455,118.27
888,7.499,8.281,120.76
889,7.507,8.503,117.61
890,7.516,8.154,122.64
891,7.524,8.561,116.81
892,7.532,8.232,121.48
893,7.541,8.187,122.14
894,7.549,8.360,119.62
895,7.557,8.291,120.61
896,7.566,8.383,119.29
897,7.574,8.326,120.11
898,7.582,8.401,119.03
899,7.591,8.207,121.85
900,7.599,8.450,118.34
901,7.607,8.303,120.44
902,7.616,8.282,120.74
903,7.624,8.448,118.37
904,7.632,8.211,121.79
905,7.641,8.375,119.40
906,7.649,8.523,117.33
907,7.658,8.324,120.13
908,7.666,8.098,123.49
909,7.674,8.379,119.35
910,7.682,8.402,119.02
911,7.691,8.263,121.02
912,7.699,8.382,119.30
913,7.707,8.454,118.29
914,7.716,8.124,123.09
915,7.724,8.424,118.71
916,7.733,8.470,118.06
917,7.741,8.113,123.26
918,7.749,8.474,118.01
919,7.757,8.330,120.05
920,7.766,8.240,121.36
921,7.774,8.506,117.56
922,7.782,8.207,121.85
923,7.791,8.240,121.36
924,7.799,8.644,115.69
925,7.807,8.080,123.76
926,7.816,8.360,119.62
927,7.824,8.538,117.12
928,7.832,8.130,123.00
929,7.841,8.335,119.98
930,7.849,8.451,118.33
931,7.857,8.318,120.22
932,7.866,8.182,122.22
933,7.874,8.451,118.33
934,7.883,8.533,117.19
935,7.891,8.103,123.41
936,7.899,8.490,117.79
937,7.908,8.425,118.69
938,7.916,8.056,124.13
939,7.924,8.588,116.44
940,7.933,8.363,119.57
941,7.941,8.193,122.06
942,7.949,8.471,118.05
943,7.958,8.408,118.93
944,7.966,8.121,123.14
945,7.974,8.469,118.08
946,7.983,8.511,117.50
947,7.991,8.248,121.24
948,8.000,8.504,117.59
949,8.008,8.363,119.57
950,8.016,8.241,121.34
951,8.024,8.175,122.32
952,8.033,8.472,118.04
953,8.041,8.151,122.68
954,8.049,8.299,120.50
955,8.058,8.364,119.56
956,8.066,8.354,119.70
957,8.074,8.283,120.73
958,8.083,8.396,119.10
959,8.091,7.992,125.13
960,8.099,8.430,118.62
961,8.107,8.235,121.43
962,8.116,8.421,118.75
963,8.124,8.371,119.46
964,8.132,8.349,119.77
965,8.141,8.286,120.69
966,8.149,8.651,115.59
967,8.157,8.009,124.86
968,8.166,8.293,120.58
969,8.174,8.486,117.84
970,8.187,12.456,80.28
971,8.192,5.054,197.86
972,8.199,7.524,132.91
973,8.208,8.584,116.50
974,8.216,8.012,124.81
975,8.224,8.160,122.55
976,8.232,8.415,118.84
977,8.241,8.243,121.32
978,8.249,8.556,116.88
979,8.258,8.741,114.40
980,8.266,8.305,120.41
981,8.275,8.388,119.22
982,8.283,8.509,117.52
983,8.292,8.937,111.89
984,8.300,8.067,123.96
985,8.308,7.773,128.65
986,8.316,7.849,127.40
987,8.324,8.533,117.19
988,8.333,8.349,119.77
989,8.341,8.104,123.40
990,8.349,8.236,121.42
991,8.357,8.413,118.86
992,8.366,8.265,120.99
993,8.374,8.521,117.36
994,8.382,8.213,121.76
995,8.391,8.293,120.58
996,8.399,8.514,117.45
997,8.407,8.236,121.42
998,8.416,8.213,121.76
999,8.424,8.368,119.50
1000,8.432,8.277,120.82
1001,8.441,8.356,119.67
1002,8.449,8.399,119.06
1003,8.457,8.164,122.49
1004,8.466,8.384,119.27
1005,8.474,8.353,119.72
1006,8.482,8.432,118.60
1007,8.491,8.382,119.30
1008,8.499,8.197,122.00
1009,8.508,8.530,117.23
1010,8.516,8.196,122.01
1011,8.524,8.398,119.08
1012,8.533,8.513,117.47
1013,8.541,8.046,124.29
1014,8.549,8.586,116.47
1015,8.557,8.148,122.73
1016,8.566,8.303,120.44
1017,8.574,8.494,117.73
1018,8.583,8.324,120.13
1019,8.591,8.397,119.09
1020,8.600,8.701,114.93
1021,8.608,7.936,126.01
1022,8.616,8.392,119.16
1023,8.624,8.456,118.26
1024,8.633,8.530,117.23
1025,8.641,7.984,125.25
1026,8.649,8.206,121.86
1027,8.658,8.595,116.35
1028,8.666,8.003,124.95
1029,8.674,8.555,116.89
1030,8.683,8.249,121.23
1031,8.691,8.114,123.24
1032,8.699,8.676,115.26
1033,8.708,8.255,121.14
1034,8.716,8.462,118.18
1035,8.724,8.397,119.09
1036,8.733,8.312,120.31
1037,8.741,8.308,120.37
1038,8.750,8.586,116.47
1039,8.758,8.231,121.49
1040,8.766,8.500,117.65
1041,8.775,8.534,117.18
1042,8.783,8.186,122.16
1043,8.791,8.104,123.40
1044,8.800,8.340,119.90
1045,8.808,8.289,120.64
1046,8.816,8.238,121.39
1047,8.825,8.553,116.92
1048,8.833,8.439,118.50
1049,8.841,8.182,122.22
1050,8.850,8.289,120.64
1051,8.858,8.494,117.73
1052,8.866,8.304,120.42
1053,8.875,8.275,120.85
1054,8.883,8.344,119.85
1055,8.891,8.413,118.86
1056,8.900,8.605,116.21
1057,8.908,8.195,122.03
1058,8.917,8.353,119.72
1059,8.925,8.039,124.39
1060,8.933,8.474,118.01
1061,8.941,8.262,121.04
1062,8.950,8.432,118.60
1063,8.958,8.518,117.40
1064,8.967,8.289,120.64
1065,8.975,8.364,119.56
1066,8.983,8.399,119.06
1067,8.991,8.066,123.98
1068,9.000,8.577,116.59
1069,9.008,8.265,120.99
1070,9.017,8.565,116.75
1071,9.025,8.194,122.04
1072,9.033,8.458,118.23
1073,9.042,8.138,122.88
1074,9.050,8.242,121.33
1075,9.058,8.433,118.58
1076,9.066,8.112,123.27
1077,9.075,8.420,118.76
1078,9.083,8.591,116.40
1079,9.091,8.137,122.90
1080,9.100,8.386,119.25
1081,9.108,8.387,119.23
1082,9.116,8.106,123.37
1083,9.125,8.337,119.95
1084,9.133,8.224,121.60
1085,9.141,8.406,118.96
1086,9.150,8.245,121.29
1087,9.158,8.333,120.00
1088,9.166,8.236,121.42
1089,9.175,8.428,118.65
1090,9.183,8.476,117.98
1091,9.191,8.045,124.30
1092,9.200,8.448,118.37
1093,9.208,8.716,114.73
1094,9.217,8.813,113.47
1095,9.225,7.616,131.30
1096,9.233,8.339,119.92
1097,9.241,8.254,121.15
1098,9.250,8.522,117.34
1099,9.258,8.249,121.23
1100,9.266,8.199,121.97
1101,9.274,8.204,121.89
1102,9.283,8.566,116.74
1103,9.291,8.006,124.91
1104,9.299,8.407,118.95
1105,9.308,8.359,119.63
1106,9.316,8.274,120.86
1107,9.324,8.380,119.33
1108,9.333,8.498,117.67
1109,9.341,8.167,122.44
1110,9.350,8.585,116.48
1111,9.358,8.354,119.70
1112,9.366,8.424,118.71
1113,9.375,8.296,120.54
1114,9.383,8.541,117.08
1115,9.391,8.020,124.69
1116,9.400,8.296,120.54
1117,9.408,8.255,121.14
1118,9.416,8.342,119.88
1119,9.425,8.321,120.18
1120,9.433,8.141,122.84
1121,9.441,8.233,121.46
1122,9.450,8.657,115.51
1123,9.458,8.137,122.90
1124,9.466,8.405,118.98
1125,9.475,8.496,117.70
1126,9.483,8.311,120.32
1127,9.491,8.301,120.47
1128,9.500,8.388,119.22
1129,9.508,8.237,121.40
1130,9.516,8.233,121.46
1131,9.525,8.921,112.10
1132,9.533,8.294,120.57
1133,9.542,8.273,120.88
1134,9.550,8.800,113.64
1135,9.558,7.711,129.68
1136,9.566,8.034,124.47
1137,9.575,8.416,118.82
1138,9.583,8.228,121.54
1139,9.591,8.160,122.55
1140,9.600,8.603,116.24
1141,9.608,8.340,119.90
1142,9.616,8.064,124.01
1143,9.624,8.376,119.39
1144,9.633,8.298,120.51
1145,9.641,8.298,120.51
1146,9.649,8.430,118.62
1147,9.657,8.131,122.99
1148,9.666,8.300,120.48
1149,9.674,8.408,118.93
1150,9.683,8.473,118.02
1151,9.691,8.608,116.17
1152,9.699,8.080,123.76
1153,9.707,8.102,123.43
1154,9.716,8.301,120.47
1155,9.724,8.357,119.66
1156,9.732,8.408,118.93
1157,9.741,8.356,119.67
1158,9.749,8.426,118.68
1159,9.757,8.219,121.67
1160,9.766,8.409,118.92
1161,9.775,8.670,115.34
1162,9.783,8.260,121.07
1163,9.791,8.110,123.30
1164,9.800,8.595,116.35
1165,9.808,8.791,113.75
1166,9.817,8.298,120.51
1167,9.825,8.131,122.99
1168,9.833,8.420,118.76
1169,9.841,8.188,122.13
1170,9.850,8.257,121.11
1171,9.858,8.392,119.16
1172,9.866,8.186,122.16
1173,9.875,8.323,120.15
1174,9.883,8.266,120.98
1175,9.891,8.156,122.61
1176,9.899,8.472,118.04
1177,9.908,8.249,121.23
1178,9.916,8.413,118.86
1179,9.924,8.309,120.35
1180,9.933,8.495,117.72
1181,9.941,8.197,122.00
1182,9.950,8.467,118.11
1183,9.958,8.463,118.16
1184,9.966,8.163,122.50
1185,9.975,8.485,117.86
1186,9.983,8.408,118.93
1187,9.991,8.222,121.62
1188,10.000,9.120,109.65
1189,10.008,7.863,127.18
1190,10.017,8.265,120.99
1191,10.025,8.338,119.93
1192,10.033,8.415,118.84
1193,10.042,8.463,118.16
1194,10.050,8.367,119.52
1195,10.058,8.120,123.15
1196,10.066,8.177,122.29
1197,10.074,7.958,125.66
1198,10.083,8.805,113.57
1199,10.092,9.169,109.06
1200,10.100,7.906,126.49
1201,10.108,7.427,134.64
1202,10.116,8.213,121.76
1203,10.124,8.296,120.54
1204,10.133,8.648,115.63
1205,10.141,8.289,120.64
1206,10.150,8.450,118.34
1207,10.158,8.198,121.98
1208,10.166,8.276,120.83
1209,10.175,8.508,117.54
1210,10.183,8.513,117.47
1211,10.191,8.343,119.86
1212,10.200,8.142,122.82
1213,10.208,8.443,118.44
1214,10.216,8.148,122.73
1215,10.225,8.361,119.60
1216,10.233,8.119,123.17
1217,10.241,8.493,117.74
1218,10.249,8.346,119.82
1219,10.257,8.003,124.95
1220,10.266,8.392,119.16
1221,10.274,8.433,118.58
1222,10.283,8.555,116.89
1223,10.291,8.330,120.05
1224,10.299,8.152,122.67
1225,10.311,11.975,83.51
1226,10.318,6.516,153.47
1227,10.326,7.932,126.07
1228,10.333,7.036,142.13
1229,10.341,8.126,123.06
1230,10.349,8.146,122.76
1231,10.357,8.332,120.02
1232,10.366,8.401,119.03
1233,10.374,8.575,116.62
1234,10.382,8.061,124.05
1235,10.391,8.253,121.17
1236,10.399,8.511,117.50
1237,10.408,8.675,115.27
1238,10.416,8.461,118.19
1239,10.425,8.315,120.26
1240,10.433,8.442,118.46
1241,10.442,8.638,115.77
1242,10.450,8.749,114.30
1243,10.458,7.641,130.87
1244,10.466,8.003,124.95
1245,10.474,7.977,125.36
1246,10.482,8.310,120.34
1247,10.491,8.362,119.59
1248,10.499,8.231,121.49
1249,10.507,8.342,119.88
1250,10.516,8.348,119.79
1251,10.524,8.528,117.26
1252,10.532,8.188,122.13
1253,10.541,8.238,121.39
1254,10.549,8.469,118.08
1255,10.557,8.172,122.37
1256,10.566,8.384,119.27
1257,10.574,8.313,120.29
1258,10.582,8.375,119.40
1259,10.591,8.567,116.73
1260,10.599,8.517,117.41
1261,10.608,8.270,120.92
1262,10.616,8.183,122.20
1263,10.624,8.430,118.62
1264,10.633,8.341,119.89
1265,10.641,8.725,114.61
1266,10.650,8.221,121.64
1267,10.658,7.882,126.87
1268,10.666,8.485,117.86
1269,10.674,8.352,119.73
1270,10.682,8.145,122.77
1271,10.691,8.291,120.61
1272,10.699,8.265,120.99
1273,10.707,8.392,119.16
1274,10.716,8.392,119.16
1275,10.724,8.247,121.26
1276,10.733,8.453,118.30
1277,10.741,8.237,121.40
1278,10.749,8.330,120.05
1279,10.757,8.257,121.11
1280,10.766,8.428,118.65
1281,10.774,8.282,120.74
1282,10.782,8.366,119.53
1283,10.791,8.340,119.90
1284,10.799,8.264,121.01
1285,10.807,8.440,118.48
1286,10.816,8.319,120.21
1287,10.824,8.474,118.01
1288,10.833,8.343,119.86
1289,10.841,8.132,122.97
1290,10.849,8.628,115.90
1291,10.857,8.091,123.59
1292,10.866,8.654,115.55
1293,10.874,8.199,121.97
1294,10.883,8.386,119.25
1295,10.891,8.180,122.25
1296,10.899,8.428,118.65
1297,10.907,8.174,122.34
1298,10.916,8.344,119.85
1299,10.924,8.378,119.36
1300,10.933,8.419,118.78
1301,10.941,8.450,118.34
1302,10.949,8.256,121.12
1303,10.958,8.257,121.11
1304,10.966,8.468,118.09
1305,10.974,8.371,119.46
1306,10.983,8.398,119.08
1307,10.991,8.350,119.76
1308,11.000,8.416,118.82
1309,11.008,8.380,119.33
1310,11.016,8.414,118.85
1311,11.025,8.294,120.57
1312,11.033,8.396,119.10
1313,11.041,8.097,123.50
1314,11.050,8.347,119.80
1315,11.058,8.391,119.18
1316,11.066,8.325,120.12
1317,11.074,8.200,121.95
1318,11.083,8.252,121.18
1319,11.091,8.048,124.25
1320,11.099,8.510,117.51
1321,11.108,8.435,118.55
1322,11.116,8.310,120.34
1323,11.124,8.097,123.50
1324,11.133,8.518,117.40
1325,11.141,8.224,121.60
1326,11.149,8.355,119.69
1327,11.157,8.213,121.76
1328,11.166,8.392,119.16
1329,11.174,8.266,120.98
1330,11.182,8.441,118.47
1331,11.191,8.193,122.06
1332,11.199,8.378,119.36
1333,11.208,8.463,118.16
1334,11.216,8.287,120.67
1335,11.224,8.390,119.19
1336,11.233,8.371,119.46
1337,11.241,8.135,122.93
1338,11.249,8.465,118.13
1339,11.257,8.329,120.06
1340,11.266,8.426,118.68
1341,11.274,8.017,124.73
1342,11.282,8.405,118.98
1343,11.291,8.318,120.22
1344,11.299,8.431,118.61
1345,11.307,8.378,119.36
1346,11.316,8.250,121.21
1347,11.324,8.366,119.53
1348,11.333,8.416,118.82
1349,11.341,8.191,122.09
1350,11.349,8.439,118.50
1351,11.358,8.500,117.65
1352,11.366,8.365,119.55
1353,11.374,8.316,120.25
1354,11.383,8.374,119.42
1355,11.391,8.148,122.73
1356,11.399,8.200,121.95
1357,11.408,8.588,116.44
1358,11.416,8.110,123.30
1359,11.424,8.432,118.60
1360,11.432,8.263,121.02
1361,11.441,8.214,121.74
1362,11.449,8.423,118.72
1363,11.457,8.259,121.08
1364,11.466,8.567,116.73
1365,11.474,8.134,122.94
1366,11.482,8.391,119.18
1367,11.491,8.242,121.33
1368,11.499,8.289,120.64
1369,11.507,8.396,119.10
1370,11.516,8.535,117.16
1371,11.524,8.605,116.21
1372,11.533,8.071,123.90
1373,11.541,8.296,120.54
1374,11.549,8.469,118.08
1375,11.557,8.034,124.47
1376,11.566,8.286,120.69
1377,11.574,8.491,117.77
1378,11.583,8.372,119.45
1379,11.591,8.254,121.15
1380,11.599,8.489,117.80
1381,11.607,8.178,122.28
1382,11.616,8.417,118.81
1383,11.624,8.224,121.60
1384,11.632,8.433,118.58
1385,11.641,8.217,121.70
1386,11.649,8.659,115.49
1387,11.658,8.239,121.37
1388,11.666,8.235,121.43
1389,11.674,8.122,123.12
1390,11.682,8.428,118.65
1391,11.691,8.436,118.54
1392,11.699,8.183,122.20
1393,11.707,8.234,121.45
1394,11.716,8.432,118.60
1395,11.724,8.442,118.46
1396,11.732,8.199,121.97
1397,11.741,8.486,117.84
1398,11.749,8.246,121.27
1399,11.757,8.287,120.67
1400,11.766,8.313,120.29
1401,11.774,8.437,118.53
1402,11.783,8.461,118.19
1403,11.791,8.176,122.31
1404,11.799,8.193,122.06
1405,11.807,8.430,118.62
1406,11.816,8.282,120.74
1407,11.824,8.614,116.09
1408,11.832,8.241,121.34
1409,11.841,8.311,120.32
1410,11.849,8.523,117.33
1411,11.858,8.230,121.51
1412,11.866,8.460,118.20
1413,11.874,8.083,123.72
1414,11.883,8.509,117.52
1415,11.891,8.398,119.08
1416,11.900,8.522,117.34
1417,11.908,8.525,117.30
1418,11.918,9.882,101.19
1419,11.925,7.207,138.75
1420,11.933,7.607,131.46
1421,11.941,8.264,121.01
1422,11.949,8.205,121.88
1423,11.958,8.486,117.84
1424,11.966,8.414,118.85
1425,11.974,8.358,119.65
1426,11.983,8.108,123.33
1427,11.991,8.527,117.27
1428,12.000,8.465,118.13
1429,12.008,8.350,119.76
1430,12.016,8.533,117.19
1431,12.025,8.523,117.33
1432,12.033,8.314,120.28
1433,12.041,8.189,122.12
1434,12.050,8.282,120.74
1435,12.058,8.112,123.27
1436,12.066,8.182,122.22
1437,12.074,8.072,123.89
1438,12.082,8.358,119.65
1439,12.091,8.221,121.64
1440,12.099,8.480,117.92
1441,12.107,8.153,122.65
1442,12.116,8.496,117.70
1443,12.124,8.350,119.76
1444,12.133,8.405,118.98
1445,12.141,8.683,115.17
1446,12.149,8.068,123.95
1447,12.157,8.141,122.84
1448,12.166,8.432,118.60
1449,12.174,8.382,119.30
1450,12.183,8.286,120.69
1451,12.191,8.103,123.41
1452,12.199,8.294,120.57
1453,12.207,8.362,119.59
1454,12.216,8.536,117.15
1455,12.224,8.174,122.34
1456,12.232,8.386,119.25
1457,12.241,8.510,117.51
1458,12.249,8.235,121.43
1459,12.257,8.249,121.23
1460,12.266,8.411,118.89
1461,12.274,8.348,119.79
1462,12.283,8.339,119.92
1463,12.291,8.085,123.69
1464,12.299,8.548,116.99
1465,12.307,8.221,121.64
1466,12.316,8.411,118.89
1467,12.324,8.254,121.15
1468,12.333,8.495,117.72
1469,12.341,8.205,121.88
1470,12.349,8.299,120.50
1471,12.357,8.298,120.51
1472,12.366,8.458,118.23
1473,12.374,8.255,121.14
1474,12.382,8.364,119.56
1475,12.391,8.313,120.29
1476,12.399,8.283,120.73
1477,12.407,8.394,119.13
1478,12.416,8.283,120.73
1479,12.424,8.372,119.45
1480,12.433,8.481,117.91
1481,12.441,8.299,120.50
1482,12.449,8.156,122.61
1483,12.457,8.314,120.28
1484,12.466,8.552,116.93
1485,12.474,8.198,121.98
1486,12.483,8.493,117.74
1487,12.491,8.158,122.58
1488,12.499,8.257,121.11
1489,12.507,8.316,120.25
1490,12.516,8.541,117.08
1491,12.524,8.134,122.94
1492,12.532,8.369,119.49
1493,12.541,8.304,120.42
1494,12.549,8.320,120.19
1495,12.558,8.613,116.10
1496,12.566,8.135,122.93
1497,12.574,8.454,118.29
1498,12.582,8.319,120.21
1499,12.591,8.286,120.69
1500,12.599,8.262,121.04
1501,12.607,8.241,121.34
1502,12.616,8.745,114.35
1503,12.624,8.351,119.75
1504,12.633,8.163,122.50
1505,12.641,8.681,115.19
1506,12.650,8.615,116.08
1507,12.658,8.370,119.47
1508,12.667,8.424,118.71
1509,12.675,8.331,120.03
1510,12.684,8.934,111.93
1511,12.691,7.556,132.35
1512,12.700,8.170,122.40
1513,12.708,8.221,121.64
1514,12.717,9.427,106.08
1515,12.725,7.358,135.91
1516,12.734,9.006,111.04
1517,12.741,7.699,129.89
1518,12.750,8.968,111.51
1519,12.758,7.361,135.85
1520,12.767,9.135,109.47
1521,12.775,7.834,127.65
1522,12.783,8.078,123.79
1523,12.791,7.997,125.05
1524,12.799,8.287,120.67
1525,12.807,8.341,119.89
1526,12.816,8.537,117.14
1527,12.824,8.158,122.58
1528,12.833,8.594,116.36
1529,12.841,8.151,122.68
1530,12.849,8.375,119.40
1531,12.857,8.344,119.85
1532,12.866,8.419,118.78
1533,12.874,8.435,118.55
1534,12.883,8.227,121.55
1535,12.891,8.507,117.55
1536,12.899,8.169,122.41
1537,12.907,8.195,122.03
1538,12.916,8.578,116.58
1539,12.924,8.224,121.60
1540,12.933,8.294,120.57
1541,12.941,8.293,120.58
1542,12.949,8.406,118.96
1543,12.958,8.312,120.31
1544,12.966,8.417,118.81
1545,12.974,8.343,119.86
1546,12.983,8.490,117.79
1547,12.991,8.459,118.22
1548,12.999,8.042,124.35
1549,13.008,8.347,119.80
1550,13.016,8.524,117.32
1551,13.025,8.657,115.51
1552,13.033,8.155,122.62
1553,13.041,8.195,122.03
1554,13.049,8.273,120.88
1555,13.058,8.242,121.33
1556,13.066,8.440,118.48
1557,13.074,8.137,122.90
1558,13.083,8.276,120.83
1559,13.091,8.208,121.83
1560,13.099,8.599,116.29
1561,13.108,8.318,120.22
1562,13.116,8.280,120.77
1563,13.124,8.250,121.21
1564,13.132,8.175,122.32
1565,13.141,8.283,120.73
1566,13.149,8.368,119.50
1567,13.157,8.298,120.51
1568,13.166,8.548,116.99
1569,13.174,8.234,121.45
1570,13.183,8.477,117.97
1571,13.191,8.210,121.80
1572,13.199,8.313,120.29
1573,13.207,8.220,121.65
1574,13.216,8.576,116.60
1575,13.224,8.016,124.75
1576,13.232,8.379,119.35
1577,13.241,8.352,119.73
1578,13.249,8.532,117.21
1579,13.257,8.201,121.94
1580,13.266,8.397,119.09
1581,13.274,8.222,121.62
1582,13.282,8.320,120.19
1583,13.291,8.569,116.70
1584,13.299,8.133,122.96
1585,13.307,8.465,118.13
1586,13.316,8.365,119.55
1587,13.324,8.135,122.93
1588,13.332,8.418,118.79
1589,13.341,8.284,120.71
1590,13.349,8.349,119.77
1591,13.357,8.261,121.05
1592,13.366,8.455,118.27
1593,13.374,8.630,115.87
1594,13.383,8.301,120.47
1595,13.391,8.175,122.32
1596,13.399,8.468,118.09
1597,13.408,8.360,119.62
1598,13.416,8.313,120.29
1599,13.424,8.117,123.20
1600,13.432,8.343,119.86
1601,13.441,8.443,118.44
1602,13.449,8.176,122.31
1603,13.458,8.444,118.43
1604,13.466,8.380,119.33
1605,13.474,8.080,123.76
1606,13.482,8.517,117.41
1607,13.491,8.168,122.43
1608,13.499,8.442,118.46
1609,13.508,8.483,117.88
1610,13.516,8.214,121.74
1611,13.524,8.383,119.29
1612,13.533,8.359,119.63
1613,13.541,8.192,122.07
1614,13.549,8.284,120.71
1615,13.557,8.448,118.37
1616,13.566,8.281,120.76
1617,13.574,8.202,121.92
1618,13.582,8.390,119.19
1619,13.591,8.317,120.24
1620,13.599,8.323,120.15
1621,13.607,8.501,117.63
1622,13.616,8.306,120.39
1623,13.624,8.214,121.74
1624,13.632,8.302,120.45
1625,13.641,8.601,116.27
1626,13.649,8.301,120.47
1627,13.657,8.090,123.61
1628,13.666,8.459,118.22
1629,13.674,8.287,120.67
1630,13.682,8.291,120.61
1631,13.691,8.242,121.33
1632,13.699,8.476,117.98
1633,13.707,8.275,120.85
1634,13.716,8.523,117.33
1635,13.724,8.168,122.43
1636,13.732,8.415,118.84
1637,13.741,8.382,119.30
1638,13.749,8.197,122.00
1639,13.757,8.453,118.30
1640,13.766,8.207,121.85
1641,13.774,8.265,120.99
1642,13.782,8.539,117.11
1643,13.791,8.509,117.52
1644,13.799,8.286,120.69
1645,13.807,8.040,124.38
1646,13.816,8.467,118.11
1647,13.824,8.407,118.95
1648,13.832,8.248,121.24
1649,13.841,8.503,117.61
1650,13.849,8.372,119.45
1651,13.858,8.344,119.85
1652,13.866,8.384,119.27
1653,13.874,8.267,120.96
1654,13.883,8.492,117.76
1655,13.891,8.396,119.10
1656,13.899,8.188,122.13
1657,13.908,8.254,121.15
1658,13.916,8.385,119.26
1659,13.924,8.246,121.27
1660,13.933,8.330,120.05
1661,13.941,8.291,120.61
1662,13.949,8.238,121.39
1663,13.957,8.350,119.76
1664,13.966,8.447,118.39
1665,13.974,8.258,121.09
1666,13.983,8.432,118.60
1667,13.991,8.401,119.03
1668,13.999,8.473,118.02
1669,14.008,8.207,121.85
1670,14.016,8.550,116.96
1671,14.025,8.425,118.69
1672,14.033,8.127,123.05
1673,14.041,8.207,121.85
1674,14.049,8.295,120.55
1675,14.058,8.568,116.71
1676,14.066,7.926,126.17
1677,14.074,8.333,120.00
1678,14.082,8.220,121.65
1679,14.091,8.556,116.88
1680,14.099,8.281,120.76
1681,14.108,8.345,119.83
1682,14.116,8.269,120.93
1683,14.124,8.391,119.18
1684,14.132,8.184,122.19
1685,14.141,8.448,118.37
1686,14.149,8.191,122.09
1687,14.157,8.307,120.38
1688,14.166,8.291,120.61
1689,14.174,8.601,116.27
1690,14.183,8.424,118.71
1691,14.191,8.110,123.30
1692,14.199,8.498,117.67
1693,14.208,8.293,120.58
1694,14.216,8.316,120.25
1695,14.224,8.484,117.87
1696,14.233,8.333,120.00
1697,14.241,8.366,119.53
1698,14.249,8.267,120.96
1699,14.257,8.091,123.59
1700,14.266,8.541,117.08
1701,14.274,8.092,123.58
1702,14.283,8.532,117.21
1703,14.291,8.108,123.33
1704,14.299,8.329,120.06
1705,14.307,8.252,121.18
1706,14.316,8.725,114.61
1707,14.324,8.383,119.29
1708,14.333,8.477,117.97
1709,14.341,8.357,119.66
1710,14.350,8.522,117.34
1711,14.358,8.342,119.88
1712,14.366,8.249,121.23
1713,14.375,8.616,116.06
1714,14.383,8.544,117.04
1715,14.392,8.133,122.96
1716,14.400,8.194,122.04
1717,14.408,8.343,119.86
1718,14.416,8.283,120.73
1719,14.425,8.094,123.55
1720,14.433,8.165,122.47
1721,14.441,8.348,119.79
1722,14.449,8.468,118.09
1723,14.458,8.270,120.92
1724,14.466,8.328,120.08
1725,14.474,8.303,120.44
1726,14.483,8.594,116.36
1727,14.491,8.293,120.58
1728,14.499,7.902,126.55
1729,14.507,8.219,121.67
1730,14.516,8.487,117.83
1731,14.524,8.301,120.47
1732,14.533,8.360,119.62
1733,14.541,8.433,118.58
1734,14.549,8.410,118.91
1735,14.557,8.066,123.98
1736,14.566,8.678,115.23
1737,14.575,8.395,119.12
1738,14.583,8.223,121.61
1739,14.591,7.971,125.45
1740,14.599,8.583,116.51
1741,14.607,8.113,123.26
1742,14.616,8.390,119.19
1743,14.624,8.203,121.91
1744,14.632,8.423,118.72
1745,14.641,8.421,118.75
1746,14.649,8.219,121.67
1747,14.658,8.472,118.04
1748,14.666,8.269,120.93
1749,14.674,8.155,122.62
1750,14.682,8.400,119.05
1751,14.691,8.279,120.79
1752,14.699,8.393,119.15
1753,14.707,8.391,119.18
1754,14.716,8.422,118.74
1755,14.724,8.387,119.23
1756,14.732,8.157,122.59
1757,14.741,8.244,121.30
1758,14.749,8.408,118.93
1759,14.758,8.462,118.18
1760,14.766,8.154,122.64
1761,14.774,8.330,120.05
1762,14.783,8.578,116.58
1763,14.791,8.167,122.44
1764,14.799,8.277,120.82
1765,14.807,8.434,118.57
1766,14.816,8.418,118.79
1767,14.824,8.385,119.26
1768,14.832,8.096,123.52
1769,14.841,8.780,113.90
1770,14.850,8.561,116.81
1771,14.858,8.395,119.12
1772,14.866,8.313,120.29
1773,14.875,8.438,118.51
1774,14.884,8.946,111.78
1775,14.892,7.881,126.89
1776,14.900,7.985,125.23
1777,14.908,8.083,123.72
1778,14.916,8.210,121.80
1779,14.924,8.183,122.20
1780,14.933,8.654,115.55
1781,14.941,8.346,119.82
1782,14.949,8.319,120.21
1783,14.958,8.343,119.86
1784,14.966,8.173,122.35
1785,14.974,8.168,122.43
1786,14.982,8.291,120.61
1787,14.991,8.256,121.12
1788,14.999,8.491,117.77
1789,15.008,8.395,119.12
1790,15.016,8.375,119.40
1791,15.024,8.278,120.80
1792,15.033,8.364,119.56
1793,15.041,8.446,118.40
1794,15.050,8.521,117.36
1795,15.058,8.307,120.38
1796,15.066,8.281,120.76
1797,15.074,8.270,120.92
1798,15.083,8.452,118.32
1799,15.091,8.145,122.77
1800,15.099,8.129,123.02
1801,15.108,8.383,119.29
1802,15.116,8.374,119.42
1803,15.124,8.292,120.60
1804,15.133,8.435,118.55
1805,15.141,8.315,120.26
1806,15.149,8.085,123.69
1807,15.157,8.469,118.08
1808,15.166,8.447,118.39
1809,15.174,8.304,120.42
1810,15.182,8.223,121.61
1811,15.191,8.353,119.72
1812,15.199,8.468,118.09
1813,15.208,8.303,120.44
1814,15.216,8.383,119.29
1815,15.224,8.365,119.55
1816,15.232,8.118,123.18
1817,15.241,8.319,120.21
1818,15.249,8.442,118.46
1819,15.258,8.342,119.88
1820,15.266,8.265,120.99
1821,15.274,8.279,120.79
1822,15.282,8.161,122.53
1823,15.291,8.383,119.29
1824,15.299,8.303,120.44
1825,15.307,8.372,119.45
1826,15.316,8.639,115.75
1827,15.324,8.107,123.35
1828,15.333,8.503,117.61
1829,15.341,8.317,120.24
1830,15.349,8.126,123.06
1831,15.357,8.376,119.39
1832,15.366,8.279,120.79
1833,15.374,8.602,116.25
1834,15.383,8.362,119.59
1835,15.391,8.212,121.77
1836,15.399,8.433,118.58
1837,15.408,8.287,120.67
1838,15.416,8.117,123.20
1839,15.424,8.477,117.97
1840,15.433,8.559,116.84
1841,15.441,8.174,122.34
1842,15.449,8.250,121.21
1843,15.457,8.179,122.26
1844,15.466,8.619,116.02
1845,15.474,8.303,120.44
1846,15.483,8.315,120.26
1847,15.491,8.104,123.40
1848,15.499,8.426,118.68
1849,15.507,8.343,119.86
1850,15.516,8.235,121.43
1851,15.524,8.481,117.91
1852,15.532,8.208,121.83
1853,15.541,8.456,118.26
1854,15.549,8.155,122.62
1855,15.557,8.408,118.93
1856,15.566,8.331,120.03
1857,15.574,8.304,120.42
1858,15.582,8.343,119.86
1859,15.591,8.485,117.86
1860,15.599,8.452,118.32
1861,15.607,8.093,123.56
1862,15.616,8.529,117.25
1863,15.624,8.320,120.19
1864,15.633,8.398,119.08
1865,15.641,8.056,124.13
1866,15.649,8.632,115.85
1867,15.658,8.280,120.77
1868,15.666,8.146,122.76
1869,15.674,8.448,118.37
1870,15.682,8.316,120.25
1871,15.691,8.334,119.99
1872,15.699,8.181,122.23
1873,15.707,8.485,117.86
1874,15.716,8.176,122.31
1875,15.724,8.494,117.73
1876,15.732,8.138,122.88
1877,15.741,8.551,116.95
1878,15.749,8.231,121.49
1879,15.757,8.305,120.41
1880,15.766,8.239,121.37
1881,15.774,8.619,116.02
1882,15.782,8.202,121.92
1883,15.791,8.446,118.40
1884,15.799,8.096,123.52
1885,15.807,8.316,120.25
1886,15.816,8.318,120.22
1887,15.824,8.587,116.46
1888,15.832,8.247,121.26
1889,15.841,8.256,121.12
1890,15.849,8.606,116.20
1891,15.857,8.165,122.47
1892,15.866,8.450,118.34
1893,15.874,8.229,121.52
1894,15.882,8.313,120.29
1895,15.891,8.390,119.19
1896,15.899,8.301,120.47
1897,15.908,8.541,117.08
1898,15.916,8.303,120.44
1899,15.924,8.314,120.28
1900,15.933,8.300,120.48
1901,15.941,8.223,121.61
1902,15.949,8.502,117.62
1903,15.958,8.416,118.82
1904,15.966,8.093,123.56
1905,15.974,8.295,120.55
1906,15.983,8.485,117.86
1907,15.991,8.321,120.18
1908,15.999,8.467,118.11
1909,16.008,8.337,119.95
1910,16.016,8.302,120.45
1911,16.024,8.332,120.02
1912,16.033,8.327,120.09
1913,16.041,8.495,117.72
1914,16.050,8.412,118.88
1915,16.058,8.105,123.38
1916,16.066,8.319,120.21
1917,16.074,8.398,119.08
1918,16.083,8.092,123.58
1919,16.091,8.245,121.29
1920,16.099,8.201,121.94
1921,16.107,8.401,119.03
1922,16.116,8.321,120.18
1923,16.124,8.317,120.24
1924,16.133,8.473,118.02
1925,16.141,8.301,120.47
1926,16.149,8.202,121.92
1927,16.157,8.388,119.22
1928,16.166,8.428,118.65
1929,16.174,8.215,121.73
1930,16.183,9.224,108.41
1931,16.191,7.840,127.55
1932,16.199,8.106,123.37
1933,16.208,8.419,118.78
1934,16.216,8.155,122.62
1935,16.224,8.297,120.53
1936,16.232,8.353,119.72
1937,16.241,8.228,121.54
1938,16.249,8.604,116.23
1939,16.257,8.075,123.84
1940,16.266,8.367,119.52
1941,16.274,8.436,118.54
1942,16.283,8.421,118.75
1943,16.291,8.264,121.01
1944,16.299,8.203,121.91
1945,16.307,8.453,118.30
1946,16.316,8.411,118.89
1947,16.324,8.365,119.55
1948,16.332,8.194,122.04
1949,16.341,8.284,120.71
1950,16.349,8.361,119.60
1951,16.357,8.326,120.11
1952,16.366,8.285,120.70
1953,16.374,8.335,119.98
1954,16.382,8.336,119.96
1955,16.391,8.590,116.41
1956,16.400,8.595,116.35
1957,16.408,8.300,120.48
1958,16.416,8.468,118.09
1959,16.424,8.061,124.05
1960,16.433,8.349,119.77
1961,16.441,8.026,124.60
1962,16.449,8.287,120.67
1963,16.458,8.583,116.51
1964,16.466,8.262,121.04
1965,16.474,8.509,117.52
1966,16.483,8.105,123.38
1967,16.491,8.407,118.95
1968,16.499,8.166,122.46
1969,16.507,8.231,121.49
1970,16.516,8.383,119.29
1971,16.524,8.316,120.25
1972,16.533,8.511,117.50
1973,16.541,8.234,121.45
1974,16.549,8.374,119.42
1975,16.557,8.206,121.86
1976,16.566,8.354,119.70
1977,16.574,8.455,118.27
1978,16.582,8.212,121.77
1979,16.591,8.308,120.37
1980,16.599,8.571,116.67
1981,16.608,9.121,109.64
1982,16.616,7.525,132.89
1983,16.624,8.199,121.97
1984,16.632,8.364,119.56
1985,16.641,8.459,118.22
1986,16.649,8.372,119.45
1987,16.657,8.095,123.53
1988,16.666,8.479,117.94
1989,16.674,8.332,120.02
1990,16.683,8.399,119.06
1991,16.691,8.069,123.93
1992,16.699,8.572,116.66
1993,16.707,8.073,123.87
1994,16.716,8.584,116.50
1995,16.724,8.317,120.24
1996,16.733,8.333,120.00
1997,16.741,8.349,119.77
1998,16.749,8.127,123.05
1999,16.757,8.380,119.33
2000,16.766,8.268,120.95
2001,16.774,8.558,116.85
2002,16.783,8.365,119.55
2003,16.791,8.163,122.50
2004,16.799,8.243,121.32
2005,16.807,8.340,119.90
2006,16.816,8.547,117.00
2007,16.824,8.449,118.36
2008,16.833,8.280,120.77
2009,16.841,8.225,121.58
2010,16.849,8.437,118.53
2011,16.858,8.428,118.65
2012,16.866,8.139,122.87
2013,16.874,8.484,117.87
2014,16.883,8.195,122.03
2015,16.891,8.294,120.57
2016,16.899,8.359,119.63
2017,16.908,8.619,116.02
2018,16.916,8.155,122.62
2019,16.924,8.314,120.28
2020,16.933,8.327,120.09
2021,16.941,8.520,117.37
2022,16.949,8.233,121.46
2023,16.958,8.345,119.83
2024,16.966,8.210,121.80
2025,16.974,8.406,118.96
2026,16.983,8.329,120.06
2027,16.991,8.287,120.67
2028,17.000,8.614,116.09
2029,17.008,8.424,118.71
2030,17.016,8.449,118.36
2031,17.025,8.282,120.74
2032,17.033,8.415,118.84
2033,17.041,8.250,121.21
2034,17.050,8.330,120.05
2035,17.058,8.187,122.14
2036,17.066,8.252,121.18
2037,17.075,8.675,115.27
2038,17.083,8.422,118.74
2039,17.092,8.331,120.03
2040,17.100,8.467,118.11
2041,17.109,8.587,116.46
2042,17.117,8.666,115.39
2043,17.124,7.171,139.45
2044,17.134,9.869,101.33
2045,17.142,7.724,129.47
2046,17.150,7.580,131.93
2047,17.158,7.918,126.29
2048,17.167,9.714,102.94
2049,17.175,7.474,133.80
2050,17.183,7.915,126.34
2051,17.191,8.366,119.53
2052,17.199,8.278,120.80
2053,17.207,8.010,124.84
2054,17.216,8.552,116.93
2055,17.224,8.193,122.06
2056,17.234,9.478,105.51
2057,17.241,7.686,130.11
2058,17.249,8.065,123.99
2059,17.257,8.147,122.74
2060,17.266,8.343,119.86
2061,17.274,8.456,118.26
2062,17.282,8.161,122.53
2063,17.291,8.375,119.40
2064,17.299,8.227,121.55
2065,17.307,8.524,117.32
2066,17.316,8.196,122.01
2067,17.324,8.299,120.50
2068,17.332,8.418,118.79
2069,17.341,8.380,119.33
2070,17.349,8.156,122.61
2071,17.357,8.325,120.12
2072,17.366,8.420,118.76
2073,17.374,8.372,119.45
2074,17.382,8.352,119.73
2075,17.391,8.327,120.09
2076,17.399,8.214,121.74
2077,17.407,8.314,120.28
2078,17.416,8.289,120.64
2079,17.424,8.656,115.53
2080,17.432,8.137,122.90
2081,17.441,8.207,121.85
2082,17.449,8.573,116.65
2083,17.457,8.320,120.19
2084,17.466,8.390,119.19
2085,17.474,8.091,123.59
2086,17.483,8.613,116.10
2087,17.491,8.109,123.32
2088,17.499,8.303,120.44
2089,17.508,8.645,115.67
2090,17.516,8.122,123.12
2091,17.524,8.477,117.97
2092,17.532,8.221,121.64
2093,17.541,8.381,119.32
2094,17.549,8.188,122.13
2095,17.557,8.476,117.98
2096,17.566,8.203,121.91
2097,17.574,8.504,117.59
2098,17.582,8.176,122.31
2099,17.591,8.472,118.04
2100,17.599,8.330,120.05
2101,17.607,8.336,119.96
2102,17.616,8.229,121.52
2103,17.624,8.291,120.61
2104,17.633,8.648,115.63
2105,17.641,8.118,123.18
2106,17.649,8.328,120.08
2107,17.658,8.451,118.33
2108,17.666,8.262,121.04
2109,17.674,8.273,120.88
2110,17.683,8.557,116.86
2111,17.691,8.133,122.96
2112,17.699,8.292,120.60
2113,17.707,8.231,121.49
2114,17.716,8.593,116.37
2115,17.724,8.224,121.60
2116,17.732,8.329,120.06
2117,17.741,8.193,122.06
2118,17.749,8.399,119.06
2119,17.757,8.240,121.36
2120,17.766,8.360,119.62
2121,17.774,8.452,118.32
2122,17.782,8.175,122.32
2123,17.791,8.311,120.32
2124,17.799,8.333,120.00
2125,17.807,8.423,118.72
2126,17.816,8.266,120.98
2127,17.824,8.391,119.18
2128,17.832,8.369,119.49
2129,17.841,8.251,121.20
2130,17.849,8.402,119.02
2131,17.858,8.500,117.65
2132,17.866,8.361,119.60
2133,17.874,8.052,124.19
2134,17.883,8.736,114.47
2135,17.891,8.170,122.40
2136,17.899,8.593,116.37
2137,17.908,8.336,119.96
2138,17.916,8.173,122.35
2139,17.924,8.455,118.27
2140,17.933,8.454,118.29
2141,17.941,8.157,122.59
2142,17.949,8.424,118.71
2143,17.958,8.211,121.79
2144,17.966,8.123,123.11
2145,17.974,8.350,119.76
2146,17.983,8.545,117.03
2147,17.991,8.601,116.27
2148,18.000,8.326,120.11
2149,18.008,8.258,121.09
2150,18.016,8.447,118.39
2151,18.025,8.236,121.42
2152,18.033,8.337,119.95
2153,18.041,8.154,122.64
2154,18.050,8.502,117.62
2155,18.058,8.398,119.08
2156,18.066,8.140,122.85
2157,18.074,8.333,120.00
2158,18.083,8.167,122.44
2159,18.091,8.064,124.01
2160,18.099,8.452,118.32
2161,18.107,8.339,119.92
2162,18.116,8.453,118.30
2163,18.124,8.286,120.69
2164,18.133,8.360,119.62
2165,18.141,8.305,120.41
2166,18.149,8.222,121.62
2167,18.157,8.304,120.42
2168,18.166,8.346,119.82
2169,18.174,8.347,119.80
2170,18.182,8.313,120.29
2171,18.191,8.254,121.15
2172,18.199,8.475,117.99
2173,18.207,8.213,121.76
2174,18.216,8.379,119.35
2175,18.224,8.291,120.61
2176,18.232,8.475,117.99
2177,18.241,8.398,119.08
2178,18.249,8.535,117.16
2179,18.258,8.430,118.62
2180,18.266,8.264,121.01
2181,18.275,8.628,115.90
2182,18.283,8.818,113.40
2183,18.291,7.567,132.15
2184,18.299,8.168,122.43
2185,18.307,8.149,122.71
2186,18.316,8.567,116.73
2187,18.324,8.289,120.64
2188,18.333,8.274,120.86
2189,18.341,8.163,122.50
2190,18.349,8.403,119.01
2191,18.358,8.456,118.26
2192,18.366,8.270,120.92
2193,18.374,8.269,120.93
2194,18.382,8.364,119.56
2195,18.391,8.300,120.48
2196,18.399,8.266,120.98
2197,18.408,8.501,117.63
2198,18.416,8.496,117.70
2199,18.424,8.165,122.47
2200,18.433,8.491,117.77
2201,18.441,8.035,124.46
2202,18.449,8.497,117.69
2203,18.458,8.392,119.16
2204,18.466,8.186,122.16
2205,18.474,8.257,121.11
2206,18.482,8.363,119.57
2207,18.491,8.487,117.83
2208,18.499,8.468,118.09
2209,18.508,8.569,116.70
2210,18.516,8.265,120.99
2211,18.525,8.628,115.90
2212,18.533,8.374,119.42
2213,18.541,8.145,122.77
2214,18.550,8.354,119.70
2215,18.558,8.307,120.38
2216,18.566,8.249,121.23
2217,18.575,8.477,117.97
2218,18.583,8.289,120.64
2219,18.591,8.266,120.98
2220,18.600,8.269,120.93
2221,18.608,8.595,116.35
2222,18.617,8.516,117.43
2223,18.625,8.142,122.82
2224,18.633,8.273,120.88
2225,18.641,8.293,120.58
2226,18.650,8.463,118.16
2227,18.658,8.209,121.82
2228,18.666,8.331,120.03
2229,18.675,8.355,119.69
2230,18.683,8.280,120.77
2231,18.691,7.858,127.26
2232,18.699,8.213,121.76
2233,18.707,8.346,119.82
2234,18.716,8.446,118.40
2235,18.724,8.433,118.58
2236,18.732,8.121,123.14
2237,18.741,8.485,117.86
2238,18.749,8.241,121.34
2239,18.757,8.229,121.52
2240,18.766,8.351,119.75
2241,18.774,8.525,117.30
2242,18.783,8.263,121.02
2243,18.791,8.245,121.29
2244,18.799,8.312,120.31
2245,18.808,8.453,118.30
2246,18.816,8.292,120.60
2247,18.824,8.372,119.45
2248,18.832,8.307,120.38
2249,18.841,8.333,120.00
2250,18.849,8.273,120.88
2251,18.857,8.378,119.36
2252,18.866,8.395,119.12
2253,18.874,8.138,122.88
2254,18.882,8.355,119.69
2255,18.891,8.412,118.88
2256,18.899,8.439,118.50
2257,18.908,8.597,116.32
2258,18.916,8.081,123.75
2259,18.924,8.299,120.50
2260,18.933,8.381,119.32
2261,18.941,8.286,120.69
2262,18.949,8.550,116.96
2263,18.958,8.253,121.17
2264,18.966,8.433,118.58
2265,18.974,8.248,121.24
2266,18.983,8.629,115.89
2267,18.991,8.247,121.26
2268,19.000,8.372,119.45
2269,19.008,8.322,120.16
2270,19.016,8.384,119.27
2271,19.025,8.300,120.48
2272,19.033,8.527,117.27
2273,19.041,8.191,122.09
2274,19.050,8.285,120.70
2275,19.058,8.323,120.15
2276,19.066,8.177,122.29
2277,19.074,8.242,121.33
2278,19.083,8.287,120.67
2279,19.091,8.172,122.37
2280,19.099,8.196,122.01
2281,19.107,8.484,117.87
2282,19.116,8.195,122.03
2283,19.124,8.277,120.82
2284,19.132,8.358,119.65
2285,19.141,8.330,120.05
2286,19.149,8.319,120.21
2287,19.157,8.519,117.38
2288,19.166,8.240,121.36
2289,19.174,8.367,119.52
2290,19.182,8.421,118.75
2291,19.191,8.293,120.58
2292,19.199,8.431,118.61
2293,19.207,8.114,123.24
2294,19.216,8.376,119.39
2295,19.224,8.246,121.27
2296,19.232,8.434,118.57
2297,19.241,8.605,116.21
2298,19.249,8.391,119.18
2299,19.257,8.037,124.42
2300,19.266,8.229,121.52
2301,19.274,8.509,117.52
2302,19.282,8.172,122.37
2303,19.291,8.802,113.61
2304,19.300,8.457,118.25
2305,19.308,8.541,117.08
2306,19.317,8.402,119.02
2307,19.325,8.942,111.83
2308,19.333,7.867,127.11
2309,19.341,7.930,126.10
2310,19.349,7.939,125.96
2311,19.357,8.256,121.12
2312,19.366,8.418,118.79
2313,19.374,8.471,118.05
2314,19.383,8.214,121.74
2315,19.391,8.213,121.76
2316,19.399,8.459,118.22
2317,19.408,8.340,119.90
2318,19.416,8.090,123.61
2319,19.424,8.324,120.13
2320,19.432,8.373,119.43
2321,19.441,8.488,117.81
2322,19.449,8.557,116.86
2323,19.458,8.298,120.51
2324,19.466,8.379,119.35
2325,19.474,8.280,120.77
2326,19.483,8.347,119.80
2327,19.491,8.635,115.81
2328,19.499,8.109,123.32
2329,19.508,8.207,121.85
2330,19.516,8.392,119.16
2331,19.524,8.103,123.41
2332,19.533,8.358,119.65
2333,19.541,8.162,122.52
2334,19.549,8.464,118.15
2335,19.558,8.405,118.98
2336,19.566,8.283,120.73
2337,19.574,8.248,121.24
2338,19.582,8.366,119.53
2339,19.591,8.451,118.33
2340,19.599,8.341,119.89
2341,19.608,8.343,119.86
2342,19.617,8.953,111.69
2343,19.625,8.270,120.92
2344,19.633,8.361,119.60
2345,19.641,8.310,120.34
2346,19.650,8.243,121.32
2347,19.658,8.224,121.60
2348,19.666,8.264,121.01
2349,19.674,8.130,123.00
2350,19.683,8.291,120.61
2351,19.691,8.257,121.11
2352,19.699,8.540,117.10
2353,19.708,8.353,119.72
2354,19.716,8.284,120.71
2355,19.724,8.189,122.12
2356,19.733,8.547,117.00
2357,19.741,8.274,120.86
2358,19.749,8.213,121.76
2359,19.758,8.627,115.92
2360,19.766,8.268,120.95
2361,19.774,8.018,124.72
2362,19.783,8.425,118.69
2363,19.791,8.194,122.04
2364,19.799,8.523,117.33
2365,19.808,8.496,117.70
2366,19.816,8.341,119.89
2367,19.824,8.219,121.67
2368,19.833,8.383,119.29
2369,19.841,8.415,118.84
2370,19.849,8.253,121.17
2371,19.858,8.329,120.06
2372,19.867,9.204,108.65
2373,19.875,7.934,126.04
2374,19.883,8.167,122.44
2375,19.891,8.207,121.85
2376,19.900,8.364,119.56
2377,19.908,8.187,122.14
2378,19.916,8.374,119.42
2379,19.925,8.382,119.30
2380,19.933,8.404,118.99
2381,19.941,8.277,120.82
2382,19.950,8.306,120.39
2383,19.958,8.231,121.49
2384,19.966,8.650,115.61
2385,19.975,8.355,119.69
2386,19.983,8.207,121.85
2387,19.991,8.371,119.46
2388,20.000,8.273,120.88
2389,20.008,8.454,118.29
2390,20.016,8.280,120.77
2391,20.025,8.397,119.09
2392,20.033,8.381,119.32
2393,20.041,8.198,121.98
2394,20.050,8.304,120.42
2395,20.058,8.320,120.19
2396,20.066,8.361,119.60
2397,20.075,8.346,119.82
2398,20.083,8.597,116.32
2399,20.092,8.892,112.46
2400,20.100,7.860,127.23
2401,20.108,7.913,126.37
2402,20.116,7.955,125.71
2403,20.124,8.161,122.53
2404,20.133,8.495,117.72
2405,20.141,8.150,122.70
2406,20.149,8.432,118.60
2407,20.157,8.259,121.08
2408,20.166,8.463,118.16
2409,20.174,8.350,119.76
2410,20.183,8.370,119.47
2411,20.191,8.273,120.88
2412,20.199,8.315,120.26
2413,20.208,8.705,114.88
2414,20.216,8.071,123.90
2415,20.224,8.204,121.89
2416,20.233,8.499,117.66
2417,20.241,8.469,118.08
2418,20.249,8.271,120.90
2419,20.258,8.217,121.70
2420,20.266,8.387,119.23
2421,20.274,8.183,122.20
2422,20.283,8.355,119.69
2423,20.291,8.352,119.73
2424,20.299,8.343,119.86
2425,20.308,8.656,115.53
2426,20.316,8.316,120.25
2427,20.325,8.395,119.12
2428,20.333,8.659,115.49
2429,20.341,8.124,123.09
2430,20.350,8.155,122.62
2431,20.358,8.574,116.63
2432,20.366,8.188,122.13
2433,20.374,8.131,122.99
2434,20.383,8.523,117.33
2435,20.391,8.207,121.85
2436,20.399,8.269,120.93
2437,20.407,8.025,124.61
2438,20.416,8.571,116.67
2439,20.424,8.199,121.97
2440,20.433,8.327,120.09
2441,20.441,8.457,118.25
2442,20.449,8.207,121.85
2443,20.458,8.439,118.50
2444,20.466,8.276,120.83
2445,20.475,8.837,113.16
2446,20.483,8.187,122.14
2447,20.491,8.359,119.63
2448,20.500,8.331,120.03
2449,20.508,8.529,117.25
2450,20.516,8.069,123.93
2451,20.524,8.080,123.76
2452,20.533,8.574,116.63
2453,20.541,8.223,121.61
2454,20.549,8.178,122.28
2455,20.558,8.193,122.06
2456,20.566,8.588,116.44
2457,20.574,8.338,119.93
2458,20.583,8.488,117.81
2459,20.591,8.089,123.62
2460,20.599,8.378,119.36
2461,20.608,8.418,118.79
2462,20.616,8.140,122.85
2463,20.624,8.407,118.95
2464,20.633,8.271,120.90
2465,20.641,8.239,121.37
2466,20.649,8.430,118.62
2467,20.658,8.343,119.86
2468,20.666,8.402,119.02
2469,20.674,8.136,122.91
2470,20.683,8.544,117.04
2471,20.691,8.366,119.53
2472,20.699,8.332,120.02
2473,20.708,8.432,118.60
2474,20.716,8.567,116.73
2475,20.725,8.108,123.33
2476,20.733,8.051,124.21
2477,20.741,8.405,118.98
2478,20.749,8.326,120.11
2479,20.757,8.066,123.98
2480,20.766,8.371,119.46
2481,20.774,8.458,118.23
2482,20.783,8.597,116.32
2483,20.791,8.254,121.15
2484,20.799,8.169,122.41
2485,20.807,8.250,121.21
2486,20.816,8.627,115.92
2487,20.824,8.287,120.67
2488,20.833,8.215,121.73
2489,20.841,8.450,118.34
2490,20.849,8.429,118.64
2491,20.858,8.584,116.50
2492,20.866,8.341,119.89
2493,20.875,8.115,123.23
2494,20.883,8.373,119.43
2495,20.892,8.648,115.63
2496,20.900,8.236,121.42
2497,20.908,8.095,123.53
2498,20.916,8.457,118.25
2499,20.928,11.999,83.34
2500,20.940,12.151,82.30
2501,20.947,6.030,165.84
2502,20.957,10.945,91.37
2503,20.966,8.494,117.73
2504,20.974,8.128,123.03
2505,20.983,8.566,116.74
2506,20.991,8.403,119.01
2507,20.999,8.368,119.50
2508,21.008,8.530,117.23
2509,21.016,8.410,118.91
2510,21.025,8.302,120.45
2511,21.033,8.289,120.64
2512,21.041,8.386,119.25
2513,21.050,8.181,122.23
2514,21.058,8.286,120.69
2515,21.066,8.318,120.22
2516,21.075,8.468,118.09
2517,21.083,8.161,122.53
2518,21.091,8.190,122.10
2519,21.099,8.181,122.23
2520,21.107,8.210,121.80
2521,21.116,8.246,121.27
2522,21.124,8.399,119.06
2523,21.132,8.413,118.86
2524,21.141,8.245,121.29
2525,21.149,8.277,120.82
2526,21.157,8.403,119.01
2527,21.166,8.319,120.21
2528,21.174,8.357,119.66
2529,21.182,8.395,119.12
2530,21.191,8.323,120.15
2531,21.199,8.232,121.48
2532,21.207,8.476,117.98
2533,21.216,8.316,120.25
2534,21.224,8.281,120.76
2535,21.232,8.306,120.39
2536,21.241,8.428,118.65
2537,21.249,8.125,123.08
2538,21.257,8.367,119.52
2539,21.266,8.398,119.08
2540,21.274,8.433,118.58
2541,21.282,8.404,118.99
2542,21.291,8.427,118.67
2543,21.299,8.171,122.38
2544,21.308,8.491,117.77
2545,21.316,8.327,120.09
2546,21.324,8.322,120.16
2547,21.333,8.303,120.44
2548,21.341,8.164,122.49
2549,21.349,8.211,121.79
2550,21.357,8.423,118.72
2551,21.366,8.298,120.51
2552,21.374,8.569,116.70
2553,21.382,8.206,121.86
2554,21.391,8.511,117.50
2555,21.399,8.036,124.44
2556,21.407,8.483,117.88
2557,21.416,8.297,120.53
2558,21.424,8.426,118.68
2559,21.432,8.174,122.34
2560,21.441,8.553,116.92
2561,21.449,8.310,120.34
2562,21.457,8.255,121.14
2563,21.466,8.159,122.56
2564,21.474,8.504,117.59
2565,21.483,8.428,118.65
2566,21.491,8.090,123.61
2567,21.500,8.897,112.40
2568,21.508,8.574,116.63
2569,21.516,8.282,120.74
2570,21.525,8.245,121.29
2571,21.534,9.040,110.62
2572,21.542,7.980,125.31
2573,21.549,7.848,127.42
2574,21.558,8.188,122.13
2575,21.566,8.074,123.85
2576,21.574,8.431,118.61
2577,21.582,8.238,121.39
2578,21.591,8.315,120.26
2579,21.599,8.434,118.57
2580,21.607,8.264,121.01
2581,21.616,8.482,117.90
2582,21.624,8.187,122.14
2583,21.632,8.348,119.79
2584,21.641,8.296,120.54
2585,21.649,8.187,122.14
2586,21.657,8.540,117.10
2587,21.666,8.193,122.06
2588,21.674,8.380,119.33
2589,21.682,8.262,121.04
2590,21.691,8.510,117.51
2591,21.699,8.162,122.52
2592,21.708,8.566,116.74
2593,21.716,8.088,123.64
2594,21.724,8.446,118.40
2595,21.733,8.464,118.15
2596,21.741,8.191,122.09
2597,21.749,8.434,118.57
2598,21.757,8.123,123.11
2599,21.766,8.561,116.81
2600,21.774,8.321,120.18
2601,21.782,8.332,120.02
2602,21.791,8.223,121.61
2603,21.799,8.220,121.65
2604,21.807,8.345,119.83
2605,21.816,8.419,118.78
2606,21.824,8.227,121.55
2607,21.832,8.403,119.01
2608,21.841,8.481,117.91
2609,21.849,8.248,121.24
2610,21.857,8.437,118.53
2611,21.866,8.167,122.44
2612,21.874,8.506,117.56
2613,21.882,8.210,121.80
2614,21.891,8.473,118.02
2615,21.899,8.415,118.84
2616,21.908,8.269,120.93
2617,21.916,8.389,119.20
2618,21.924,8.369,119.49
2619,21.932,8.140,122.85
2620,21.941,8.465,118.13
2621,21.949,8.229,121.52
2622,21.958,8.388,119.22
2623,21.966,8.391,119.18
2624,21.974,8.460,118.20
2625,21.983,8.247,121.26
2626,21.991,8.469,118.08
2627,21.999,8.365,119.55
2628,22.008,8.439,118.50
2629,22.016,8.383,119.29
2630,22.025,8.502,117.62
2631,22.033,8.142,122.82
2632,22.042,8.646,115.66
2633,22.051,9.185,108.87
2634,22.059,8.144,122.79
2635,22.067,7.775,128.62
2636,22.074,7.827,127.76
2637,22.083,8.165,122.47
2638,22.091,8.124,123.09
2639,22.099,8.236,121.42
2640,22.107,8.333,120.00
2641,22.116,8.465,118.13
2642,22.124,8.140,122.85
2643,22.132,8.488,117.81
2644,22.141,8.376,119.39
2645,22.149,8.354,119.70
2646,22.157,8.116,123.21
2647,22.166,8.578,116.58
2648,22.174,8.354,119.70
2649,22.182,8.152,122.67
2650,22.191,8.511,117.50
2651,22.199,8.258,121.09
2652,22.207,8.217,121.70
2653,22.216,8.262,121.04
2654,22.224,8.389,119.20
2655,22.232,8.282,120.74
2656,22.241,8.557,116.86
2657,22.249,8.374,119.42
2658,22.257,8.196,122.01
2659,22.266,8.447,118.39
2660,22.274,8.223,121.61
2661,22.282,8.230,121.51
2662,22.291,8.238,121.39
2663,22.299,8.607,116.18
2664,22.307,8.156,122.61
2665,22.316,8.499,117.66
2666,22.324,8.240,121.36
2667,22.332,8.202,121.92
2668,22.341,8.624,115.96
2669,22.349,8.145,122.77
2670,22.357,8.254,121.15
2671,22.366,8.387,119.23
2672,22.374,8.446,118.40
2673,22.382,8.266,120.98
2674,22.391,8.334,119.99
2675,22.399,8.291,120.61
2676,22.407,8.286,120.69
2677,22.416,8.519,117.38
2678,22.424,8.194,122.04
2679,22.433,8.514,117.45
2680,22.441,8.407,118.95
2681,22.449,8.113,123.26
2682,22.458,8.529,117.25
2683,22.466,8.251,121.20
2684,22.474,8.374,119.42
2685,22.482,8.146,122.76
2686,22.491,8.497,117.69
2687,22.499,8.304,120.42
2688,22.507,8.153,122.65
2689,22.516,8.524,117.32
2690,22.524,8.166,122.46
2691,22.532,8.377,119.37
2692,22.541,8.484,117.87
2693,22.549,8.280,120.77
2694,22.557,8.160,122.55
2695,22.566,8.531,117.22
2696,22.574,8.188,122.13
2697,22.583,8.521,117.36
2698,22.591,8.151,122.68
2699,22.599,8.301,120.47
2700,22.608,8.551,116.95
2701,22.616,8.322,120.16
2702,22.624,8.158,122.58
2703,22.632,8.340,119.90
2704,22.641,8.525,117.30
2705,22.649,8.144,122.79
2706,22.657,8.444,118.43
2707,22.666,8.405,118.98
2708,22.674,8.123,123.11
2709,22.683,8.508,117.54
2710,22.691,8.156,122.61
2711,22.699,8.288,120.66
2712,22.708,8.589,116.43
2713,22.716,8.183,122.20
2714,22.724,8.337,119.95
2715,22.732,8.291,120.61
2716,22.741,8.257,121.11
2717,22.749,8.337,119.95
2718,22.757,8.550,116.96
2719,22.766,8.289,120.64
2720,22.774,8.311,120.32
2721,22.782,8.183,122.20
2722,22.791,8.498,117.67
2723,22.799,8.249,121.23
2724,22.807,8.217,121.70
2725,22.816,8.363,119.57
2726,22.824,8.549,116.97
2727,22.833,8.449,118.36
2728,22.841,8.364,119.56
2729,22.849,8.232,121.48
2730,22.857,8.252,121.18
2731,22.866,8.468,118.09
2732,22.874,8.297,120.53
2733,22.882,8.290,120.63
2734,22.891,8.481,117.91
2735,22.899,8.191,122.09
2736,22.908,8.467,118.11
2737,22.916,8.177,122.29
2738,22.924,8.363,119.57
2739,22.932,8.315,120.26
2740,22.941,8.555,116.89
2741,22.949,8.275,120.85
2742,22.958,8.343,119.86
2743,22.966,8.370,119.47
2744,22.974,8.195,122.03
2745,22.983,8.447,118.39
2746,22.991,8.136,122.91
2747,22.999,8.634,115.82
2748,23.008,8.518,117.40
2749,23.016,8.308,120.37
2750,23.025,8.268,120.95
2751,23.033,8.385,119.26
2752,23.041,8.313,120.29
2753,23.049,8.201,121.94
2754,23.058,8.525,117.30
2755,23.066,8.250,121.21
2756,23.074,8.087,123.66
2757,23.083,8.296,120.54
2758,23.091,8.346,119.82
2759,23.099,8.058,124.10
2760,23.107,8.342,119.88
2761,23.116,8.422,118.74
2762,23.124,8.518,117.40
2763,23.132,8.209,121.82
2764,23.141,8.382,119.30
2765,23.149,8.086,123.67
2766,23.158,8.576,116.60
2767,23.166,8.200,121.95
2768,23.174,8.330,120.05
2769,23.182,8.247,121.26
2770,23.191,8.578,116.58
2771,23.199,8.169,122.41
2772,23.207,8.329,120.06
2773,23.216,8.433,118.58
2774,23.224,8.197,122.00
2775,23.232,8.150,122.70
2776,23.241,8.709,114.82
2777,23.249,8.550,116.96
2778,23.258,8.333,120.00
2779,23.266,8.196,122.01
2780,23.274,8.188,122.13
2781,23.282,8.070,123.92
2782,23.291,8.379,119.35
2783,23.299,8.300,120.48
2784,23.308,8.673,115.30
2785,23.316,8.424,118.71
2786,23.324,8.218,121.68
2787,23.332,8.158,122.58
2788,23.341,8.519,117.38
2789,23.349,8.091,123.59
2790,23.357,8.411,118.89
2791,23.366,8.328,120.08
2792,23.374,8.545,117.03
2793,23.382,8.173,122.35
2794,23.391,8.477,117.97
2795,23.399,8.232,121.48
2796,23.407,8.186,122.16
2797,23.416,8.464,118.15
2798,23.424,8.411,118.89
2799,23.432,8.262,121.04
2800,23.441,8.259,121.08
2801,23.449,8.433,118.58
2802,23.457,8.289,120.64
2803,23.466,8.440,118.48
2804,23.474,8.302,120.45
2805,23.482,8.221,121.64
2806,23.491,8.278,120.80
2807,23.499,8.482,117.90
2808,23.507,8.300,120.48
2809,23.516,8.319,120.21
2810,23.524,8.444,118.43
2811,23.533,8.367,119.52
2812,23.541,8.175,122.32
2813,23.549,8.211,121.79
2814,23.557,8.436,118.54
2815,23.566,8.281,120.76
2816,23.574,8.468,118.09
2817,23.582,8.063,124.02
2818,23.591,8.386,119.25
2819,23.599,8.360,119.62
2820,23.607,8.392,119.16
2821,23.616,8.452,118.32
2822,23.624,8.242,121.33
2823,23.632,8.265,120.99
2824,23.641,8.299,120.50
2825,23.649,8.270,120.92
2826,23.658,8.647,115.65
2827,23.666,8.292,120.60
2828,23.674,8.123,123.11
2829,23.683,8.572,116.66
2830,23.691,8.074,123.85
2831,23.699,8.397,119.09
2832,23.707,8.377,119.37
2833,23.716,8.316,120.25
2834,23.725,8.952,111.71
2835,23.733,8.242,121.33
2836,23.741,8.555,116.89
2837,23.750,8.180,122.25
2838,23.758,8.787,113.80
2839,23.767,8.162,122.52
2840,23.774,7.856,127.29
2841,23.783,8.221,121.64
2842,23.791,8.172,122.37
2843,23.799,8.257,121.11
2844,23.807,8.252,121.18
2845,23.816,8.342,119.88
2846,23.824,8.377,119.37
2847,23.832,8.388,119.22
2848,23.841,8.261,121.05
2849,23.849,8.431,118.61
2850,23.858,8.421,118.75
2851,23.866,8.196,122.01
2852,23.874,8.454,118.29
2853,23.883,8.336,119.96
2854,23.891,8.182,122.22
2855,23.899,8.621,116.00
2856,23.908,8.368,119.50
2857,23.916,8.191,122.09
2858,23.924,8.454,118.29
2859,23.933,8.152,122.67
2860,23.941,8.419,118.78
2861,23.949,8.205,121.88
2862,23.958,8.625,115.94
2863,23.966,8.294,120.57
2864,23.974,8.112,123.27
2865,23.982,8.233,121.46
2866,23.991,8.498,117.67
2867,23.999,8.400,119.05
2868,24.008,8.497,117.69
2869,24.016,8.445,118.41
2870,24.024,8.127,123.05
2871,24.033,8.294,120.57
2872,24.041,8.448,118.37
2873,24.050,8.443,118.44
2874,24.058,8.194,122.04
2875,24.066,8.306,120.39
2876,24.074,8.284,120.71
2877,24.082,8.138,122.88
2878,24.091,8.316,120.25
2879,24.099,8.177,122.29
2880,24.107,8.373,119.43
2881,24.116,8.325,120.12
2882,24.124,8.390,119.19
2883,24.132,8.339,119.92
2884,24.141,8.445,118.41
2885,24.149,8.156,122.61
2886,24.157,8.283,120.73
2887,24.166,8.641,115.73
2888,24.174,8.334,119.99
2889,24.182,8.096,123.52
2890,24.191,8.534,117.18
2891,24.199,8.301,120.47
2892,24.208,8.361,119.60
2893,24.216,8.301,120.47
2894,24.224,8.069,123.93
2895,24.232,8.412,118.88
2896,24.241,8.306,120.39
2897,24.249,8.488,117.81
2898,24.258,8.588,116.44
2899,24.266,7.989,125.17
2900,24.274,8.479,117.94
2901,24.282,8.177,122.29
2902,24.291,8.288,120.66
2903,24.299,8.431,118.61
2904,24.307,8.256,121.12
2905,24.316,8.327,120.09
2906,24.324,8.572,116.66
2907,24.333,8.393,119.15
2908,24.341,8.314,120.28
2909,24.350,8.677,115.25
2910,24.358,8.224,121.60
2911,24.366,8.250,121.21
2912,24.375,8.557,116.86
2913,24.383,8.438,118.51
2914,24.391,8.273,120.88
2915,24.400,8.349,119.77
2916,24.408,8.310,120.34
2917,24.416,7.858,127.26
2918,24.424,8.146,122.76
2919,24.432,8.355,119.69
2920,24.441,8.447,118.39
2921,24.449,8.172,122.37
2922,24.457,8.487,117.83
2923,24.466,8.534,117.18
2924,24.474,8.363,119.57
2925,24.483,8.255,121.14
2926,24.491,8.644,115.69
2927,24.499,8.063,124.02
2928,24.508,8.302,120.45
2929,24.516,8.311,120.32
2930,24.524,8.106,123.37
2931,24.532,8.239,121.37
2932,24.541,8.342,119.88
2933,24.549,8.531,117.22
2934,24.557,8.178,122.28
2935,24.566,8.546,117.01
2936,24.574,8.065,123.99
2937,24.582,8.265,120.99
2938,24.591,8.377,119.37
2939,24.599,8.399,119.06
2940,24.607,8.348,119.79
2941,24.616,8.240,121.36
2942,24.624,8.535,117.16
2943,24.632,8.272,120.89
2944,24.641,8.433,118.58
2945,24.649,8.440,118.48
2946,24.658,8.237,121.40
2947,24.666,8.385,119.26
2948,24.674,8.425,118.69
2949,24.683,8.407,118.95
2950,24.691,8.405,118.98
2951,24.699,8.113,123.26
2952,24.707,8.183,122.20
2953,24.716,8.359,119.63
2954,24.724,8.312,120.31
2955,24.732,8.245,121.29
2956,24.741,8.228,121.54
2957,24.749,8.357,119.66
2958,24.757,8.304,120.42
2959,24.766,8.347,119.80
2960,24.774,8.318,120.22
2961,24.782,8.387,119.23
2962,24.791,8.355,119.69
2963,24.799,8.286,120.69
2964,24.807,8.307,120.38
2965,24.816,8.354,119.70
2966,24.824,8.446,118.40
2967,24.832,8.185,122.17
2968,24.841,8.420,118.76
2969,24.849,8.377,119.37
2970,24.858,8.595,116.35
2971,24.866,8.272,120.89
2972,24.874,8.345,119.83
2973,24.882,8.007,124.89
2974,24.891,8.582,116.52
2975,24.899,8.110,123.30
2976,24.907,8.561,116.81
2977,24.916,8.388,119.22
2978,24.924,8.135,122.93
2979,24.933,8.571,116.67
2980,24.941,8.263,121.02
2981,24.949,8.478,117.95
2982,24.958,8.294,120.57
2983,24.966,8.136,122.91
2984,24.974,8.267,120.96
2985,24.982,8.454,118.29
2986,24.991,8.371,119.46
2987,24.999,8.471,118.05
2988,25.008,8.347,119.80
2989,25.016,8.148,122.73
2990,25.024,8.371,119.46
2991,25.033,8.357,119.66
2992,25.041,8.434,118.57
2993,25.049,8.116,123.21
2994,25.057,8.295,120.55
2995,25.066,8.450,118.34
2996,25.074,8.270,120.92
2997,25.082,8.211,121.79
2998,25.091,8.274,120.86
2999,25.099,8.337,119.95
3000,25.107,8.344,119.85
3001,25.116,8.472,118.04
3002,25.124,8.446,118.40
3003,25.132,8.122,123.12
3004,25.141,8.348,119.79
3005,25.149,8.258,121.09
3006,25.157,8.331,120.03
3007,25.166,8.427,118.67
3008,25.174,8.224,121.60
3009,25.182,8.577,116.59
3010,25.191,8.143,122.80
3011,25.199,8.562,116.80
3012,25.207,8.283,120.73
3013,25.216,8.224,121.60
3014,25.224,8.235,121.43
3015,25.232,8.568,116.71
3016,25.241,8.240,121.36
3017,25.249,8.390,119.19
3018,25.257,8.139,122.87
3019,25.266,8.503,117.61
3020,25.274,8.140,122.85
3021,25.282,8.373,119.43
3022,25.291,8.485,117.86
3023,25.299,8.186,122.16
3024,25.307,8.398,119.08
3025,25.316,8.420,118.76
3026,25.324,8.368,119.50
3027,25.332,8.095,123.53
3028,25.341,8.303,120.44
3029,25.349,8.609,116.16
3030,25.357,8.143,122.80
3031,25.366,8.326,120.11
3032,25.374,8.424,118.71
3033,25.382,8.345,119.83
3034,25.391,8.527,117.27
3035,25.399,8.207,121.85
3036,25.407,8.388,119.22
3037,25.416,8.131,122.99
3038,25.424,8.281,120.76
3039,25.432,8.597,116.32
3040,25.441,8.384,119.27
3041,25.449,8.179,122.26
3042,25.457,8.431,118.61
3043,25.466,8.242,121.33
3044,25.474,8.465,118.13
3045,25.483,8.335,119.98
3046,25.491,8.196,122.01
3047,25.499,8.163,122.50
3048,25.508,8.630,115.87
3049,25.516,8.198,121.98
3050,25.524,8.421,118.75
3051,25.532,8.274,120.86
3052,25.541,8.384,119.27
3053,25.549,8.136,122.91
3054,25.557,8.394,119.13
3055,25.566,8.328,120.08
3056,25.574,8.313,120.29
3057,25.582,8.380,119.33
3058,25.591,8.477,117.97
3059,25.599,8.232,121.48
3060,25.607,8.397,119.09
3061,25.616,8.361,119.60
3062,25.624,8.159,122.56
3063,25.632,8.300,120.48
3064,25.641,8.423,118.72
3065,25.649,8.332,120.02
3066,25.657,8.319,120.21
3067,25.666,8.468,118.09
3068,25.674,8.249,121.23
3069,25.682,8.182,122.22
3070,25.691,8.418,118.79
3071,25.699,8.505,117.58
3072,25.707,8.228,121.54
3073,25.716,8.183,122.20
3074,25.724,8.498,117.67
3075,25.732,8.228,121.54
3076,25.741,8.456,118.26
3077,25.749,8.172,122.37
3078,25.757,8.407,118.95
3079,25.766,8.387,119.23
3080,25.774,8.238,121.39
3081,25.782,8.343,119.86
3082,25.791,8.468,118.09
3083,25.799,8.165,122.47
3084,25.807,8.324,120.13
3085,25.816,8.635,115.81
3086,25.824,8.338,119.93
3087,25.832,8.122,123.12
3088,25.841,8.536,117.15
3089,25.849,8.295,120.55
3090,25.857,8.126,123.06
3091,25.866,8.528,117.26
3092,25.874,8.363,119.57
3093,25.883,8.307,120.38
3094,25.891,8.424,118.71
3095,25.899,8.204,121.89
3096,25.908,8.375,119.40
3097,25.916,8.423,118.72
3098,25.924,8.370,119.47
3099,25.932,8.167,122.44
3100,25.941,8.574,116.63
3101,25.949,8.368,119.50
3102,25.958,8.601,116.27
3103,25.967,8.628,115.90
3104,25.975,8.190,122.10
3105,25.983,8.268,120.95
3106,25.992,8.411,118.89
3107,26.000,8.604,116.23
3108,26.008,8.262,121.04
3109,26.016,7.926,126.17
3110,26.024,8.155,122.62
3111,26.033,8.367,119.52
3112,26.041,8.303,120.44
3113,26.050,8.516,117.43
3114,26.058,8.197,122.00
3115,26.066,8.254,121.15
3116,26.074,8.279,120.79
3117,26.083,8.265,120.99
3118,26.091,8.634,115.82
3119,26.100,8.231,121.49
3120,26.108,8.163,122.50
3121,26.116,8.260,121.07
3122,26.124,8.087,123.66
3123,26.132,8.386,119.25
3124,26.141,8.370,119.47
3125,26.149,8.255,121.14
3126,26.157,8.126,123.06
3127,26.166,8.857,112.91
3128,26.174,8.067,123.96
3129,26.182,8.348,119.79
3130,26.191,8.204,121.89
3131,26.199,8.329,120.06
3132,26.207,8.528,117.26
3133,26.216,8.109,123.32
3134,26.224,8.351,119.75
3135,26.232,8.527,117.27
3136,26.241,8.423,118.72
3137,26.249,8.241,121.34
3138,26.257,8.202,121.92
3139,26.266,8.586,116.47
3140,26.274,8.033,124.49
3141,26.282,8.349,119.77
3142,26.291,8.335,119.98
3143,26.299,8.384,119.27
3144,26.307,8.327,120.09
3145,26.316,8.280,120.77
3146,26.324,8.302,120.45
3147,26.332,8.516,117.43
3148,26.341,8.257,121.11
3149,26.349,8.281,120.76
3150,26.357,8.445,118.41
3151,26.366,8.460,118.20
3152,26.374,8.152,122.67
3153,26.382,8.263,121.02
3154,26.391,8.554,116.90
3155,26.399,8.467,118.11
3156,26.408,8.200,121.95
3157,26.416,8.147,122.74
3158,26.424,8.308,120.37
3159,26.432,8.438,118.51
3160,26.441,8.438,118.51
3161,26.449,8.613,116.10
3162,26.458,8.065,123.99
3163,26.466,8.221,121.64
3164,26.474,8.724,114.63
3165,26.483,8.046,124.29
3166,26.491,8.510,117.51
3167,26.499,8.023,124.64
3168,26.508,8.507,117.55
3169,26.516,8.267,120.96
3170,26.524,8.212,121.77
3171,26.532,8.377,119.37
3172,26.541,8.234,121.45
3173,26.549,8.280,120.77
3174,26.557,8.310,120.34
3175,26.566,8.571,116.67
3176,26.574,8.114,123.24
3177,26.582,8.320,120.19
3178,26.591,8.610,116.14
3179,26.599,8.272,120.89
3180,26.607,8.113,123.26
3181,26.616,8.425,118.69
3182,26.624,8.486,117.84
3183,26.632,8.122,123.12
3184,26.641,8.469,118.08
3185,26.649,8.456,118.26
3186,26.657,8.109,123.32
3187,26.666,8.458,118.23
3188,26.674,8.168,122.43
3189,26.682,8.335,119.98
3190,26.691,8.462,118.18
3191,26.699,8.310,120.34
3192,26.707,8.321,120.18
3193,26.716,8.407,118.95
3194,26.724,8.234,121.45
3195,26.732,8.255,121.14
3196,26.741,8.363,119.57
3197,26.749,8.280,120.77
3198,26.758,8.631,115.86
3199,26.766,8.437,118.53
3200,26.774,8.203,121.91
3201,26.782,8.248,121.24
3202,26.791,8.555,116.89
3203,26.799,8.090,123.61
3204,26.807,8.223,121.61
3205,26.816,8.555,116.89
3206,26.824,8.359,119.63
3207,26.832,8.095,123.53
3208,26.841,8.424,118.71
3209,26.849,8.357,119.66
3210,26.858,8.525,117.30
3211,26.866,8.111,123.29
3212,26.874,8.473,118.02
3213,26.882,8.148,122.73
3214,26.891,8.443,118.44
3215,26.899,8.558,116.85
3216,26.907,7.975,125.39
3217,26.916,8.629,115.89
3218,26.924,8.324,120.13
3219,26.933,8.396,119.10
3220,26.941,8.486,117.84
3221,26.950,8.388,119.22
3222,26.958,8.216,121.71
3223,26.966,8.302,120.45
3224,26.974,8.227,121.55
3225,26.983,8.267,120.96
3226,26.991,8.538,117.12
3227,27.000,8.441,118.47
3228,27.008,8.282,120.74
3229,27.016,8.472,118.04
3230,27.025,8.270,120.92
3231,27.033,8.344,119.85
3232,27.041,8.352,119.73
3233,27.049,8.145,122.77
3234,27.058,8.346,119.82
3235,27.066,8.102,123.43
3236,27.075,8.716,114.73
3237,27.083,8.264,121.01
3238,27.091,7.972,125.44
3239,27.099,8.451,118.33
3240,27.107,8.100,123.46
3241,27.116,8.298,120.51
3242,27.124,8.446,118.40
3243,27.133,8.468,118.09
3244,27.141,8.681,115.19
3245,27.149,7.922,126.23
3246,27.157,8.163,122.50
3247,27.166,8.254,121.15
3248,27.174,8.376,119.39
3249,27.182,8.429,118.64
3250,27.191,8.248,121.24
3251,27.199,8.427,118.67
3252,27.207,8.393,119.15
3253,27.216,8.130,123.00
3254,27.224,8.591,116.40
3255,27.232,8.138,122.88
3256,27.241,8.368,119.50
3257,27.249,8.466,118.12
3258,27.257,8.297,120.53
3259,27.266,8.304,120.42
3260,27.274,8.279,120.79
3261,27.282,8.210,121.80
3262,27.291,8.474,118.01
3263,27.299,8.164,122.49
3264,27.307,8.530,117.23
3265,27.316,8.521,117.36
3266,27.324,8.350,119.76
3267,27.332,8.097,123.50
3268,27.341,8.410,118.91
3269,27.349,8.452,118.32
3270,27.357,8.037,124.42
3271,27.366,8.437,118.53
3272,27.374,8.477,117.97
3273,27.382,8.187,122.14
3274,27.391,8.347,119.80
3275,27.399,8.234,121.45
3276,27.408,8.546,117.01
3277,27.416,8.192,122.07
3278,27.424,8.421,118.75
3279,27.432,8.199,121.97
3280,27.441,8.636,115.79
3281,27.449,8.326,120.11
3282,27.457,8.127,123.05
3283,27.466,8.483,117.88
3284,27.474,8.071,123.90
3285,27.482,8.386,119.25
3286,27.491,8.235,121.43
3287,27.499,8.595,116.35
3288,27.507,8.105,123.38
3289,27.516,8.487,117.83
3290,27.524,8.180,122.25
3291,27.533,8.624,115.96
3292,27.541,8.301,120.47
3293,27.549,8.422,118.74
3294,27.557,8.041,124.36
3295,27.566,8.348,119.79
3296,27.574,8.450,118.34
3297,27.582,8.140,122.85
3298,27.591,8.502,117.62
3299,27.599,8.109,123.32
3300,27.607,8.431,118.61
3301,27.616,8.293,120.58
3302,27.624,8.334,119.99
3303,27.632,8.239,121.37
3304,27.641,8.677,115.25
3305,27.649,8.236,121.42
3306,27.657,8.383,119.29
3307,27.666,8.140,122.85
3308,27.674,8.510,117.51
3309,27.682,8.062,124.04
3310,27.691,8.501,117.63
3311,27.699,8.190,122.10
3312,27.707,8.592,116.39
3313,27.716,8.383,119.29
3314,27.724,8.241,121.34
3315,27.732,8.219,121.67
3316,27.741,8.422,118.74
3317,27.749,8.339,119.92
3318,27.757,8.400,119.05
3319,27.766,8.080,123.76
3320,27.774,8.598,116.31
3321,27.782,8.283,120.73
3322,27.791,8.241,121.34
3323,27.799,8.309,120.35
3324,27.807,8.328,120.08
3325,27.816,8.482,117.90
3326,27.824,8.213,121.76
3327,27.832,8.357,119.66
3328,27.841,8.488,117.81
3329,27.849,8.200,121.95
3330,27.857,8.428,118.65
3331,27.866,8.206,121.86
3332,27.874,8.247,121.26
3333,27.882,8.316,120.25
3334,27.891,8.697,114.98
3335,27.899,8.124,123.09
3336,27.907,8.279,120.79
3337,27.916,8.428,118.65
3338,27.924,8.608,116.17
3339,27.933,8.232,121.48
3340,27.941,8.278,120.80
3341,27.949,8.200,121.95
3342,27.957,8.263,121.02
3343,27.966,8.614,116.09
3344,27.974,8.067,123.96
3345,27.983,8.490,117.79
3346,27.991,8.405,118.98
3347,27.999,8.354,119.70
3348,28.008,8.645,115.67
3349,28.016,8.213,121.76
3350,28.024,8.171,122.38
3351,28.033,8.205,121.88
3352,28.041,8.724,114.63
3353,28.050,8.271,120.90
3354,28.058,8.160,122.55
3355,28.066,8.340,119.90
3356,28.074,8.392,119.16
3357,28.083,8.244,121.30
3358,28.091,8.047,124.27
3359,28.099,8.317,120.24
3360,28.108,8.770,114.03
3361,28.116,8.365,119.55
3362,28.125,8.726,114.60
3363,28.133,8.157,122.59
3364,28.142,8.772,114.00
3365,28.151,8.970,111.48
3366,28.158,7.474,133.80
3367,28.166,7.646,130.79
3368,28.174,8.175,122.32
3369,28.182,8.216,121.71
3370,28.191,8.502,117.62
3371,28.199,8.272,120.89
3372,28.207,8.157,122.59
3373,28.216,8.368,119.50
3374,28.224,8.438,118.51
3375,28.232,8.259,121.08
3376,28.241,8.342,119.88
3377,28.249,8.235,121.43
3378,28.258,8.671,115.33
3379,28.266,8.262,121.04
3380,28.274,8.484,117.87
3381,28.283,8.279,120.79
3382,28.291,8.132,122.97
3383,28.299,8.323,120.15
3384,28.307,8.290,120.63
3385,28.316,8.539,117.11
3386,28.324,8.344,119.85
3387,28.332,8.168,122.43
3388,28.341,8.328,120.08
3389,28.349,8.248,121.24
3390,28.357,8.307,120.38
3391,28.366,8.533,117.19
3392,28.374,8.520,117.37
3393,28.383,8.278,120.80
3394,28.391,8.518,117.40
3395,28.399,7.935,126.02
3396,28.407,8.401,119.03
3397,28.416,8.300,120.48
3398,28.424,8.195,122.03
3399,28.432,8.568,116.71
3400,28.441,8.311,120.32
3401,28.449,8.244,121.30
3402,28.457,8.435,118.55
3403,28.466,8.336,119.96
3404,28.474,8.119,123.17
3405,28.482,8.338,119.93
3406,28.491,8.590,116.41
3407,28.499,8.033,124.49
3408,28.507,8.327,120.09
3409,28.516,8.553,116.92
3410,28.524,8.155,122.62
3411,28.532,8.296,120.54
3412,28.541,8.328,120.08
3413,28.549,8.505,117.58
3414,28.557,8.222,121.62
3415,28.566,8.351,119.75
3416,28.574,8.316,120.25
3417,28.582,8.306,120.39
3418,28.591,8.572,116.66
3419,28.599,8.200,121.95
3420,28.607,8.349,119.77
3421,28.616,8.272,120.89
3422,28.624,8.387,119.23
3423,28.632,8.201,121.94
3424,28.641,8.478,117.95
3425,28.649,8.140,122.85
3426,28.657,8.342,119.88
3427,28.666,8.575,116.62
3428,28.674,8.171,122.38
3429,28.682,8.510,117.51
3430,28.691,8.183,122.20
3431,28.699,8.376,119.39
3432,28.707,8.254,121.15
3433,28.716,8.311,120.32
3434,28.724,8.349,119.77
3435,28.732,8.497,117.69
3436,28.741,8.292,120.60
3437,28.749,8.419,118.78
3438,28.757,8.346,119.82
3439,28.766,8.242,121.33
3440,28.774,8.202,121.92
3441,28.782,8.375,119.40
3442,28.791,8.387,119.23
3443,28.799,8.273,120.88
3444,28.807,8.303,120.44
3445,28.816,8.342,119.88
3446,28.824,8.494,117.73
3447,28.832,8.156,122.61
3448,28.841,8.401,119.03
3449,28.849,8.515,117.44
3450,28.857,8.187,122.14
3451,28.866,8.364,119.56
3452,28.874,8.204,121.89
3453,28.882,8.353,119.72
3454,28.891,8.611,116.13
3455,28.899,8.131,122.99
3456,28.907,8.419,118.78
3457,28.916,8.465,118.13
3458,28.924,8.087,123.66
3459,28.933,8.555,116.89
3460,28.941,8.454,118.29
3461,28.949,8.266,120.98
3462,28.957,8.132,122.97
3463,28.966,8.518,117.40
3464,28.974,8.401,119.03
3465,28.983,8.334,119.99
3466,28.991,8.223,121.61
3467,28.999,8.598,116.31
3468,29.008,8.416,118.82
3469,29.016,8.066,123.98
3470,29.024,8.499,117.66
3471,29.033,8.380,119.33
3472,29.041,8.188,122.13
3473,29.050,8.543,117.05
3474,29.058,8.182,122.22
3475,29.066,8.327,120.09
3476,29.074,7.984,125.25
3477,29.082,8.321,120.18
3478,29.091,8.262,121.04
3479,29.099,8.433,118.58
3480,29.107,8.354,119.70
3481,29.116,8.342,119.88
3482,29.124,8.423,118.72
3483,29.132,8.206,121.86
3484,29.141,8.327,120.09
3485,29.149,8.464,118.15
3486,29.157,8.071,123.90
3487,29.166,8.381,119.32
3488,29.174,8.387,119.23
3489,29.183,8.534,117.18
3490,29.191,8.380,119.33
3491,29.199,8.138,122.88
3492,29.208,8.550,116.96
3493,29.216,8.387,119.23
3494,29.224,8.391,119.18
3495,29.233,8.464,118.15
3496,29.242,8.725,114.61
3497,29.250,8.279,120.79
3498,29.258,8.340,119.90
3499,29.266,8.191,122.09
3500,29.275,8.261,121.05
3501,29.283,8.262,121.04
3502,29.291,8.207,121.85
3503,29.300,8.389,119.20
3504,29.308,8.109,123.32
3505,29.316,8.002,124.97
3506,29.324,8.633,115.83
3507,29.333,8.351,119.75
3508,29.341,8.287,120.67
3509,29.349,8.216,121.71
3510,29.357,8.201,121.94
3511,29.366,8.260,121.07
3512,29.374,8.464,118.15
3513,29.383,8.616,116.06
3514,29.391,8.463,118.16
3515,29.399,8.200,121.95
3516,29.407,8.135,122.93
3517,29.416,8.308,120.37
3518,29.424,8.470,118.06
3519,29.433,8.293,120.58
3520,29.441,8.294,120.57
3521,29.449,8.392,119.16
3522,29.458,8.366,119.53
3523,29.466,8.147,122.74
3524,29.474,8.308,120.37
3525,29.482,8.220,121.65
3526,29.491,8.493,117.74
3527,29.499,8.157,122.59
3528,29.507,8.348,119.79
3529,29.515,8.207,121.85
3530,29.524,8.730,114.55
3531,29.532,8.027,124.58
3532,29.541,8.373,119.43
3533,29.549,8.381,119.32
3534,29.557,8.358,119.65
3535,29.566,8.351,119.75
3536,29.574,8.282,120.74
3537,29.582,8.276,120.83
3538,29.591,8.364,119.56
3539,29.599,8.475,117.99
3540,29.608,8.415,118.84
3541,29.616,8.205,121.88
3542,29.624,8.222,121.62
3543,29.633,8.585,116.48
3544,29.641,8.103,123.41
3545,29.649,8.268,120.95
3546,29.657,8.463,118.16
3547,29.666,8.498,117.67
3548,29.674,8.194,122.04
3549,29.682,8.363,119.57
3550,29.691,8.644,115.69
3551,29.699,8.272,120.89
3552,29.707,8.054,124.16
3553,29.716,8.561,116.81
3554,29.724,8.545,117.03
3555,29.733,8.170,122.40
3556,29.741,8.321,120.18
3557,29.749,8.402,119.02
3558,29.757,8.083,123.72
3559,29.766,8.230,121.51
3560,29.774,8.439,118.50
3561,29.783,8.601,116.27
3562,29.791,8.118,123.18
3563,29.799,8.358,119.65
3564,29.807,8.287,120.67
3565,29.816,8.267,120.96
3566,29.824,8.645,115.67
3567,29.833,8.118,123.18
3568,29.841,8.398,119.08
3569,29.849,8.259,121.08
3570,29.857,8.317,120.24
3571,29.866,8.586,116.47
3572,29.874,8.387,119.23
3573,29.883,8.106,123.37
3574,29.891,8.429,118.64
3575,29.899,8.283,120.73
3576,29.908,8.471,118.05
3577,29.916,8.438,118.51
3578,29.924,8.207,121.85
3579,29.933,8.490,117.79
3580,29.941,8.339,119.92
3581,29.950,8.278,120.80
3582,29.958,8.423,118.72
3583,29.966,8.321,120.18
3584,29.975,8.366,119.53
3585,29.983,8.167,122.44
3586,29.991,8.375,119.40
3587,30.000,8.366,119.53
3588,30.008,8.532,117.21
3589,30.016,8.379,119.35
3590,30.025,8.332,120.02
3591,30.033,8.141,122.84
3592,30.041,8.475,117.99
3593,30.050,8.137,122.90
3594,30.058,8.327,120.09
3595,30.066,8.344,119.85
3596,30.075,8.660,115.47
3597,30.083,8.360,119.62
3598,30.091,8.269,120.93
3599,30.100,8.209,121.82
3600,30.108,8.246,121.27
3601,30.116,7.996,125.06
3602,30.124,8.533,117.19
3603,30.133,8.385,119.26
3604,30.141,8.333,120.00
3605,30.149,8.153,122.65
3606,30.158,8.224,121.60
3607,30.166,8.416,118.82
3608,30.174,8.143,122.80
3609,30.182,8.279,120.79
3610,30.191,8.399,119.06
3611,30.199,8.308,120.37
3612,30.207,8.203,121.91
3613,30.216,8.279,120.79
3614,30.224,8.510,117.51
3615,30.232,8.204,121.89
3616,30.241,8.580,116.55
3617,30.249,8.278,120.80
3618,30.258,8.570,116.69
3619,30.266,8.648,115.63
3620,30.275,8.389,119.20
3621,30.283,8.445,118.41
3622,30.292,8.473,118.02
3623,30.300,8.446,118.40
3624,30.309,9.149,109.30
3625,30.317,7.938,125.98
3626,30.325,7.532,132.77
3627,30.333,7.958,125.66
3628,30.341,8.430,118.62
3629,30.349,8.101,123.44
3630,30.358,8.416,118.82
3631,30.366,8.235,121.43
3632,30.374,8.602,116.25
3633,30.383,8.142,122.82
3634,30.391,8.493,117.74
3635,30.399,8.287,120.67
3636,30.408,8.381,119.32
3637,30.416,8.229,121.52
3638,30.424,8.288,120.66
3639,30.433,8.571,116.67
3640,30.441,8.216,121.71
3641,30.450,8.445,118.41
3642,30.458,8.227,121.55
3643,30.466,8.190,122.10
3644,30.474,8.180,122.25
3645,30.482,8.318,120.22
3646,30.491,8.456,118.26
3647,30.499,8.407,118.95
3648,30.508,8.399,119.06
3649,30.516,8.444,118.43
3650,30.524,8.216,121.71
3651,30.533,8.296,120.54
3652,30.541,8.417,118.81
3653,30.549,8.359,119.63
3654,30.558,8.231,121.49
3655,30.566,8.364,119.56
3656,30.574,8.395,119.12
3657,30.583,8.158,122.58
3658,30.591,8.397,119.09
3659,30.599,8.264,121.01
3660,30.608,8.339,119.92
3661,30.616,8.400,119.05
3662,30.624,8.345,119.83
3663,30.632,8.130,123.00
3664,30.641,8.344,119.85
3665,30.649,8.360,119.62
3666,30.658,8.343,119.86
3667,30.666,8.260,121.07
3668,30.674,8.438,118.51
3669,30.683,8.461,118.19
3670,30.691,8.223,121.61
3671,30.699,8.236,121.42
3672,30.708,8.747,114.32
3673,30.716,8.270,120.92
3674,30.724,8.238,121.39
3675,30.733,8.301,120.47
3676,30.741,8.463,118.16
3677,30.749,8.274,120.86
3678,30.758,8.270,120.92
3679,30.766,8.297,120.53
3680,30.774,8.401,119.03
3681,30.783,8.405,118.98
3682,30.791,8.302,120.45
3683,30.800,8.463,118.16
3684,30.808,8.119,123.17
3685,30.816,8.153,122.65
3686,30.824,8.403,119.01
3687,30.833,8.408,118.93
3688,30.841,8.354,119.70
3689,30.849,8.208,121.83
3690,30.858,8.636,115.79
3691,30.866,8.305,120.41
3692,30.874,8.189,122.12
3693,30.883,8.336,119.96
3694,30.891,8.540,117.10
3695,30.900,8.402,119.02
3696,30.908,8.096,123.52
3697,30.916,8.574,116.63
3698,30.925,8.545,117.03
3699,30.933,8.048,124.25
3700,30.941,8.355,119.69
3701,30.950,8.403,119.01
3702,30.958,8.285,120.70
3703,30.967,8.588,116.44
3704,30.975,8.480,117.92
3705,30.983,8.313,120.29
3706,30.992,8.303,120.44
3707,31.000,8.250,121.21
3708,31.008,8.233,121.46
3709,31.016,8.154,122.64
3710,31.025,8.506,117.56
3711,31.033,8.416,118.82
3712,31.042,8.331,120.03
3713,31.050,8.159,122.56
3714,31.058,8.375,119.40
3715,31.066,8.277,120.82
3716,31.075,8.365,119.55
3717,31.083,8.281,120.76
3718,31.091,8.235,121.43
3719,31.100,8.352,119.73
3720,31.108,8.170,122.40
3721,31.116,8.252,121.18
3722,31.125,8.601,116.27
3723,31.133,8.203,121.91
3724,31.141,8.124,123.09
3725,31.149,8.337,119.95
3726,31.157,8.195,122.03
3727,31.166,8.316,120.25
3728,31.175,8.777,113.93
3729,31.185,10.371,96.42
3730,31.192,7.072,141.40
3731,31.200,7.699,129.89
3732,31.208,8.113,123.26
3733,31.216,8.240,121.36
3734,31.224,8.411,118.89
3735,31.233,8.507,117.55
3736,31.241,8.412,118.88
3737,31.250,8.373,119.43
3738,31.258,8.297,120.53
3739,31.266,8.232,121.48
3740,31.275,8.255,121.14
3741,31.283,8.223,121.61
3742,31.291,8.134,122.94
3743,31.299,8.305,120.41
3744,31.308,8.480,117.92
3745,31.316,8.328,120.08
3746,31.324,8.450,118.34
3747,31.333,8.262,121.04
3748,31.341,8.515,117.44
3749,31.350,8.328,120.08
3750,31.358,8.222,121.62
3751,31.366,8.465,118.13
3752,31.374,8.241,121.34
3753,31.383,8.200,121.95
3754,31.391,8.495,117.72
3755,31.399,8.228,121.54
3756,31.407,8.020,124.69
3757,31.416,8.304,120.42
3758,31.424,8.374,119.42
3759,31.432,8.229,121.52
3760,31.441,8.348,119.79
3761,31.449,8.425,118.69
3762,31.458,8.558,116.85
3763,31.466,8.291,120.61
3764,31.474,8.159,122.56
3765,31.483,8.607,116.18
3766,31.491,8.376,119.39
3767,31.499,8.263,121.02
3768,31.507,8.167,122.44
3769,31.516,8.475,117.99
3770,31.525,8.645,115.67
3771,31.533,8.231,121.49
3772,31.541,8.273,120.88
3773,31.549,8.147,122.74
3774,31.558,8.568,116.71
3775,31.566,8.204,121.89
3776,31.574,8.027,124.58
3777,31.585,11.040,90.58
3778,31.592,7.219,138.52
3779,31.600,7.557,132.33
3780,31.608,7.833,127.67
3781,31.616,8.043,124.33
3782,31.624,8.186,122.16
3783,31.632,8.366,119.53
3784,31.641,8.316,120.25
3785,31.649,8.268,120.95
3786,31.657,8.349,119.77
3787,31.666,8.299,120.50
3788,31.674,8.442,118.46
3789,31.682,8.292,120.60
3790,31.691,8.419,118.78
3791,31.699,8.183,122.20
3792,31.707,8.366,119.53
3793,31.716,8.344,119.85
3794,31.724,8.481,117.91
3795,31.733,8.498,117.67
3796,31.741,8.238,121.39
3797,31.749,8.388,119.22
3798,31.758,8.310,120.34
3799,31.766,8.060,124.07
3800,31.774,8.533,117.19
3801,31.782,8.154,122.64
3802,31.791,8.409,118.92
3803,31.799,8.334,119.99
3804,31.807,8.283,120.73
3805,31.816,8.306,120.39
3806,31.824,8.485,117.86
3807,31.832,8.205,121.88
3808,31.841,8.585,116.48
3809,31.849,8.338,119.93
3810,31.857,8.276,120.83
3811,31.866,8.237,121.40
3812,31.874,8.333,120.00
3813,31.882,8.356,119.67
3814,31.891,8.306,120.39
3815,31.899,8.315,120.26
3816,31.907,8.426,118.68
3817,31.916,8.290,120.63
3818,31.924,8.476,117.98
3819,31.932,8.157,122.59
3820,31.941,8.429,118.64
3821,31.949,8.410,118.91
3822,31.957,8.220,121.65
3823,31.966,8.383,119.29
3824,31.974,8.525,117.30
3825,31.983,8.314,120.28
3826,31.991,8.149,122.71
3827,31.999,8.435,118.55
3828,32.008,8.679,115.22
3829,32.016,8.301,120.47
3830,32.024,8.122,123.12
3831,32.033,8.499,117.66
3832,32.041,8.535,117.16
3833,32.049,8.098,123.49
3834,32.058,8.302,120.45
3835,32.066,8.009,124.86
3836,32.074,8.501,117.63
3837,32.082,8.155,122.62
3838,32.091,8.546,117.01
3839,32.099,8.048,124.25
3840,32.107,8.257,121.11
3841,32.116,8.652,115.58
3842,32.124,8.111,123.29
3843,32.132,8.435,118.55
3844,32.141,8.139,122.87
3845,32.149,8.395,119.12
3846,32.157,8.309,120.35
3847,32.166,8.244,121.30
3848,32.174,8.406,118.96
3849,32.182,8.431,118.61
3850,32.191,8.491,117.77
3851,32.199,8.198,121.98
3852,32.208,8.456,118.26
3853,32.216,8.117,123.20
3854,32.224,8.605,116.21
3855,32.232,8.046,124.29
3856,32.241,8.258,121.09
3857,32.249,8.569,116.70
3858,32.257,8.173,122.35
3859,32.266,8.474,118.01
3860,32.274,8.341,119.89
3861,32.282,8.331,120.03
3862,32.291,8.099,123.47
3863,32.299,8.593,116.37
3864,32.307,8.271,120.90
3865,32.316,8.366,119.53
3866,32.324,8.223,121.61
3867,32.332,8.324,120.13
3868,32.341,8.296,120.54
3869,32.349,8.348,119.79
3870,32.357,8.481,117.91
3871,32.366,8.224,121.60
3872,32.374,8.405,118.98
3873,32.383,8.457,118.25
3874,32.391,8.220,121.65
3875,32.399,8.442,118.46
3876,32.407,8.044,124.32
3877,32.416,8.403,119.01
3878,32.424,8.284,120.71
3879,32.432,8.253,121.17
3880,32.441,8.405,118.98
3881,32.449,8.378,119.36
3882,32.457,8.464,118.15
3883,32.466,8.252,121.18
3884,32.474,8.508,117.54
3885,32.482,8.084,123.70
3886,32.491,8.316,120.25
3887,32.499,8.348,119.79
3888,32.507,8.441,118.47
3889,32.516,8.403,119.01
3890,32.524,8.672,115.31
3891,32.533,8.419,118.78
3892,32.541,8.483,117.88
3893,32.550,8.270,120.92
3894,32.558,8.586,116.47
3895,32.567,8.382,119.30
3896,32.574,7.794,128.30
3897,32.582,7.950,125.79
3898,32.591,8.395,119.12
3899,32.599,8.416,118.82
3900,32.607,8.116,123.21
3901,32.616,8.279,120.79
3902,32.624,8.358,119.65
3903,32.633,8.597,116.32
3904,32.641,8.354,119.70
3905,32.649,8.170,122.40
3906,32.657,8.368,119.50
3907,32.666,8.271,120.90
3908,32.674,8.313,120.29
3909,32.682,8.419,118.78
3910,32.691,8.266,120.98
3911,32.699,8.203,121.91
3912,32.707,8.606,116.20
3913,32.716,8.305,120.41
3914,32.724,8.377,119.37
3915,32.732,8.258,121.09
3916,32.741,8.312,120.31
3917,32.749,8.227,121.55
3918,32.757,8.418,118.79
3919,32.766,8.240,121.36
3920,32.774,8.332,120.02
3921,32.782,8.333,120.00
3922,32.791,8.327,120.09
3923,32.799,8.286,120.69
3924,32.807,8.399,119.06
3925,32.816,8.285,120.70
3926,32.824,8.376,119.39
3927,32.832,8.518,117.40
3928,32.841,8.273,120.88
3929,32.849,8.493,117.74
3930,32.858,8.300,120.48
3931,32.866,8.351,119.75
3932,32.874,8.348,119.79
3933,32.883,8.305,120.41
3934,32.891,8.323,120.15
3935,32.899,8.313,120.29
3936,32.908,8.442,118.46
3937,32.916,8.080,123.76
3938,32.924,8.470,118.06
3939,32.932,8.262,121.04
3940,32.941,8.424,118.71
3941,32.949,8.294,120.57
3942,32.958,8.498,117.67
3943,32.966,8.245,121.29
3944,32.975,8.620,116.01
3945,32.983,8.123,123.11
3946,32.991,8.294,120.57
3947,32.999,8.135,122.93
3948,33.008,8.470,118.06
3949,33.016,8.569,116.70
3950,33.025,8.515,117.44
3951,33.033,8.156,122.61
3952,33.041,8.318,120.22
3953,33.049,8.321,120.18
3954,33.058,8.249,121.23
3955,33.066,8.387,119.23
3956,33.074,8.302,120.45
3957,33.083,8.389,119.20
3958,33.091,8.251,121.20
3959,33.099,8.002,124.97
3960,33.107,8.488,117.81
3961,33.116,8.174,122.34
3962,33.124,8.373,119.43
3963,33.132,8.185,122.17
3964,33.141,8.356,119.67
3965,33.149,8.306,120.39
3966,33.157,8.366,119.53
3967,33.166,8.429,118.64
3968,33.174,8.238,121.39
3969,33.182,8.447,118.39
3970,33.191,8.194,122.04
3971,33.199,8.373,119.43
3972,33.207,8.389,119.20
3973,33.216,8.498,117.67
3974,33.224,8.174,122.34
3975,33.232,8.435,118.55
3976,33.241,8.306,120.39
3977,33.249,8.199,121.97
3978,33.257,8.231,121.49
3979,33.266,8.589,116.43
3980,33.274,8.624,115.96
3981,33.282,8.075,123.84
3982,33.291,8.437,118.53
3983,33.299,8.080,123.76
3984,33.307,8.320,120.19
3985,33.316,8.365,119.55
3986,33.324,8.423,118.72
3987,33.332,8.203,121.91
3988,33.341,8.241,121.34
3989,33.349,8.592,116.39
3990,33.358,8.457,118.25
3991,33.366,8.250,121.21
3992,33.374,8.191,122.09
3993,33.382,8.434,118.57
3994,33.391,8.467,118.11
3995,33.399,8.185,122.17
3996,33.407,8.174,122.34
3997,33.416,8.494,117.73
3998,33.424,8.246,121.27
3999,33.432,8.483,117.88
4000,33.441,8.090,123.61
4001,33.449,8.287,120.67
4002,33.457,8.388,119.22
4003,33.466,8.346,119.82
4004,33.474,8.372,119.45
4005,33.482,8.309,120.35
4006,33.491,8.250,121.21
4007,33.499,8.483,117.88
4008,33.507,8.236,121.42
4009,33.516,8.371,119.46
4010,33.524,8.345,119.83
4011,33.532,8.298,120.51
4012,33.541,8.407,118.95
4013,33.549,8.316,120.25
4014,33.558,8.635,115.81
4015,33.566,8.207,121.85
4016,33.574,8.345,119.83
4017,33.582,8.235,121.43
4018,33.591,8.555,116.89
4019,33.599,8.277,120.82
4020,33.607,8.146,122.76
4021,33.616,8.517,117.41
4022,33.624,8.216,121.71
4023,33.632,8.219,121.67
4024,33.641,8.339,119.92
4025,33.649,8.475,117.99
4026,33.658,8.446,118.40
4027,33.666,8.179,122.26
4028,33.674,8.168,122.43
4029,33.682,8.328,120.08
4030,33.691,8.492,117.76
4031,33.699,8.272,120.89
4032,33.707,8.366,119.53
4033,33.716,8.283,120.73
4034,33.724,8.498,117.67
4035,33.733,8.342,119.88
4036,33.741,8.298,120.51
4037,33.749,8.083,123.72
4038,33.757,8.392,119.16
4039,33.766,8.278,120.80
4040,33.774,8.345,119.83
4041,33.782,8.391,119.18
4042,33.791,8.319,120.21
4043,33.799,8.425,118.69
4044,33.807,8.157,122.59
4045,33.816,8.298,120.51
4046,33.824,8.490,117.79
4047,33.832,8.341,119.89
4048,33.841,8.249,121.23
4049,33.849,8.339,119.92
4050,33.858,8.590,116.41
4051,33.866,8.325,120.12
4052,33.874,8.355,119.69
4053,33.882,8.110,123.30
4054,33.891,8.334,119.99
4055,33.899,8.501,117.63
4056,33.908,8.410,118.91
4057,33.916,8.177,122.29
4058,33.924,8.509,117.52
4059,33.933,8.358,119.65
4060,33.941,8.182,122.22
4061,33.949,8.379,119.35
4062,33.958,8.570,116.69
4063,33.966,8.116,123.21
4064,33.974,8.562,116.80
4065,33.983,8.332,120.02
4066,33.991,8.387,119.23
4067,33.999,8.334,119.99
4068,34.008,8.305,120.41
4069,34.016,8.410,118.91
4070,34.024,8.237,121.40
4071,34.033,8.326,120.11
4072,34.041,8.517,117.41
4073,34.050,8.313,120.29
4074,34.058,8.250,121.21
4075,34.066,8.372,119.45
4076,34.074,8.263,121.02
4077,34.083,8.088,123.64
4078,34.091,8.186,122.16
4079,34.099,8.269,120.93
4080,34.107,8.435,118.55
4081,34.116,8.144,122.79
4082,34.124,8.492,117.76
4083,34.132,8.421,118.75
4084,34.141,8.113,123.26
4085,34.149,8.360,119.62
4086,34.158,8.611,116.13
4087,34.166,8.101,123.44
4088,34.174,8.448,118.37
4089,34.182,8.159,122.56
4090,34.191,8.397,119.09
4091,34.199,8.239,121.37
4092,34.207,8.564,116.77
4093,34.216,8.103,123.41
4094,34.224,8.316,120.25
4095,34.232,8.325,120.12
4096,34.241,8.372,119.45
4097,34.249,8.541,117.08
4098,34.257,8.317,120.24
4099,34.266,8.154,122.64
4100,34.274,8.301,120.47
4101,34.282,8.515,117.44
4102,34.291,8.199,121.97
4103,34.299,8.264,121.01
4104,34.307,8.348,119.79
4105,34.315,8.242,121.33
4106,34.324,8.521,117.36
4107,34.333,8.746,114.34
4108,34.341,8.504,117.59
4109,34.349,8.150,122.70
4110,34.358,8.464,118.15
4111,34.366,8.471,118.05
4112,34.375,8.160,122.55
4113,34.383,8.263,121.02
4114,34.391,8.521,117.36
4115,34.400,8.431,118.61
4116,34.408,8.251,121.20
4117,34.416,8.255,121.14
4118,34.424,8.073,123.87
4119,34.433,8.326,120.11
4120,34.441,8.371,119.46
4121,34.449,8.168,122.43
4122,34.458,8.611,116.13
4123,34.466,8.568,116.71
4124,34.475,8.248,121.24
4125,34.483,8.249,121.23
4126,34.491,8.465,118.13
4127,34.500,8.211,121.79
4128,34.508,8.244,121.30
4129,34.516,8.337,119.95
4130,34.524,8.265,120.99
4131,34.532,8.140,122.85
4132,34.541,8.375,119.40
4133,34.549,8.322,120.16
4134,34.558,8.416,118.82
4135,34.566,8.309,120.35
4136,34.574,8.292,120.60
4137,34.582,8.269,120.93
4138,34.591,8.276,120.83
4139,34.599,8.367,119.52
4140,34.608,8.428,118.65
4141,34.616,8.307,120.38
4142,34.624,8.272,120.89
4143,34.633,8.468,118.09
4144,34.641,8.080,123.76
4145,34.649,8.383,119.29
4146,34.657,8.386,119.25
4147,34.666,8.201,121.94
4148,34.674,8.372,119.45
4149,34.682,8.426,118.68
4150,34.691,8.191,122.09
4151,34.699,8.589,116.43
4152,34.708,8.641,115.73
4153,34.716,8.282,120.74
4154,34.724,8.349,119.77
4155,34.733,8.273,120.88
4156,34.741,8.498,117.67
4157,34.750,8.905,112.30
4158,34.758,8.169,122.41
4159,34.766,7.662,130.51
4160,34.774,8.283,120.73
4161,34.783,8.829,113.26
4162,34.791,8.083,123.72
4163,34.799,8.249,121.23
4164,34.807,8.030,124.53
4165,34.816,8.224,121.60
4166,34.824,8.335,119.98
4167,34.832,8.310,120.34
4168,34.841,8.296,120.54
4169,34.849,8.580,116.55
4170,34.858,8.553,116.92
4171,34.867,8.980,111.36
4172,34.875,7.859,127.24
4173,34.883,8.255,121.14
4174,34.891,8.123,123.11
4175,34.899,8.176,122.31
4176,34.908,8.500,117.65
4177,34.916,8.341,119.89
4178,34.924,8.245,121.29
4179,34.933,8.492,117.76
4180,34.941,8.109,123.32
4181,34.949,8.439,118.50
4182,34.958,8.235,121.43
4183,34.966,8.453,118.30
4184,34.974,8.472,118.04
4185,34.983,8.140,122.85
4186,34.991,8.082,123.73
4187,34.999,8.432,118.60
4188,35.008,8.565,116.75
4189,35.016,8.287,120.67
4190,35.024,8.325,120.12
4191,35.033,8.474,118.01
4192,35.041,8.375,119.40
4193,35.049,8.204,121.89
4194,35.058,8.502,117.62
4195,35.066,8.348,119.79
4196,35.074,8.279,120.79
4197,35.083,8.254,121.15
4198,35.091,8.118,123.18
4199,35.099,8.476,117.98
4200,35.107,8.096,123.52
4201,35.116,8.478,117.95
4202,35.124,8.123,123.11
4203,35.132,8.309,120.35
4204,35.141,8.431,118.61
4205,35.149,8.238,121.39
4206,35.157,8.341,119.89
4207,35.166,8.290,120.63
4208,35.174,8.335,119.98
4209,35.182,8.367,119.52
4210,35.191,8.436,118.54
4211,35.199,8.253,121.17
4212,35.207,8.346,119.82
4213,35.216,8.474,118.01
4214,35.224,8.267,120.96
4215,35.233,8.444,118.43
4216,35.241,8.470,118.06
4217,35.249,8.269,120.93
4218,35.257,8.071,123.90
4219,35.266,8.528,117.26
4220,35.274,8.188,122.13
4221,35.282,8.287,120.67
4222,35.291,8.318,120.22
4223,35.299,8.278,120.80
4224,35.307,8.440,118.48
4225,35.316,8.497,117.69
4226,35.324,8.223,121.61
4227,35.333,8.486,117.84
4228,35.341,8.221,121.64
4229,35.349,8.408,118.93
4230,35.357,8.183,122.20
4231,35.366,8.537,117.14
4232,35.374,8.121,123.14
4233,35.382,8.253,121.17
4234,35.391,8.571,116.67
4235,35.399,8.339,119.92
4236,35.408,8.340,119.90
4237,35.416,8.333,120.00
4238,35.424,8.296,120.54
4239,35.433,8.492,117.76
4240,35.441,8.161,122.53
4241,35.449,8.273,120.88
4242,35.458,8.372,119.45
4243,35.466,8.343,119.86
4244,35.474,8.155,122.62
4245,35.483,8.534,117.18
4246,35.491,8.318,120.22
4247,35.499,8.171,122.38
4248,35.507,8.282,120.74
4249,35.516,8.249,121.23
4250,35.524,8.381,119.32
4251,35.532,8.552,116.93
4252,35.541,8.104,123.40
4253,35.549,8.288,120.66
4254,35.557,8.346,119.82
4255,35.566,8.284,120.71
4256,35.574,8.326,120.11
4257,35.582,8.447,118.39
4258,35.591,8.512,117.48
4259,35.599,8.169,122.41
4260,35.607,8.339,119.92
4261,35.616,8.234,121.45
4262,35.624,8.401,119.03
4263,35.632,8.512,117.48
4264,35.641,8.300,120.48
4265,35.649,8.177,122.29
4266,35.657,8.558,116.85
4267,35.666,8.224,121.60
4268,35.674,8.332,120.02
4269,35.682,8.275,120.85
4270,35.691,8.520,117.37
4271,35.699,7.987,125.20
4272,35.707,8.384,119.27
4273,35.716,8.403,119.01
4274,35.724,8.328,120.08
4275,35.732,8.300,120.48
4276,35.741,8.337,119.95
4277,35.749,8.313,120.29
4278,35.757,8.389,119.20
4279,35.766,8.334,119.99
4280,35.774,8.405,118.98
4281,35.782,8.319,120.21
4282,35.791,8.553,116.92
4283,35.799,8.132,122.97
4284,35.807,8.323,120.15
4285,35.816,8.223,121.61
4286,35.824,8.332,120.02
4287,35.832,8.356,119.67
4288,35.841,8.539,117.11
4289,35.849,8.119,123.17
4290,35.857,8.423,118.72
4291,35.866,8.511,117.50
4292,35.874,8.099,123.47
4293,35.882,8.409,118.92
4294,35.891,8.517,117.41
4295,35.899,8.134,122.94
4296,35.908,8.513,117.47
4297,35.916,8.409,118.92
4298,35.924,8.426,118.68
4299,35.933,8.204,121.89
4300,35.941,8.243,121.32
4301,35.949,8.562,116.80
4302,35.957,8.131,122.99
4303,35.966,8.354,119.70
4304,35.974,8.288,120.66
4305,35.982,8.271,120.90
4306,35.991,8.401,119.03
4307,35.999,8.483,117.88
4308,36.008,8.239,121.37
4309,36.016,8.630,115.87
4310,36.025,8.363,119.57
4311,36.033,8.223,121.61
4312,36.041,8.452,118.32
4313,36.049,8.262,121.04
4314,36.058,8.283,120.73
4315,36.066,8.302,120.45
4316,36.074,8.260,121.07
4317,36.083,8.375,119.40
4318,36.091,8.528,117.26
4319,36.099,8.103,123.41
4320,36.107,7.982,125.28
4321,36.116,8.771,114.01
4322,36.124,8.080,123.76
4323,36.132,8.227,121.55
4324,36.141,8.432,118.60
4325,36.149,8.301,120.47
4326,36.157,8.273,120.88
4327,36.166,8.206,121.86
4328,36.174,8.560,116.82
4329,36.182,8.108,123.33
4330,36.191,8.344,119.85
4331,36.199,8.351,119.75
4332,36.207,8.374,119.42
4333,36.216,8.283,120.73
4334,36.224,8.326,120.11
4335,36.232,8.385,119.26
4336,36.241,8.405,118.98
4337,36.249,8.175,122.32
4338,36.257,8.595,116.35
4339,36.266,8.151,122.68
4340,36.274,8.490,117.79
4341,36.282,8.163,122.50
4342,36.291,8.303,120.44
4343,36.299,8.444,118.43
4344,36.307,8.293,120.58
4345,36.316,8.246,121.27
4346,36.324,8.571,116.67
4347,36.332,8.295,120.55
4348,36.341,8.338,119.93
4349,36.349,8.136,122.91
4350,36.357,8.372,119.45
4351,36.366,8.220,121.65
4352,36.374,8.636,115.79
4353,36.382,8.025,124.61
4354,36.391,8.414,118.85
4355,36.399,8.241,121.34
4356,36.407,8.498,117.67
4357,36.416,8.537,117.14
4358,36.424,8.231,121.49
4359,36.432,8.265,120.99
4360,36.441,8.457,118.25
4361,36.449,8.228,121.54
4362,36.457,8.236,121.42
4363,36.466,8.242,121.33
4364,36.474,8.445,118.41
4365,36.482,8.203,121.91
4366,36.491,8.552,116.93
4367,36.499,8.253,121.17
4368,36.507,8.396,119.10
4369,36.516,8.262,121.04
4370,36.524,8.513,117.47
4371,36.532,8.313,120.29
4372,36.541,8.177,122.29
4373,36.549,8.259,121.08
4374,36.557,8.427,118.67
4375,36.566,8.399,119.06
4376,36.574,8.278,120.80
4377,36.582,8.293,120.58
4378,36.591,8.491,117.77
4379,36.599,8.280,120.77
4380,36.607,8.230,121.51
4381,36.616,8.254,121.15
4382,36.624,8.387,119.23
4383,36.632,8.327,120.09
4384,36.641,8.375,119.40
4385,36.649,8.342,119.88
4386,36.657,8.266,120.98
4387,36.665,8.233,121.46
4388,36.674,8.682,115.18
4389,36.682,8.335,119.98
4390,36.691,8.321,120.18
4391,36.699,8.100,123.46
4392,36.707,8.418,118.79
4393,36.716,8.267,120.96
4394,36.724,8.458,118.23
4395,36.732,8.214,121.74
4396,36.741,8.535,117.16
4397,36.749,8.196,122.01
4398,36.757,8.286,120.69
4399,36.766,8.272,120.89
4400,36.774,8.383,119.29
4401,36.782,8.315,120.26
4402,36.791,8.420,118.76
4403,36.799,8.420,118.76
4404,36.807,8.306,120.39
4405,36.816,8.338,119.93
4406,36.824,8.406,118.96
4407,36.833,8.460,118.20
4408,36.841,8.394,119.13
4409,36.849,8.317,120.24
4410,36.858,8.619,116.02
4411,36.866,8.334,119.99
4412,36.874,8.135,122.93
4413,36.883,8.793,113.73
4414,36.892,8.679,115.22
4415,36.900,7.919,126.28
4416,36.908,8.150,122.70
4417,36.917,8.953,111.69
4418,36.926,8.751,114.27
4419,36.934,7.907,126.47
4420,36.942,7.999,125.02
4421,36.950,8.091,123.59
4422,36.958,8.214,121.74
4423,36.966,8.026,124.60
4424,36.974,8.284,120.71
4425,36.983,8.562,116.80
4426,36.991,8.482,117.90
4427,37.000,8.392,119.16
4428,37.008,8.379,119.35
4429,37.016,8.150,122.70
4430,37.025,8.463,118.16
4431,37.033,8.145,122.77
4432,37.041,8.527,117.27
4433,37.050,8.279,120.79
4434,37.058,8.354,119.70
4435,37.066,8.436,118.54
4436,37.075,8.455,118.27
4437,37.083,8.313,120.29
4438,37.092,8.431,118.61
4439,37.100,8.161,122.53
4440,37.108,8.426,118.68
4441,37.116,8.209,121.82
4442,37.125,8.290,120.63
4443,37.133,8.107,123.35
4444,37.141,8.302,120.45
4445,37.149,7.991,125.14
4446,37.158,8.636,115.79
4447,37.166,8.103,123.41
4448,37.174,8.550,116.96
4449,37.182,8.061,124.05
4450,37.191,8.422,118.74
4451,37.199,8.440,118.48
4452,37.207,8.106,123.37
4453,37.216,8.346,119.82
4454,37.224,8.560,116.82
4455,37.233,8.383,119.29
4456,37.241,8.322,120.16
4457,37.249,8.343,119.86
4458,37.258,8.373,119.43
4459,37.266,8.076,123.82
4460,37.274,8.415,118.84
4461,37.282,8.242,121.33
4462,37.291,8.470,118.06
4463,37.299,8.161,122.53
4464,37.308,8.495,117.72
4465,37.316,8.227,121.55
4466,37.324,8.215,121.73
4467,37.332,8.303,120.44
4468,37.341,8.501,117.63
4469,37.349,8.351,119.75
4470,37.357,8.293,120.58
4471,37.366,8.368,119.50
4472,37.374,8.369,119.49
4473,37.383,8.427,118.67
4474,37.391,8.229,121.52
4475,37.399,8.123,123.11
4476,37.407,8.332,120.02
4477,37.416,8.445,118.41
4478,37.424,8.202,121.92
4479,37.432,8.418,118.79
4480,37.441,8.274,120.86
4481,37.449,8.343,119.86
4482,37.457,8.367,119.52
4483,37.466,8.232,121.48
4484,37.474,8.532,117.21
4485,37.482,8.217,121.70
4486,37.491,8.279,120.79
4487,37.499,8.392,119.16
4488,37.507,8.520,117.37
4489,37.516,8.244,121.30
4490,37.524,8.232,121.48
4491,37.532,8.469,118.08
4492,37.541,8.367,119.52
4493,37.549,8.198,121.98
4494,37.557,8.207,121.85
4495,37.566,8.301,120.47
4496,37.574,8.429,118.64
4497,37.582,8.500,117.65
4498,37.591,8.420,118.76
4499,37.599,8.043,124.33
4500,37.607,8.324,120.13
4501,37.616,8.331,120.03
4502,37.624,8.376,119.39
4503,37.632,8.468,118.09
4504,37.641,8.248,121.24
4505,37.649,8.353,119.72
4506,37.657,8.231,121.49
4507,37.666,8.587,116.46
4508,37.674,8.325,120.12
4509,37.682,8.173,122.35
4510,37.691,8.316,120.25
4511,37.699,8.272,120.89
4512,37.707,8.361,119.60
4513,37.716,8.378,119.36
4514,37.724,8.458,118.23
4515,37.733,8.406,118.96
4516,37.741,8.254,121.15
4517,37.749,8.223,121.61
4518,37.757,8.278,120.80
4519,37.766,8.305,120.41
4520,37.774,8.359,119.63
4521,37.782,8.249,121.23
4522,37.791,8.401,119.03
4523,37.799,8.430,118.62
4524,37.807,8.329,120.06
4525,37.816,8.299,120.50
4526,37.824,8.290,120.63
4527,37.832,8.400,119.05
4528,37.841,8.413,118.86
4529,37.849,8.429,118.64
4530,37.857,8.260,121.07
4531,37.866,8.142,122.82
4532,37.874,8.503,117.61
4533,37.882,8.125,123.08
4534,37.891,8.538,117.12
4535,37.899,8.286,120.69
4536,37.908,8.510,117.51
4537,37.916,8.143,122.80
4538,37.924,8.317,120.24
4539,37.932,8.510,117.51
4540,37.941,8.413,118.86
4541,37.949,8.067,123.96
4542,37.958,8.679,115.22
4543,37.966,8.353,119.72
4544,37.974,8.122,123.12
4545,37.983,8.382,119.30
4546,37.991,8.400,119.05
4547,37.999,8.464,118.15
4548,38.008,8.293,120.58
4549,38.016,8.201,121.94
4550,38.024,8.574,116.63
4551,38.033,8.240,121.36
4552,38.041,8.380,119.33
4553,38.050,8.560,116.82
4554,38.058,8.255,121.14
4555,38.066,8.220,121.65
4556,38.074,8.262,121.04
4557,38.083,8.222,121.62
4558,38.091,8.260,121.07
4559,38.099,8.231,121.49
4560,38.107,8.351,119.75
4561,38.116,8.501,117.63
4562,38.124,8.177,122.29
4563,38.133,8.396,119.10
4564,38.141,8.087,123.66
4565,38.149,8.473,118.02
4566,38.157,8.242,121.33
4567,38.166,8.330,120.05
4568,38.174,8.427,118.67
4569,38.182,8.147,122.74
4570,38.191,8.457,118.25
4571,38.199,8.211,121.79
4572,38.207,8.425,118.69
4573,38.216,8.423,118.72
4574,38.224,8.381,119.32
4575,38.232,8.098,123.49
4576,38.241,8.563,116.78
4577,38.249,8.201,121.94
4578,38.257,8.340,119.90
4579,38.266,8.306,120.39
4580,38.274,8.328,120.08
4581,38.283,8.613,116.10
4582,38.291,8.470,118.06
4583,38.299,8.350,119.76
4584,38.307,7.949,125.80
4585,38.316,8.453,118.30
4586,38.324,8.248,121.24
4587,38.332,8.232,121.48
4588,38.341,8.567,116.73
4589,38.349,8.158,122.58
4590,38.358,8.533,117.19
4591,38.366,8.358,119.65
4592,38.374,8.121,123.14
4593,38.382,8.313,120.29
4594,38.391,8.406,118.96
4595,38.399,8.442,118.46
4596,38.408,8.398,119.08
4597,38.416,8.164,122.49
4598,38.424,8.212,121.77
4599,38.432,8.558,116.85
4600,38.441,8.168,122.43
4601,38.449,8.238,121.39
4602,38.457,8.595,116.35
4603,38.466,8.100,123.46
4604,38.474,8.526,117.29
4605,38.482,8.182,122.22
4606,38.491,8.304,120.42
4607,38.499,8.255,121.14
4608,38.507,8.412,118.88
4609,38.516,8.560,116.82
4610,38.524,8.080,123.76
4611,38.532,8.330,120.05
4612,38.541,8.538,117.12
4613,38.549,8.400,119.05
4614,38.557,8.166,122.46
4615,38.566,8.506,117.56
4616,38.574,8.191,122.09
4617,38.582,8.262,121.04
4618,38.591,8.383,119.29
4619,38.599,8.384,119.27
4620,38.607,8.230,121.51
4621,38.616,8.332,120.02
4622,38.624,8.262,121.04
4623,38.632,8.371,119.46
4624,38.641,8.439,118.50
4625,38.649,8.310,120.34
4626,38.657,8.367,119.52
4627,38.666,8.187,122.14
4628,38.674,8.472,118.04
4629,38.682,8.206,121.86
4630,38.691,8.406,118.96
4631,38.699,8.462,118.18
4632,38.707,8.204,121.89
4633,38.716,8.635,115.81
4634,38.724,8.333,120.00
4635,38.732,8.203,121.91
4636,38.741,8.250,121.21
4637,38.749,8.426,118.68
4638,38.757,8.185,122.17
4639,38.766,8.290,120.63
4640,38.774,8.535,117.16
4641,38.782,8.316,120.25
4642,38.791,8.447,118.39
4643,38.799,8.267,120.96
4644,38.807,8.185,122.17
4645,38.816,8.164,122.49
4646,38.824,8.318,120.22
4647,38.832,8.395,119.12
4648,38.841,8.458,118.23
4649,38.849,8.138,122.88
4650,38.857,8.476,117.98
4651,38.866,8.445,118.41
4652,38.874,8.421,118.75
4653,38.882,8.089,123.62
4654,38.891,8.388,119.22
4655,38.899,8.370,119.47
4656,38.907,8.369,119.49
4657,38.916,8.503,117.61
4658,38.924,8.205,121.88
4659,38.933,8.580,116.55
4660,38.941,8.114,123.24
4661,38.949,8.166,122.46
4662,38.958,8.640,115.74
4663,38.966,8.480,117.92
4664,38.974,8.226,121.57
4665,38.983,8.319,120.21
4666,38.991,8.361,119.60
4667,38.999,8.093,123.56
4668,39.008,8.980,111.36
4669,39.016,8.297,120.53
4670,39.025,8.323,120.15
4671,39.033,8.405,118.98
4672,39.042,9.207,108.61
4673,39.051,8.735,114.48
4674,39.058,7.214,138.62
4675,39.066,8.083,123.72
4676,39.075,8.401,119.03
4677,39.083,8.073,123.87
4678,39.091,8.457,118.25
4679,39.099,8.138,122.88
4680,39.108,8.435,118.55
4681,39.116,8.317,120.24
4682,39.125,8.344,119.85
4683,39.133,8.267,120.96
4684,39.141,8.262,121.04
4685,39.149,7.982,125.28
4686,39.157,8.378,119.36
4687,39.166,8.174,122.34
4688,39.174,8.590,116.41
4689,39.182,8.219,121.67
4690,39.191,8.449,118.36
4691,39.199,8.407,118.95
4692,39.207,8.244,121.30
4693,39.216,8.194,122.04
4694,39.224,8.319,120.21
4695,39.232,8.256,121.12
4696,39.240,8.244,121.30
4697,39.249,8.566,116.74
4698,39.257,8.172,122.37
4699,39.266,8.415,118.84
4700,39.274,8.286,120.69
4701,39.282,8.462,118.18
4702,39.291,8.363,119.57
4703,39.299,8.238,121.39
4704,39.307,8.276,120.83
4705,39.316,8.437,118.53
4706,39.324,8.300,120.48
4707,39.332,8.376,119.39
4708,39.341,8.389,119.20
4709,39.349,8.528,117.26
4710,39.358,8.275,120.85
4711,39.366,8.638,115.77
4712,39.375,8.755,114.22
4713,39.383,8.287,120.67
4714,39.391,7.969,125.49
4715,39.399,8.008,124.88
4716,39.408,8.281,120.76
4717,39.416,8.157,122.59
4718,39.424,8.468,118.09
4719,39.432,8.145,122.77
4720,39.441,8.364,119.56
4721,39.449,8.276,120.83
4722,39.457,8.516,117.43
4723,39.466,8.099,123.47
4724,39.474,8.494,117.73
4725,39.482,8.370,119.47
4726,39.491,8.365,119.55
4727,39.499,8.211,121.79
4728,39.507,8.171,122.38
4729,39.516,8.627,115.92
4730,39.524,8.265,120.99
4731,39.533,8.462,118.18
4732,39.541,8.220,121.65
4733,39.549,8.148,122.73
4734,39.557,8.455,118.27
4735,39.566,8.259,121.08
4736,39.574,8.283,120.73
4737,39.582,8.365,119.55
4738,39.591,8.574,116.63
4739,39.599,8.372,119.45
4740,39.607,8.134,122.94
4741,39.616,8.269,120.93
4742,39.624,8.312,120.31
4743,39.632,8.333,120.00
4744,39.641,8.477,117.97
4745,39.649,8.361,119.60
4746,39.657,8.188,122.13
4747,39.666,8.459,118.22
4748,39.674,8.177,122.29
4749,39.682,8.399,119.06
4750,39.691,8.494,117.73
4751,39.699,8.270,120.92
4752,39.707,8.173,122.35
4753,39.716,8.378,119.36
4754,39.724,8.404,118.99
4755,39.732,8.179,122.26
4756,39.741,8.340,119.90
4757,39.749,8.439,118.50
4758,39.757,8.218,121.68
4759,39.766,8.578,116.58
4760,39.774,8.163,122.50
4761,39.782,8.245,121.29
4762,39.791,8.454,118.29
4763,39.799,8.331,120.03
4764,39.807,8.467,118.11
4765,39.816,8.162,122.52
4766,39.824,8.295,120.55
4767,39.832,8.458,118.23
4768,39.841,8.353,119.72
4769,39.849,8.512,117.48
4770,39.858,8.397,119.09
4771,39.866,8.257,121.11
4772,39.874,8.355,119.69
4773,39.882,8.156,122.61
4774,39.891,8.361,119.60
4775,39.899,8.503,117.61
4776,39.907,8.210,121.80
4777,39.916,8.355,119.69
4778,39.924,8.516,117.43
4779,39.932,8.170,122.40
4780,39.941,8.438,118.51
4781,39.949,8.269,120.93
4782,39.958,8.445,118.41
4783,39.966,8.207,121.85
4784,39.974,8.246,121.27
4785,39.983,8.505,117.58
4786,39.991,8.375,119.40
4787,39.999,8.219,121.67
4788,40.008,8.352,119.73
4789,40.016,8.524,117.32
4790,40.024,8.242,121.33
4791,40.033,8.505,117.58
4792,40.041,8.445,118.41
4793,40.050,8.363,119.57
4794,40.058,8.037,124.42
4795,40.066,8.370,119.47
4796,40.074,8.272,120.89
4797,40.083,8.346,119.82
4798,40.091,8.140,122.85
4799,40.099,8.312,120.31
4800,40.107,8.274,120.86
4801,40.116,8.589,116.43
4802,40.124,8.340,119.90
4803,40.133,8.938,111.88
4804,40.141,8.132,122.97
4805,40.150,8.832,113.22
4806,40.158,7.621,131.22
4807,40.166,7.916,126.33
4808,40.174,8.248,121.24
4809,40.182,8.259,121.08
4810,40.191,8.301,120.47
4811,40.199,8.341,119.89
4812,40.207,8.349,119.77
4813,40.216,8.309,120.35
4814,40.224,8.642,115.71
4815,40.232,8.187,122.14
4816,40.241,8.342,119.88
4817,40.249,8.183,122.20
4818,40.257,8.418,118.79
4819,40.266,8.260,121.07
4820,40.274,8.365,119.55
4821,40.282,8.362,119.59
4822,40.291,8.356,119.67
4823,40.299,8.490,117.79
4824,40.307,8.114,123.24
4825,40.316,8.283,120.73
4826,40.324,8.375,119.40
4827,40.332,8.331,120.03
4828,40.341,8.397,119.09
4829,40.349,8.179,122.26
4830,40.357,8.409,118.92
4831,40.366,8.435,118.55
4832,40.374,8.307,120.38
4833,40.382,8.357,119.66
4834,40.391,8.560,116.82
4835,40.399,8.154,122.64
4836,40.407,8.189,122.12
4837,40.416,8.359,119.63
4838,40.424,8.374,119.42
4839,40.432,8.320,120.19
4840,40.441,8.373,119.43
4841,40.449,8.306,120.39
4842,40.457,8.250,121.21
4843,40.466,8.355,119.69
4844,40.474,8.363,119.57
4845,40.482,8.389,119.20
4846,40.491,8.260,121.07
4847,40.499,8.409,118.92
4848,40.507,8.433,118.58
4849,40.516,8.283,120.73
4850,40.524,8.249,121.23
4851,40.532,8.405,118.98
4852,40.541,8.279,120.79
4853,40.549,8.258,121.09
4854,40.557,8.371,119.46
4855,40.566,8.359,119.63
4856,40.574,8.272,120.89
4857,40.582,8.395,119.12
4858,40.591,8.364,119.56
4859,40.599,8.248,121.24
4860,40.607,8.378,119.36
4861,40.616,8.298,120.51
4862,40.624,8.599,116.29
4863,40.632,8.219,121.67
4864,40.641,8.306,120.39
4865,40.649,8.523,117.33
4866,40.658,8.286,120.69
4867,40.666,8.237,121.40
4868,40.674,8.204,121.89
4869,40.682,8.265,120.99
4870,40.691,8.419,118.78
4871,40.699,8.412,118.88
4872,40.708,8.442,118.46
4873,40.716,8.286,120.69
4874,40.724,8.449,118.36
4875,40.733,8.310,120.34
4876,40.741,8.375,119.40
4877,40.749,8.260,121.07
4878,40.758,8.374,119.42
4879,40.766,8.344,119.85
4880,40.774,8.178,122.28
4881,40.782,8.311,120.32
4882,40.791,8.368,119.50
4883,40.799,8.347,119.80
4884,40.807,8.251,121.20
4885,40.816,8.317,120.24
4886,40.824,8.351,119.75
4887,40.833,8.532,117.21
4888,40.841,8.366,119.53
4889,40.849,8.404,118.99
4890,40.858,8.237,121.40
4891,40.866,8.264,121.01
4892,40.874,8.313,120.29
4893,40.883,8.625,115.94
4894,40.891,8.244,121.30
4895,40.900,8.512,117.48
4896,40.908,8.444,118.43
4897,40.916,8.354,119.70
4898,40.925,8.330,120.05
4899,40.933,8.654,115.55
4900,40.941,7.959,125.64
4901,40.950,8.256,121.12
4902,40.958,8.372,119.45
4903,40.966,8.410,118.91
4904,40.975,8.375,119.40
4905,40.983,8.306,120.39
4906,40.991,8.359,119.63
4907,41.000,8.257,121.11
4908,41.008,8.366,119.53
4909,41.016,8.389,119.20
4910,41.025,8.437,118.53
4911,41.033,8.144,122.79
4912,41.041,8.411,118.89
4913,41.050,8.403,119.01
4914,41.059,8.996,111.16
4915,41.066,7.611,131.39
4916,41.075,8.323,120.15
4917,41.083,8.206,121.86
4918,41.091,8.554,116.90
4919,41.099,7.871,127.05
4920,41.108,8.416,118.82
4921,41.116,8.210,121.80
4922,41.124,8.197,122.00
4923,41.132,8.367,119.52
4924,41.141,8.234,121.45
4925,41.149,8.283,120.73
4926,41.157,8.458,118.23
4927,41.166,8.312,120.31
4928,41.174,8.466,118.12
4929,41.183,8.262,121.04
4930,41.191,8.214,121.74
4931,41.199,8.460,118.20
4932,41.207,8.260,121.07
4933,41.216,8.341,119.89
4934,41.224,8.340,119.90
4935,41.232,8.348,119.79
4936,41.241,8.425,118.69
4937,41.249,8.303,120.44
4938,41.258,8.752,114.26
4939,41.266,8.458,118.23
4940,41.275,8.295,120.55
4941,41.283,8.294,120.57
4942,41.291,8.409,118.92
4943,41.300,8.885,112.55
4944,41.311,10.291,97.17
4945,41.318,7.312,136.76
4946,41.325,7.034,142.17
4947,41.333,7.764,128.80
4948,41.341,8.128,123.03
4949,41.349,8.511,117.50
4950,41.357,8.076,123.82
4951,41.366,8.531,117.22
4952,41.374,8.368,119.50
4953,41.383,8.344,119.85
4954,41.391,8.197,122.00
4955,41.399,8.604,116.23
4956,41.408,8.327,120.09
4957,41.416,8.418,118.79
4958,41.424,8.288,120.66
4959,41.433,8.241,121.34
4960,41.441,8.372,119.45
4961,41.449,8.035,124.46
4962,41.458,8.573,116.65
4963,41.466,8.264,121.01
4964,41.475,8.690,115.07
4965,41.483,8.347,119.80
4966,41.491,8.063,124.02
4967,41.499,8.254,121.15
4968,41.507,8.056,124.13
4969,41.516,8.483,117.88
4970,41.524,8.366,119.53
4971,41.533,8.522,117.34
4972,41.541,8.353,119.72
4973,41.550,8.468,118.09
4974,41.558,8.254,121.15
4975,41.566,8.378,119.36
4976,41.574,8.288,120.66
4977,41.583,8.188,122.13
4978,41.591,8.162,122.52
4979,41.599,8.446,118.40
4980,41.608,8.334,119.99
4981,41.616,8.434,118.57
4982,41.625,8.659,115.49
4983,41.633,8.563,116.78
4984,41.641,8.144,122.79
4985,41.650,8.438,118.51
4986,41.658,8.263,121.02
4987,41.666,8.031,124.52
4988,41.674,8.252,121.18
4989,41.682,8.066,123.98
4990,41.691,8.482,117.90
4991,41.699,8.096,123.52
4992,41.707,8.389,119.20
4993,41.716,8.533,117.19
4994,41.724,8.290,120.63
4995,41.733,8.249,121.23
4996,41.741,8.596,116.33
4997,41.749,8.146,122.76
4998,41.758,8.447,118.39
4999,41.766,8.288,120.66
5000,41.775,8.527,117.27
5001,41.783,8.192,122.07
5002,41.791,8.184,122.19
5003,41.799,8.492,117.76
5004,41.808,8.331,120.03
5005,41.816,8.485,117.86
5006,41.825,8.429,118.64
5007,41.833,8.215,121.73
5008,41.841,8.298,120.51
5009,41.849,8.164,122.49
5010,41.858,8.490,117.79
5011,41.866,8.346,119.82
5012,41.875,8.676,115.26
5013,41.883,8.082,123.73
5014,41.891,8.384,119.27
5015,41.900,8.293,120.58
5016,41.908,8.183,122.20
5017,41.916,8.278,120.80
5018,41.924,8.319,120.21
5019,41.933,8.601,116.27
5020,41.941,8.437,118.53
5021,41.949,8.028,124.56
5022,41.958,8.546,117.01
5023,41.966,8.176,122.31
5024,41.975,8.407,118.95
5025,41.983,8.481,117.91
5026,41.991,8.432,118.60
5027,42.000,8.173,122.35
5028,42.008,8.221,121.64
5029,42.016,8.459,118.22
5030,42.025,8.395,119.12
5031,42.033,8.470,118.06
5032,42.041,8.234,121.45
5033,42.050,8.215,121.73
5034,42.058,8.661,115.46
5035,42.067,8.877,112.65
5036,42.075,7.460,134.05
5037,42.083,8.384,119.27
5038,42.091,8.197,122.00
5039,42.099,8.161,122.53
5040,42.108,8.643,115.70
5041,42.116,8.186,122.16
5042,42.124,8.082,123.73
5043,42.133,8.357,119.66
5044,42.142,9.069,110.27
5045,42.149,7.714,129.63
5046,42.158,8.182,122.22
5047,42.166,8.506,117.56
5048,42.174,8.242,121.33
5049,42.183,8.354,119.70
5050,42.191,8.170,122.40
5051,42.199,8.590,116.41
5052,42.208,8.289,120.64
5053,42.216,8.188,122.13
5054,42.224,8.244,121.30
5055,42.233,8.392,119.16
5056,42.241,8.365,119.55
5057,42.249,8.264,121.01
5058,42.261,11.490,87.03
5059,42.267,6.206,161.13
5060,42.275,7.954,125.72
5061,42.283,7.795,128.29
5062,42.291,8.212,121.77
5063,42.300,9.394,106.45
5064,42.308,7.567,132.15
5065,42.316,8.190,122.10
5066,42.324,8.159,122.56
5067,42.333,9.232,108.32
5068,42.341,7.674,130.31
5069,42.349,8.114,123.24
5070,42.358,8.341,119.89
5071,42.366,8.153,122.65
5072,42.374,8.474,118.01
5073,42.382,8.209,121.82
5074,42.391,8.427,118.67
5075,42.399,8.232,121.48
5076,42.407,8.327,120.09
5077,42.416,8.213,121.76
5078,42.424,8.407,118.95
5079,42.432,8.219,121.67
5080,42.441,8.442,118.46
5081,42.449,8.232,121.48
5082,42.457,8.436,118.54
5083,42.466,8.363,119.57
5084,42.474,8.442,118.46
5085,42.482,8.197,122.00
5086,42.491,8.270,120.92
5087,42.499,8.411,118.89
5088,42.507,8.475,117.99
5089,42.516,8.325,120.12
5090,42.524,8.326,120.11
5091,42.532,8.297,120.53
5092,42.541,8.324,120.13
5093,42.549,8.114,123.24
5094,42.557,8.389,119.20
5095,42.566,8.500,117.65
5096,42.574,8.236,121.42
5097,42.582,8.308,120.37
5098,42.591,8.530,117.23
5099,42.599,8.085,123.69
5100,42.607,8.399,119.06
5101,42.616,8.234,121.45
5102,42.624,8.618,116.04
5103,42.632,8.089,123.62
5104,42.641,8.324,120.13
5105,42.649,8.445,118.41
5106,42.657,8.400,119.05
5107,42.666,8.362,119.59
5108,42.674,8.273,120.88
5109,42.682,8.192,122.07
5110,42.691,8.522,117.34
5111,42.699,8.141,122.84
5112,42.707,8.288,120.66
5113,42.716,8.323,120.15
5114,42.724,8.381,119.32
5115,42.732,8.331,120.03
5116,42.741,8.565,116.75
5117,42.749,8.060,124.07
5118,42.757,8.302,120.45
5119,42.766,8.482,117.90
5120,42.774,8.277,120.82
5121,42.782,8.468,118.09
5122,42.791,8.387,119.23
5123,42.799,8.379,119.35
5124,42.807,8.273,120.88
5125,42.816,8.186,122.16
5126,42.824,8.269,120.93
5127,42.832,8.375,119.40
5128,42.841,8.409,118.92
5129,42.849,8.266,120.98
5130,42.857,8.375,119.40
5131,42.866,8.460,118.20
5132,42.874,8.286,120.69
5133,42.882,8.427,118.67
5134,42.891,8.340,119.90
5135,42.899,8.226,121.57
5136,42.908,8.624,115.96
5137,42.916,8.296,120.54
5138,42.924,8.121,123.14
5139,42.932,8.381,119.32
5140,42.941,8.389,119.20
5141,42.949,8.399,119.06
5142,42.957,8.212,121.77
5143,42.966,8.507,117.55
5144,42.974,8.128,123.03
5145,42.983,8.492,117.76
5146,42.991,8.386,119.25
5147,42.999,8.061,124.05
5148,43.008,8.552,116.93
5149,43.016,8.285,120.70
5150,43.024,8.506,117.56
5151,43.033,8.271,120.90
5152,43.041,8.524,117.32
5153,43.049,8.297,120.53
5154,43.058,8.252,121.18
5155,43.066,8.402,119.02
5156,43.074,8.349,119.77
5157,43.083,8.304,120.42
5158,43.091,8.191,122.09
5159,43.099,8.251,121.20
5160,43.108,8.369,119.49
5161,43.116,8.291,120.61
5162,43.124,8.311,120.32
5163,43.132,8.287,120.67
5164,43.141,8.402,119.02
5165,43.149,8.121,123.14
5166,43.158,8.546,117.01
5167,43.166,8.104,123.40
5168,43.174,8.269,120.93
5169,43.182,8.348,119.79
5170,43.191,8.271,120.90
5171,43.199,8.443,118.44
5172,43.207,8.297,120.53
5173,43.216,8.454,118.29
5174,43.224,8.195,122.03
5175,43.232,8.295,120.55
5176,43.241,8.322,120.16
5177,43.249,8.338,119.93
5178,43.257,8.390,119.19
5179,43.266,8.237,121.40
5180,43.274,8.349,119.77
5181,43.282,8.426,118.68
5182,43.291,8.430,118.62
5183,43.299,8.320,120.19
5184,43.308,8.875,112.68
5185,43.316,8.458,118.23
5186,43.324,8.015,124.77
5187,43.333,8.205,121.88
5188,43.341,8.217,121.70
5189,43.349,8.089,123.62
5190,43.357,8.318,120.22
5191,43.366,8.557,116.86
5192,43.374,8.492,117.76
5193,43.383,8.359,119.63
5194,43.391,8.355,119.69
5195,43.400,8.697,114.98
5196,43.408,8.377,119.37
5197,43.416,8.379,119.35
5198,43.425,8.341,119.89
5199,43.433,8.554,116.90
5200,43.442,8.954,111.68
5201,43.451,8.278,120.80
5202,43.458,7.296,137.06
5203,43.466,7.842,127.52
5204,43.474,8.345,119.83
5205,43.482,8.200,121.95
5206,43.491,8.328,120.08
5207,43.499,8.468,118.09
5208,43.507,8.201,121.94
5209,43.516,8.335,119.98
5210,43.524,8.530,117.23
5211,43.532,8.249,121.23
5212,43.541,8.395,119.12
5213,43.549,8.289,120.64
5214,43.557,8.358,119.65
5215,43.566,8.158,122.58
5216,43.574,8.399,119.06
5217,43.582,8.267,120.96
5218,43.591,8.476,117.98
5219,43.599,8.243,121.32
5220,43.607,8.466,118.12
5221,43.616,8.311,120.32
5222,43.624,8.296,120.54
5223,43.632,8.255,121.14
5224,43.641,8.397,119.09
5225,43.649,8.212,121.77
5226,43.657,8.352,119.73
5227,43.666,8.414,118.85
5228,43.674,8.242,121.33
5229,43.682,8.431,118.61
5230,43.691,8.473,118.02
5231,43.699,8.232,121.48
5232,43.707,8.318,120.22
5233,43.716,8.286,120.69
5234,43.724,8.349,119.77
5235,43.732,8.382,119.30
5236,43.741,8.264,121.01
5237,43.749,8.320,120.19
5238,43.757,8.426,118.68
5239,43.766,8.164,122.49
5240,43.774,8.370,119.47
5241,43.782,8.486,117.84
5242,43.791,8.547,117.00
5243,43.799,8.336,119.96
5244,43.807,8.112,123.27
5245,43.816,8.292,120.60
5246,43.824,8.377,119.37
5247,43.832,8.217,121.70
5248,43.841,8.656,115.53
5249,43.849,8.271,120.90
5250,43.857,8.222,121.62
5251,43.866,8.346,119.82
5252,43.874,8.421,118.75
5253,43.882,8.317,120.24
5254,43.891,8.179,122.26
5255,43.899,8.513,117.47
5256,43.907,8.292,120.60
5257,43.916,8.485,117.86
5258,43.924,8.309,120.35
5259,43.932,8.142,122.82
5260,43.941,8.396,119.10
5261,43.949,8.459,118.22
5262,43.957,8.134,122.94
5263,43.966,8.883,112.57
5264,43.974,7.960,125.63
5265,43.983,8.272,120.89
5266,43.991,8.211,121.79
5267,43.999,8.537,117.14
5268,44.008,8.444,118.43
5269,44.016,8.279,120.79
5270,44.024,8.334,119.99
5271,44.033,8.670,115.34
5272,44.041,8.347,119.80
5273,44.050,8.339,119.92
5274,44.058,8.341,119.89
5275,44.066,8.061,124.05
5276,44.074,8.324,120.13
5277,44.082,8.062,124.04
5278,44.091,8.490,117.79
5279,44.099,8.217,121.70
5280,44.107,8.136,122.91
5281,44.116,8.306,120.39
5282,44.124,8.298,120.51
5283,44.132,8.523,117.33
5284,44.141,8.305,120.41
5285,44.149,8.411,118.89
5286,44.157,8.160,122.55
5287,44.166,8.312,120.31
5288,44.174,8.502,117.62
5289,44.182,8.119,123.17
5290,44.191,8.436,118.54
5291,44.199,8.203,121.91
5292,44.207,8.354,119.70
5293,44.216,8.338,119.93
5294,44.224,8.399,119.06
5295,44.232,8.225,121.58
5296,44.241,8.341,119.89
5297,44.249,8.407,118.95
5298,44.257,8.293,120.58
5299,44.266,8.336,119.96
5300,44.274,8.669,115.35
5301,44.283,8.597,116.32
5302,44.292,8.783,113.86
5303,44.300,8.342,119.88
5304,44.308,8.509,117.52
5305,44.317,8.854,112.94
5306,44.325,7.537,132.68
5307,44.333,8.357,119.66
5308,44.342,8.418,118.79
5309,44.351,9.634,103.80
5310,44.359,7.264,137.67
5311,44.367,8.189,122.12
5312,44.375,8.276,120.83
5313,44.383,8.425,118.69
5314,44.392,8.212,121.77
5315,44.400,8.295,120.55
5316,44.408,8.212,121.77
5317,44.417,8.427,118.67
5318,44.425,8.270,120.92
5319,44.433,8.339,119.92
5320,44.442,8.400,119.05
5321,44.450,8.372,119.45
5322,44.458,8.493,117.74
5323,44.467,8.130,123.00
5324,44.475,8.678,115.23
5325,44.483,8.049,124.24
5326,44.492,8.202,121.92
5327,44.500,8.189,122.12
5328,44.508,8.259,121.08
5329,44.516,8.197,122.00
5330,44.524,8.294,120.57
5331,44.533,8.291,120.61
5332,44.542,8.870,112.74
5333,44.550,8.019,124.70
5334,44.558,8.207,121.85
5335,44.566,8.297,120.53
5336,44.574,8.170,122.40
5337,44.583,8.315,120.26
5338,44.591,8.120,123.15
5339,44.599,8.480,117.92
5340,44.607,8.168,122.43
5341,44.616,8.262,121.04
5342,44.624,8.509,117.52
5343,44.632,8.184,122.19
5344,44.641,8.413,118.86
5345,44.649,8.131,122.99
5346,44.657,8.548,116.99
5347,44.666,8.141,122.84
5348,44.674,8.501,117.63
5349,44.682,8.180,122.25
5350,44.691,8.413,118.86
5351,44.699,8.181,122.23
5352,44.707,8.606,116.20
5353,44.716,8.303,120.44
5354,44.724,8.155,122.62
5355,44.732,8.389,119.20
5356,44.741,8.273,120.88
5357,44.749,8.319,120.21
5358,44.757,8.458,118.23
5359,44.766,8.180,122.25
5360,44.774,8.392,119.16
5361,44.782,8.432,118.60
5362,44.790,8.106,123.37
5363,44.799,8.366,119.53
5364,44.807,8.595,116.35
5365,44.816,8.200,121.95
5366,44.824,8.264,121.01
5367,44.832,8.331,120.03
5368,44.841,8.431,118.61
5369,44.849,8.282,120.74
5370,44.858,8.642,115.71
5371,44.866,8.405,118.98
5372,44.874,8.317,120.24
5373,44.882,8.200,121.95
5374,44.891,8.643,115.70
5375,44.899,8.181,122.23
5376,44.908,8.322,120.16
5377,44.916,8.260,121.07
5378,44.924,8.254,121.15
5379,44.933,8.441,118.47
5380,44.941,8.101,123.44
5381,44.949,8.336,119.96
5382,44.957,8.401,119.03
5383,44.966,8.433,118.58
5384,44.974,8.300,120.48
5385,44.983,8.399,119.06
5386,44.991,8.339,119.92
5387,44.999,8.291,120.61
5388,45.007,8.206,121.86
