frame,time_s,frame_ms,fps
1,0.004096,4.096000,244.140625
2,0.042206,38.110000,26.239832
3,0.075966,33.760000,29.620853
4,0.076818,0.852000,1173.708920
5,0.085567,8.749000,114.298777
6,0.095947,10.380000,96.339114
7,0.102784,6.837000,146.262981
8,0.110950,8.166000,122.458976
9,0.118493,7.543000,132.573247
10,0.132601,14.108000,70.881769
11,0.135497,2.896000,345.303867
12,0.187590,52.093000,19.196437
13,0.188195,0.605000,1652.892562
14,0.193816,5.621000,177.904287
15,0.200470,6.654000,150.285543
16,0.223306,22.836000,43.790506
17,0.228621,5.315000,188.146754
18,0.231732,3.111000,321.440051
19,0.249799,18.067000,55.349532
20,0.255200,5.401000,185.150898
21,0.257630,2.430000,411.522634
22,0.263682,6.052000,165.234633
23,0.277436,13.754000,72.706122
24,0.290524,13.088000,76.405868
25,0.304403,13.879000,72.051301
26,0.317655,13.252000,75.460308
27,0.330522,12.867000,77.718194
28,0.344167,13.645000,73.286918
29,0.357295,13.128000,76.173065
30,0.370989,13.694000,73.024682
31,0.383706,12.717000,78.634898
32,0.398646,14.940000,66.934404
33,0.410432,11.786000,84.846428
34,0.424509,14.077000,71.037863
35,0.437632,13.123000,76.202088
36,0.450479,12.847000,77.839184
37,0.463998,13.519000,73.969968
38,0.477864,13.866000,72.118852
39,0.494364,16.500000,60.606061
40,0.503606,9.242000,108.201688
41,0.517101,13.495000,74.101519
42,0.530932,13.831000,72.301352
43,0.543629,12.697000,78.758762
44,0.557071,13.442000,74.393691
45,0.570294,13.223000,75.625804
46,0.584267,13.973000,71.566593
47,0.597247,12.980000,77.041602
48,0.610260,13.013000,76.846231
49,0.623773,13.513000,74.002812
50,0.637088,13.315000,75.103267
51,0.650386,13.298000,75.199278
52,0.656019,5.633000,177.525297
53,0.677907,21.888000,45.687135
54,0.695267,17.360000,57.603687
55,0.704254,8.987000,111.271837
56,0.717177,12.923000,77.381413
57,0.730812,13.635000,73.340667
58,0.743977,13.165000,75.958982
59,0.749608,5.631000,177.588350
60,0.771606,21.998000,45.458678
61,0.785611,14.005000,71.403070
62,0.798304,12.693000,78.783582
63,0.811226,12.922000,77.387401
64,0.815684,4.458000,224.315837
65,0.820500,4.816000,207.641196
66,0.824029,3.529000,283.366393
67,0.827478,3.449000,289.939113
68,0.829050,1.572000,636.132316
69,0.831667,2.617000,382.116928
70,0.834366,2.699000,370.507595
71,0.838018,3.652000,273.822563
72,0.867937,29.919000,33.423577
73,0.877605,9.668000,103.434009
74,0.880487,2.882000,346.981263
75,0.908081,27.594000,36.239762
76,0.917163,9.082000,110.107906
77,0.931398,14.235000,70.249385
78,0.943751,12.353000,80.951995
79,0.946964,3.213000,311.235605
80,0.970765,23.801000,42.015041
81,0.984103,13.338000,74.973759
82,0.986349,2.246000,445.235975
83,0.989374,3.025000,330.578512
84,0.990999,1.625000,615.384615
85,0.993194,2.195000,455.580866
86,0.995079,1.885000,530.503979
87,0.998358,3.279000,304.971028
88,1.001142,2.784000,359.195402
89,1.002531,1.389000,719.942405
90,1.005717,3.186000,313.873195
91,1.007242,1.525000,655.737705
92,1.009945,2.703000,369.959304
93,1.013937,3.992000,250.501002
94,1.039047,25.110000,39.824771
95,1.050946,11.899000,84.040676
96,1.053490,2.544000,393.081761
97,1.055644,2.154000,464.252553
98,1.058853,3.209000,311.623559
99,1.061667,2.814000,355.366027
100,1.064099,2.432000,411.184211
101,1.067128,3.029000,330.141961
102,1.070040,2.912000,343.406593
103,1.072890,2.850000,350.877193
104,1.075769,2.879000,347.342827
105,1.084084,8.315000,120.264582
106,1.104456,20.372000,49.086982
107,1.118767,14.311000,69.876319
108,1.131456,12.689000,78.808417
109,1.144340,12.884000,77.615647
110,1.158935,14.595000,68.516615
111,1.172452,13.517000,73.980913
112,1.192024,19.572000,51.093399
113,1.195215,3.191000,313.381385
114,1.215554,20.339000,49.166626
115,1.231535,15.981000,62.574307
116,1.232116,0.581000,1721.170396
117,1.255621,23.505000,42.544140
118,1.266933,11.312000,88.401697
119,1.281749,14.816000,67.494600
120,1.291643,9.894000,101.071356
121,1.305535,13.892000,71.983876
122,1.318576,13.041000,76.681236
123,1.332702,14.126000,70.791448
124,1.345531,12.829000,77.948398
125,1.351532,6.001000,166.638894
126,1.356860,5.328000,187.687688
127,1.372443,15.583000,64.172496
128,1.390217,17.774000,56.261956
129,1.401293,11.076000,90.285302
130,1.411163,9.870000,101.317123
131,1.424761,13.598000,73.540227
132,1.437960,13.199000,75.763315
133,1.458302,20.342000,49.159375
134,1.464267,5.965000,167.644593
135,1.479276,15.009000,66.626691
136,1.491293,12.017000,83.215445
137,1.504475,13.182000,75.861023
138,1.509297,4.822000,207.382829
139,1.517003,7.706000,129.769011
140,1.522246,5.243000,190.730498
141,1.530526,8.280000,120.772947
142,1.535643,5.117000,195.427008
143,1.543607,7.964000,125.565043
144,1.548739,5.132000,194.855807
145,1.556831,8.092000,123.578843
146,1.562163,5.332000,187.546887
147,1.570211,8.048000,124.254473
148,1.583614,13.403000,74.610162
149,1.598657,15.043000,66.476102
150,1.610527,11.870000,84.245998
151,1.623804,13.277000,75.318219
152,1.637470,13.666000,73.174301
153,1.642413,4.943000,202.306292
154,1.647248,4.835000,206.825233
155,1.651084,3.836000,260.688217
156,1.653609,2.525000,396.039604
157,1.655951,2.342000,426.985482
158,1.658520,2.569000,389.256520
159,1.661625,3.105000,322.061192
160,1.663856,2.231000,448.229494
161,1.666921,3.065000,326.264274
162,1.677089,10.168000,98.347758
163,1.680667,3.578000,279.485746
164,1.690239,9.572000,104.471375
165,1.693574,3.335000,299.850075
166,1.703530,9.956000,100.441945
167,1.707222,3.692000,270.855905
168,1.716761,9.539000,104.832792
169,1.719126,2.365000,422.832981
170,1.721160,2.034000,491.642085
171,1.723128,1.968000,508.130081
172,1.725317,2.189000,456.829603
173,1.727275,1.958000,510.725230
174,1.730267,2.992000,334.224599
175,1.732569,2.302000,434.404865
176,1.743220,10.651000,93.887898
177,1.745716,2.496000,400.641026
178,1.747709,1.993000,501.756147
179,1.749792,2.083000,480.076812
180,1.751971,2.179000,458.926113
181,1.756641,4.670000,214.132762
182,1.759035,2.394000,417.710944
183,1.760969,1.934000,517.063082
184,1.762962,1.993000,501.756147
185,1.765091,2.129000,469.704086
186,1.767533,2.442000,409.500410
187,1.769261,1.728000,578.703704
188,1.771694,2.433000,411.015208
189,1.773916,2.222000,450.045005
190,1.775900,1.984000,504.032258
191,1.778585,2.685000,372.439479
192,1.780724,2.139000,467.508181
193,1.782986,2.262000,442.086649
194,1.785248,2.262000,442.086649
195,1.787424,2.176000,459.558824
196,1.789261,1.837000,544.365814
197,1.791592,2.331000,429.000429
198,1.793851,2.259000,442.673749
199,1.796745,2.894000,345.542502
200,1.798793,2.048000,488.281250
201,1.800745,1.952000,512.295082
202,1.802651,1.906000,524.658972
203,1.804650,1.999000,500.250125
204,1.806579,1.929000,518.403318
205,1.808725,2.146000,465.983225
206,1.810501,1.776000,563.063063
207,1.812516,2.015000,496.277916
208,1.814450,1.934000,517.063082
209,1.816346,1.896000,527.426160
210,1.818379,2.033000,491.883915
211,1.820310,1.931000,517.866390
212,1.822441,2.131000,469.263257
213,1.824569,2.128000,469.924812
214,1.826850,2.281000,438.404209
215,1.836644,9.794000,102.103329
216,1.839041,2.397000,417.188152
217,1.841002,1.961000,509.943906
218,1.842879,1.877000,532.765051
219,1.844942,2.063000,484.730974
220,1.847188,2.246000,445.235975
221,1.849945,2.757000,362.713094
222,1.877876,27.931000,35.802513
223,1.890400,12.524000,79.846694
224,1.904179,13.779000,72.574207
225,1.917374,13.195000,75.786283
226,1.930303,12.929000,77.345502
227,1.944318,14.015000,71.352123
228,1.957426,13.108000,76.289289
229,1.971733,14.307000,69.895855
230,1.983561,11.828000,84.545147
231,1.999493,15.932000,62.766759
232,2.010421,10.928000,91.508053
233,2.023890,13.469000,74.244562
234,2.037263,13.373000,74.777537
235,2.050149,12.886000,77.603601
236,2.063836,13.687000,73.062030
237,2.076911,13.075000,76.481836
238,2.090424,13.513000,74.002812
239,2.103580,13.156000,76.010946
240,2.117418,13.838000,72.264778
241,2.130836,13.418000,74.526755
242,2.144202,13.366000,74.816699
243,2.157550,13.348000,74.917591
244,2.170802,13.252000,75.460308
245,2.184265,13.463000,74.277650
246,2.197757,13.492000,74.117996
247,2.210948,13.191000,75.809264
248,2.232525,21.577000,46.345646
249,2.238228,5.703000,175.346309
250,2.250807,12.579000,79.497575
251,2.263633,12.826000,77.966630
252,2.276672,13.039000,76.692998
253,2.290246,13.574000,73.670252
254,2.303433,13.187000,75.832259
255,2.321004,17.571000,56.911957
256,2.349070,28.066000,35.630300
257,2.349137,0.067000,14925.373134
258,2.349166,0.029000,34482.758621
259,2.356954,7.788000,128.402671
260,2.363814,6.860000,145.772595
261,2.370631,6.817000,146.692093
262,2.377641,7.010000,142.653352
263,2.384419,6.778000,147.536146
264,2.391343,6.924000,144.425188
265,2.398236,6.893000,145.074713
266,2.404495,6.259000,159.769931
267,2.412105,7.610000,131.406045
268,2.418894,6.789000,147.297098
269,2.425836,6.942000,144.050706
270,2.432724,6.888000,145.180023
271,2.439984,7.260000,137.741047
272,2.448595,8.611000,116.130531
273,2.453146,4.551000,219.731927
274,2.460349,7.203000,138.831043
275,2.467269,6.920000,144.508671
276,2.474103,6.834000,146.327188
277,2.481016,6.913000,144.654998
278,2.487920,6.904000,144.843569
279,2.494808,6.888000,145.180023
280,2.501774,6.966000,143.554407
281,2.508638,6.864000,145.687646
282,2.515478,6.840000,146.198830
283,2.522405,6.927000,144.362639
284,2.529296,6.891000,145.116819
285,2.536292,6.996000,142.938822
286,2.543092,6.800000,147.058824
287,2.549770,6.678000,149.745433
288,2.556923,7.153000,139.801482
289,2.563825,6.902000,144.885540
290,2.570732,6.907000,144.780657
291,2.577614,6.882000,145.306597
292,2.584543,6.929000,144.320970
293,2.591171,6.628000,150.875075
294,2.598338,7.167000,139.528394
295,2.605249,6.911000,144.696860
296,2.612138,6.889000,145.158949
297,2.619067,6.929000,144.320970
298,2.625945,6.878000,145.391102
299,2.632866,6.921000,144.487791
300,2.639245,6.379000,156.764383
301,2.646717,7.472000,133.832976
302,2.653555,6.838000,146.241591
303,2.660476,6.921000,144.487791
304,2.667326,6.850000,145.985401
305,2.674279,6.953000,143.822810
306,2.681138,6.859000,145.793847
307,2.688088,6.950000,143.884892
308,2.694925,6.837000,146.262981
309,2.701861,6.936000,144.175317
310,2.708803,6.942000,144.050706
311,2.715619,6.816000,146.713615
312,2.722497,6.878000,145.391102
313,2.729480,6.983000,143.204926
314,2.736487,7.007000,142.714428
315,2.743252,6.765000,147.819660
316,2.750207,6.955000,143.781452
317,2.757112,6.905000,144.822592
318,2.763495,6.383000,156.666144
319,2.770208,6.713000,148.964695
320,2.777917,7.709000,129.718511
321,2.784646,6.729000,148.610492
322,2.791708,7.062000,141.602945
323,2.798451,6.743000,148.301943
324,2.805366,6.915000,144.613160
325,2.812418,7.052000,141.803744
326,2.819166,6.748000,148.192057
327,2.826155,6.989000,143.081986
328,2.832970,6.815000,146.735143
329,2.839998,7.028000,142.287991
330,2.846745,6.747000,148.214021
331,2.853882,7.137000,140.114894
332,2.860559,6.677000,149.767860
333,2.867479,6.920000,144.508671
334,2.874387,6.908000,144.759699
335,2.881313,6.926000,144.383483
336,2.887910,6.597000,151.584053
337,2.895186,7.276000,137.438153
338,2.901932,6.746000,148.235992
339,2.908909,6.977000,143.328078
340,2.915330,6.421000,155.738981
341,2.922447,7.117000,140.508641
342,2.929569,7.122000,140.409997
343,2.936474,6.905000,144.822592
344,2.943347,6.873000,145.496872
345,2.949681,6.334000,157.878118
346,2.957222,7.541000,132.608407
347,2.964035,6.813000,146.778218
348,2.970950,6.915000,144.613160
349,2.977380,6.430000,155.520995
350,2.984787,7.407000,135.007425
351,2.991644,6.857000,145.836372
352,2.998549,6.905000,144.822592
353,3.005458,6.909000,144.738747
354,3.012306,6.848000,146.028037
355,3.019250,6.944000,144.009217
356,3.026122,6.872000,145.518044
357,3.033037,6.915000,144.613160
358,3.039932,6.895000,145.032632
359,3.046809,6.877000,145.412244
360,3.053754,6.945000,143.988481
361,3.060617,6.863000,145.708874
362,3.067510,6.893000,145.074713
363,3.074453,6.943000,144.029958
364,3.081320,6.867000,145.623999
365,3.088229,6.909000,144.738747
366,3.095118,6.889000,145.158949
367,3.102017,6.899000,144.948543
368,3.108519,6.502000,153.798831
369,3.115894,7.375000,135.593220
370,3.122717,6.823000,146.563095
371,3.129125,6.408000,156.054931
372,3.136313,7.188000,139.120757
373,3.143442,7.129000,140.272128
374,3.149614,6.172000,162.022035
375,3.156684,7.070000,141.442716
376,3.164052,7.368000,135.722041
377,3.171044,6.992000,143.020595
378,3.177803,6.759000,147.950880
379,3.184272,6.469000,154.583398
380,3.191822,7.550000,132.450331
381,3.198620,6.798000,147.102089
382,3.205539,6.919000,144.529556
383,3.212445,6.906000,144.801622
384,3.219281,6.836000,146.284377
385,3.225852,6.571000,152.183838
386,3.233183,7.331000,136.407039
387,3.240041,6.858000,145.815106
388,3.246930,6.889000,145.158949
389,3.253849,6.919000,144.529556
390,3.260725,6.876000,145.433392
391,3.267616,6.891000,145.116819
392,3.273908,6.292000,158.931977
393,3.281498,7.590000,131.752306
394,3.288323,6.825000,146.520147
395,3.295181,6.858000,145.815106
396,3.302129,6.948000,143.926310
397,3.309084,6.955000,143.781452
398,3.315525,6.441000,155.255395
399,3.323099,7.574000,132.030631
400,3.329739,6.640000,150.602410
401,3.336688,6.949000,143.905598
402,3.343540,6.852000,145.942790
403,3.350463,6.923000,144.446049
404,3.357390,6.927000,144.362639
405,3.364310,6.920000,144.508671
406,3.371221,6.911000,144.696860
407,3.378256,7.035000,142.146411
408,3.384927,6.671000,149.902563
409,3.391828,6.901000,144.906535
410,3.398721,6.893000,145.074713
411,3.405771,7.050000,141.843972
412,3.412553,6.782000,147.449130
413,3.419432,6.879000,145.369967
414,3.426429,6.997000,142.918394
415,3.433327,6.898000,144.969556
416,3.440171,6.844000,146.113384
417,3.447105,6.934000,144.216902
418,3.453972,6.867000,145.623999
419,3.460375,6.403000,156.176792
420,3.467791,7.416000,134.843581
421,3.474673,6.882000,145.306597
422,3.480830,6.157000,162.416761
423,3.488664,7.834000,127.648711
424,3.495387,6.723000,148.743121
425,3.502310,6.923000,144.446049
426,3.509266,6.956000,143.760782
427,3.516059,6.793000,147.210364
428,3.523083,7.024000,142.369021
429,3.529904,6.821000,146.606069
430,3.536381,6.477000,154.392466
431,3.543787,7.406000,135.025655
432,3.550512,6.725000,148.698885
433,3.557501,6.989000,143.081986
434,3.564353,6.852000,145.942790
435,3.571275,6.922000,144.466917
436,3.577847,6.572000,152.160682
437,3.585044,7.197000,138.946783
438,3.591956,6.912000,144.675926
439,3.598818,6.862000,145.730108
440,3.605338,6.520000,153.374233
441,3.612804,7.466000,133.940530
442,3.619503,6.699000,149.276011
443,3.626573,7.070000,141.442716
444,3.633364,6.791000,147.253718
445,3.640252,6.888000,145.180023
446,3.647120,6.868000,145.602796
447,3.654214,7.094000,140.964195
448,3.660899,6.685000,149.588631
449,3.667991,7.092000,141.003948
450,3.674419,6.428000,155.569384
451,3.681674,7.255000,137.835975
452,3.688750,7.076000,141.322781
453,3.695502,6.752000,148.104265
454,3.702354,6.852000,145.942790
455,3.709214,6.860000,145.772595
456,3.716207,6.993000,143.000143
457,3.723006,6.799000,147.080453
458,3.730007,7.001000,142.836738
459,3.736339,6.332000,157.927985
460,3.743852,7.513000,133.102622
461,3.750609,6.757000,147.994672
462,3.757647,7.038000,142.085820
463,3.764508,6.861000,145.751348
464,3.771410,6.902000,144.885540
465,3.778249,6.839000,146.220208
466,3.784618,6.369000,157.010520
467,3.792157,7.539000,132.643587
468,3.798984,6.827000,146.477223
469,3.805845,6.861000,145.751348
470,3.812764,6.919000,144.529556
471,3.819690,6.926000,144.383483
472,3.826552,6.862000,145.730108
473,3.833475,6.923000,144.446049
474,3.840404,6.929000,144.320970
475,3.847276,6.872000,145.518044
476,3.854162,6.886000,145.222190
477,3.861084,6.922000,144.466917
478,3.867943,6.859000,145.793847
479,3.875021,7.078000,141.282848
480,3.881729,6.708000,149.075730
481,3.888749,7.020000,142.450142
482,3.895563,6.814000,146.756677
483,3.902391,6.828000,146.455770
484,3.909369,6.978000,143.307538
485,3.915663,6.294000,158.881474
486,3.922910,7.247000,137.988133
487,3.929914,7.004000,142.775557
488,3.937098,7.184000,139.198218
489,3.943251,6.153000,162.522347
490,3.950809,7.558000,132.310135
491,3.957691,6.882000,145.306597
492,3.964592,6.901000,144.906535
493,3.971457,6.865000,145.666424
494,3.977911,6.454000,154.942671
495,3.984558,6.647000,150.443809
496,3.992259,7.701000,129.853266
497,3.999003,6.744000,148.279953
498,4.005926,6.923000,144.446049
499,4.012806,6.880000,145.348837
500,4.019719,6.913000,144.654998
501,4.026621,6.902000,144.885540
502,4.033541,6.920000,144.508671
503,4.040432,6.891000,145.116819
504,4.047316,6.884000,145.264381
505,4.054224,6.908000,144.759699
506,4.061107,6.883000,145.285486
507,4.068030,6.923000,144.446049
508,4.074960,6.930000,144.300144
509,4.081841,6.881000,145.327714
510,4.088744,6.903000,144.864552
511,4.095611,6.867000,145.623999
512,4.102620,7.009000,142.673705
513,4.109427,6.807000,146.907595
514,4.115675,6.248000,160.051216
515,4.123046,7.371000,135.666802
516,4.130198,7.152000,139.821029
517,4.137058,6.860000,145.772595
518,4.144008,6.950000,143.884892
519,4.152527,8.519000,117.384670
520,4.157657,5.130000,194.931774
521,4.164747,7.090000,141.043724
522,4.171610,6.863000,145.708874
523,4.178474,6.864000,145.687646
524,4.185392,6.918000,144.550448
525,4.192333,6.941000,144.071459
526,4.199169,6.836000,146.284377
527,4.206060,6.891000,145.116819
528,4.212983,6.923000,144.446049
529,4.219886,6.903000,144.864552
530,4.226829,6.943000,144.029958
531,4.233584,6.755000,148.038490
532,4.240617,7.033000,142.186833
533,4.247473,6.856000,145.857643
534,4.254439,6.966000,143.554407
535,4.261277,6.838000,146.241591
536,4.268159,6.882000,145.306597
537,4.275119,6.960000,143.678161
538,4.281944,6.825000,146.520147
539,4.288858,6.914000,144.634076
540,4.295772,6.914000,144.634076
541,4.302705,6.933000,144.237704
542,4.309049,6.344000,157.629256
543,4.316560,7.511000,133.138064
544,4.322900,6.340000,157.728707
545,4.330367,7.467000,133.922593
546,4.337216,6.849000,146.006716
547,4.344087,6.871000,145.539223
548,4.350986,6.899000,144.948543
549,4.357884,6.898000,144.969556
550,4.364460,6.576000,152.068127
551,4.371301,6.841000,146.177459
552,4.378659,7.358000,135.906496
553,4.385453,6.794000,147.188696
554,4.392385,6.932000,144.258511
555,4.399256,6.871000,145.539223
556,4.406225,6.969000,143.492610
557,4.413094,6.869000,145.581598
558,4.419465,6.371000,156.961231
559,4.426962,7.497000,133.386688
560,4.433181,6.219000,160.797556
561,4.440739,7.558000,132.310135
562,4.447138,6.399000,156.274418
563,4.454593,7.455000,134.138162
564,4.460876,6.283000,159.159637
565,4.468356,7.480000,133.689840
566,4.475160,6.804000,146.972369
567,4.481846,6.686000,149.566258
568,4.489001,7.155000,139.762404
569,4.495149,6.148000,162.654522
570,4.502065,6.916000,144.592250
571,4.509564,7.499000,133.351113
572,4.516626,7.062000,141.602945
573,4.523466,6.840000,146.198830
574,4.530358,6.892000,145.095763
575,4.537533,7.175000,139.372822
576,4.544133,6.600000,151.515152
577,4.551009,6.876000,145.433392
578,4.557950,6.941000,144.071459
579,4.564502,6.552000,152.625153
580,4.571767,7.265000,137.646249
581,4.578608,6.841000,146.177459
582,4.585531,6.923000,144.446049
583,4.592438,6.907000,144.780657
584,4.599313,6.875000,145.454545
585,4.606222,6.909000,144.738747
586,4.613112,6.890000,145.137881
587,4.620038,6.926000,144.383483
588,4.626919,6.881000,145.327714
589,4.633834,6.915000,144.613160
590,4.640717,6.883000,145.285486
591,4.647615,6.898000,144.969556
592,4.654515,6.900000,144.927536
593,4.661413,6.898000,144.969556
594,4.668307,6.894000,145.053670
595,4.675216,6.909000,144.738747
596,4.682100,6.884000,145.264381
597,4.689012,6.912000,144.675926
598,4.695894,6.882000,145.306597
599,4.702838,6.944000,144.009217
600,4.709387,6.549000,152.695068
601,4.716647,7.260000,137.741047
602,4.723599,6.952000,143.843498
603,4.730407,6.808000,146.886016
604,4.737326,6.919000,144.529556
605,4.744225,6.899000,144.948543
606,4.751137,6.912000,144.675926
607,4.758016,6.879000,145.369967
608,4.764924,6.908000,144.759699
609,4.771811,6.887000,145.201104
610,4.778707,6.896000,145.011601
611,4.785609,6.902000,144.885540
612,4.792549,6.940000,144.092219
613,4.799416,6.867000,145.623999
614,4.806341,6.925000,144.404332
615,4.813218,6.877000,145.412244
616,4.820197,6.979000,143.287004
617,4.827096,6.899000,144.948543
618,4.833273,6.177000,161.890886
619,4.840965,7.692000,130.005200
620,4.847741,6.776000,147.579693
621,4.854673,6.932000,144.258511
622,4.861534,6.861000,145.751348
623,4.868460,6.926000,144.383483
624,4.875366,6.906000,144.801622
625,4.882262,6.896000,145.011601
626,4.888921,6.659000,150.172699
627,4.896129,7.208000,138.734739
628,4.902918,6.789000,147.297098
629,4.909756,6.838000,146.241591
630,4.916767,7.011000,142.633005
631,4.923509,6.742000,148.323939
632,4.930567,7.058000,141.683196
633,4.937238,6.671000,149.902563
634,4.944391,7.153000,139.801482
635,4.950669,6.278000,159.286397
636,4.958259,7.590000,131.752306
637,4.964616,6.357000,157.306906
638,4.971479,6.863000,145.708874
639,4.978917,7.438000,134.444743
640,4.985780,6.863000,145.708874
641,4.992663,6.883000,145.285486
642,4.999006,6.343000,157.654107
643,5.006640,7.634000,130.992926
644,5.013339,6.699000,149.276011
645,5.020357,7.018000,142.490738
646,5.027090,6.733000,148.522204
647,5.034073,6.983000,143.204926
648,5.040970,6.897000,144.990576
649,5.047868,6.898000,144.969556
650,5.054807,6.939000,144.112985
651,5.061653,6.846000,146.070698
652,5.068432,6.779000,147.514383
653,5.075480,7.048000,141.884222
654,5.082369,6.889000,145.158949
655,5.089305,6.936000,144.175317
656,5.096145,6.840000,146.198830
657,5.103117,6.972000,143.430866
658,5.109453,6.336000,157.828283
659,5.116909,7.456000,134.120172
660,5.123765,6.856000,145.857643
661,5.130675,6.910000,144.717800
662,5.137648,6.973000,143.410297
663,5.144440,6.792000,147.232038
664,5.151092,6.652000,150.330728
665,5.158287,7.195000,138.985407
666,5.165132,6.845000,146.092038
667,5.172051,6.919000,144.529556
668,5.178942,6.891000,145.116819
669,5.185572,6.630000,150.829563
670,5.192892,7.320000,136.612022
671,5.199640,6.748000,148.192057
672,5.206600,6.960000,143.678161
673,5.213456,6.856000,145.857643
674,5.220137,6.681000,149.678192
675,5.226591,6.454000,154.942671
676,5.233575,6.984000,143.184422
677,5.240889,7.314000,136.724091
678,5.247988,7.099000,140.864911
679,5.254933,6.945000,143.988481
680,5.261758,6.825000,146.520147
681,5.268674,6.916000,144.592250
682,5.275601,6.927000,144.362639
683,5.282474,6.873000,145.496872
684,5.289386,6.912000,144.675926
685,5.296045,6.659000,150.172699
686,5.303217,7.172000,139.431121
687,5.310024,6.807000,146.907595
688,5.316936,6.912000,144.675926
689,5.323854,6.918000,144.550448
690,5.330727,6.873000,145.496872
691,5.337641,6.914000,144.634076
692,5.344521,6.880000,145.348837
693,5.351432,6.911000,144.696860
694,5.358334,6.902000,144.885540
695,5.365234,6.900000,144.927536
696,5.372139,6.905000,144.822592
697,5.379007,6.868000,145.602796
698,5.385862,6.855000,145.878920
699,5.392832,6.970000,143.472023
700,5.399732,6.900000,144.927536
701,5.406631,6.899000,144.948543
702,5.413548,6.917000,144.571346
703,5.419995,6.447000,155.110904
704,5.427375,7.380000,135.501355
705,5.434223,6.848000,146.028037
706,5.441131,6.908000,144.759699
707,5.448012,6.881000,145.327714
708,5.454943,6.931000,144.279325
709,5.461606,6.663000,150.082545
710,5.468744,7.138000,140.095265
711,5.475621,6.877000,145.412244
712,5.481834,6.213000,160.952841
713,5.489518,7.684000,130.140552
714,5.496328,6.810000,146.842878
715,5.503239,6.911000,144.696860
716,5.510114,6.875000,145.454545
717,5.516305,6.191000,161.524794
718,5.524023,7.718000,129.567245
719,5.530804,6.781000,147.470875
720,5.537730,6.926000,144.383483
721,5.544599,6.869000,145.581598
722,5.551173,6.574000,152.114390
723,5.558472,7.299000,137.005069
724,5.565322,6.850000,145.985401
725,5.572222,6.900000,144.927536
726,5.579126,6.904000,144.843569
727,5.586023,6.897000,144.990576
728,5.592929,6.906000,144.801622
729,5.599869,6.940000,144.092219
730,5.606501,6.632000,150.784077
731,5.613709,7.208000,138.734739
732,5.620175,6.466000,154.655119
733,5.627510,7.335000,136.332652
734,5.634007,6.497000,153.917193
735,5.641327,7.320000,136.612022
736,5.647739,6.412000,155.957580
737,5.655164,7.425000,134.680135
738,5.661949,6.785000,147.383935
739,5.668879,6.930000,144.300144
740,5.675779,6.900000,144.927536
741,5.682229,6.450000,155.038760
742,5.689123,6.894000,145.053670
743,5.695888,6.765000,147.819660
744,5.703212,7.324000,136.537411
745,5.710315,7.103000,140.785584
746,5.717146,6.831000,146.391451
747,5.724132,6.986000,143.143430
748,5.730965,6.833000,146.348602
749,5.737891,6.926000,144.383483
750,5.744765,6.874000,145.475706
751,5.751458,6.693000,149.409831
752,5.758376,6.918000,144.550448
753,5.765553,7.177000,139.333984
754,5.772390,6.837000,146.262981
755,5.778613,6.223000,160.694199
756,5.786323,7.710000,129.701686
757,5.793066,6.743000,148.301943
758,5.799624,6.558000,152.485514
759,5.807004,7.380000,135.501355
760,5.813446,6.442000,155.231295
761,5.820277,6.831000,146.391451
762,5.827647,7.370000,135.685210
763,5.834487,6.840000,146.198830
764,5.840793,6.306000,158.579131
765,5.847681,6.888000,145.180023
766,5.854796,7.115000,140.548138
767,5.861680,6.884000,145.264381
768,5.868656,6.976000,143.348624
769,5.875873,7.217000,138.561729
770,5.882752,6.879000,145.369967
771,5.889688,6.936000,144.175317
772,5.895955,6.267000,159.565981
773,5.903551,7.596000,131.648236
774,5.910395,6.844000,146.113384
775,5.917279,6.884000,145.264381
776,5.924186,6.907000,144.780657
777,5.931068,6.882000,145.306597
778,5.937978,6.910000,144.717800
779,5.944434,6.456000,154.894672
780,5.951206,6.772000,147.666864
781,5.958766,7.560000,132.275132
782,5.965535,6.769000,147.732309
783,5.972475,6.940000,144.092219
784,5.979217,6.742000,148.323939
785,5.986318,7.101000,140.825236
786,5.993148,6.830000,146.412884
787,6.000046,6.898000,144.969556
788,6.006949,6.903000,144.864552
789,6.013091,6.142000,162.813416
790,6.020822,7.731000,129.349373
791,6.027598,6.776000,147.579693
792,6.034528,6.930000,144.300144
793,6.041447,6.919000,144.529556
794,6.048311,6.864000,145.687646
795,6.055244,6.933000,144.237704
796,6.062128,6.884000,145.264381
797,6.069033,6.905000,144.822592
798,6.075925,6.892000,145.095763
799,6.082530,6.605000,151.400454
800,6.089766,7.236000,138.197899
801,6.096629,6.863000,145.708874
802,6.103529,6.900000,144.927536
803,6.110422,6.893000,145.074713
804,6.117305,6.883000,145.285486
805,6.124238,6.933000,144.237704
806,6.131132,6.894000,145.053670
807,6.138039,6.907000,144.780657
808,6.144927,6.888000,145.180023
809,6.151809,6.882000,145.306597
810,6.158710,6.901000,144.906535
811,6.165611,6.901000,144.906535
812,6.172506,6.895000,145.032632
813,6.179394,6.888000,145.180023
814,6.185838,6.444000,155.183116
815,6.193280,7.442000,134.372481
816,6.200085,6.805000,146.950771
817,6.207015,6.930000,144.300144
818,6.213887,6.872000,145.518044
819,6.220804,6.917000,144.571346
820,6.227690,6.886000,145.222190
821,6.234604,6.914000,144.634076
822,6.241499,6.895000,145.032632
823,6.248390,6.891000,145.116819
824,6.255299,6.909000,144.738747
825,6.262213,6.914000,144.634076
826,6.269102,6.889000,145.158949
827,6.275995,6.893000,145.074713
828,6.282901,6.906000,144.801622
829,6.289816,6.915000,144.613160
830,6.296725,6.909000,144.738747
831,6.303619,6.894000,145.053670
832,6.310492,6.873000,145.496872
833,6.317400,6.908000,144.759699
834,6.324309,6.909000,144.738747
835,6.331199,6.890000,145.137881
836,6.338108,6.909000,144.738747
837,6.344991,6.883000,145.285486
838,6.351984,6.993000,143.000143
839,6.358892,6.908000,144.759699
840,6.365753,6.861000,145.751348
841,6.372730,6.977000,143.328078
842,6.379578,6.848000,146.028037
843,6.386505,6.927000,144.362639
844,6.393348,6.843000,146.134736
845,6.400276,6.928000,144.341801
846,6.406545,6.269000,159.515074
847,6.414135,7.590000,131.752306
848,6.420812,6.677000,149.767860
849,6.427884,7.072000,141.402715
850,6.434734,6.850000,145.985401
851,6.441552,6.818000,146.670578
852,6.448584,7.032000,142.207053
853,6.455476,6.892000,145.095763
854,6.461842,6.366000,157.084511
855,6.469252,7.410000,134.952767
856,6.476012,6.760000,147.928994
857,6.482534,6.522000,153.327200
858,6.489568,7.034000,142.166619
859,6.496917,7.349000,136.072935
860,6.503801,6.884000,145.264381
861,6.510668,6.867000,145.623999
862,6.517526,6.858000,145.815106
863,6.524394,6.868000,145.602796
864,6.531390,6.996000,142.938822
865,6.538269,6.879000,145.369967
866,6.545178,6.909000,144.738747
867,6.552058,6.880000,145.348837
868,6.558995,6.937000,144.154534
869,6.565413,6.418000,155.811779
870,6.572853,7.440000,134.408602
871,6.579670,6.817000,146.692093
872,6.586605,6.935000,144.196107
873,6.593452,6.847000,146.049365
874,6.600356,6.904000,144.843569
875,6.606747,6.391000,156.470036
876,6.614252,7.505000,133.244504
877,6.620697,6.445000,155.159038
878,6.627354,6.657000,150.217816
879,6.634940,7.586000,131.821777
880,6.641787,6.847000,146.049365
881,6.648628,6.841000,146.177459
882,6.655690,7.062000,141.602945
883,6.662434,6.744000,148.279953
884,6.669309,6.875000,145.454545
885,6.675936,6.627000,150.897842
886,6.683132,7.196000,138.966092
887,6.690094,6.962000,143.636886
888,6.696977,6.883000,145.285486
889,6.703875,6.898000,144.969556
890,6.710790,6.915000,144.613160
891,6.717669,6.879000,145.369967
892,6.724645,6.976000,143.348624
893,6.731441,6.796000,147.145380
894,6.738379,6.938000,144.133756
895,6.745259,6.880000,145.348837
896,6.752192,6.933000,144.237704
897,6.758926,6.734000,148.500149
898,6.765606,6.680000,149.700599
899,6.772971,7.365000,135.777325
900,6.779760,6.789000,147.297098
901,6.786436,6.676000,149.790294
902,6.793547,7.111000,140.627197
903,6.800414,6.867000,145.623999
904,6.807337,6.923000,144.446049
905,6.814224,6.887000,145.201104
906,6.821121,6.897000,144.990576
907,6.828023,6.902000,144.885540
908,6.834919,6.896000,145.011601
909,6.841871,6.952000,143.843498
910,6.848706,6.835000,146.305779
911,6.855645,6.939000,144.112985
912,6.862509,6.864000,145.687646
913,6.869422,6.913000,144.654998
914,6.876322,6.900000,144.927536
915,6.883195,6.873000,145.496872
916,6.890127,6.932000,144.258511
917,6.897029,6.902000,144.885540
918,6.903939,6.910000,144.717800
919,6.910787,6.848000,146.028037
920,6.917692,6.905000,144.822592
921,6.924620,6.928000,144.341801
922,6.931495,6.875000,145.454545
923,6.937856,6.361000,157.207986
924,6.945374,7.518000,133.014099
925,6.952187,6.813000,146.778218
926,6.959112,6.925000,144.404332
927,6.965834,6.722000,148.765248
928,6.972462,6.628000,150.875075
929,6.979883,7.421000,134.752729
930,6.986692,6.809000,146.864444
931,6.993614,6.922000,144.466917
932,7.000498,6.884000,145.264381
933,7.007187,6.689000,149.499178
934,7.014342,7.155000,139.762404
935,7.021228,6.886000,145.222190
936,7.028094,6.866000,145.645208
937,7.035011,6.917000,144.571346
938,7.041905,6.894000,145.053670
939,7.048813,6.908000,144.759699
940,7.055172,6.359000,157.257430
941,7.062667,7.495000,133.422282
942,7.069492,6.825000,146.520147
943,7.076397,6.905000,144.822592
944,7.083295,6.898000,144.969556
945,7.090211,6.916000,144.592250
946,7.097132,6.921000,144.487791
947,7.104100,6.968000,143.513203
948,7.110909,6.809000,146.864444
949,7.117866,6.957000,143.740118
950,7.124805,6.939000,144.112985
951,7.131670,6.865000,145.666424
952,7.138538,6.868000,145.602796
953,7.145227,6.689000,149.499178
954,7.152397,7.170000,139.470014
955,7.159246,6.849000,146.006716
956,7.166140,6.894000,145.053670
957,7.173079,6.939000,144.112985
958,7.179932,6.853000,145.921494
959,7.186442,6.510000,153.609831
960,7.193799,7.357000,135.924969
961,7.200656,6.857000,145.836372
962,7.207544,6.888000,145.180023
963,7.214441,6.897000,144.990576
964,7.221389,6.948000,143.926310
965,7.228259,6.870000,145.560408
966,7.235133,6.874000,145.475706
967,7.242072,6.939000,144.112985
968,7.248828,6.756000,148.016578
969,7.255932,7.104000,140.765766
970,7.262672,6.740000,148.367953
971,7.269091,6.419000,155.787506
972,7.276632,7.541000,132.608407
973,7.283016,6.384000,156.641604
974,7.290332,7.316000,136.686714
975,7.297284,6.952000,143.843498
976,7.304223,6.939000,144.112985
977,7.311063,6.840000,146.198830
978,7.317981,6.918000,144.550448
979,7.324859,6.878000,145.391102
980,7.331731,6.872000,145.518044
981,7.338690,6.959000,143.698807
982,7.345557,6.867000,145.623999
983,7.352468,6.911000,144.696860
984,7.359383,6.915000,144.613160
985,7.366258,6.875000,145.454545
986,7.373171,6.913000,144.654998
987,7.380032,6.861000,145.751348
988,7.386996,6.964000,143.595635
989,7.393839,6.843000,146.134736
990,7.400734,6.895000,145.032632
991,7.407660,6.926000,144.383483
992,7.414565,6.905000,144.822592
993,7.420758,6.193000,161.472630
994,7.428454,7.696000,129.937630
995,7.435250,6.796000,147.145380
996,7.442197,6.947000,143.947027
997,7.449063,6.866000,145.645208
998,7.455716,6.653000,150.308132
999,7.462911,7.195000,138.985407
1000,7.469773,6.862000,145.730108
1001,7.476657,6.884000,145.264381
1002,7.483581,6.924000,144.425188
1003,7.490493,6.912000,144.675926
1004,7.497344,6.851000,145.964093
1005,7.504306,6.962000,143.636886
1006,7.511121,6.815000,146.735143
1007,7.518075,6.954000,143.802128
1008,7.524964,6.889000,145.158949
1009,7.531876,6.912000,144.675926
1010,7.538777,6.901000,144.906535
1011,7.545635,6.858000,145.815106
1012,7.552570,6.935000,144.196107
1013,7.559425,6.855000,145.878920
1014,7.566345,6.920000,144.508671
1015,7.573220,6.875000,145.454545
1016,7.580090,6.870000,145.560408
1017,7.587010,6.920000,144.508671
1018,7.593917,6.907000,144.780657
1019,7.600798,6.881000,145.327714
1020,7.607724,6.926000,144.383483
1021,7.614631,6.907000,144.780657
1022,7.621536,6.905000,144.822592
1023,7.628422,6.886000,145.222190
1024,7.635314,6.892000,145.095763
1025,7.642205,6.891000,145.116819
1026,7.649117,6.912000,144.675926
1027,7.656024,6.907000,144.780657
1028,7.662905,6.881000,145.327714
1029,7.669829,6.924000,144.425188
1030,7.676708,6.879000,145.369967
1031,7.683617,6.909000,144.738747
1032,7.690530,6.913000,144.654998
1033,7.697397,6.867000,145.623999
1034,7.704303,6.906000,144.801622
1035,7.710975,6.672000,149.880096
1036,7.718125,7.150000,139.860140
1037,7.725010,6.885000,145.243282
1038,7.731894,6.884000,145.264381
1039,7.738815,6.921000,144.487791
1040,7.745692,6.877000,145.412244
1041,7.752608,6.916000,144.592250
1042,7.759494,6.886000,145.222190
1043,7.766405,6.911000,144.696860
1044,7.773332,6.927000,144.362639
1045,7.780197,6.865000,145.666424
1046,7.787116,6.919000,144.529556
1047,7.794006,6.890000,145.137881
1048,7.800891,6.885000,145.243282
1049,7.807834,6.943000,144.029958
1050,7.814696,6.862000,145.730108
1051,7.821607,6.911000,144.696860
1052,7.828500,6.893000,145.074713
1053,7.835411,6.911000,144.696860
1054,7.842254,6.843000,146.134736
1055,7.849269,7.015000,142.551675
1056,7.855730,6.461000,154.774803
1057,7.863072,7.342000,136.202670
1058,7.869964,6.892000,145.095763
1059,7.876821,6.857000,145.836372
1060,7.883700,6.879000,145.369967
1061,7.890687,6.987000,143.122943
1062,7.897545,6.858000,145.815106
1063,7.904485,6.940000,144.092219
1064,7.911386,6.901000,144.906535
1065,7.918262,6.876000,145.433392
1066,7.925189,6.927000,144.362639
1067,7.932065,6.876000,145.433392
1068,7.939016,6.951000,143.864192
1069,7.945768,6.752000,148.104265
1070,7.952823,7.055000,141.743444
1071,7.959648,6.825000,146.520147
1072,7.966569,6.921000,144.487791
1073,7.973291,6.722000,148.765248
1074,7.980400,7.109000,140.666760
1075,7.987247,6.847000,146.049365
1076,7.994178,6.931000,144.279325
1077,8.001080,6.902000,144.885540
1078,8.007974,6.894000,145.053670
1079,8.014862,6.888000,145.180023
1080,8.021819,6.957000,143.740118
1081,8.028675,6.856000,145.857643
1082,8.035566,6.891000,145.116819
1083,8.042509,6.943000,144.029958
1084,8.049294,6.785000,147.383935
1085,8.056174,6.880000,145.348837
1086,8.063207,7.033000,142.186833
1087,8.070092,6.885000,145.243282
1088,8.076986,6.894000,145.053670
1089,8.083925,6.939000,144.112985
1090,8.090829,6.904000,144.843569
1091,8.097722,6.893000,145.074713
1092,8.104590,6.868000,145.602796
1093,8.111451,6.861000,145.751348
1094,8.118350,6.899000,144.948543
1095,8.125338,6.988000,143.102461
1096,8.132154,6.816000,146.713615
1097,8.139079,6.925000,144.404332
1098,8.145551,6.472000,154.511743
1099,8.152941,7.390000,135.317997
1100,8.159783,6.842000,146.156095
1101,8.166656,6.873000,145.496872
1102,8.173627,6.971000,143.451442
1103,8.180487,6.860000,145.772595
1104,8.187428,6.941000,144.071459
1105,8.194254,6.826000,146.498682
1106,8.201186,6.932000,144.258511
1107,8.208107,6.921000,144.487791
1108,8.214942,6.835000,146.305779
1109,8.221875,6.933000,144.237704
1110,8.228795,6.920000,144.508671
1111,8.235041,6.246000,160.102466
1112,8.242345,7.304000,136.911281
1113,8.249451,7.106000,140.726147
1114,8.256424,6.973000,143.410297
1115,8.263267,6.843000,146.134736
1116,8.269507,6.240000,160.256410
1117,8.277130,7.623000,131.181949
1118,8.283937,6.807000,146.907595
1119,8.290875,6.938000,144.133756
1120,8.297787,6.912000,144.675926
1121,8.304658,6.871000,145.539223
1122,8.311155,6.497000,153.917193
1123,8.318108,6.953000,143.822810
1124,8.324834,6.726000,148.676777
1125,8.332289,7.455000,134.138162
1126,8.339103,6.814000,146.756677
1127,8.345993,6.890000,145.137881
1128,8.352923,6.930000,144.300144
1129,8.359822,6.899000,144.948543
1130,8.366719,6.897000,144.990576
1131,8.373627,6.908000,144.759699
1132,8.380520,6.893000,145.074713
1133,8.387431,6.911000,144.696860
1134,8.394323,6.892000,145.095763
1135,8.401205,6.882000,145.306597
1136,8.408133,6.928000,144.341801
1137,8.415028,6.895000,145.032632
1138,8.421922,6.894000,145.053670
1139,8.428790,6.868000,145.602796
1140,8.435716,6.926000,144.383483
1141,8.442592,6.876000,145.433392
1142,8.449504,6.912000,144.675926
1143,8.456404,6.900000,144.927536
1144,8.463291,6.887000,145.201104
1145,8.470199,6.908000,144.759699
1146,8.477112,6.913000,144.654998
1147,8.484005,6.893000,145.074713
1148,8.490914,6.909000,144.738747
1149,8.497803,6.889000,145.158949
1150,8.504730,6.927000,144.362639
1151,8.511596,6.866000,145.645208
1152,8.518499,6.903000,144.864552
1153,8.525415,6.916000,144.592250
1154,8.532300,6.885000,145.243282
1155,8.539221,6.921000,144.487791
1156,8.546090,6.869000,145.581598
1157,8.553005,6.915000,144.613160
1158,8.559894,6.889000,145.158949
1159,8.566812,6.918000,144.550448
1160,8.573711,6.899000,144.948543
1161,8.580492,6.781000,147.470875
1162,8.587516,7.024000,142.369021
1163,8.594399,6.883000,145.285486
1164,8.601375,6.976000,143.348624
1165,8.608263,6.888000,145.180023
1166,8.615162,6.899000,144.948543
1167,8.621693,6.531000,153.115909
1168,8.628998,7.305000,136.892539
1169,8.635891,6.893000,145.074713
1170,8.642744,6.853000,145.921494
1171,8.649665,6.921000,144.487791
1172,8.656586,6.921000,144.487791
1173,8.663495,6.909000,144.738747
1174,8.670389,6.894000,145.053670
1175,8.677276,6.887000,145.201104
1176,8.684171,6.895000,145.032632
1177,8.690911,6.740000,148.367953
1178,8.697665,6.754000,148.060409
1179,8.704942,7.277000,137.419266
1180,8.711767,6.825000,146.520147
1181,8.718646,6.879000,145.369967
1182,8.725588,6.942000,144.050706
1183,8.732458,6.870000,145.560408
1184,8.739392,6.934000,144.216902
1185,8.746264,6.872000,145.518044
1186,8.753176,6.912000,144.675926
1187,8.760030,6.854000,145.900204
1188,8.766971,6.941000,144.071459
1189,8.773893,6.922000,144.466917
1190,8.780773,6.880000,145.348837
1191,8.787685,6.912000,144.675926
1192,8.794542,6.857000,145.836372
1193,8.801468,6.926000,144.383483
1194,8.808370,6.902000,144.885540
1195,8.814950,6.580000,151.975684
1196,8.821690,6.740000,148.367953
1197,8.828921,7.231000,138.293459
1198,8.835917,6.996000,142.938822
1199,8.842358,6.441000,155.255395
1200,8.849848,7.490000,133.511348
1201,8.856607,6.759000,147.950880
1202,8.863596,6.989000,143.081986
1203,8.870540,6.944000,144.009217
1204,8.877392,6.852000,145.942790
1205,8.884337,6.945000,143.988481
1206,8.891221,6.884000,145.264381
1207,8.898064,6.843000,146.134736
1208,8.904355,6.291000,158.957241
1209,8.911583,7.228000,138.350858
1210,8.918817,7.234000,138.236107
1211,8.925728,6.911000,144.696860
1212,8.932550,6.822000,146.584579
1213,8.939561,7.011000,142.633005
1214,8.946393,6.832000,146.370023
1215,8.953347,6.954000,143.802128
1216,8.960189,6.842000,146.156095
1217,8.967060,6.871000,145.539223
1218,8.973889,6.829000,146.434324
1219,8.980878,6.989000,143.081986
1220,8.987778,6.900000,144.927536
1221,8.994665,6.887000,145.201104
1222,9.001551,6.886000,145.222190
1223,9.008498,6.947000,143.947027
1224,9.015332,6.834000,146.327188
1225,9.022290,6.958000,143.719460
1226,9.029167,6.877000,145.412244
1227,9.036101,6.934000,144.216902
1228,9.042959,6.858000,145.815106
1229,9.049840,6.881000,145.327714
1230,9.056099,6.259000,159.769931
1231,9.063756,7.657000,130.599451
1232,9.070069,6.313000,158.403295
1233,9.077130,7.061000,141.623000
1234,9.084399,7.269000,137.570505
1235,9.091216,6.817000,146.692093
1236,9.098127,6.911000,144.696860
1237,9.105016,6.889000,145.158949
1238,9.111894,6.878000,145.391102
1239,9.118818,6.924000,144.425188
1240,9.125735,6.917000,144.571346
1241,9.132613,6.878000,145.391102
1242,9.139544,6.931000,144.279325
1243,9.146416,6.872000,145.518044
1244,9.153314,6.898000,144.969556
1245,9.160199,6.885000,145.243282
1246,9.167130,6.931000,144.279325
1247,9.174031,6.901000,144.906535
1248,9.180911,6.880000,145.348837
1249,9.187807,6.896000,145.011601
1250,9.194724,6.917000,144.571346
1251,9.201604,6.880000,145.348837
1252,9.208518,6.914000,144.634076
1253,9.215162,6.644000,150.511740
1254,9.222349,7.187000,139.140114
1255,9.228694,6.345000,157.604413
1256,9.236185,7.491000,133.493526
1257,9.242988,6.803000,146.993973
1258,9.249895,6.907000,144.780657
1259,9.256810,6.915000,144.613160
1260,9.263702,6.892000,145.095763
1261,9.270613,6.911000,144.696860
1262,9.277489,6.876000,145.433392
1263,9.284405,6.916000,144.592250
1264,9.291310,6.905000,144.822592
1265,9.298207,6.897000,144.990576
1266,9.305115,6.908000,144.759699
1267,9.311996,6.881000,145.327714
1268,9.318896,6.900000,144.927536
1269,9.325817,6.921000,144.487791
1270,9.332506,6.689000,149.499178
1271,9.339633,7.127000,140.311492
1272,9.346492,6.859000,145.793847
1273,9.353404,6.912000,144.675926
1274,9.360354,6.950000,143.884892
1275,9.366670,6.316000,158.328056
1276,9.374298,7.628000,131.095962
1277,9.380546,6.248000,160.051216
1278,9.388057,7.511000,133.138064
1279,9.394840,6.783000,147.427392
1280,9.401774,6.934000,144.216902
1281,9.408271,6.497000,153.917193
1282,9.415608,7.337000,136.295489
1283,9.422489,6.881000,145.327714
1284,9.429398,6.909000,144.738747
1285,9.436002,6.604000,151.423380
1286,9.443222,7.220000,138.504155
1287,9.450068,6.846000,146.070698
1288,9.456873,6.805000,146.950771
1289,9.463543,6.670000,149.925037
1290,9.470162,6.619000,151.080224
1291,9.477737,7.575000,132.013201
1292,9.484337,6.600000,151.515152
1293,9.491522,7.185000,139.178845
1294,9.498332,6.810000,146.842878
1295,9.505299,6.967000,143.533802
1296,9.512187,6.888000,145.180023
1297,9.518882,6.695000,149.365198
1298,9.526003,7.121000,140.429715
1299,9.532192,6.189000,161.576991
1300,9.539860,7.668000,130.412102
1301,9.546085,6.225000,160.642570
1302,9.553616,7.531000,132.784491
1303,9.560053,6.437000,155.351872
1304,9.567394,7.341000,136.221223
1305,9.573532,6.138000,162.919518
1306,9.581267,7.735000,129.282482
1307,9.587957,6.690000,149.476831
1308,9.594975,7.018000,142.490738
1309,9.601685,6.710000,149.031297
1310,9.608838,7.153000,139.801482
1311,9.615671,6.833000,146.348602
1312,9.622588,6.917000,144.571346
1313,9.629474,6.886000,145.222190
1314,9.636415,6.941000,144.071459
1315,9.643263,6.848000,146.028037
1316,9.650160,6.897000,144.990576
1317,9.657083,6.923000,144.446049
1318,9.664000,6.917000,144.571346
1319,9.670979,6.979000,143.287004
1320,9.677750,6.771000,147.688672
1321,9.684091,6.341000,157.703832
1322,9.691638,7.547000,132.502981
1323,9.698392,6.754000,148.060409
1324,9.705481,7.089000,141.063620
1325,9.711679,6.198000,161.342369
1326,9.718939,7.260000,137.741047
1327,9.726119,7.180000,139.275766
1328,9.732944,6.825000,146.520147
1329,9.739163,6.219000,160.797556
1330,9.746865,7.702000,129.836406
1331,9.753753,6.888000,145.180023
1332,9.760568,6.815000,146.735143
1333,9.767477,6.909000,144.738747
1334,9.774403,6.926000,144.383483
1335,9.781011,6.608000,151.331719
1336,9.788280,7.269000,137.570505
1337,9.795036,6.756000,148.016578
1338,9.802147,7.111000,140.627197
1339,9.808222,6.075000,164.609053
1340,9.815431,7.209000,138.715495
1341,9.822405,6.974000,143.389733
1342,9.830109,7.704000,129.802700
1343,9.836412,6.303000,158.654609
1344,9.843363,6.951000,143.864192
1345,9.849646,6.283000,159.159637
1346,9.857202,7.556000,132.345156
1347,9.863985,6.783000,147.427392
1348,9.870926,6.941000,144.071459
1349,9.877813,6.887000,145.201104
1350,9.884724,6.911000,144.696860
1351,9.891628,6.904000,144.843569
1352,9.898510,6.882000,145.306597
1353,9.905432,6.922000,144.466917
1354,9.912302,6.870000,145.560408
1355,9.919234,6.932000,144.258511
1356,9.926120,6.886000,145.222190
1357,9.933014,6.894000,145.053670
1358,9.939934,6.920000,144.508671
1359,9.946798,6.864000,145.687646
1360,9.953711,6.913000,144.654998
1361,9.960589,6.878000,145.391102
1362,9.967521,6.932000,144.258511
1363,9.974433,6.912000,144.675926
1364,9.981287,6.854000,145.900204
1365,9.988200,6.913000,144.654998
1366,9.995105,6.905000,144.822592
1367,10.001908,6.803000,146.993973
1368,10.008929,7.021000,142.429853
1369,10.015790,6.861000,145.751348
1370,10.022700,6.910000,144.717800
1371,10.029603,6.903000,144.864552
1372,10.036511,6.908000,144.759699
1373,10.043400,6.889000,145.158949
1374,10.050292,6.892000,145.095763
1375,10.057218,6.926000,144.383483
1376,10.064091,6.873000,145.496872
1377,10.071017,6.926000,144.383483
1378,10.077916,6.899000,144.948543
1379,10.084801,6.885000,145.243282
1380,10.091722,6.921000,144.487791
1381,10.098603,6.881000,145.327714
1382,10.105510,6.907000,144.780657
1383,10.112405,6.895000,145.032632
1384,10.119308,6.903000,144.864552
1385,10.126212,6.904000,144.843569
1386,10.133098,6.886000,145.222190
1387,10.140091,6.993000,143.000143
1388,10.146961,6.870000,145.560408
1389,10.153856,6.895000,145.032632
1390,10.160877,7.021000,142.429853
1391,10.167649,6.772000,147.666864
1392,10.173913,6.264000,159.642401
1393,10.181553,7.640000,130.890052
1394,10.187790,6.237000,160.333494
1395,10.195345,7.555000,132.362674
1396,10.201518,6.173000,161.995788
1397,10.209202,7.684000,130.140552
1398,10.215462,6.260000,159.744409
1399,10.222950,7.488000,133.547009
1400,10.229795,6.845000,146.092038
1401,10.236661,6.866000,145.645208
1402,10.242874,6.213000,160.952841
1403,10.250552,7.678000,130.242251
1404,10.257393,6.841000,146.177459
1405,10.264279,6.886000,145.222190
1406,10.270665,6.386000,156.592546
1407,10.278137,7.472000,133.832976
1408,10.284973,6.836000,146.284377
1409,10.291847,6.874000,145.475706
1410,10.298752,6.905000,144.822592
1411,10.305666,6.914000,144.634076
1412,10.312540,6.874000,145.475706
1413,10.319478,6.938000,144.133756
1414,10.326348,6.870000,145.560408
1415,10.333342,6.994000,142.979697
1416,10.340265,6.923000,144.446049
1417,10.347084,6.819000,146.649069
1418,10.354040,6.956000,143.760782
1419,10.360489,6.449000,155.062800
1420,10.367812,7.323000,136.556056
1421,10.374643,6.831000,146.391451
1422,10.381595,6.952000,143.843498
1423,10.388532,6.937000,144.154534
1424,10.395394,6.862000,145.730108
1425,10.401973,6.579000,151.998784
1426,10.409253,7.280000,137.362637
1427,10.415821,6.568000,152.253350
1428,10.423076,7.255000,137.835975
1429,10.429881,6.805000,146.950771
1430,10.436812,6.931000,144.279325
1431,10.443671,6.859000,145.793847
1432,10.450576,6.905000,144.822592
1433,10.457472,6.896000,145.011601
1434,10.464360,6.888000,145.180023
1435,10.471311,6.951000,143.864192
1436,10.478167,6.856000,145.857643
1437,10.485064,6.897000,144.990576
1438,10.491982,6.918000,144.550448
1439,10.498813,6.831000,146.391451
1440,10.505840,7.027000,142.308240
1441,10.512662,6.822000,146.584579
1442,10.519612,6.950000,143.884892
1443,10.526457,6.845000,146.092038
1444,10.533394,6.937000,144.154534
1445,10.540294,6.900000,144.927536
1446,10.547145,6.851000,145.964093
1447,10.553597,6.452000,154.990701
1448,10.560870,7.273000,137.494844
1449,10.567603,6.733000,148.522204
1450,10.574796,7.193000,139.024051
1451,10.581650,6.854000,145.900204
1452,10.587916,6.266000,159.591446
1453,10.594708,6.792000,147.232038
1454,10.602498,7.790000,128.369705
1455,10.608908,6.410000,156.006240
1456,10.616177,7.269000,137.570505
1457,10.623007,6.830000,146.412884
1458,10.629906,6.899000,144.948543
1459,10.636856,6.950000,143.884892
1460,10.642958,6.102000,163.880695
1461,10.650718,7.760000,128.865979
1462,10.657529,6.811000,146.821318
1463,10.664405,6.876000,145.433392
1464,10.670764,6.359000,157.257430
1465,10.678284,7.520000,132.978723
1466,10.685105,6.821000,146.606069
1467,10.692032,6.927000,144.362639
1468,10.698921,6.889000,145.158949
1469,10.705820,6.899000,144.948543
1470,10.712713,6.893000,145.074713
1471,10.719174,6.461000,154.774803
1472,10.726566,7.392000,135.281385
1473,10.733414,6.848000,146.028037
1474,10.740318,6.904000,144.843569
1475,10.747212,6.894000,145.053670
1476,10.754112,6.900000,144.927536
1477,10.761007,6.895000,145.032632
1478,10.767907,6.900000,144.927536
1479,10.774821,6.914000,144.634076
1480,10.781698,6.877000,145.412244
1481,10.788487,6.789000,147.297098
1482,10.795519,7.032000,142.207053
1483,10.802407,6.888000,145.180023
1484,10.809303,6.896000,145.011601
1485,10.816192,6.889000,145.158949
1486,10.823111,6.919000,144.529556
1487,10.830001,6.890000,145.137881
1488,10.836913,6.912000,144.675926
1489,10.843800,6.887000,145.201104
1490,10.850727,6.927000,144.362639
1491,10.857625,6.898000,144.969556
1492,10.864502,6.877000,145.412244
1493,10.871458,6.956000,143.760782
1494,10.878340,6.882000,145.306597
1495,10.885197,6.857000,145.836372
1496,10.892104,6.907000,144.780657
1497,10.899036,6.932000,144.258511
1498,10.905912,6.876000,145.433392
1499,10.912820,6.908000,144.759699
1500,10.919704,6.884000,145.264381
1501,10.926357,6.653000,150.308132
1502,10.933564,7.207000,138.753989
1503,10.940429,6.865000,145.666424
1504,10.946730,6.301000,158.704967
1505,10.953513,6.783000,147.427392
1506,10.960457,6.944000,144.009217
1507,10.967706,7.249000,137.950062
1508,10.974206,6.500000,153.846154
1509,10.981733,7.527000,132.855055
1510,10.988162,6.429000,155.545186
1511,10.995687,7.525000,132.890365
1512,11.002519,6.832000,146.370023
1513,11.009395,6.876000,145.433392
1514,11.016344,6.949000,143.905598
1515,11.023237,6.893000,145.074713
1516,11.030157,6.920000,144.508671
1517,11.037030,6.873000,145.496872
1518,11.043223,6.193000,161.472630
1519,11.050931,7.708000,129.735340
1520,11.057716,6.785000,147.383935
1521,11.064647,6.931000,144.279325
1522,11.071596,6.949000,143.905598
1523,11.078408,6.812000,146.799765
1524,11.085312,6.904000,144.843569
1525,11.092220,6.908000,144.759699
1526,11.098449,6.229000,160.539412
1527,11.106214,7.765000,128.783001
1528,11.112933,6.719000,148.831671
1529,11.119892,6.959000,143.698807
1530,11.126701,6.809000,146.864444
1531,11.133645,6.944000,144.009217
1532,11.140604,6.959000,143.698807
1533,11.146799,6.195000,161.420500
1534,11.154416,7.617000,131.285283
1535,11.160801,6.385000,156.617071
1536,11.167402,6.601000,151.492198
1537,11.175339,7.937000,125.992188
1538,11.181923,6.584000,151.883354
1539,11.188137,6.214000,160.926939
1540,11.195854,7.717000,129.584035
1541,11.202660,6.806000,146.929180
1542,11.209561,6.901000,144.906535
1543,11.216462,6.901000,144.906535
1544,11.223372,6.910000,144.717800
1545,11.230257,6.885000,145.243282
1546,11.236744,6.487000,154.154463
1547,11.243675,6.931000,144.279325
1548,11.251024,7.349000,136.072935
1549,11.257271,6.247000,160.076837
1550,11.264830,7.559000,132.292631
1551,11.271695,6.865000,145.666424
1552,11.278559,6.864000,145.687646
1553,11.285498,6.939000,144.112985
1554,11.292251,6.753000,148.082334
1555,11.299269,7.018000,142.490738
1556,11.306175,6.906000,144.801622
1557,11.313038,6.863000,145.708874
1558,11.319985,6.947000,143.947027
1559,11.326510,6.525000,153.256705
1560,11.333795,7.285000,137.268360
1561,11.340718,6.923000,144.446049
1562,11.347551,6.833000,146.348602
1563,11.354489,6.938000,144.133756
1564,11.360759,6.270000,159.489633
1565,11.367897,7.138000,140.095265
1566,11.375150,7.253000,137.873983
1567,11.382020,6.870000,145.560408
1568,11.388410,6.390000,156.494523
1569,11.395887,7.477000,133.743480
1570,11.402750,6.863000,145.708874
1571,11.409610,6.860000,145.772595
1572,11.416517,6.907000,144.780657
1573,11.423429,6.912000,144.675926
1574,11.430318,6.889000,145.158949
1575,11.437226,6.908000,144.759699
1576,11.444144,6.918000,144.550448
1577,11.451018,6.874000,145.475706
1578,11.457937,6.919000,144.529556
1579,11.464834,6.897000,144.990576
1580,11.471731,6.897000,144.990576
1581,11.478607,6.876000,145.433392
1582,11.485522,6.915000,144.613160
1583,11.492430,6.908000,144.759699
1584,11.499333,6.903000,144.864552
1585,11.506224,6.891000,145.116819
1586,11.513119,6.895000,145.032632
1587,11.520023,6.904000,144.843569
1588,11.526918,6.895000,145.032632
1589,11.533814,6.896000,145.011601
1590,11.540544,6.730000,148.588410
1591,11.547634,7.090000,141.043724
1592,11.554540,6.906000,144.801622
1593,11.561417,6.877000,145.412244
1594,11.567864,6.447000,155.110904
1595,11.575084,7.220000,138.504155
1596,11.582140,7.056000,141.723356
1597,11.589042,6.902000,144.885540
1598,11.595903,6.861000,145.751348
1599,11.602858,6.955000,143.781452
1600,11.609705,6.847000,146.049365
1601,11.616620,6.915000,144.613160
1602,11.623527,6.907000,144.780657
1603,11.630417,6.890000,145.137881
1604,11.637313,6.896000,145.011601
1605,11.644227,6.914000,144.634076
1606,11.651101,6.874000,145.475706
1607,11.658032,6.931000,144.279325
1608,11.664899,6.867000,145.623999
1609,11.671823,6.924000,144.425188
1610,11.678700,6.877000,145.412244
1611,11.685609,6.909000,144.738747
1612,11.692503,6.894000,145.053670
1613,11.699404,6.901000,144.906535
1614,11.705838,6.434000,155.424308
1615,11.713267,7.429000,134.607619
1616,11.720098,6.831000,146.391451
1617,11.726998,6.900000,144.927536
1618,11.733892,6.894000,145.053670
1619,11.740820,6.928000,144.341801
1620,11.747738,6.918000,144.550448
1621,11.754634,6.896000,145.011601
1622,11.761218,6.584000,151.883354
1623,11.768451,7.233000,138.255219
1624,11.775336,6.885000,145.243282
1625,11.782210,6.874000,145.475706
1626,11.789158,6.948000,143.926310
1627,11.796011,6.853000,145.921494
1628,11.802950,6.939000,144.112985
1629,11.809816,6.866000,145.645208
1630,11.816703,6.887000,145.201104
1631,11.823186,6.483000,154.249576
1632,11.830562,7.376000,135.574837
1633,11.837404,6.842000,146.156095
1634,11.844314,6.910000,144.717800
1635,11.851194,6.880000,145.348837
1636,11.858127,6.933000,144.237704
1637,11.865005,6.878000,145.391102
1638,11.871204,6.199000,161.316341
1639,11.878917,7.713000,129.651238
1640,11.885735,6.818000,146.670578
1641,11.892505,6.770000,147.710487
1642,11.899514,7.009000,142.673705
1643,11.906441,6.927000,144.362639
1644,11.913312,6.871000,145.539223
1645,11.919753,6.441000,155.255395
1646,11.926561,6.808000,146.886016
1647,11.934106,7.545000,132.538105
1648,11.940925,6.819000,146.649069
1649,11.947152,6.227000,160.590975
1650,11.954811,7.659000,130.565348
1651,11.961581,6.770000,147.710487
1652,11.968513,6.932000,144.258511
1653,11.975416,6.903000,144.864552
1654,11.982290,6.874000,145.475706
1655,11.989229,6.939000,144.112985
1656,11.996110,6.881000,145.327714
1657,12.003010,6.900000,144.927536
1658,12.009820,6.810000,146.842878
1659,12.016834,7.014000,142.571999
1660,12.023719,6.885000,145.243282
1661,12.030620,6.901000,144.906535
1662,12.037524,6.904000,144.843569
1663,12.044420,6.896000,145.011601
1664,12.051301,6.881000,145.327714
1665,12.058236,6.935000,144.196107
1666,12.065109,6.873000,145.496872
1667,12.072026,6.917000,144.571346
1668,12.078894,6.868000,145.602796
1669,12.085829,6.935000,144.196107
1670,12.092698,6.869000,145.581598
1671,12.099616,6.918000,144.550448
1672,12.106526,6.910000,144.717800
1673,12.113427,6.901000,144.906535
1674,12.120424,6.997000,142.918394
1675,12.127214,6.790000,147.275405
1676,12.134130,6.916000,144.592250
1677,12.141039,6.909000,144.738747
1678,12.147907,6.868000,145.602796
1679,12.154845,6.938000,144.133756
1680,12.161623,6.778000,147.536146
1681,12.168632,7.009000,142.673705
1682,12.174976,6.344000,157.629256
1683,12.182500,7.524000,132.908028
1684,12.189302,6.802000,147.015584
1685,12.196215,6.913000,144.654998
1686,12.203144,6.929000,144.320970
1687,12.210005,6.861000,145.751348
1688,12.216909,6.904000,144.843569
1689,12.223864,6.955000,143.781452
1690,12.230712,6.848000,146.028037
1691,12.237627,6.915000,144.613160
1692,12.244511,6.884000,145.264381
1693,12.251396,6.885000,145.243282
1694,12.258332,6.936000,144.175317
1695,12.265216,6.884000,145.264381
1696,12.272125,6.909000,144.738747
1697,12.279006,6.881000,145.327714
1698,12.285597,6.591000,151.722045
1699,12.292867,7.270000,137.551582
1700,12.299705,6.838000,146.241591
1701,12.306624,6.919000,144.529556
1702,12.313509,6.885000,145.243282
1703,12.320442,6.933000,144.237704
1704,12.327319,6.877000,145.412244
1705,12.334215,6.896000,145.011601
1706,12.341138,6.923000,144.446049
1707,12.348022,6.884000,145.264381
1708,12.354940,6.918000,144.550448
1709,12.361832,6.892000,145.095763
1710,12.368590,6.758000,147.972773
1711,12.375672,7.082000,141.203050
1712,12.382510,6.838000,146.241591
1713,12.389267,6.757000,147.994672
1714,12.396343,7.076000,141.322781
1715,12.403234,6.891000,145.116819
1716,12.409613,6.379000,156.764383
1717,12.416740,7.127000,140.311492
1718,12.423972,7.232000,138.274336
1719,12.430813,6.841000,146.177459
1720,12.437705,6.892000,145.095763
1721,12.444609,6.904000,144.843569
1722,12.451507,6.898000,144.969556
1723,12.458422,6.915000,144.613160
1724,12.465292,6.870000,145.560408
1725,12.472214,6.922000,144.466917
1726,12.479148,6.934000,144.216902
1727,12.486041,6.893000,145.074713
1728,12.492890,6.849000,146.006716
1729,12.499183,6.293000,158.906722
1730,12.506866,7.683000,130.157491
1731,12.513635,6.769000,147.732309
1732,12.520629,6.994000,142.979697
1733,12.527469,6.840000,146.198830
1734,12.534304,6.835000,146.305779
1735,12.541289,6.985000,143.163923
1736,12.547416,6.127000,163.212012
1737,12.554575,7.159000,139.684313
1738,12.561449,6.874000,145.475706
1739,12.568113,6.664000,150.060024
1740,12.575880,7.767000,128.749839
1741,12.582652,6.772000,147.666864
1742,12.589687,7.035000,142.146411
1743,12.596436,6.749000,148.170099
1744,12.603493,7.057000,141.703273
1745,12.609724,6.231000,160.487883
1746,12.616745,7.021000,142.429853
1747,12.623426,6.681000,149.678192
1748,12.631044,7.618000,131.268049
1749,12.637841,6.797000,147.123731
1750,12.644488,6.647000,150.443809
1751,12.651689,7.201000,138.869601
1752,12.657987,6.298000,158.780565
1753,12.665568,7.581000,131.908719
1754,12.672102,6.534000,153.045608
1755,12.679316,7.214000,138.619351
1756,12.686185,6.869000,145.581598
1757,12.692613,6.428000,155.569384
1758,12.700019,7.406000,135.025655
1759,12.706917,6.898000,144.969556
1760,12.713226,6.309000,158.503725
1761,12.720585,7.359000,135.888028
1762,12.726857,6.272000,159.438776
1763,12.734551,7.694000,129.971406
1764,12.741072,6.521000,153.350713
1765,12.748291,7.219000,138.523341
1766,12.755183,6.892000,145.095763
1767,12.762032,6.849000,146.006716
1768,12.768956,6.924000,144.425188
1769,12.775882,6.926000,144.383483
1770,12.782405,6.523000,153.303695
1771,12.789260,6.855000,145.878920
1772,12.796227,6.967000,143.533802
1773,12.803510,7.283000,137.306055
1774,12.810342,6.832000,146.370023
1775,12.816689,6.347000,157.554750
1776,12.824278,7.589000,131.769667
1777,12.831054,6.776000,147.579693
1778,12.837992,6.938000,144.133756
1779,12.844486,6.494000,153.988297
1780,12.851333,6.847000,146.049365
1781,12.858133,6.800000,147.058824
1782,12.865668,7.535000,132.714001
1783,12.872472,6.804000,146.972369
1784,12.878725,6.253000,159.923237
1785,12.885613,6.888000,145.180023
1786,12.893167,7.554000,132.380196
1787,12.900050,6.883000,145.285486
1788,12.907025,6.975000,143.369176
1789,12.913865,6.840000,146.198830
1790,12.920788,6.923000,144.446049
1791,12.927616,6.828000,146.455770
1792,12.934498,6.882000,145.306597
1793,12.941410,6.912000,144.675926
1794,12.948141,6.731000,148.566335
1795,12.955244,7.103000,140.785584
1796,12.961476,6.232000,160.462131
1797,12.969095,7.619000,131.250820
1798,12.975192,6.097000,164.015089
1799,12.982921,7.729000,129.382844
1800,12.989710,6.789000,147.297098
1801,12.996607,6.897000,144.990576
1802,13.003518,6.911000,144.696860
1803,13.010409,6.891000,145.116819
1804,13.017304,6.895000,145.032632
1805,13.024218,6.914000,144.634076
1806,13.031100,6.882000,145.306597
1807,13.038046,6.946000,143.967751
1808,13.044890,6.844000,146.113384
1809,13.051792,6.902000,144.885540
1810,13.058717,6.925000,144.404332
1811,13.065612,6.895000,145.032632
1812,13.072513,6.901000,144.906535
1813,13.079389,6.876000,145.433392
1814,13.086312,6.923000,144.446049
1815,13.093195,6.883000,145.285486
1816,13.100110,6.915000,144.613160
1817,13.107024,6.914000,144.634076
1818,13.113902,6.878000,145.391102
1819,13.120815,6.913000,144.654998
1820,13.127710,6.895000,145.032632
1821,13.134602,6.892000,145.095763
1822,13.141542,6.940000,144.092219
1823,13.148177,6.635000,150.715901
1824,13.155372,7.195000,138.985407
1825,13.162198,6.826000,146.498682
1826,13.169138,6.940000,144.092219
1827,13.176007,6.869000,145.581598
1828,13.182914,6.907000,144.780657
1829,13.189829,6.915000,144.613160
1830,13.196695,6.866000,145.645208
1831,13.203603,6.908000,144.759699
1832,13.210500,6.897000,144.990576
1833,13.217401,6.901000,144.906535
1834,13.224306,6.905000,144.822592
1835,13.231213,6.907000,144.780657
1836,13.238145,6.932000,144.258511
1837,13.245056,6.911000,144.696860
1838,13.251962,6.906000,144.801622
1839,13.258520,6.558000,152.485514
1840,13.265749,7.229000,138.331719
1841,13.272710,6.961000,143.657520
1842,13.279570,6.860000,145.772595
1843,13.286479,6.909000,144.738747
1844,13.293187,6.708000,149.075730
1845,13.300270,7.083000,141.183114
1846,13.307197,6.927000,144.362639
1847,13.314049,6.852000,145.942790
1848,13.320712,6.663000,150.082545
1849,13.327876,7.164000,139.586823
1850,13.334425,6.549000,152.695068
1851,13.341720,7.295000,137.080192
1852,13.348259,6.539000,152.928582
1853,13.355511,7.252000,137.892995
1854,13.361974,6.463000,154.726907
1855,13.369331,7.357000,135.924969
1856,13.375803,6.472000,154.511743
1857,13.382753,6.950000,143.884892
1858,13.390032,7.279000,137.381508
1859,13.396851,6.819000,146.649069
1860,13.403398,6.547000,152.741714
1861,13.410714,7.316000,136.686714
1862,13.417565,6.851000,145.964093
1863,13.424476,6.911000,144.696860
1864,13.430826,6.350000,157.480315
1865,13.438349,7.523000,132.925695
1866,13.445150,6.801000,147.037200
1867,13.451844,6.694000,149.387511
1868,13.459011,7.167000,139.528394
1869,13.465855,6.844000,146.113384
1870,13.472779,6.924000,144.425188
1871,13.479646,6.867000,145.623999
1872,13.486386,6.740000,148.367953
1873,13.493461,7.075000,141.342756
1874,13.500361,6.900000,144.927536
1875,13.507282,6.921000,144.487791
1876,13.514152,6.870000,145.560408
1877,13.521082,6.930000,144.300144
1878,13.527930,6.848000,146.028037
1879,13.535732,7.802000,128.172264
1880,13.541317,5.585000,179.051030
1881,13.548572,7.255000,137.835975
1882,13.554876,6.304000,158.629442
1883,13.561961,7.085000,141.143260
1884,13.569402,7.441000,134.390539
1885,13.576245,6.843000,146.134736
1886,13.583166,6.921000,144.487791
1887,13.590115,6.949000,143.905598
1888,13.596413,6.298000,158.780565
1889,13.603183,6.770000,147.710487
1890,13.610841,7.658000,130.582397
1891,13.617586,6.745000,148.257969
1892,13.624613,7.027000,142.308240
1893,13.631483,6.870000,145.560408
1894,13.638083,6.600000,151.515152
1895,13.645245,7.162000,139.625803
1896,13.652137,6.892000,145.095763
1897,13.658806,6.669000,149.947518
1898,13.665984,7.178000,139.314572
1899,13.672595,6.611000,151.263046
1900,13.679801,7.206000,138.773245
1901,13.686634,6.833000,146.348602
1902,13.693524,6.890000,145.137881
1903,13.700409,6.885000,145.243282
1904,13.707312,6.903000,144.864552
1905,13.714209,6.897000,144.990576
1906,13.721148,6.939000,144.112985
1907,13.728022,6.874000,145.475706
1908,13.734728,6.706000,149.120191
1909,13.741855,7.127000,140.311492
1910,13.748517,6.662000,150.105074
1911,13.754891,6.374000,156.887355
1912,13.762610,7.719000,129.550460
1913,13.769422,6.812000,146.799765
1914,13.776327,6.905000,144.822592
1915,13.783207,6.880000,145.348837
1916,13.790137,6.930000,144.300144
1917,13.797009,6.872000,145.518044
1918,13.803927,6.918000,144.550448
1919,13.810803,6.876000,145.433392
1920,13.817702,6.899000,144.948543
1921,13.824647,6.945000,143.988481
1922,13.831510,6.863000,145.708874
1923,13.838427,6.917000,144.571346
1924,13.845310,6.883000,145.285486
1925,13.852196,6.886000,145.222190
1926,13.859127,6.931000,144.279325
1927,13.865990,6.863000,145.708874
1928,13.872931,6.941000,144.071459
1929,13.879802,6.871000,145.539223
1930,13.886725,6.923000,144.446049
1931,13.893592,6.867000,145.623999
1932,13.900512,6.920000,144.508671
1933,13.907403,6.891000,145.116819
1934,13.913840,6.437000,155.351872
1935,13.921264,7.424000,134.698276
1936,13.928115,6.851000,145.964093
1937,13.934677,6.562000,152.392563
1938,13.941975,7.298000,137.023842
1939,13.948796,6.821000,146.606069
1940,13.955727,6.931000,144.279325
1941,13.962608,6.881000,145.327714
1942,13.969543,6.935000,144.196107
1943,13.976409,6.866000,145.645208
1944,13.983194,6.785000,147.383935
1945,13.990269,7.075000,141.342756
1946,13.997102,6.833000,146.348602
1947,14.004026,6.924000,144.425188
1948,14.010906,6.880000,145.348837
1949,14.017815,6.909000,144.738747
1950,14.024728,6.913000,144.654998
1951,14.031638,6.910000,144.717800
1952,14.038529,6.891000,145.116819
1953,14.045418,6.889000,145.158949
1954,14.052328,6.910000,144.717800
1955,14.059240,6.912000,144.675926
1956,14.066110,6.870000,145.560408
1957,14.073066,6.956000,143.760782
1958,14.079178,6.112000,163.612565
1959,14.086945,7.767000,128.749839
1960,14.093729,6.784000,147.405660
1961,14.100506,6.777000,147.557916
1962,14.107564,7.058000,141.683196
1963,14.114413,6.849000,146.006716
1964,14.121347,6.934000,144.216902
1965,14.128224,6.877000,145.412244
1966,14.135116,6.892000,145.095763
1967,14.142054,6.938000,144.133756
1968,14.148950,6.896000,145.011601
1969,14.155805,6.855000,145.878920
1970,14.162795,6.990000,143.061516
1971,14.169704,6.909000,144.738747
1972,14.176546,6.842000,146.156095
1973,14.183458,6.912000,144.675926
1974,14.190435,6.977000,143.328078
1975,14.197272,6.837000,146.262981
1976,14.204248,6.976000,143.348624
1977,14.211138,6.890000,145.137881
1978,14.217986,6.848000,146.028037
1979,14.224868,6.882000,145.306597
1980,14.231787,6.919000,144.529556
1981,14.238667,6.880000,145.348837
1982,14.245522,6.855000,145.878920
1983,14.252515,6.993000,143.000143
1984,14.258948,6.433000,155.448469
1985,14.266438,7.490000,133.511348
1986,14.272531,6.093000,164.122764
1987,14.280237,7.706000,129.769011
1988,14.286746,6.509000,153.633431
1989,14.293923,7.177000,139.333984
1990,14.300333,6.410000,156.006240
1991,14.307848,7.515000,133.067199
1992,14.314228,6.380000,156.739812
1993,14.321649,7.421000,134.752729
1994,14.328415,6.766000,147.797813
1995,14.335272,6.857000,145.836372
1996,14.341689,6.417000,155.836060
1997,14.349181,7.492000,133.475707
1998,14.355249,6.068000,164.798945
1999,14.362479,7.230000,138.312586
2000,14.369882,7.403000,135.080373
2001,14.376506,6.624000,150.966184
2002,14.383567,7.061000,141.623000
2003,14.390481,6.914000,144.634076
2004,14.397361,6.880000,145.348837
2005,14.404236,6.875000,145.454545
2006,14.411285,7.049000,141.864094
2007,14.418119,6.834000,146.327188
2008,14.425122,7.003000,142.795945
2009,14.431867,6.745000,148.257969
2010,14.438823,6.956000,143.760782
2011,14.445706,6.883000,145.285486
2012,14.452632,6.926000,144.383483
2013,14.459467,6.835000,146.305779
2014,14.466345,6.878000,145.391102
2015,14.473285,6.940000,144.092219
2016,14.480083,6.798000,147.102089
2017,14.487107,7.024000,142.369021
2018,14.493956,6.849000,146.006716
2019,14.500573,6.617000,151.125888
2020,14.507846,7.273000,137.494844
2021,14.514109,6.263000,159.667891
2022,14.521624,7.515000,133.067199
2023,14.528413,6.789000,147.297098
2024,14.535305,6.892000,145.095763
2025,14.542226,6.921000,144.487791
2026,14.549096,6.870000,145.560408
2027,14.556063,6.967000,143.533802
2028,14.562974,6.911000,144.696860
2029,14.569918,6.944000,144.009217
2030,14.576691,6.773000,147.645061
2031,14.583621,6.930000,144.300144
2032,14.590531,6.910000,144.717800
2033,14.597470,6.939000,144.112985
2034,14.604399,6.929000,144.320970
2035,14.611272,6.873000,145.496872
2036,14.617934,6.662000,150.105074
2037,14.625092,7.158000,139.703828
2038,14.631909,6.817000,146.692093
2039,14.638813,6.904000,144.843569
2040,14.645692,6.879000,145.369967
2041,14.652597,6.905000,144.822592
2042,14.659504,6.907000,144.780657
2043,14.666391,6.887000,145.201104
2044,14.673310,6.919000,144.529556
2045,14.680189,6.879000,145.369967
2046,14.687094,6.905000,144.822592
2047,14.693993,6.899000,144.948543
2048,14.700893,6.900000,144.927536
2049,14.707804,6.911000,144.696860
2050,14.714684,6.880000,145.348837
2051,14.721602,6.918000,144.550448
2052,14.728494,6.892000,145.095763
2053,14.735387,6.893000,145.074713
2054,14.742319,6.932000,144.258511
2055,14.749190,6.871000,145.539223
2056,14.756150,6.960000,143.678161
2057,14.762798,6.648000,150.421179
2058,14.769965,7.167000,139.528394
2059,14.776833,6.868000,145.602796
2060,14.783700,6.867000,145.623999
2061,14.790649,6.949000,143.905598
2062,14.797501,6.852000,145.942790
2063,14.804505,7.004000,142.775557
2064,14.811353,6.848000,146.028037
2065,14.818211,6.858000,145.815106
2066,14.825137,6.926000,144.383483
2067,14.832076,6.939000,144.112985
2068,14.839014,6.938000,144.133756
2069,14.845921,6.907000,144.780657
2070,14.852796,6.875000,145.454545
2071,14.859638,6.842000,146.156095
2072,14.866564,6.926000,144.383483
2073,14.873538,6.974000,143.389733
2074,14.880361,6.823000,146.563095
2075,14.887284,6.923000,144.446049
2076,14.894123,6.839000,146.220208
2077,14.901057,6.934000,144.216902
2078,14.907950,6.893000,145.074713
2079,14.914865,6.915000,144.613160
2080,14.921764,6.899000,144.948543
2081,14.928692,6.928000,144.341801
2082,14.935535,6.843000,146.134736
2083,14.942495,6.960000,143.678161
2084,14.949329,6.834000,146.327188
2085,14.956247,6.918000,144.550448
2086,14.963137,6.890000,145.137881
2087,14.970045,6.908000,144.759699
2088,14.976920,6.875000,145.454545
2089,14.983886,6.966000,143.554407
2090,14.990734,6.848000,146.028037
2091,14.997658,6.924000,144.425188
2092,15.004576,6.918000,144.550448
2093,15.011478,6.902000,144.885540
2094,15.017902,6.424000,155.666252
2095,15.025316,7.414000,134.879957
2096,15.032208,6.892000,145.095763
2097,15.039064,6.856000,145.857643
2098,15.045995,6.931000,144.279325
2099,15.052875,6.880000,145.348837
2100,15.059777,6.902000,144.885540
2101,15.066635,6.858000,145.815106
2102,15.073604,6.969000,143.492610
2103,15.080442,6.838000,146.241591
2104,15.087387,6.945000,143.988481
2105,15.094222,6.835000,146.305779
2106,15.101161,6.939000,144.112985
2107,15.107868,6.707000,149.097957
2108,15.114964,7.096000,140.924464
2109,15.121187,6.223000,160.694199
2110,15.128820,7.633000,131.010088
2111,15.135053,6.233000,160.436387
2112,15.142604,7.551000,132.432790
2113,15.149396,6.792000,147.232038
2114,15.156321,6.925000,144.404332
2115,15.163251,6.930000,144.300144
2116,15.170179,6.928000,144.341801
2117,15.177034,6.855000,145.878920
2118,15.183940,6.906000,144.801622
2119,15.190847,6.907000,144.780657
2120,15.197712,6.865000,145.666424
2121,15.204768,7.056000,141.723356
2122,15.211531,6.763000,147.863374
2123,15.218451,6.920000,144.508671
2124,15.225343,6.892000,145.095763
2125,15.232157,6.814000,146.756677
2126,15.239133,6.976000,143.348624
2127,15.246001,6.868000,145.602796
2128,15.252949,6.948000,143.926310
2129,15.259843,6.894000,145.053670
2130,15.266605,6.762000,147.885241
2131,15.273677,7.072000,141.402715
2132,15.280535,6.858000,145.815106
2133,15.287466,6.931000,144.279325
2134,15.294282,6.816000,146.713615
2135,15.301236,6.954000,143.802128
2136,15.307882,6.646000,150.466446
2137,15.315066,7.184000,139.198218
2138,15.321956,6.890000,145.137881
2139,15.328837,6.881000,145.327714
2140,15.335763,6.926000,144.383483
2141,15.342630,6.867000,145.623999
2142,15.349542,6.912000,144.675926
2143,15.356437,6.895000,145.032632
2144,15.363325,6.888000,145.180023
2145,15.370230,6.905000,144.822592
2146,15.377114,6.884000,145.264381
2147,15.384013,6.899000,144.948543
2148,15.390947,6.934000,144.216902
2149,15.397626,6.679000,149.723012
2150,15.404017,6.391000,156.470036
2151,15.411719,7.702000,129.836406
2152,15.418482,6.763000,147.863374
2153,15.425443,6.961000,143.657520
2154,15.432318,6.875000,145.454545
2155,15.439249,6.931000,144.279325
2156,15.446123,6.874000,145.475706
2157,15.453064,6.941000,144.071459
2158,15.459926,6.862000,145.730108
2159,15.466845,6.919000,144.529556
2160,15.473741,6.896000,145.011601
2161,15.480614,6.873000,145.496872
2162,15.487217,6.603000,151.446312
2163,15.494462,7.245000,138.026225
2164,15.501312,6.850000,145.985401
2165,15.507794,6.482000,154.273372
2166,15.515172,7.378000,135.538086
2167,15.522039,6.867000,145.623999
2168,15.528920,6.881000,145.327714
2169,15.535199,6.279000,159.261029
2170,15.542406,7.207000,138.753989
2171,15.549657,7.251000,137.912012
2172,15.556555,6.898000,144.969556
2173,15.563424,6.869000,145.581598
2174,15.570341,6.917000,144.571346
2175,15.577241,6.900000,144.927536
2176,15.584106,6.865000,145.666424
2177,15.591054,6.948000,143.926310
2178,15.597920,6.866000,145.645208
2179,15.604849,6.929000,144.320970
2180,15.611707,6.858000,145.815106
2181,15.617977,6.270000,159.489633
2182,15.625608,7.631000,131.044424
2183,15.632418,6.810000,146.842878
2184,15.639310,6.892000,145.095763
2185,15.646224,6.914000,144.634076
2186,15.653122,6.898000,144.969556
2187,15.660013,6.891000,145.116819
2188,15.666914,6.901000,144.906535
2189,15.673333,6.419000,155.787506
2190,15.680759,7.426000,134.661998
2191,15.687610,6.851000,145.964093
2192,15.694503,6.893000,145.074713
2193,15.701419,6.916000,144.592250
2194,15.707757,6.338000,157.778479
2195,15.715274,7.517000,133.031795
2196,15.722117,6.843000,146.134736
2197,15.729013,6.896000,145.011601
2198,15.735932,6.919000,144.529556
2199,15.742800,6.868000,145.602796
2200,15.749707,6.907000,144.780657
2201,15.756609,6.902000,144.885540
2202,15.763505,6.896000,145.011601
2203,15.770438,6.933000,144.237704
2204,15.777350,6.912000,144.675926
2205,15.784225,6.875000,145.454545
2206,15.791129,6.904000,144.843569
2207,15.798058,6.929000,144.320970
2208,15.804257,6.199000,161.316341
2209,15.811198,6.941000,144.071459
2210,15.818179,6.981000,143.245953
2211,15.825178,6.999000,142.877554
2212,15.832621,7.443000,134.354427
2213,15.839481,6.860000,145.772595
2214,15.846332,6.851000,145.964093
2215,15.852607,6.275000,159.362550
2216,15.860161,7.554000,132.380196
2217,15.866800,6.639000,150.625094
2218,15.874027,7.227000,138.370001
2219,15.880200,6.173000,161.995788
2220,15.887473,7.273000,137.494844
2221,15.894683,7.210000,138.696255
2222,15.900842,6.159000,162.364020
2223,15.907733,6.891000,145.116819
2224,15.915437,7.704000,129.802700
2225,15.921614,6.177000,161.890886
2226,15.929253,7.639000,130.907187
2227,15.936126,6.873000,145.496872
2228,15.942917,6.791000,147.253718
2229,15.949338,6.421000,155.738981
2230,15.956331,6.993000,143.000143
2231,15.963716,7.385000,135.409614
2232,15.969965,6.249000,160.025604
2233,15.977499,7.534000,132.731617
2234,15.984157,6.658000,150.195254
2235,15.991142,6.985000,143.163923
2236,15.998173,7.031000,142.227279
2237,16.005095,6.922000,144.466917
2238,16.011949,6.854000,145.900204
2239,16.018410,6.461000,154.774803
2240,16.025053,6.643000,150.534397
2241,16.032409,7.356000,135.943448
2242,16.039580,7.171000,139.450565
2243,16.046407,6.827000,146.477223
2244,16.053311,6.904000,144.843569
2245,16.060221,6.910000,144.717800
2246,16.067129,6.908000,144.759699
2247,16.073879,6.750000,148.148148
2248,16.080943,7.064000,141.562854
2249,16.087822,6.879000,145.369967
2250,16.094344,6.522000,153.327200
2251,16.101675,7.331000,136.407039
2252,16.108536,6.861000,145.751348
2253,16.115293,6.757000,147.994672
2254,16.121897,6.604000,151.423380
2255,16.129278,7.381000,135.482997
2256,16.136104,6.826000,146.498682
2257,16.143000,6.896000,145.011601
2258,16.149921,6.921000,144.487791
2259,16.156843,6.922000,144.466917
2260,16.163723,6.880000,145.348837
2261,16.170620,6.897000,144.990576
2262,16.177406,6.786000,147.362216
2263,16.184425,7.019000,142.470437
2264,16.191316,6.891000,145.116819
2265,16.198241,6.925000,144.404332
2266,16.205124,6.883000,145.285486
2267,16.211999,6.875000,145.454545
2268,16.218893,6.894000,145.053670
2269,16.225803,6.910000,144.717800
2270,16.232741,6.938000,144.133756
2271,16.239636,6.895000,145.032632
2272,16.246493,6.857000,145.836372
2273,16.252719,6.226000,160.616768
2274,16.260382,7.663000,130.497194
2275,16.267189,6.807000,146.907595
2276,16.274126,6.937000,144.154534
2277,16.280842,6.716000,148.898154
2278,16.287915,7.073000,141.382723
2279,16.294305,6.390000,156.494523
2280,16.301784,7.479000,133.707715
2281,16.308611,6.827000,146.477223
2282,16.315500,6.889000,145.158949
2283,16.322400,6.900000,144.927536
2284,16.329292,6.892000,145.095763
2285,16.336205,6.913000,144.654998
2286,16.343093,6.888000,145.180023
2287,16.350084,6.991000,143.041053
2288,16.356729,6.645000,150.489090
2289,16.363445,6.716000,148.898154
2290,16.370828,7.383000,135.446296
2291,16.377647,6.819000,146.649069
2292,16.384561,6.914000,144.634076
2293,16.391493,6.932000,144.258511
2294,16.398337,6.844000,146.113384
2295,16.405135,6.798000,147.102089
2296,16.412236,7.101000,140.825236
2297,16.418360,6.124000,163.291966
2298,16.426093,7.733000,129.315919
2299,16.432859,6.766000,147.797813
2300,16.439826,6.967000,143.533802
2301,16.446644,6.818000,146.670578
2302,16.453388,6.744000,148.279953
2303,16.460481,7.093000,140.984069
2304,16.467342,6.861000,145.751348
2305,16.474321,6.979000,143.287004
2306,16.480597,6.276000,159.337157
2307,16.487412,6.815000,146.735143
2308,16.494397,6.985000,143.163923
2309,16.501952,7.555000,132.362674
2310,16.508819,6.867000,145.623999
2311,16.515693,6.874000,145.475706
2312,16.522642,6.949000,143.905598
2313,16.529473,6.831000,146.391451
2314,16.536438,6.965000,143.575018
2315,16.543282,6.844000,146.113384
2316,16.550228,6.946000,143.967751
2317,16.557139,6.911000,144.696860
2318,16.564657,7.518000,133.014099
2319,16.570883,6.226000,160.616768
2320,16.577817,6.934000,144.216902
2321,16.584688,6.871000,145.539223
2322,16.591631,6.943000,144.029958
2323,16.598450,6.819000,146.649069
2324,16.605376,6.926000,144.383483
2325,16.612273,6.897000,144.990576
2326,16.619177,6.904000,144.843569
2327,16.626042,6.865000,145.666424
2328,16.632960,6.918000,144.550448
2329,16.639896,6.936000,144.175317
2330,16.646625,6.729000,148.610492
2331,16.653703,7.078000,141.282848
2332,16.660554,6.851000,145.964093
2333,16.667534,6.980000,143.266476
2334,16.674399,6.865000,145.666424
2335,16.681241,6.842000,146.156095
2336,16.688178,6.937000,144.154534
2337,16.694453,6.275000,159.362550
2338,16.701242,6.789000,147.297098
2339,16.708965,7.723000,129.483361
2340,16.715021,6.056000,165.125495
2341,16.722822,7.801000,128.188694
2342,16.729139,6.317000,158.302992
2343,16.736539,7.400000,135.135135
2344,16.743359,6.820000,146.627566
2345,16.750273,6.914000,144.634076
2346,16.757186,6.913000,144.654998
2347,16.764090,6.904000,144.843569
2348,16.770985,6.895000,145.032632
2349,16.777117,6.132000,163.078930
2350,16.784903,7.786000,128.435654
2351,16.791460,6.557000,152.508769
2352,16.798292,6.832000,146.370023
2353,16.805606,7.314000,136.724091
2354,16.812194,6.588000,151.791135
2355,16.819339,7.145000,139.958013
2356,16.826119,6.780000,147.492625
2357,16.833017,6.898000,144.969556
2358,16.839930,6.913000,144.654998
2359,16.846788,6.858000,145.815106
2360,16.853696,6.908000,144.759699
2361,16.860604,6.908000,144.759699
2362,16.867518,6.914000,144.634076
2363,16.874436,6.918000,144.550448
2364,16.881318,6.882000,145.306597
2365,16.888226,6.908000,144.759699
2366,16.895104,6.878000,145.391102
2367,16.902004,6.900000,144.927536
2368,16.908911,6.907000,144.780657
2369,16.915785,6.874000,145.475706
2370,16.922030,6.245000,160.128102
2371,16.929659,7.629000,131.078778
2372,16.937345,7.686000,130.106687
2373,16.943182,5.837000,171.320884
2374,16.950315,7.133000,140.193467
2375,16.957198,6.883000,145.285486
2376,16.964147,6.949000,143.905598
2377,16.971054,6.907000,144.780657
2378,16.977896,6.842000,146.156095
2379,16.984053,6.157000,162.416761
2380,16.991788,7.735000,129.282482
2381,16.998586,6.798000,147.102089
2382,17.005513,6.927000,144.362639
2383,17.012396,6.883000,145.285486
2384,17.019300,6.904000,144.843569
2385,17.026192,6.892000,145.095763
2386,17.033098,6.906000,144.801622
2387,17.040021,6.923000,144.446049
2388,17.046885,6.864000,145.687646
2389,17.053804,6.919000,144.529556
2390,17.060688,6.884000,145.264381
2391,17.067587,6.899000,144.948543
2392,17.074530,6.943000,144.029958
2393,17.080842,6.312000,158.428390
2394,17.088378,7.536000,132.696391
2395,17.095200,6.822000,146.584579
2396,17.102143,6.943000,144.029958
2397,17.109009,6.866000,145.645208
2398,17.115940,6.931000,144.279325
2399,17.122802,6.862000,145.730108
2400,17.129730,6.928000,144.341801
2401,17.136606,6.876000,145.433392
2402,17.143534,6.928000,144.341801
2403,17.150509,6.975000,143.369176
2404,17.157392,6.883000,145.285486
2405,17.163749,6.357000,157.306906
2406,17.171266,7.517000,133.031795
2407,17.178061,6.795000,147.167035
2408,17.184196,6.135000,162.999185
2409,17.191577,7.381000,135.482997
2410,17.198808,7.231000,138.293459
2411,17.205721,6.913000,144.654998
2412,17.212206,6.485000,154.202005
2413,17.219514,7.308000,136.836344
2414,17.226392,6.878000,145.391102
2415,17.233248,6.856000,145.857643
2416,17.240177,6.929000,144.320970
2417,17.247090,6.913000,144.654998
2418,17.254036,6.946000,143.967751
2419,17.260892,6.856000,145.857643
2420,17.267812,6.920000,144.508671
2421,17.274776,6.964000,143.595635
2422,17.281589,6.813000,146.778218
2423,17.288613,7.024000,142.369021
2424,17.295644,7.031000,142.227279
2425,17.301603,5.959000,167.813392
2426,17.309359,7.756000,128.932439
2427,17.316097,6.738000,148.411992
2428,17.322742,6.645000,150.489090
2429,17.329963,7.221000,138.484974
2430,17.336867,6.904000,144.843569
2431,17.343734,6.867000,145.623999
2432,17.350604,6.870000,145.560408
2433,17.357400,6.796000,147.145380
2434,17.364426,7.026000,142.328494
2435,17.371321,6.895000,145.032632
2436,17.378234,6.913000,144.654998
2437,17.385115,6.881000,145.327714
2438,17.391965,6.850000,145.985401
2439,17.398119,6.154000,162.495938
2440,17.405865,7.746000,129.098890
2441,17.412627,6.762000,147.885241
2442,17.419589,6.962000,143.636886
2443,17.426458,6.869000,145.581598
2444,17.433387,6.929000,144.320970
2445,17.440301,6.914000,144.634076
2446,17.447003,6.702000,149.209191
2447,17.454252,7.249000,137.950062
2448,17.460925,6.673000,149.857635
2449,17.467895,6.970000,143.472023
2450,17.474788,6.893000,145.074713
2451,17.481681,6.893000,145.074713
2452,17.487905,6.224000,160.668380
2453,17.495660,7.755000,128.949065
2454,17.502382,6.722000,148.765248
2455,17.509263,6.881000,145.327714
2456,17.516156,6.893000,145.074713
2457,17.523072,6.916000,144.592250
2458,17.529947,6.875000,145.454545
2459,17.536497,6.550000,152.671756
2460,17.543821,7.324000,136.537411
2461,17.550650,6.829000,146.434324
2462,17.557570,6.920000,144.508671
2463,17.564460,6.890000,145.137881
2464,17.571380,6.920000,144.508671
2465,17.578269,6.889000,145.158949
2466,17.585182,6.913000,144.654998
2467,17.591624,6.442000,155.231295
2468,17.599051,7.427000,134.643867
2469,17.605247,6.196000,161.394448
2470,17.612838,7.591000,131.734949
2471,17.619645,6.807000,146.907595
2472,17.626501,6.856000,145.857643
2473,17.633403,6.902000,144.885540
2474,17.640307,6.904000,144.843569
2475,17.647190,6.883000,145.285486
2476,17.654112,6.922000,144.466917
2477,17.660997,6.885000,145.243282
2478,17.667442,6.445000,155.159038
2479,17.674911,7.469000,133.886732
2480,17.681685,6.774000,147.623265
2481,17.688610,6.925000,144.404332
2482,17.695517,6.907000,144.780657
2483,17.702473,6.956000,143.760782
2484,17.709281,6.808000,146.886016
2485,17.716191,6.910000,144.717800
2486,17.723133,6.942000,144.050706
2487,17.729992,6.859000,145.793847
2488,17.736957,6.965000,143.575018
2489,17.743815,6.858000,145.815106
2490,17.750722,6.907000,144.780657
2491,17.757640,6.918000,144.550448
2492,17.764486,6.846000,146.070698
2493,17.771443,6.957000,143.740118
2494,17.778280,6.837000,146.262981
2495,17.785192,6.912000,144.675926
2496,17.792096,6.904000,144.843569
2497,17.798994,6.898000,144.969556
2498,17.805905,6.911000,144.696860
2499,17.812791,6.886000,145.222190
2500,17.819696,6.905000,144.822592
2501,17.826591,6.895000,145.032632
2502,17.833495,6.904000,144.843569
2503,17.840403,6.908000,144.759699
2504,17.847285,6.882000,145.306597
2505,17.854194,6.909000,144.738747
2506,17.861084,6.890000,145.137881
2507,17.867988,6.904000,144.843569
2508,17.874908,6.920000,144.508671
2509,17.881785,6.877000,145.412244
2510,17.888689,6.904000,144.843569
2511,17.895607,6.918000,144.550448
2512,17.902539,6.932000,144.258511
2513,17.909421,6.882000,145.306597
2514,17.916320,6.899000,144.948543
2515,17.923367,7.047000,141.904356
2516,17.930144,6.777000,147.557916
2517,17.937099,6.955000,143.781452
2518,17.944022,6.923000,144.446049
2519,17.950890,6.868000,145.602796
2520,17.957800,6.910000,144.717800
2521,17.964717,6.917000,144.571346
2522,17.971066,6.349000,157.505119
2523,17.978527,7.461000,134.030291
2524,17.985376,6.849000,146.006716
2525,17.992356,6.980000,143.266476
2526,17.999178,6.822000,146.584579
2527,18.006191,7.013000,142.592329
2528,18.013207,7.016000,142.531357
2529,18.019962,6.755000,148.038490
2530,18.026838,6.876000,145.433392
2531,18.033731,6.893000,145.074713
2532,18.040621,6.890000,145.137881
2533,18.047450,6.829000,146.434324
2534,18.054424,6.974000,143.389733
2535,18.061296,6.872000,145.518044
2536,18.068292,6.996000,142.938822
2537,18.075157,6.865000,145.666424
2538,18.081976,6.819000,146.649069
2539,18.088192,6.216000,160.875161
2540,18.095945,7.753000,128.982329
2541,18.102109,6.164000,162.232317
2542,18.109752,7.643000,130.838676
2543,18.115907,6.155000,162.469537
2544,18.123593,7.686000,130.106687
2545,18.130308,6.715000,148.920328
2546,18.137247,6.939000,144.112985
2547,18.144063,6.816000,146.713615
2548,18.150932,6.869000,145.581598
2549,18.157939,7.007000,142.714428
2550,18.164823,6.884000,145.264381
2551,18.171788,6.965000,143.575018
2552,18.177869,6.081000,164.446637
2553,18.185452,7.583000,131.873929
2554,18.192473,7.021000,142.429853
2555,18.199344,6.871000,145.539223
2556,18.206207,6.863000,145.708874
2557,18.213113,6.906000,144.801622
2558,18.220012,6.899000,144.948543
2559,18.226902,6.890000,145.137881
2560,18.233808,6.906000,144.801622
2561,18.240756,6.948000,143.926310
2562,18.247564,6.808000,146.886016
2563,18.254574,7.010000,142.653352
2564,18.261341,6.767000,147.775972
2565,18.268327,6.986000,143.143430
2566,18.275212,6.885000,145.243282
2567,18.282021,6.809000,146.864444
2568,18.288980,6.959000,143.698807
2569,18.295884,6.904000,144.843569
2570,18.302832,6.948000,143.926310
2571,18.309669,6.837000,146.262981
2572,18.316530,6.861000,145.751348
2573,18.323507,6.977000,143.328078
2574,18.330400,6.893000,145.074713
2575,18.337280,6.880000,145.348837
2576,18.344179,6.899000,144.948543
2577,18.351072,6.893000,145.074713
2578,18.357631,6.559000,152.462266
2579,18.364921,7.290000,137.174211
2580,18.371541,6.620000,151.057402
2581,18.378712,7.171000,139.450565
2582,18.385620,6.908000,144.759699
2583,18.392521,6.901000,144.906535
2584,18.398647,6.126000,163.238655
2585,18.406399,7.752000,128.998968
2586,18.413134,6.735000,148.478099
2587,18.420114,6.980000,143.266476
2588,18.426923,6.809000,146.864444
2589,18.433513,6.590000,151.745068
2590,18.440755,7.242000,138.083402
2591,18.447592,6.837000,146.262981
2592,18.454503,6.911000,144.696860
2593,18.461403,6.900000,144.927536
2594,18.468310,6.907000,144.780657
2595,18.475228,6.918000,144.550448
2596,18.482106,6.878000,145.391102
2597,18.489035,6.929000,144.320970
2598,18.495931,6.896000,145.011601
2599,18.502811,6.880000,145.348837
2600,18.509694,6.883000,145.285486
2601,18.516592,6.898000,144.969556
2602,18.523521,6.929000,144.320970
2603,18.530424,6.903000,144.864552
2604,18.537338,6.914000,144.634076
2605,18.544236,6.898000,144.969556
2606,18.551126,6.890000,145.137881
2607,18.558038,6.912000,144.675926
2608,18.564899,6.861000,145.751348
2609,18.571803,6.904000,144.843569
2610,18.578727,6.924000,144.425188
2611,18.585598,6.871000,145.539223
2612,18.592512,6.914000,144.634076
2613,18.599394,6.882000,145.306597
2614,18.606305,6.911000,144.696860
2615,18.613191,6.886000,145.222190
2616,18.620093,6.902000,144.885540
2617,18.626988,6.895000,145.032632
2618,18.633897,6.909000,144.738747
2619,18.640800,6.903000,144.864552
2620,18.647690,6.890000,145.137881
2621,18.654595,6.905000,144.822592
2622,18.661485,6.890000,145.137881
2623,18.668390,6.905000,144.822592
2624,18.675298,6.908000,144.759699
2625,18.682185,6.887000,145.201104
2626,18.689091,6.906000,144.801622
2627,18.696004,6.913000,144.654998
2628,18.702937,6.933000,144.237704
2629,18.709831,6.894000,145.053670
2630,18.716733,6.902000,144.885540
2631,18.723643,6.910000,144.717800
2632,18.730566,6.923000,144.446049
2633,18.737414,6.848000,146.028037
2634,18.744423,7.009000,142.673705
2635,18.751285,6.862000,145.730108
2636,18.758222,6.937000,144.154534
2637,18.765084,6.862000,145.730108
2638,18.772020,6.936000,144.175317
2639,18.778510,6.490000,154.083205
2640,18.785875,7.365000,135.777325
2641,18.792657,6.782000,147.449130
2642,18.799546,6.889000,145.158949
2643,18.805988,6.442000,155.231295
2644,18.813028,7.040000,142.045455
2645,18.820334,7.306000,136.873802
2646,18.827294,6.960000,143.678161
2647,18.833560,6.266000,159.591446
2648,18.841057,7.497000,133.386688
2649,18.847843,6.786000,147.362216
2650,18.854098,6.255000,159.872102
2651,18.861363,7.265000,137.646249
2652,18.868652,7.289000,137.193031
2653,18.875231,6.579000,151.998784
2654,18.883577,8.346000,119.817877
2655,18.889187,5.610000,178.253119
2656,18.896159,6.972000,143.430866
2657,18.903029,6.870000,145.560408
2658,18.909906,6.877000,145.412244
2659,18.916807,6.901000,144.906535
2660,18.923737,6.930000,144.300144
2661,18.930598,6.861000,145.751348
2662,18.937572,6.974000,143.389733
2663,18.944392,6.820000,146.627566
2664,18.951332,6.940000,144.092219
2665,18.958244,6.912000,144.675926
2666,18.965105,6.861000,145.751348
2667,18.972042,6.937000,144.154534
2668,18.978901,6.859000,145.793847
2669,18.985939,7.038000,142.085820
2670,18.992836,6.897000,144.990576
2671,18.999726,6.890000,145.137881
2672,19.006579,6.853000,145.921494
2673,19.013426,6.847000,146.049365
2674,19.020357,6.931000,144.279325
2675,19.027326,6.969000,143.492610
2676,19.034108,6.782000,147.449130
2677,19.041039,6.931000,144.279325
2678,19.047934,6.895000,145.032632
2679,19.055046,7.112000,140.607424
2680,19.061736,6.690000,149.476831
2681,19.068619,6.883000,145.285486
2682,19.075551,6.932000,144.258511
2683,19.082395,6.844000,146.113384
2684,19.089558,7.163000,139.606310
2685,19.096227,6.669000,149.947518
2686,19.103174,6.947000,143.947027
2687,19.110033,6.859000,145.793847
2688,19.117051,7.018000,142.490738
2689,19.123963,6.912000,144.675926
2690,19.130109,6.146000,162.707452
2691,19.137698,7.589000,131.769667
2692,19.144490,6.792000,147.232038
2693,19.151211,6.721000,148.787383
2694,19.158592,7.381000,135.482997
2695,19.165187,6.595000,151.630023
2696,19.172319,7.132000,140.213124
2697,19.179024,6.705000,149.142431
2698,19.185918,6.894000,145.053670
2699,19.194589,8.671000,115.326952
2700,19.199634,5.045000,198.216056
2701,19.206695,7.061000,141.623000
2702,19.213535,6.840000,146.198830
2703,19.220458,6.923000,144.446049
2704,19.227311,6.853000,145.921494
2705,19.234222,6.911000,144.696860
2706,19.240589,6.367000,157.059840
2707,19.248082,7.493000,133.457894
2708,19.254930,6.848000,146.028037
2709,19.261798,6.868000,145.602796
2710,19.268724,6.926000,144.383483
2711,19.275646,6.922000,144.466917
2712,19.282504,6.858000,145.815106
2713,19.289418,6.914000,144.634076
2714,19.296308,6.890000,145.137881
2715,19.303245,6.937000,144.154534
2716,19.310088,6.843000,146.134736
2717,19.317026,6.938000,144.133756
2718,19.323941,6.915000,144.613160
2719,19.330848,6.907000,144.780657
2720,19.337751,6.903000,144.864552
2721,19.344639,6.888000,145.180023
2722,19.351516,6.877000,145.412244
2723,19.358460,6.944000,144.009217
2724,19.365305,6.845000,146.092038
2725,19.372262,6.957000,143.740118
2726,19.379104,6.842000,146.156095
2727,19.386007,6.903000,144.864552
2728,19.392897,6.890000,145.137881
2729,19.399813,6.916000,144.592250
2730,19.406724,6.911000,144.696860
2731,19.413592,6.868000,145.602796
2732,19.420520,6.928000,144.341801
2733,19.427162,6.642000,150.557061
2734,19.434334,7.172000,139.431121
2735,19.441207,6.873000,145.496872
2736,19.448086,6.879000,145.369967
2737,19.455032,6.946000,143.967751
2738,19.461889,6.857000,145.836372
2739,19.468805,6.916000,144.592250
2740,19.475704,6.899000,144.948543
2741,19.482605,6.901000,144.906535
2742,19.489560,6.955000,143.781452
2743,19.496399,6.839000,146.220208
2744,19.503309,6.910000,144.717800
2745,19.510252,6.943000,144.029958
2746,19.517124,6.872000,145.518044
2747,19.524049,6.925000,144.404332
2748,19.530920,6.871000,145.539223
2749,19.537820,6.900000,144.927536
2750,19.544728,6.908000,144.759699
2751,19.551183,6.455000,154.918668
2752,19.558572,7.389000,135.336311
2753,19.565399,6.827000,146.477223
2754,19.572335,6.936000,144.175317
2755,19.579198,6.863000,145.708874
2756,19.586227,7.029000,142.267748
2757,19.592871,6.644000,150.511740
2758,19.600040,7.169000,139.489469
2759,19.606912,6.872000,145.518044
2760,19.613772,6.860000,145.772595
2761,19.620594,6.822000,146.584579
2762,19.627585,6.991000,143.041053
2763,19.634407,6.822000,146.584579
2764,19.641399,6.992000,143.020595
2765,19.648268,6.869000,145.581598
2766,19.654882,6.614000,151.194436
2767,19.662107,7.225000,138.408304
2768,19.668950,6.843000,146.134736
2769,19.675888,6.938000,144.133756
2770,19.682751,6.863000,145.708874
2771,19.689621,6.870000,145.560408
2772,19.696494,6.873000,145.496872
2773,19.703499,7.005000,142.755175
2774,19.709806,6.307000,158.553988
2775,19.717365,7.559000,132.292631
2776,19.723647,6.282000,159.184973
2777,19.731129,7.482000,133.654103
2778,19.737909,6.780000,147.492625
2779,19.744794,6.885000,145.243282
2780,19.751711,6.917000,144.571346
2781,19.758703,6.992000,143.020595
2782,19.765532,6.829000,146.434324
2783,19.772556,7.024000,142.369021
2784,19.778615,6.059000,165.043737
2785,19.786388,7.773000,128.650457
2786,19.793175,6.787000,147.340504
2787,19.800059,6.884000,145.264381
2788,19.806999,6.940000,144.092219
2789,19.813824,6.825000,146.520147
2790,19.820836,7.012000,142.612664
2791,19.827298,6.462000,154.750851
2792,19.834175,6.877000,145.412244
2793,19.841567,7.392000,135.281385
2794,19.848371,6.804000,146.972369
2795,19.855323,6.952000,143.843498
2796,19.861847,6.524000,153.280196
2797,19.869158,7.311000,136.780194
2798,19.875952,6.794000,147.188696
2799,19.882829,6.877000,145.412244
2800,19.889872,7.043000,141.984950
2801,19.896679,6.807000,146.907595
2802,19.903648,6.969000,143.492610
2803,19.910470,6.822000,146.584579
2804,19.917049,6.579000,151.998784
2805,19.924336,7.287000,137.230685
2806,19.930928,6.592000,151.699029
2807,19.938198,7.270000,137.551582
2808,19.944949,6.751000,148.126204
2809,19.951886,6.937000,144.154534
2810,19.958834,6.948000,143.926310
2811,19.965679,6.845000,146.092038
2812,19.972431,6.752000,148.104265
2813,19.979350,6.919000,144.529556
2814,19.986554,7.204000,138.811771
2815,19.993250,6.696000,149.342891
2816,20.000192,6.942000,144.050706
2817,20.006923,6.731000,148.566335
2818,20.013925,7.002000,142.816338
2819,20.020817,6.892000,145.095763
2820,20.027079,6.262000,159.693389
2821,20.034674,7.595000,131.665569
2822,20.041493,6.819000,146.649069
2823,20.048394,6.901000,144.906535
2824,20.055308,6.914000,144.634076
2825,20.062198,6.890000,145.137881
2826,20.069119,6.921000,144.487791
2827,20.075995,6.876000,145.433392
2828,20.082893,6.898000,144.969556
2829,20.089801,6.908000,144.759699
2830,20.096729,6.928000,144.341801
2831,20.103632,6.903000,144.864552
2832,20.110499,6.867000,145.623999
2833,20.117413,6.914000,144.634076
2834,20.124364,6.951000,143.864192
2835,20.131232,6.868000,145.602796
2836,20.137847,6.615000,151.171580
2837,20.145073,7.226000,138.389150
2838,20.151886,6.813000,146.778218
2839,20.158817,6.931000,144.279325
2840,20.165706,6.889000,145.158949
2841,20.172626,6.920000,144.508671
2842,20.179487,6.861000,145.751348
2843,20.185857,6.370000,156.985871
2844,20.193366,7.509000,133.173525
2845,20.200191,6.825000,146.520147
2846,20.207110,6.919000,144.529556
2847,20.213705,6.595000,151.630023
2848,20.220925,7.220000,138.504155
2849,20.227790,6.865000,145.666424
2850,20.234686,6.896000,145.011601
2851,20.241596,6.910000,144.717800
2852,20.248485,6.889000,145.158949
2853,20.255170,6.685000,149.588631
2854,20.262320,7.150000,139.860140
2855,20.269189,6.869000,145.581598
2856,20.276087,6.898000,144.969556
2857,20.283004,6.917000,144.571346
2858,20.289941,6.937000,144.154534
2859,20.296795,6.854000,145.900204
2860,20.303730,6.935000,144.196107
2861,20.310622,6.892000,145.095763
2862,20.317647,7.025000,142.348754
2863,20.324476,6.829000,146.434324
2864,20.331386,6.910000,144.717800
2865,20.337712,6.326000,158.077774
2866,20.345288,7.576000,131.995776
2867,20.352033,6.745000,148.257969
2868,20.358928,6.895000,145.032632
2869,20.365110,6.182000,161.759948
2870,20.372909,7.799000,128.221567
2871,20.379398,6.489000,154.106950
2872,20.386527,7.129000,140.272128
2873,20.393472,6.945000,143.988481
2874,20.400386,6.914000,144.634076
2875,20.407325,6.939000,144.112985
2876,20.414149,6.824000,146.541618
2877,20.421080,6.931000,144.279325
2878,20.428003,6.923000,144.446049
2879,20.434876,6.873000,145.496872
2880,20.441069,6.193000,161.472630
2881,20.448738,7.669000,130.395097
2882,20.455629,6.891000,145.116819
2883,20.461915,6.286000,159.083678
2884,20.469438,7.523000,132.925695
2885,20.476229,6.791000,147.253718
2886,20.483152,6.923000,144.446049
2887,20.490035,6.883000,145.285486
2888,20.496919,6.884000,145.264381
2889,20.503814,6.895000,145.032632
2890,20.510699,6.885000,145.243282
2891,20.517608,6.909000,144.738747
2892,20.524522,6.914000,144.634076
2893,20.531404,6.882000,145.306597
2894,20.538348,6.944000,144.009217
2895,20.545198,6.850000,145.985401
2896,20.552099,6.901000,144.906535
2897,20.559056,6.957000,143.740118
2898,20.565923,6.867000,145.623999
2899,20.572751,6.828000,146.455770
2900,20.579742,6.991000,143.041053
2901,20.586002,6.260000,159.744409
2902,20.593095,7.093000,140.984069
2903,20.599986,6.891000,145.116819
2904,20.607337,7.351000,136.035913
2905,20.614206,6.869000,145.581598
2906,20.621124,6.918000,144.550448
2907,20.628017,6.893000,145.074713
2908,20.634901,6.884000,145.264381
2909,20.641831,6.930000,144.300144
2910,20.648708,6.877000,145.412244
2911,20.655192,6.484000,154.225787
2912,20.662553,7.361000,135.851107
2913,20.669431,6.878000,145.391102
2914,20.676300,6.869000,145.581598
2915,20.683200,6.900000,144.927536
2916,20.690114,6.914000,144.634076
2917,20.697009,6.895000,145.032632
2918,20.703914,6.905000,144.822592
2919,20.710804,6.890000,145.137881
2920,20.717703,6.899000,144.948543
2921,20.724632,6.929000,144.320970
2922,20.731498,6.866000,145.645208
2923,20.738420,6.922000,144.466917
2924,20.745297,6.877000,145.412244
2925,20.752200,6.903000,144.864552
2926,20.759112,6.912000,144.675926
2927,20.766002,6.890000,145.137881
2928,20.772527,6.525000,153.256705
2929,20.779848,7.321000,136.593362
2930,20.786702,6.854000,145.900204
2931,20.793615,6.913000,144.654998
2932,20.800335,6.720000,148.809524
2933,20.807459,7.124000,140.370578
2934,20.813631,6.172000,162.022035
2935,20.821327,7.696000,129.937630
2936,20.828095,6.768000,147.754137
2937,20.835008,6.913000,144.654998
2938,20.841951,6.943000,144.029958
2939,20.848812,6.861000,145.751348
2940,20.855721,6.909000,144.738747
2941,20.862602,6.881000,145.327714
2942,20.869515,6.913000,144.654998
2943,20.876412,6.897000,144.990576
2944,20.883305,6.893000,145.074713
2945,20.890246,6.941000,144.071459
2946,20.897104,6.858000,145.815106
2947,20.904017,6.913000,144.654998
2948,20.910938,6.921000,144.487791
2949,20.917796,6.858000,145.815106
2950,20.924718,6.922000,144.466917
2951,20.931596,6.878000,145.391102
2952,20.938514,6.918000,144.550448
2953,20.945398,6.884000,145.264381
2954,20.952308,6.910000,144.717800
2955,20.959201,6.893000,145.074713
2956,20.966109,6.908000,144.759699
2957,20.973031,6.922000,144.466917
2958,20.979915,6.884000,145.264381
2959,20.986838,6.923000,144.446049
2960,20.993696,6.858000,145.815106
2961,21.000600,6.904000,144.843569
2962,21.007514,6.914000,144.634076
2963,21.014400,6.886000,145.222190
2964,21.021314,6.914000,144.634076
2965,21.028199,6.885000,145.243282
2966,21.035107,6.908000,144.759699
2967,21.042024,6.917000,144.571346
2968,21.048892,6.868000,145.602796
2969,21.055806,6.914000,144.634076
2970,21.062694,6.888000,145.180023
2971,21.069623,6.929000,144.320970
2972,21.076495,6.872000,145.518044
2973,21.083399,6.904000,144.843569
2974,21.090304,6.905000,144.822592
2975,21.097201,6.897000,144.990576
2976,21.104104,6.903000,144.864552
2977,21.110994,6.890000,145.137881
2978,21.117893,6.899000,144.948543
2979,21.124810,6.917000,144.571346
2980,21.131694,6.884000,145.264381
2981,21.138613,6.919000,144.529556
2982,21.145493,6.880000,145.348837
2983,21.152403,6.910000,144.717800
2984,21.159296,6.893000,145.074713
2985,21.166207,6.911000,144.696860
2986,21.173105,6.898000,144.969556
2987,21.179996,6.891000,145.116819
2988,21.186906,6.910000,144.717800
2989,21.193801,6.895000,145.032632
2990,21.200699,6.898000,144.969556
2991,21.207610,6.911000,144.696860
2992,21.214521,6.911000,144.696860
2993,21.221433,6.912000,144.675926
2994,21.228094,6.661000,150.127608
2995,21.235242,7.148000,139.899273
2996,21.242151,6.909000,144.738747
2997,21.249015,6.864000,145.687646
2998,21.255938,6.923000,144.446049
2999,21.262816,6.878000,145.391102
3000,21.269316,6.500000,153.846154
3001,21.276639,7.323000,136.556056
3002,21.282823,6.184000,161.707633
3003,21.290504,7.681000,130.191381
3004,21.297289,6.785000,147.383935
3005,21.304217,6.928000,144.341801
3006,21.311095,6.878000,145.391102
3007,21.317995,6.900000,144.927536
3008,21.324902,6.907000,144.780657
3009,21.331793,6.891000,145.116819
3010,21.338710,6.917000,144.571346
3011,21.345595,6.885000,145.243282
3012,21.352506,6.911000,144.696860
3013,21.359390,6.884000,145.264381
3014,21.366299,6.909000,144.738747
3015,21.373202,6.903000,144.864552
3016,21.380094,6.892000,145.095763
3017,21.387004,6.910000,144.717800
3018,21.393894,6.890000,145.137881
3019,21.400809,6.915000,144.613160
3020,21.407717,6.908000,144.759699
3021,21.414594,6.877000,145.412244
3022,21.421509,6.915000,144.613160
3023,21.427701,6.192000,161.498708
3024,21.435383,7.682000,130.174434
3025,21.442194,6.811000,146.821318
3026,21.449097,6.903000,144.864552
3027,21.456008,6.911000,144.696860
3028,21.462902,6.894000,145.053670
3029,21.469819,6.917000,144.571346
3030,21.476698,6.879000,145.369967
3031,21.483607,6.909000,144.738747
3032,21.490510,6.903000,144.864552
3033,21.497402,6.892000,145.095763
3034,21.504309,6.907000,144.780657
3035,21.511220,6.911000,144.696860
3036,21.518099,6.879000,145.369967
3037,21.525015,6.916000,144.592250
3038,21.531907,6.892000,145.095763
3039,21.538855,6.948000,143.926310
3040,21.545716,6.861000,145.751348
3041,21.552639,6.923000,144.446049
3042,21.559512,6.873000,145.496872
3043,21.566422,6.910000,144.717800
3044,21.573332,6.910000,144.717800
3045,21.580212,6.880000,145.348837
3046,21.586892,6.680000,149.700599
3047,21.594035,7.143000,139.997200
3048,21.600905,6.870000,145.560408
3049,21.607819,6.914000,144.634076
3050,21.614697,6.878000,145.391102
3051,21.621627,6.930000,144.300144
3052,21.628521,6.894000,145.053670
3053,21.635418,6.897000,144.990576
3054,21.641863,6.445000,155.159038
3055,21.649262,7.399000,135.153399
3056,21.656106,6.844000,146.113384
3057,21.663010,6.904000,144.843569
3058,21.669933,6.923000,144.446049
3059,21.676810,6.877000,145.412244
3060,21.683721,6.911000,144.696860
3061,21.690635,6.914000,144.634076
3062,21.697527,6.892000,145.095763
3063,21.704418,6.891000,145.116819
3064,21.711314,6.896000,145.011601
3065,21.718208,6.894000,145.053670
3066,21.725133,6.925000,144.404332
3067,21.732010,6.877000,145.412244
3068,21.738952,6.942000,144.050706
3069,21.745812,6.860000,145.772595
3070,21.752729,6.917000,144.571346
3071,21.759615,6.886000,145.222190
3072,21.766506,6.891000,145.116819
3073,21.773413,6.907000,144.780657
3074,21.780298,6.885000,145.243282
3075,21.787210,6.912000,144.675926
3076,21.794097,6.887000,145.201104
3077,21.800994,6.897000,144.990576
3078,21.807904,6.910000,144.717800
3079,21.814792,6.888000,145.180023
3080,21.821701,6.909000,144.738747
3081,21.828598,6.897000,144.990576
3082,21.835500,6.902000,144.885540
3083,21.842402,6.902000,144.885540
3084,21.849297,6.895000,145.032632
3085,21.856202,6.905000,144.822592
3086,21.863097,6.895000,145.032632
3087,21.870014,6.917000,144.571346
3088,21.876582,6.568000,152.253350
3089,21.883840,7.258000,137.779002
3090,21.890707,6.867000,145.623999
3091,21.897616,6.909000,144.738747
3092,21.904547,6.931000,144.279325
3093,21.911410,6.863000,145.708874
3094,21.917928,6.518000,153.421295
3095,21.924646,6.718000,148.853826
3096,21.932203,7.557000,132.327643
3097,21.938767,6.564000,152.346130
3098,21.945881,7.114000,140.567894
3099,21.952835,6.954000,143.802128
3100,21.959690,6.855000,145.878920
3101,21.966597,6.907000,144.780657
3102,21.973501,6.904000,144.843569
3103,21.980391,6.890000,145.137881
3104,21.987296,6.905000,144.822592
3105,21.994187,6.891000,145.116819
3106,22.001101,6.914000,144.634076
3107,22.008007,6.906000,144.801622
3108,22.014892,6.885000,145.243282
3109,22.021826,6.934000,144.216902
3110,22.028708,6.882000,145.306597
3111,22.035591,6.883000,145.285486
3112,22.041855,6.264000,159.642401
3113,22.049487,7.632000,131.027254
3114,22.056300,6.813000,146.778218
3115,22.063198,6.898000,144.969556
3116,22.070118,6.920000,144.508671
3117,22.076994,6.876000,145.433392
3118,22.083906,6.912000,144.675926
3119,22.090807,6.901000,144.906535
3120,22.097706,6.899000,144.948543
3121,22.104607,6.901000,144.906535
3122,22.111498,6.891000,145.116819
3123,22.118402,6.904000,144.843569
3124,22.125320,6.918000,144.550448
3125,22.132194,6.874000,145.475706
3126,22.139104,6.910000,144.717800
3127,22.145999,6.895000,145.032632
3128,22.152893,6.894000,145.053670
3129,22.159786,6.893000,145.074713
3130,22.166693,6.907000,144.780657
3131,22.173597,6.904000,144.843569
3132,22.180255,6.658000,150.195254
3133,22.187424,7.169000,139.489469
3134,22.194283,6.859000,145.793847
3135,22.201196,6.913000,144.654998
3136,22.208103,6.907000,144.780657
3137,22.215004,6.901000,144.906535
3138,22.221901,6.897000,144.990576
3139,22.228789,6.888000,145.180023
3140,22.235698,6.909000,144.738747
3141,22.242609,6.911000,144.696860
3142,22.249486,6.877000,145.412244
3143,22.256400,6.914000,144.634076
3144,22.263286,6.886000,145.222190
3145,22.270199,6.913000,144.654998
3146,22.277086,6.887000,145.201104
3147,22.283984,6.898000,144.969556
3148,22.290926,6.942000,144.050706
3149,22.297674,6.748000,148.192057
3150,22.304734,7.060000,141.643059
3151,22.311583,6.849000,146.006716
3152,22.318504,6.921000,144.487791
3153,22.325424,6.920000,144.508671
3154,22.332303,6.879000,145.369967
3155,22.339224,6.921000,144.487791
3156,22.346102,6.878000,145.391102
3157,22.353013,6.911000,144.696860
3158,22.359904,6.891000,145.116819
3159,22.366812,6.908000,144.759699
3160,22.373737,6.925000,144.404332
3161,22.380610,6.873000,145.496872
3162,22.387522,6.912000,144.675926
3163,22.394399,6.877000,145.412244
3164,22.401304,6.905000,144.822592
3165,22.408210,6.906000,144.801622
3166,22.414498,6.288000,159.033079
3167,22.422073,7.575000,132.013201
3168,22.428880,6.807000,146.907595
3169,22.435830,6.950000,143.884892
3170,22.442690,6.860000,145.772595
3171,22.449588,6.898000,144.969556
3172,22.456499,6.911000,144.696860
3173,22.463162,6.663000,150.082545
3174,22.470342,7.180000,139.275766
3175,22.477185,6.843000,146.134736
3176,22.484113,6.928000,144.341801
3177,22.490996,6.883000,145.285486
3178,22.497900,6.904000,144.843569
3179,22.504795,6.895000,145.032632
3180,22.511687,6.892000,145.095763
3181,22.518591,6.904000,144.843569
3182,22.525506,6.915000,144.613160
3183,22.532392,6.886000,145.222190
3184,22.539301,6.909000,144.738747
3185,22.546215,6.914000,144.634076
3186,22.553102,6.887000,145.201104
3187,22.559986,6.884000,145.264381
3188,22.566895,6.909000,144.738747
3189,22.573062,6.167000,162.153397
3190,22.580502,7.440000,134.408602
3191,22.587622,7.120000,140.449438
3192,22.594483,6.861000,145.751348
3193,22.601395,6.912000,144.675926
3194,22.608297,6.902000,144.885540
3195,22.615186,6.889000,145.158949
3196,22.622094,6.908000,144.759699
3197,22.629008,6.914000,144.634076
3198,22.635895,6.887000,145.201104
3199,22.642787,6.892000,145.095763
3200,22.649698,6.911000,144.696860
3201,22.656598,6.900000,144.927536
3202,22.663489,6.891000,145.116819
3203,22.670398,6.909000,144.738747
3204,22.677287,6.889000,145.158949
3205,22.684195,6.908000,144.759699
3206,22.691095,6.900000,144.927536
3207,22.697990,6.895000,145.032632
3208,22.704893,6.903000,144.864552
3209,22.711786,6.893000,145.074713
3210,22.718686,6.900000,144.927536
3211,22.725606,6.920000,144.508671
3212,22.732488,6.882000,145.306597
3213,22.739442,6.954000,143.802128
3214,22.746285,6.843000,146.134736
3215,22.753198,6.913000,144.654998
3216,22.760086,6.888000,145.180023
3217,22.766993,6.907000,144.780657
3218,22.773895,6.902000,144.885540
3219,22.780787,6.892000,145.095763
3220,22.787695,6.908000,144.759699
3221,22.794588,6.893000,145.074713
3222,22.801488,6.900000,144.927536
3223,22.808396,6.908000,144.759699
3224,22.815164,6.768000,147.754137
3225,22.822210,7.046000,141.924496
3226,22.829085,6.875000,145.454545
3227,22.835395,6.310000,158.478605
3228,22.842973,7.578000,131.960940
3229,22.849776,6.803000,146.993973
3230,22.856699,6.923000,144.446049
3231,22.863584,6.885000,145.243282
3232,22.870547,6.963000,143.616257
3233,22.877395,6.848000,146.028037
3234,22.884295,6.900000,144.927536
3235,22.891208,6.913000,144.654998
3236,22.898102,6.894000,145.053670
3237,22.905008,6.906000,144.801622
3238,22.911183,6.175000,161.943320
3239,22.918896,7.713000,129.651238
3240,22.925700,6.804000,146.972369
3241,22.932596,6.896000,145.011601
3242,22.939506,6.910000,144.717800
3243,22.946400,6.894000,145.053670
3244,22.953302,6.902000,144.885540
3245,22.960188,6.886000,145.222190
3246,22.967117,6.929000,144.320970
3247,22.973337,6.220000,160.771704
3248,22.980571,7.234000,138.236107
3249,22.987846,7.275000,137.457045
3250,22.994688,6.842000,146.156095
3251,23.001604,6.916000,144.592250
3252,23.008506,6.902000,144.885540
3253,23.015398,6.892000,145.095763
3254,23.022306,6.908000,144.759699
3255,23.029246,6.940000,144.092219
3256,23.036135,6.889000,145.158949
3257,23.043011,6.876000,145.433392
3258,23.049891,6.880000,145.348837
3259,23.056806,6.915000,144.613160
3260,23.063707,6.901000,144.906535
3261,23.070624,6.917000,144.571346
3262,23.077505,6.881000,145.327714
3263,23.084408,6.903000,144.864552
3264,23.091310,6.902000,144.885540
3265,23.097861,6.551000,152.648451
3266,23.105165,7.304000,136.911281
3267,23.112010,6.845000,146.092038
3268,23.118907,6.897000,144.990576
3269,23.125813,6.906000,144.801622
3270,23.132706,6.893000,145.074713
3271,23.139611,6.905000,144.822592
3272,23.146508,6.897000,144.990576
3273,23.153413,6.905000,144.822592
3274,23.160296,6.883000,145.285486
3275,23.167200,6.904000,144.843569
3276,23.174102,6.902000,144.885540
3277,23.181002,6.900000,144.927536
3278,23.187905,6.903000,144.864552
3279,23.194793,6.888000,145.180023
3280,23.201705,6.912000,144.675926
3281,23.208604,6.899000,144.948543
3282,23.215191,6.587000,151.814179
3283,23.222501,7.310000,136.798906
3284,23.229305,6.804000,146.972369
3285,23.236216,6.911000,144.696860
3286,23.243104,6.888000,145.180023
3287,23.250015,6.911000,144.696860
3288,23.256925,6.910000,144.717800
3289,23.263787,6.862000,145.730108
3290,23.270728,6.941000,144.071459
3291,23.277589,6.861000,145.751348
3292,23.284489,6.900000,144.927536
3293,23.291404,6.915000,144.613160
3294,23.298302,6.898000,144.969556
3295,23.305198,6.896000,145.011601
3296,23.312098,6.900000,144.927536
3297,23.318999,6.901000,144.906535
3298,23.325885,6.886000,145.222190
3299,23.332497,6.612000,151.240169
3300,23.339071,6.574000,152.114390
3301,23.346584,7.513000,133.102622
3302,23.353532,6.948000,143.926310
3303,23.359935,6.403000,156.176792
3304,23.367375,7.440000,134.408602
3305,23.374217,6.842000,146.156095
3306,23.380519,6.302000,158.679784
3307,23.388093,7.574000,132.030631
3308,23.394878,6.785000,147.383935
3309,23.401804,6.926000,144.383483
3310,23.408705,6.901000,144.906535
3311,23.415621,6.916000,144.592250
3312,23.422509,6.888000,145.180023
3313,23.429393,6.884000,145.264381
3314,23.436298,6.905000,144.822592
3315,23.443215,6.917000,144.571346
3316,23.449862,6.647000,150.443809
3317,23.457068,7.206000,138.773245
3318,23.463917,6.849000,146.006716
3319,23.470836,6.919000,144.529556
3320,23.477710,6.874000,145.475706
3321,23.484670,6.960000,143.678161
3322,23.491561,6.891000,145.116819
3323,23.497849,6.288000,159.033079
3324,23.504668,6.819000,146.649069
3325,23.512267,7.599000,131.596263
3326,23.519095,6.828000,146.455770
3327,23.525994,6.899000,144.948543
3328,23.532960,6.966000,143.554407
3329,23.539868,6.908000,144.759699
3330,23.546689,6.821000,146.606069
3331,23.553649,6.960000,143.678161
3332,23.559882,6.233000,160.436387
3333,23.567481,7.599000,131.596263
3334,23.574328,6.847000,146.049365
3335,23.581225,6.897000,144.990576
3336,23.588099,6.874000,145.475706
3337,23.595037,6.938000,144.133756
3338,23.601891,6.854000,145.900204
3339,23.608850,6.959000,143.698807
3340,23.615231,6.381000,156.715248
3341,23.622709,7.478000,133.725595
3342,23.629535,6.826000,146.498682
3343,23.636428,6.893000,145.074713
3344,23.643351,6.923000,144.446049
3345,23.650231,6.880000,145.348837
3346,23.657145,6.914000,144.634076
3347,23.664029,6.884000,145.264381
3348,23.670931,6.902000,144.885540
3349,23.677827,6.896000,145.011601
3350,23.684533,6.706000,149.120191
3351,23.691682,7.149000,139.879703
3352,23.698527,6.845000,146.092038
3353,23.705414,6.887000,145.201104
3354,23.712204,6.790000,147.275405
3355,23.718849,6.645000,150.489090
3356,23.726041,7.192000,139.043382
3357,23.733134,7.093000,140.984069
3358,23.739916,6.782000,147.449130
3359,23.746941,7.025000,142.348754
3360,23.753734,6.793000,147.210364
3361,23.760076,6.342000,157.678966
3362,23.767617,7.541000,132.608407
3363,23.774420,6.803000,146.993973
3364,23.781365,6.945000,143.988481
3365,23.788277,6.912000,144.675926
3366,23.795129,6.852000,145.942790
3367,23.801882,6.753000,148.082334
3368,23.809034,7.152000,139.821029
3369,23.815865,6.831000,146.391451
3370,23.822849,6.984000,143.184422
3371,23.829668,6.819000,146.649069
3372,23.836583,6.915000,144.613160
3373,23.843415,6.832000,146.370023
3374,23.849863,6.448000,155.086849
3375,23.857352,7.489000,133.529176
3376,23.864113,6.761000,147.907114
3377,23.871250,7.137000,140.114894
3378,23.877907,6.657000,150.217816
3379,23.884838,6.931000,144.279325
3380,23.891732,6.894000,145.053670
3381,23.898620,6.888000,145.180023
3382,23.905530,6.910000,144.717800
3383,23.912392,6.862000,145.730108
3384,23.919306,6.914000,144.634076
3385,23.926193,6.887000,145.201104
3386,23.933129,6.936000,144.175317
3387,23.940068,6.939000,144.112985
3388,23.946880,6.812000,146.799765
3389,23.953820,6.940000,144.092219
3390,23.960700,6.880000,145.348837
3391,23.967590,6.890000,145.137881
3392,23.974505,6.915000,144.613160
3393,23.981392,6.887000,145.201104
3394,23.988306,6.914000,144.634076
3395,23.995190,6.884000,145.264381
3396,24.002102,6.912000,144.675926
3397,24.009003,6.901000,144.906535
3398,24.015892,6.889000,145.158949
3399,24.022793,6.901000,144.906535
3400,24.029712,6.919000,144.529556
3401,24.036598,6.886000,145.222190
3402,24.043492,6.894000,145.053670
3403,24.050388,6.896000,145.011601
3404,24.057293,6.905000,144.822592
3405,24.064234,6.941000,144.071459
3406,24.071118,6.884000,145.264381
3407,24.078025,6.907000,144.780657
3408,24.084893,6.868000,145.602796
3409,24.091836,6.943000,144.029958
3410,24.098722,6.886000,145.222190
3411,24.105709,6.987000,143.122943
3412,24.112593,6.884000,145.264381
3413,24.119476,6.883000,145.285486
3414,24.126406,6.930000,144.300144
3415,24.133329,6.923000,144.446049
3416,24.140208,6.879000,145.369967
3417,24.146543,6.335000,157.853197
3418,24.154047,7.504000,133.262260
3419,24.160856,6.809000,146.864444
3420,24.167155,6.299000,158.755358
3421,24.174764,7.609000,131.423314
3422,24.181443,6.679000,149.723012
3423,24.188528,7.085000,141.143260
3424,24.195364,6.836000,146.284377
3425,24.202302,6.938000,144.133756
3426,24.209162,6.860000,145.772595
3427,24.216049,6.887000,145.201104
3428,24.222484,6.435000,155.400155
3429,24.229934,7.450000,134.228188
3430,24.236782,6.848000,146.028037
3431,24.243704,6.922000,144.466917
3432,24.250553,6.849000,146.006716
3433,24.257557,7.004000,142.775557
3434,24.263656,6.099000,163.961305
3435,24.271401,7.745000,129.115558
3436,24.278143,6.742000,148.323939
3437,24.284726,6.583000,151.906426
3438,24.292052,7.326000,136.500137
3439,24.298864,6.812000,146.799765
3440,24.305780,6.916000,144.592250
3441,24.312640,6.860000,145.772595
3442,24.318956,6.316000,158.328056
3443,24.326590,7.634000,130.992926
3444,24.333224,6.634000,150.738619
3445,24.340556,7.332000,136.388434
3446,24.346563,6.007000,166.472449
3447,24.354081,7.518000,133.014099
3448,24.360931,6.850000,145.985401
3449,24.367882,6.951000,143.864192
3450,24.374339,6.457000,154.870683
3451,24.381738,7.399000,135.153399
3452,24.388669,6.931000,144.279325
3453,24.395477,6.808000,146.886016
3454,24.402404,6.927000,144.362639
3455,24.409343,6.939000,144.112985
3456,24.416220,6.877000,145.412244
3457,24.423127,6.907000,144.780657
3458,24.430051,6.924000,144.425188
3459,24.436935,6.884000,145.264381
3460,24.443786,6.851000,145.964093
3461,24.450732,6.946000,143.967751
3462,24.457650,6.918000,144.550448
3463,24.464513,6.863000,145.708874
3464,24.471404,6.891000,145.116819
3465,24.478225,6.821000,146.606069
3466,24.485136,6.911000,144.696860
3467,24.492036,6.900000,144.927536
3468,24.498911,6.875000,145.454545
3469,24.505826,6.915000,144.613160
3470,24.512711,6.885000,145.243282
3471,24.519617,6.906000,144.801622
3472,24.526555,6.938000,144.133756
3473,24.533419,6.864000,145.687646
3474,24.540319,6.900000,144.927536
3475,24.547193,6.874000,145.475706
3476,24.554116,6.923000,144.446049
3477,24.560994,6.878000,145.391102
3478,24.567894,6.900000,144.927536
3479,24.574833,6.939000,144.112985
3480,24.581718,6.885000,145.243282
3481,24.588613,6.895000,145.032632
3482,24.595485,6.872000,145.518044
3483,24.601857,6.372000,156.936598
3484,24.609401,7.544000,132.555673
3485,24.616191,6.790000,147.275405
3486,24.623118,6.927000,144.362639
3487,24.630019,6.901000,144.906535
3488,24.636961,6.942000,144.050706
3489,24.643811,6.850000,145.985401
3490,24.650689,6.878000,145.391102
3491,24.657612,6.923000,144.446049
3492,24.664520,6.908000,144.759699
3493,24.671212,6.692000,149.432158
3494,24.678364,7.152000,139.821029
3495,24.685216,6.852000,145.942790
3496,24.692150,6.934000,144.216902
3497,24.698985,6.835000,146.305779
3498,24.705898,6.913000,144.654998
3499,24.712829,6.931000,144.279325
3500,24.719235,6.406000,156.103653
3501,24.726663,7.428000,134.625740
3502,24.733050,6.387000,156.568029
3503,24.740473,7.423000,134.716422
3504,24.747279,6.806000,146.929180
3505,24.754200,6.921000,144.487791
3506,24.761091,6.891000,145.116819
3507,24.767994,6.903000,144.864552
3508,24.774900,6.906000,144.801622
3509,24.781785,6.885000,145.243282
3510,24.788506,6.721000,148.787383
3511,24.795613,7.107000,140.706346
3512,24.802504,6.891000,145.116819
3513,24.809388,6.884000,145.264381
3514,24.816291,6.903000,144.864552
3515,24.823188,6.897000,144.990576
3516,24.830091,6.903000,144.864552
3517,24.837010,6.919000,144.529556
3518,24.843897,6.887000,145.201104
3519,24.850802,6.905000,144.822592
3520,24.857715,6.913000,144.654998
3521,24.864617,6.902000,144.885540
3522,24.871566,6.949000,143.905598
3523,24.878419,6.853000,145.921494
3524,24.885298,6.879000,145.369967
3525,24.892257,6.959000,143.698807
3526,24.899091,6.834000,146.327188
3527,24.906009,6.918000,144.550448
3528,24.912893,6.884000,145.264381
3529,24.919744,6.851000,145.964093
3530,24.926739,6.995000,142.959257
3531,24.933599,6.860000,145.772595
3532,24.940539,6.940000,144.092219
3533,24.947396,6.857000,145.836372
3534,24.954302,6.906000,144.801622
3535,24.961200,6.898000,144.969556
3536,24.968123,6.923000,144.446049
3537,24.975077,6.954000,143.802128
3538,24.981971,6.894000,145.053670
3539,24.988734,6.763000,147.863374
3540,24.995255,6.521000,153.350713
3541,25.003322,8.067000,123.961820
3542,25.009475,6.153000,162.522347
3543,25.016501,7.026000,142.328494
3544,25.023456,6.955000,143.781452
3545,25.030198,6.742000,148.323939
3546,25.037166,6.968000,143.513203
3547,25.044059,6.893000,145.074713
3548,25.051053,6.994000,142.979697
3549,25.057527,6.474000,154.464010
3550,25.064883,7.356000,135.943448
3551,25.071790,6.907000,144.780657
3552,25.078669,6.879000,145.369967
3553,25.085521,6.852000,145.942790
3554,25.092496,6.975000,143.369176
3555,25.099307,6.811000,146.821318
3556,25.106264,6.957000,143.740118
3557,25.112854,6.590000,151.745068
3558,25.120087,7.233000,138.255219
3559,25.126959,6.872000,145.518044
3560,25.133795,6.836000,146.284377
3561,25.140741,6.946000,143.967751
3562,25.147180,6.439000,155.303619
3563,25.154584,7.404000,135.062129
3564,25.161397,6.813000,146.778218
3565,25.168287,6.890000,145.137881
3566,25.175280,6.993000,143.000143
3567,25.181771,6.491000,154.059467
3568,25.189107,7.336000,136.314068
3569,25.195906,6.799000,147.080453
3570,25.202911,7.005000,142.755175
3571,25.209824,6.913000,144.654998
3572,25.216669,6.845000,146.092038
3573,25.223572,6.903000,144.864552
3574,25.230254,6.682000,149.655792
3575,25.237402,7.148000,139.899273
3576,25.243954,6.552000,152.625153
3577,25.251137,7.183000,139.217597
3578,25.258037,6.900000,144.927536
3579,25.264872,6.835000,146.305779
3580,25.271841,6.969000,143.492610
3581,25.278688,6.847000,146.049365
3582,25.285591,6.903000,144.864552
3583,25.292529,6.938000,144.133756
3584,25.298704,6.175000,161.943320
3585,25.306422,7.718000,129.567245
3586,25.313175,6.753000,148.082334
3587,25.320135,6.960000,143.678161
3588,25.326710,6.575000,152.091255
3589,25.333970,7.260000,137.741047
3590,25.340914,6.944000,144.009217
3591,25.347398,6.484000,154.225787
3592,25.354012,6.614000,151.194436
3593,25.361555,7.543000,132.573247
3594,25.368410,6.855000,145.878920
3595,25.375228,6.818000,146.670578
3596,25.382113,6.885000,145.243282
3597,25.388847,6.734000,148.500149
3598,25.395957,7.110000,140.646976
3599,25.402849,6.892000,145.095763
3600,25.409701,6.852000,145.942790
3601,25.416595,6.894000,145.053670
3602,25.423203,6.608000,151.331719
3603,25.430457,7.254000,137.854977
3604,25.437304,6.847000,146.049365
3605,25.444223,6.919000,144.529556
3606,25.451140,6.917000,144.571346
3607,25.458021,6.881000,145.327714
3608,25.464896,6.875000,145.454545
3609,25.471855,6.959000,143.698807
3610,25.478723,6.868000,145.602796
3611,25.485628,6.905000,144.822592
3612,25.492530,6.902000,144.885540
3613,25.499431,6.901000,144.906535
3614,25.506295,6.864000,145.687646
3615,25.513204,6.909000,144.738747
3616,25.520136,6.932000,144.258511
3617,25.527009,6.873000,145.496872
3618,25.533928,6.919000,144.529556
3619,25.540822,6.894000,145.053670
3620,25.547710,6.888000,145.180023
3621,25.554639,6.929000,144.320970
3622,25.561514,6.875000,145.454545
3623,25.568411,6.897000,144.990576
3624,25.575314,6.903000,144.864552
3625,25.582201,6.887000,145.201104
3626,25.589138,6.937000,144.154534
3627,25.595999,6.861000,145.751348
3628,25.602922,6.923000,144.446049
3629,25.609747,6.825000,146.520147
3630,25.616703,6.956000,143.760782
3631,25.623608,6.905000,144.822592
3632,25.630510,6.902000,144.885540
3633,25.637412,6.902000,144.885540
3634,25.644301,6.889000,145.158949
3635,25.651283,6.982000,143.225437
3636,25.658188,6.905000,144.822592
3637,25.665071,6.883000,145.285486
3638,25.671975,6.904000,144.843569
3639,25.678621,6.646000,150.466446
3640,25.685822,7.201000,138.869601
3641,25.692696,6.874000,145.475706
3642,25.699588,6.892000,145.095763
3643,25.706364,6.776000,147.579693
3644,25.713387,7.023000,142.389292
3645,25.720298,6.911000,144.696860
3646,25.727182,6.884000,145.264381
3647,25.734074,6.892000,145.095763
3648,25.740985,6.911000,144.696860
3649,25.747892,6.907000,144.780657
3650,25.754832,6.940000,144.092219
3651,25.761706,6.874000,145.475706
3652,25.768576,6.870000,145.560408
3653,25.774808,6.232000,160.462131
3654,25.782430,7.622000,131.199160
3655,25.789252,6.822000,146.584579
3656,25.795771,6.519000,153.397760
3657,25.803118,7.347000,136.109977
3658,25.809659,6.541000,152.881822
3659,25.816869,7.210000,138.696255
3660,25.823800,6.931000,144.279325
3661,25.830691,6.891000,145.116819
3662,25.837594,6.903000,144.864552
3663,25.844489,6.895000,145.032632
3664,25.851377,6.888000,145.180023
3665,25.858102,6.725000,148.698885
3666,25.865159,7.057000,141.703273
3667,25.872067,6.908000,144.759699
3668,25.878966,6.899000,144.948543
3669,25.885883,6.917000,144.571346
3670,25.892795,6.912000,144.675926
3671,25.899657,6.862000,145.730108
3672,25.906592,6.935000,144.196107
3673,25.913445,6.853000,145.921494
3674,25.919908,6.463000,154.726907
3675,25.927345,7.437000,134.462821
3676,25.934169,6.824000,146.541618
3677,25.941079,6.910000,144.717800
3678,25.947966,6.887000,145.201104
3679,25.954876,6.910000,144.717800
3680,25.961839,6.963000,143.616257
3681,25.968229,6.390000,156.494523
3682,25.975640,7.411000,134.934557
3683,25.982456,6.816000,146.713615
3684,25.989418,6.962000,143.636886
3685,25.996235,6.817000,146.692093
3686,26.003167,6.932000,144.258511
3687,26.010071,6.904000,144.843569
3688,26.016939,6.868000,145.602796
3689,26.023910,6.971000,143.451442
3690,26.030748,6.838000,146.241591
3691,26.037304,6.556000,152.532032
3692,26.044290,6.986000,143.143430
3693,26.051493,7.203000,138.831043
3694,26.058390,6.897000,144.990576
3695,26.065280,6.890000,145.137881
3696,26.072159,6.879000,145.369967
3697,26.079057,6.898000,144.969556
3698,26.085994,6.937000,144.154534
3699,26.092945,6.951000,143.864192
3700,26.099739,6.794000,147.188696
3701,26.106055,6.316000,158.328056
3702,26.113217,7.162000,139.625803
3703,26.120032,6.815000,146.735143
3704,26.127385,7.353000,135.998912
3705,26.134202,6.817000,146.692093
3706,26.141162,6.960000,143.678161
3707,26.148013,6.851000,145.964093
3708,26.154934,6.921000,144.487791
3709,26.161820,6.886000,145.222190
3710,26.168721,6.901000,144.906535
3711,26.175639,6.918000,144.550448
3712,26.182505,6.866000,145.645208
3713,26.189423,6.918000,144.550448
3714,26.196301,6.878000,145.391102
3715,26.203263,6.962000,143.636886
3716,26.210108,6.845000,146.092038
3717,26.217025,6.917000,144.571346
3718,26.223931,6.906000,144.801622
3719,26.230821,6.890000,145.137881
3720,26.237729,6.908000,144.759699
3721,26.244614,6.885000,145.243282
3722,26.251508,6.894000,145.053670
3723,26.258409,6.901000,144.906535
3724,26.265335,6.926000,144.383483
3725,26.272214,6.879000,145.369967
3726,26.279097,6.883000,145.285486
3727,26.285997,6.900000,144.927536
3728,26.292914,6.917000,144.571346
3729,26.299814,6.900000,144.927536
3730,26.306176,6.362000,157.183276
3731,26.313690,7.514000,133.084908
3732,26.320387,6.697000,149.320591
3733,26.327414,7.027000,142.308240
3734,26.334319,6.905000,144.822592
3735,26.340736,6.417000,155.836060
3736,26.348190,7.454000,134.156158
3737,26.355021,6.831000,146.391451
3738,26.361928,6.907000,144.780657
3739,26.368824,6.896000,145.011601
3740,26.375731,6.907000,144.780657
3741,26.382597,6.866000,145.645208
3742,26.389564,6.967000,143.533802
3743,26.396428,6.864000,145.687646
3744,26.403443,7.015000,142.551675
3745,26.409668,6.225000,160.642570
3746,26.417234,7.566000,132.170235
3747,26.424084,6.850000,145.985401
3748,26.430939,6.855000,145.878920
3749,26.437806,6.867000,145.623999
3750,26.444753,6.947000,143.947027
3751,26.451664,6.911000,144.696860
3752,26.458587,6.923000,144.446049
3753,26.465190,6.603000,151.446312
3754,26.472195,7.005000,142.755175
3755,26.479314,7.119000,140.469167
3756,26.485722,6.408000,156.054931
3757,26.492985,7.263000,137.684153
3758,26.499897,6.912000,144.675926
3759,26.506360,6.463000,154.726907
3760,26.513824,7.464000,133.976420
3761,26.520072,6.248000,160.051216
3762,26.527637,7.565000,132.187707
3763,26.534440,6.803000,146.993973
3764,26.541471,7.031000,142.227279
3765,26.548321,6.850000,145.985401
3766,26.554983,6.662000,150.105074
3767,26.562127,7.144000,139.977604
3768,26.569054,6.927000,144.362639
3769,26.575950,6.896000,145.011601
3770,26.582777,6.827000,146.477223
3771,26.589769,6.992000,143.020595
3772,26.595877,6.108000,163.719712
3773,26.603619,7.742000,129.165590
3774,26.610363,6.744000,148.279953
3775,26.617301,6.938000,144.133756
3776,26.624279,6.978000,143.307538
3777,26.631113,6.834000,146.327188
3778,26.638035,6.922000,144.466917
3779,26.644925,6.890000,145.137881
3780,26.651805,6.880000,145.348837
3781,26.658544,6.739000,148.389969
3782,26.665626,7.082000,141.203050
3783,26.672543,6.917000,144.571346
3784,26.679072,6.529000,153.162812
3785,26.686369,7.297000,137.042620
3786,26.693004,6.635000,150.715901
3787,26.700129,7.125000,140.350877
3788,26.706929,6.800000,147.058824
3789,26.713901,6.972000,143.430866
3790,26.720885,6.984000,143.184422
3791,26.726938,6.053000,165.207335
3792,26.734697,7.759000,128.882588
3793,26.741542,6.845000,146.092038
3794,26.747706,6.164000,162.232317
3795,26.755416,7.710000,129.701686
3796,26.762604,7.188000,139.120757
3797,26.769210,6.606000,151.377536
3798,26.775981,6.771000,147.688672
3799,26.782883,6.902000,144.885540
3800,26.789870,6.987000,143.122943
3801,26.796683,6.813000,146.778218
3802,26.803685,7.002000,142.816338
3803,26.810270,6.585000,151.860289
3804,26.817100,6.830000,146.412884
3805,26.824402,7.302000,136.948781
3806,26.831438,7.036000,142.126208
3807,26.837624,6.186000,161.655351
3808,26.845036,7.412000,134.916352
3809,26.851810,6.774000,147.623265
3810,26.858825,7.015000,142.551675
3811,26.865616,6.791000,147.253718
3812,26.872293,6.677000,149.767860
3813,26.879555,7.262000,137.703112
3814,26.886405,6.850000,145.985401
3815,26.893204,6.799000,147.080453
3816,26.900142,6.938000,144.133756
3817,26.907023,6.881000,145.327714
3818,26.913896,6.873000,145.496872
3819,26.920857,6.961000,143.657520
3820,26.927730,6.873000,145.496872
3821,26.934666,6.936000,144.175317
3822,26.941560,6.894000,145.053670
3823,26.948432,6.872000,145.518044
3824,26.955327,6.895000,145.032632
3825,26.962222,6.895000,145.032632
3826,26.969109,6.887000,145.201104
3827,26.976027,6.918000,144.550448
3828,26.982933,6.906000,144.801622
3829,26.989842,6.909000,144.738747
3830,26.996521,6.679000,149.723012
3831,27.003677,7.156000,139.742873
3832,27.010542,6.865000,145.666424
3833,27.017391,6.849000,146.006716
3834,27.024356,6.965000,143.575018
3835,27.031239,6.883000,145.285486
3836,27.038093,6.854000,145.900204
3837,27.045009,6.916000,144.592250
3838,27.051966,6.957000,143.740118
3839,27.058796,6.830000,146.412884
3840,27.065722,6.926000,144.383483
3841,27.072202,6.480000,154.320988
3842,27.079362,7.160000,139.664804
3843,27.086437,7.075000,141.342756
3844,27.093284,6.847000,146.049365
3845,27.100195,6.911000,144.696860
3846,27.107106,6.911000,144.696860
3847,27.113837,6.731000,148.566335
3848,27.120919,7.082000,141.203050
3849,27.127784,6.865000,145.666424
3850,27.134693,6.909000,144.738747
3851,27.141598,6.905000,144.822592
3852,27.148497,6.899000,144.948543
3853,27.155394,6.897000,144.990576
3854,27.162297,6.903000,144.864552
3855,27.169218,6.921000,144.487791
3856,27.176133,6.915000,144.613160
3857,27.182991,6.858000,145.815106
3858,27.189939,6.948000,143.926310
3859,27.196826,6.887000,145.201104
3860,27.203731,6.905000,144.822592
3861,27.210438,6.707000,149.097957
3862,27.217522,7.084000,141.163185
3863,27.224442,6.920000,144.508671
3864,27.231301,6.859000,145.793847
3865,27.238209,6.908000,144.759699
3866,27.245102,6.893000,145.074713
3867,27.252027,6.925000,144.404332
3868,27.258913,6.886000,145.222190
3869,27.265890,6.977000,143.328078
3870,27.272748,6.858000,145.815106
3871,27.279733,6.985000,143.163923
3872,27.286607,6.874000,145.475706
3873,27.292740,6.133000,163.052340
3874,27.300438,7.698000,129.903871
3875,27.307353,6.915000,144.613160
3876,27.314225,6.872000,145.518044
3877,27.321090,6.865000,145.666424
3878,27.327984,6.894000,145.053670
3879,27.334891,6.907000,144.780657
3880,27.341770,6.879000,145.369967
3881,27.348600,6.830000,146.412884
3882,27.355537,6.937000,144.154534
3883,27.362462,6.925000,144.404332
3884,27.369357,6.895000,145.032632
3885,27.376204,6.847000,146.049365
3886,27.383104,6.900000,144.927536
3887,27.390115,7.011000,142.633005
3888,27.397008,6.893000,145.074713
3889,27.403347,6.339000,157.753589
3890,27.410853,7.506000,133.226752
3891,27.417622,6.769000,147.732309
3892,27.424584,6.962000,143.636886
3893,27.430873,6.289000,159.007791
3894,27.438518,7.645000,130.804447
3895,27.445189,6.671000,149.902563
3896,27.452269,7.080000,141.242938
3897,27.459045,6.776000,147.579693
3898,27.465999,6.954000,143.802128
3899,27.472915,6.916000,144.592250
3900,27.479420,6.505000,153.727902
3901,27.486702,7.282000,137.324911
3902,27.493513,6.811000,146.821318
3903,27.500416,6.903000,144.864552
3904,27.507479,7.063000,141.582897
3905,27.514204,6.725000,148.698885
3906,27.521327,7.123000,140.390285
3907,27.528043,6.716000,148.898154
3908,27.534911,6.868000,145.602796
3909,27.541841,6.930000,144.300144
3910,27.548859,7.018000,142.490738
3911,27.555632,6.773000,147.645061
3912,27.562661,7.029000,142.267748
3913,27.569455,6.794000,147.188696
3914,27.576321,6.866000,145.645208
3915,27.583342,7.021000,142.429853
3916,27.590130,6.788000,147.318798
3917,27.597026,6.896000,145.011601
3918,27.603919,6.893000,145.074713
3919,27.610835,6.916000,144.592250
3920,27.617858,7.023000,142.389292
3921,27.624187,6.329000,158.002844
3922,27.631580,7.393000,135.263087
3923,27.638596,7.016000,142.531357
3924,27.645300,6.704000,149.164678
3925,27.652368,7.068000,141.482739
3926,27.659200,6.832000,146.370023
3927,27.665873,6.673000,149.857635
3928,27.672724,6.851000,145.964093
3929,27.679847,7.123000,140.390285
3930,27.686805,6.958000,143.719460
3931,27.693604,6.799000,147.080453
3932,27.700540,6.936000,144.175317
3933,27.707421,6.881000,145.327714
3934,27.714289,6.868000,145.602796
3935,27.721207,6.918000,144.550448
3936,27.728108,6.901000,144.906535
3937,27.735028,6.920000,144.508671
3938,27.741930,6.902000,144.885540
3939,27.748820,6.890000,145.137881
3940,27.755729,6.909000,144.738747
3941,27.762614,6.885000,145.243282
3942,27.769563,6.949000,143.905598
3943,27.776385,6.822000,146.584579
3944,27.783305,6.920000,144.508671
3945,27.790281,6.976000,143.348624
3946,27.797090,6.809000,146.864444
3947,27.804012,6.922000,144.466917
3948,27.810929,6.917000,144.571346
3949,27.817824,6.895000,145.032632
3950,27.824742,6.918000,144.550448
3951,27.831617,6.875000,145.454545
3952,27.838569,6.952000,143.843498
3953,27.845383,6.814000,146.756677
3954,27.852323,6.940000,144.092219
3955,27.858870,6.547000,152.741714
3956,27.866130,7.260000,137.741047
3957,27.873056,6.926000,144.383483
3958,27.879242,6.186000,161.655351
3959,27.886889,7.647000,130.770237
3960,27.893681,6.792000,147.232038
3961,27.900595,6.914000,144.634076
3962,27.907512,6.917000,144.571346
3963,27.914386,6.874000,145.475706
3964,27.921295,6.909000,144.738747
3965,27.928189,6.894000,145.053670
3966,27.935096,6.907000,144.780657
3967,27.941998,6.902000,144.885540
3968,27.948888,6.890000,145.137881
3969,27.955792,6.904000,144.843569
3970,27.962717,6.925000,144.404332
3971,27.969643,6.926000,144.383483
3972,27.976523,6.880000,145.348837
3973,27.983391,6.868000,145.602796
3974,27.990312,6.921000,144.487791
3975,27.997224,6.912000,144.675926
3976,28.004108,6.884000,145.264381
3977,28.011023,6.915000,144.613160
3978,28.017896,6.873000,145.496872
3979,28.024938,7.042000,142.005112
3980,28.031700,6.762000,147.885241
3981,28.038744,7.044000,141.964793
3982,28.045425,6.681000,149.678192
3983,28.052481,7.056000,141.723356
3984,28.058709,6.228000,160.565189
3985,28.066106,7.397000,135.189942
3986,28.072568,6.462000,154.750851
3987,28.079976,7.408000,134.989201
3988,28.087034,7.058000,141.683196
3989,28.093363,6.329000,158.002844
3990,28.100849,7.486000,133.582688
3991,28.107701,6.852000,145.942790
3992,28.114584,6.883000,145.285486
3993,28.121551,6.967000,143.533802
3994,28.128380,6.829000,146.434324
3995,28.135391,7.011000,142.633005
3996,28.141739,6.348000,157.529931
3997,28.149193,7.454000,134.156158
3998,28.155824,6.631000,150.806816
3999,28.162872,7.048000,141.884222
4000,28.169649,6.777000,147.557916
4001,28.175991,6.342000,157.678966
4002,28.183615,7.624000,131.164743
4003,28.189943,6.328000,158.027813
4004,28.197453,7.510000,133.155792
4005,28.204257,6.804000,146.972369
4006,28.210553,6.296000,158.831004
4007,28.217949,7.396000,135.208221
4008,28.224924,6.975000,143.369176
4009,28.231851,6.927000,144.362639
4010,28.238786,6.935000,144.196107
4011,28.245484,6.698000,149.298298
4012,28.252217,6.733000,148.522204
4013,28.259524,7.307000,136.855070
4014,28.265827,6.303000,158.654609
4015,28.273358,7.531000,132.784491
4016,28.279935,6.577000,152.045005
4017,28.287111,7.176000,139.353400
4018,28.293955,6.844000,146.113384
4019,28.300887,6.932000,144.258511
4020,28.307848,6.961000,143.657520
4021,28.314682,6.834000,146.327188
4022,28.321657,6.975000,143.369176
4023,28.328486,6.829000,146.434324
4024,28.334717,6.231000,160.487883
4025,28.342438,7.721000,129.516902
4026,28.349083,6.645000,150.489090
4027,28.356146,7.063000,141.582897
4028,28.362413,6.267000,159.565981
4029,28.369999,7.586000,131.821777
4030,28.376794,6.795000,147.167035
4031,28.383693,6.899000,144.948543
4032,28.390691,6.998000,142.897971
4033,28.397475,6.784000,147.405660
4034,28.404259,6.784000,147.405660
4035,28.411287,7.028000,142.287991
4036,28.418141,6.854000,145.900204
4037,28.425067,6.926000,144.383483
4038,28.431938,6.871000,145.539223
4039,28.438657,6.719000,148.831671
4040,28.445792,7.135000,140.154170
4041,28.452219,6.427000,155.593590
4042,28.459634,7.415000,134.861767
4043,28.466055,6.421000,155.738981
4044,28.473498,7.443000,134.354427
4045,28.480278,6.780000,147.492625
4046,28.487095,6.817000,146.692093
4047,28.494041,6.946000,143.967751
4048,28.500909,6.868000,145.602796
4049,28.507821,6.912000,144.675926
4050,28.514691,6.870000,145.560408
4051,28.521597,6.906000,144.801622
4052,28.528516,6.919000,144.529556
4053,28.535410,6.894000,145.053670
4054,28.542321,6.911000,144.696860
4055,28.549209,6.888000,145.180023
4056,28.556120,6.911000,144.696860
4057,28.563014,6.894000,145.053670
4058,28.569905,6.891000,145.116819
4059,28.576791,6.886000,145.222190
4060,28.583692,6.901000,144.906535
4061,28.590635,6.943000,144.029958
4062,28.597485,6.850000,145.985401
4063,28.604421,6.936000,144.175317
4064,28.611323,6.902000,144.885540
4065,28.618186,6.863000,145.708874
4066,28.625102,6.916000,144.592250
4067,28.632010,6.908000,144.759699
4068,28.638943,6.933000,144.237704
4069,28.645801,6.858000,145.815106
4070,28.652695,6.894000,145.053670
4071,28.659600,6.905000,144.822592
4072,28.666488,6.888000,145.180023
4073,28.673403,6.915000,144.613160
4074,28.680292,6.889000,145.158949
4075,28.687196,6.904000,144.843569
4076,28.694095,6.899000,144.948543
4077,28.700986,6.891000,145.116819
4078,28.707897,6.911000,144.696860
4079,28.714787,6.890000,145.137881
4080,28.721690,6.903000,144.864552
4081,28.728586,6.896000,145.011601
4082,28.735494,6.908000,144.759699
4083,28.742398,6.904000,144.843569
4084,28.749286,6.888000,145.180023
4085,28.756191,6.905000,144.822592
4086,28.763117,6.926000,144.383483
4087,28.770041,6.924000,144.425188
4088,28.776894,6.853000,145.921494
4089,28.783243,6.349000,157.505119
4090,28.790794,7.551000,132.432790
4091,28.797701,6.907000,144.780657
4092,28.804564,6.863000,145.708874
4093,28.811519,6.955000,143.781452
4094,28.818356,6.837000,146.262981
4095,28.825272,6.916000,144.592250
4096,28.831615,6.343000,157.654107
4097,28.838966,7.351000,136.035913
4098,28.845950,6.984000,143.184422
4099,28.852619,6.669000,149.947518
4100,28.859919,7.300000,136.986301
4101,28.866956,7.037000,142.106011
4102,28.873579,6.623000,150.988978
4103,28.880487,6.908000,144.759699
4104,28.887417,6.930000,144.300144
4105,28.894358,6.941000,144.071459
4106,28.901175,6.817000,146.692093
4107,28.908133,6.958000,143.719460
4108,28.915054,6.921000,144.487791
4109,28.922035,6.981000,143.245953
4110,28.928861,6.826000,146.498682
4111,28.935153,6.292000,158.931977
4112,28.942792,7.639000,130.907187
4113,28.949503,6.711000,149.009090
4114,28.956215,6.712000,148.986889
4115,28.963407,7.192000,139.043382
4116,28.970244,6.837000,146.262981
4117,28.977157,6.913000,144.654998
4118,28.984304,7.147000,139.918847
4119,28.990998,6.694000,149.387511
4120,28.997796,6.798000,147.102089
4121,29.004788,6.992000,143.020595
4122,29.011332,6.544000,152.811736
4123,29.018554,7.222000,138.465799
4124,29.025571,7.017000,142.511045
4125,29.032336,6.765000,147.819660
4126,29.038616,6.280000,159.235669
4127,29.046218,7.602000,131.544330
4128,29.052729,6.511000,153.586239
4129,29.060022,7.293000,137.117784
4130,29.066899,6.877000,145.412244
4131,29.073820,6.921000,144.487791
4132,29.080610,6.790000,147.275405
4133,29.087605,6.995000,142.959257
4134,29.094517,6.912000,144.675926
4135,29.101333,6.816000,146.713615
4136,29.108287,6.954000,143.802128
4137,29.115189,6.902000,144.885540
4138,29.122042,6.853000,145.921494
4139,29.128980,6.938000,144.133756
4140,29.135748,6.768000,147.754137
4141,29.142749,7.001000,142.836738
4142,29.149601,6.852000,145.942790
4143,29.156586,6.985000,143.163923
4144,29.163479,6.893000,145.074713
4145,29.169683,6.204000,161.186331
4146,29.177289,7.606000,131.475151
4147,29.184119,6.830000,146.412884
4148,29.191033,6.914000,144.634076
4149,29.198010,6.977000,143.328078
4150,29.204887,6.877000,145.412244
4151,29.211731,6.844000,146.113384
4152,29.218638,6.907000,144.780657
4153,29.225584,6.946000,143.967751
4154,29.232439,6.855000,145.878920
4155,29.238716,6.277000,159.311773
4156,29.246312,7.596000,131.648236
4157,29.252580,6.268000,159.540523
4158,29.260092,7.512000,133.120341
4159,29.266834,6.742000,148.323939
4160,29.273905,7.071000,141.422712
4161,29.280044,6.139000,162.892979
4162,29.287083,7.039000,142.065634
4163,29.294498,7.415000,134.861767
4164,29.301338,6.840000,146.198830
4165,29.308260,6.922000,144.466917
4166,29.315103,6.843000,146.134736
4167,29.322090,6.987000,143.122943
4168,29.328935,6.845000,146.092038
4169,29.335903,6.968000,143.513203
4170,29.342756,6.853000,145.921494
4171,29.349639,6.883000,145.285486
4172,29.356592,6.953000,143.822810
4173,29.363454,6.862000,145.730108
4174,29.370366,6.912000,144.675926
4175,29.377048,6.682000,149.655792
4176,29.384143,7.095000,140.944327
4177,29.391064,6.921000,144.487791
4178,29.397952,6.888000,145.180023
4179,29.404895,6.943000,144.029958
4180,29.411727,6.832000,146.370023
4181,29.418623,6.896000,145.011601
4182,29.425583,6.960000,143.678161
4183,29.432457,6.874000,145.475706
4184,29.439349,6.892000,145.095763
4185,29.446253,6.904000,144.843569
4186,29.453275,7.022000,142.409570
4187,29.460084,6.809000,146.864444
4188,29.467009,6.925000,144.404332
4189,29.473952,6.943000,144.029958
4190,29.480806,6.854000,145.900204
4191,29.487704,6.898000,144.969556
4192,29.494571,6.867000,145.623999
4193,29.501497,6.926000,144.383483
4194,29.508379,6.882000,145.306597
4195,29.515299,6.920000,144.508671
4196,29.522194,6.895000,145.032632
4197,29.529054,6.860000,145.772595
4198,29.535974,6.920000,144.508671
4199,29.542597,6.623000,150.988978
4200,29.549784,7.187000,139.140114
4201,29.556667,6.883000,145.285486
4202,29.563610,6.943000,144.029958
4203,29.570486,6.876000,145.433392
4204,29.577359,6.873000,145.496872
4205,29.584268,6.909000,144.738747
4206,29.590781,6.513000,153.539076
4207,29.598119,7.338000,136.276915
4208,29.604717,6.598000,151.561079
4209,29.612011,7.294000,137.098985
4210,29.618745,6.734000,148.500149
4211,29.625786,7.041000,142.025280
4212,29.632512,6.726000,148.676777
4213,29.639098,6.586000,151.837230
4214,29.646377,7.279000,137.381508
4215,29.652579,6.202000,161.238310
4216,29.660254,7.675000,130.293160
4217,29.666998,6.744000,148.279953
4218,29.673945,6.947000,143.947027
4219,29.680838,6.893000,145.074713
4220,29.687764,6.926000,144.383483
4221,29.694631,6.867000,145.623999
4222,29.701499,6.868000,145.602796
4223,29.708474,6.975000,143.369176
4224,29.715328,6.854000,145.900204
4225,29.722241,6.913000,144.654998
4226,29.729213,6.972000,143.430866
4227,29.736118,6.905000,144.822592
4228,29.743010,6.892000,145.095763
4229,29.749855,6.845000,146.092038
4230,29.756286,6.431000,155.496812
4231,29.763732,7.446000,134.300295
4232,29.770009,6.277000,159.311773
4233,29.777525,7.516000,133.049494
4234,29.784359,6.834000,146.327188
4235,29.791311,6.952000,143.843498
4236,29.798179,6.868000,145.602796
4237,29.805151,6.972000,143.430866
4238,29.811997,6.846000,146.070698
4239,29.818837,6.840000,146.198830
4240,29.825852,7.015000,142.551675
4241,29.832655,6.803000,146.993973
4242,29.839116,6.461000,154.774803
4243,29.846610,7.494000,133.440085
4244,29.853486,6.876000,145.433392
4245,29.860336,6.850000,145.985401
4246,29.867293,6.957000,143.740118
4247,29.874152,6.859000,145.793847
4248,29.881162,7.010000,142.653352
4249,29.888034,6.872000,145.518044
4250,29.894844,6.810000,146.842878
4251,29.901665,6.821000,146.606069
4252,29.908632,6.967000,143.533802
4253,29.915291,6.659000,150.172699
4254,29.922541,7.250000,137.931034
4255,29.929347,6.806000,146.929180
4256,29.936438,7.091000,141.023833
4257,29.942784,6.346000,157.579578
4258,29.949532,6.748000,148.192057
4259,29.956244,6.712000,148.986889
4260,29.963836,7.592000,131.717597
4261,29.970742,6.906000,144.801622
4262,29.977602,6.860000,145.772595
4263,29.984536,6.934000,144.216902
4264,29.991620,7.084000,141.163185
4265,29.998299,6.679000,149.723012
4266,30.004579,6.280000,159.235669
4267,30.012359,7.780000,128.534704
4268,30.018944,6.585000,151.860289
4269,30.025912,6.968000,143.513203
4270,30.032769,6.857000,145.836372
4271,30.039144,6.375000,156.862745
4272,30.046620,7.476000,133.761370
4273,30.052834,6.214000,160.926939
4274,30.060593,7.759000,128.882588
4275,30.067372,6.779000,147.514383
4276,30.073711,6.339000,157.753589
4277,30.081118,7.407000,135.007425
4278,30.087966,6.848000,146.028037
4279,30.094881,6.915000,144.613160
4280,30.101762,6.881000,145.327714
4281,30.108679,6.917000,144.571346
4282,30.115584,6.905000,144.822592
4283,30.121886,6.302000,158.679784
4284,30.129443,7.557000,132.327643
4285,30.135853,6.410000,156.006240
4286,30.143184,7.331000,136.407039
4287,30.150020,6.836000,146.284377
4288,30.156965,6.945000,143.988481
4289,30.163837,6.872000,145.518044
4290,30.170743,6.906000,144.801622
4291,30.177413,6.670000,149.925037
4292,30.184549,7.136000,140.134529
4293,30.191446,6.897000,144.990576
4294,30.198335,6.889000,145.158949
4295,30.205239,6.904000,144.843569
4296,30.212119,6.880000,145.348837
4297,30.219040,6.921000,144.487791
4298,30.225263,6.223000,160.694199
4299,30.232918,7.655000,130.633573
4300,30.239732,6.814000,146.756677
4301,30.246629,6.897000,144.990576
4302,30.253548,6.919000,144.529556
4303,30.260415,6.867000,145.623999
4304,30.267337,6.922000,144.466917
4305,30.274257,6.920000,144.508671
4306,30.281116,6.859000,145.793847
4307,30.288048,6.932000,144.258511
4308,30.294932,6.884000,145.264381
4309,30.301830,6.898000,144.969556
4310,30.308734,6.904000,144.843569
4311,30.315621,6.887000,145.201104
4312,30.322543,6.922000,144.466917
4313,30.329421,6.878000,145.391102
4314,30.336354,6.933000,144.237704
4315,30.343216,6.862000,145.730108
4316,30.349519,6.303000,158.654609
4317,30.357110,7.591000,131.734949
4318,30.363803,6.693000,149.409831
4319,30.370863,7.060000,141.643059
4320,30.377707,6.844000,146.113384
4321,30.384621,6.914000,144.634076
4322,30.391555,6.934000,144.216902
4323,30.398427,6.872000,145.518044
4324,30.405263,6.836000,146.284377
4325,30.412281,7.018000,142.490738
4326,30.419068,6.787000,147.340504
4327,30.426046,6.978000,143.307538
4328,30.432925,6.879000,145.369967
4329,30.439849,6.924000,144.425188
4330,30.446739,6.890000,145.137881
4331,30.453661,6.922000,144.466917
4332,30.460525,6.864000,145.687646
4333,30.467419,6.894000,145.053670
4334,30.474335,6.916000,144.592250
4335,30.481227,6.892000,145.095763
4336,30.488140,6.913000,144.654998
4337,30.495025,6.885000,145.243282
4338,30.501940,6.915000,144.613160
4339,30.508833,6.893000,145.074713
4340,30.515163,6.330000,157.977883
4341,30.522703,7.540000,132.625995
4342,30.529506,6.803000,146.993973
4343,30.536455,6.949000,143.905598
4344,30.543334,6.879000,145.369967
4345,30.549494,6.160000,162.337662
4346,30.557247,7.753000,128.982329
4347,30.564014,6.767000,147.775972
4348,30.570947,6.933000,144.237704
4349,30.577829,6.882000,145.306597
4350,30.584430,6.601000,151.492198
4351,30.591699,7.269000,137.570505
4352,30.598563,6.864000,145.687646
4353,30.605476,6.913000,144.654998
4354,30.611625,6.149000,162.628070
4355,30.619333,7.708000,129.735340
4356,30.625521,6.188000,161.603103
4357,30.633094,7.573000,132.048065
4358,30.639945,6.851000,145.964093
4359,30.646826,6.881000,145.327714
4360,30.653745,6.919000,144.529556
4361,30.660149,6.404000,156.152405
4362,30.667558,7.409000,134.970981
4363,30.674478,6.920000,144.508671
4364,30.681336,6.858000,145.815106
4365,30.688242,6.906000,144.801622
4366,30.695136,6.894000,145.053670
4367,30.702040,6.904000,144.843569
4368,30.708966,6.926000,144.383483
4369,30.715832,6.866000,145.645208
4370,30.722735,6.903000,144.864552
4371,30.729626,6.891000,145.116819
4372,30.736564,6.938000,144.133756
4373,30.743411,6.847000,146.049365
4374,30.750319,6.908000,144.759699
4375,30.756568,6.249000,160.025604
4376,30.764220,7.652000,130.684788
4377,30.771041,6.821000,146.606069
4378,30.777989,6.948000,143.926310
4379,30.784841,6.852000,145.942790
4380,30.791749,6.908000,144.759699
4381,30.798635,6.886000,145.222190
4382,30.805549,6.914000,144.634076
4383,30.812433,6.884000,145.264381
4384,30.819354,6.921000,144.487791
4385,30.825520,6.166000,162.179695
4386,30.833220,7.700000,129.870130
4387,30.840034,6.814000,146.756677
4388,30.846940,6.906000,144.801622
4389,30.853320,6.380000,156.739812
4390,30.860759,7.439000,134.426670
4391,30.867625,6.866000,145.645208
4392,30.874596,6.971000,143.451442
4393,30.881382,6.786000,147.362216
4394,30.888353,6.971000,143.451442
4395,30.895239,6.886000,145.222190
4396,30.902124,6.885000,145.243282
4397,30.909041,6.917000,144.571346
4398,30.915943,6.902000,144.885540
4399,30.922798,6.855000,145.878920
4400,30.929738,6.940000,144.092219
4401,30.936645,6.907000,144.780657
4402,30.943519,6.874000,145.475706
4403,30.950417,6.898000,144.969556
4404,30.957349,6.932000,144.258511
4405,30.964224,6.875000,145.454545
4406,30.971136,6.912000,144.675926
4407,30.977785,6.649000,150.398556
4408,30.984954,7.169000,139.489469
4409,30.991848,6.894000,145.053670
4410,30.998726,6.878000,145.391102
4411,31.005637,6.911000,144.696860
4412,31.012526,6.889000,145.158949
4413,31.019439,6.913000,144.654998
4414,31.026320,6.881000,145.327714
4415,31.033234,6.914000,144.634076
4416,31.040137,6.903000,144.864552
4417,31.047023,6.886000,145.222190
4418,31.053942,6.919000,144.529556
4419,31.060838,6.896000,145.011601
4420,31.067723,6.885000,145.243282
4421,31.074139,6.416000,155.860349
4422,31.081591,7.452000,134.192163
4423,31.088431,6.840000,146.198830
4424,31.095321,6.890000,145.137881
4425,31.101683,6.362000,157.183276
4426,31.109218,7.535000,132.714001
4427,31.116012,6.794000,147.188696
4428,31.122583,6.571000,152.183838
4429,31.129865,7.282000,137.324911
4430,31.136731,6.866000,145.645208
4431,31.143603,6.872000,145.518044
4432,31.150514,6.911000,144.696860
4433,31.157427,6.913000,144.654998
4434,31.164317,6.890000,145.137881
4435,31.171276,6.959000,143.698807
4436,31.177676,6.400000,156.250000
4437,31.185073,7.397000,135.189942
4438,31.191928,6.855000,145.878920
4439,31.198769,6.841000,146.177459
4440,31.205742,6.973000,143.410297
4441,31.212602,6.860000,145.772595
4442,31.219522,6.920000,144.508671
4443,31.226418,6.896000,145.011601
4444,31.233314,6.896000,145.011601
4445,31.240238,6.924000,144.425188
4446,31.247105,6.867000,145.623999
4447,31.254075,6.970000,143.472023
4448,31.260901,6.826000,146.498682
4449,31.267801,6.900000,144.927536
4450,31.274880,7.079000,141.262890
4451,31.281654,6.774000,147.623265
4452,31.288423,6.769000,147.732309
4453,31.295356,6.933000,144.237704
4454,31.302473,7.117000,140.508641
4455,31.308863,6.390000,156.494523
4456,31.316286,7.423000,134.716422
4457,31.323050,6.764000,147.841514
4458,31.330048,6.998000,142.897971
4459,31.337061,7.013000,142.592329
4460,31.343492,6.431000,155.496812
4461,31.350720,7.228000,138.350858
4462,31.357702,6.982000,143.225437
4463,31.364027,6.325000,158.102767
4464,31.371459,7.432000,134.553283
4465,31.378255,6.796000,147.145380
4466,31.385168,6.913000,144.654998
4467,31.392152,6.984000,143.184422
4468,31.398998,6.846000,146.070698
4469,31.405894,6.896000,145.011601
4470,31.412528,6.634000,150.738619
4471,31.419112,6.584000,151.883354
4472,31.426503,7.391000,135.299689
4473,31.433529,7.026000,142.328494
4474,31.440414,6.885000,145.243282
4475,31.447267,6.853000,145.921494
4476,31.454061,6.794000,147.188696
4477,31.461052,6.991000,143.041053
4478,31.467931,6.879000,145.369967
4479,31.474867,6.936000,144.175317
4480,31.481783,6.916000,144.592250
4481,31.488695,6.912000,144.675926
4482,31.495556,6.861000,145.751348
4483,31.502471,6.915000,144.613160
4484,31.509397,6.926000,144.383483
4485,31.515550,6.153000,162.522347
4486,31.523338,7.788000,128.402671
4487,31.530039,6.701000,149.231458
4488,31.536986,6.947000,143.947027
4489,31.543856,6.870000,145.560408
4490,31.550807,6.951000,143.864192
4491,31.557675,6.868000,145.602796
4492,31.564556,6.881000,145.327714
4493,31.571292,6.736000,148.456057
4494,31.578243,6.951000,143.864192
4495,31.585264,7.021000,142.429853
4496,31.592186,6.922000,144.466917
4497,31.599080,6.894000,145.053670
4498,31.606018,6.938000,144.133756
4499,31.612833,6.815000,146.735143
4500,31.619798,6.965000,143.575018
4501,31.626646,6.848000,146.028037
4502,31.633531,6.885000,145.243282
4503,31.640489,6.958000,143.719460
4504,31.647223,6.734000,148.500149
4505,31.654261,7.038000,142.085820
4506,31.660390,6.129000,163.158753
4507,31.668131,7.741000,129.182276
4508,31.674943,6.812000,146.799765
4509,31.681842,6.899000,144.948543
4510,31.688757,6.915000,144.613160
4511,31.695615,6.858000,145.815106
4512,31.702544,6.929000,144.320970
4513,31.709427,6.883000,145.285486
4514,31.716328,6.901000,144.906535
4515,31.723253,6.925000,144.404332
4516,31.730116,6.863000,145.708874
4517,31.737039,6.923000,144.446049
4518,31.743922,6.883000,145.285486
4519,31.750824,6.902000,144.885540
4520,31.757745,6.921000,144.487791
4521,31.764630,6.885000,145.243282
4522,31.771553,6.923000,144.446049
4523,31.778184,6.631000,150.806816
4524,31.785338,7.154000,139.781940
4525,31.792215,6.877000,145.412244
4526,31.799116,6.901000,144.906535
4527,31.806030,6.914000,144.634076
4528,31.812899,6.869000,145.581598
4529,31.819816,6.917000,144.571346
4530,31.826702,6.886000,145.222190
4531,31.833638,6.936000,144.175317
4532,31.840327,6.689000,149.499178
4533,31.847430,7.103000,140.785584
4534,31.854311,6.881000,145.327714
4535,31.861215,6.904000,144.843569
4536,31.868126,6.911000,144.696860
4537,31.875024,6.898000,144.969556
4538,31.881891,6.867000,145.623999
4539,31.888805,6.914000,144.634076
4540,31.895718,6.913000,144.654998
4541,31.902615,6.897000,144.990576
4542,31.909510,6.895000,145.032632
4543,31.916398,6.888000,145.180023
4544,31.923311,6.913000,144.654998
4545,31.929482,6.171000,162.048290
4546,31.936744,7.262000,137.703112
4547,31.944088,7.344000,136.165577
4548,31.950633,6.545000,152.788388
4549,31.957789,7.156000,139.742873
4550,31.964733,6.944000,144.009217
4551,31.971640,6.907000,144.780657
4552,31.978512,6.872000,145.518044
4553,31.985323,6.811000,146.821318
4554,31.992381,7.058000,141.683196
4555,31.998634,6.253000,159.923237
4556,32.006212,7.578000,131.960940
4557,32.013024,6.812000,146.799765
4558,32.019918,6.894000,145.053670
4559,32.026811,6.893000,145.074713
4560,32.033723,6.912000,144.675926
4561,32.040673,6.950000,143.884892
4562,32.047568,6.895000,145.032632
4563,32.054449,6.881000,145.327714
4564,32.061312,6.863000,145.708874
4565,32.068205,6.893000,145.074713
4566,32.075195,6.990000,143.061516
4567,32.081732,6.537000,152.975371
4568,32.088518,6.786000,147.362216
4569,32.095973,7.455000,134.138162
4570,32.102948,6.975000,143.369176
4571,32.109404,6.456000,154.894672
4572,32.116661,7.257000,137.797988
4573,32.123531,6.870000,145.560408
4574,32.130451,6.920000,144.508671
4575,32.137393,6.942000,144.050706
4576,32.144202,6.809000,146.864444
4577,32.150804,6.602000,151.469252
4578,32.158083,7.279000,137.381508
4579,32.164905,6.822000,146.584579
4580,32.171558,6.653000,150.308132
4581,32.178185,6.627000,150.897842
4582,32.185436,7.251000,137.912012
4583,32.192625,7.189000,139.101405
4584,32.199464,6.839000,146.220208
4585,32.206393,6.929000,144.320970
4586,32.213246,6.853000,145.921494
4587,32.220195,6.949000,143.905598
4588,32.227131,6.936000,144.175317
4589,32.233935,6.804000,146.972369
4590,32.240894,6.959000,143.698807
4591,32.247740,6.846000,146.070698
4592,32.254649,6.909000,144.738747
4593,32.261006,6.357000,157.306906
4594,32.268670,7.664000,130.480167
4595,32.275487,6.817000,146.692093
4596,32.282251,6.764000,147.841514
4597,32.289199,6.948000,143.926310
4598,32.296040,6.841000,146.177459
4599,32.303048,7.008000,142.694064
4600,32.309823,6.775000,147.601476
4601,32.316823,7.000000,142.857143
4602,32.323669,6.846000,146.070698
4603,32.330528,6.859000,145.793847
4604,32.337588,7.060000,141.643059
4605,32.343691,6.103000,163.853842
4606,32.351322,7.631000,131.044424
4607,32.358192,6.870000,145.560408
4608,32.364384,6.192000,161.498708
4609,32.372205,7.821000,127.860887
4610,32.378749,6.544000,152.811736
4611,32.385735,6.986000,143.143430
4612,32.392283,6.548000,152.718387
4613,32.399542,7.259000,137.760022
4614,32.406342,6.800000,147.058824
4615,32.413267,6.925000,144.404332
4616,32.420195,6.928000,144.341801
4617,32.427060,6.865000,145.666424
4618,32.434029,6.969000,143.492610
4619,32.440888,6.859000,145.793847
4620,32.447797,6.909000,144.738747
4621,32.454117,6.320000,158.227848
4622,32.461614,7.497000,133.386688
4623,32.468433,6.819000,146.649069
4624,32.475348,6.915000,144.613160
4625,32.482241,6.893000,145.074713
4626,32.489160,6.919000,144.529556
4627,32.495563,6.403000,156.176792
4628,32.502235,6.672000,149.880096
4629,32.509936,7.701000,129.853266
4630,32.516554,6.618000,151.103052
4631,32.523668,7.114000,140.567894
4632,32.530534,6.866000,145.645208
4633,32.537452,6.918000,144.550448
4634,32.544326,6.874000,145.475706
4635,32.551233,6.907000,144.780657
4636,32.558153,6.920000,144.508671
4637,32.565027,6.874000,145.475706
4638,32.571733,6.706000,149.120191
4639,32.578853,7.120000,140.449438
4640,32.585727,6.874000,145.475706
4641,32.592636,6.909000,144.738747
4642,32.599583,6.947000,143.947027
4643,32.606440,6.857000,145.836372
4644,32.613318,6.878000,145.391102
4645,32.620225,6.907000,144.780657
4646,32.626700,6.475000,154.440154
4647,32.633899,7.199000,138.908182
4648,32.640594,6.695000,149.365198
4649,32.647887,7.293000,137.117784
4650,32.654703,6.816000,146.713615
4651,32.661615,6.912000,144.675926
4652,32.668526,6.911000,144.696860
4653,32.675019,6.493000,154.012013
4654,32.682376,7.357000,135.924969
4655,32.689068,6.692000,149.432158
4656,32.695988,6.920000,144.508671
4657,32.703057,7.069000,141.462725
4658,32.709915,6.858000,145.815106
4659,32.716803,6.888000,145.180023
4660,32.723805,7.002000,142.816338
4661,32.730628,6.823000,146.563095
4662,32.737554,6.926000,144.383483
4663,32.744437,6.883000,145.285486
4664,32.751319,6.882000,145.306597
4665,32.758258,6.939000,144.112985
4666,32.765128,6.870000,145.560408
4667,32.772082,6.954000,143.802128
4668,32.778930,6.848000,146.028037
4669,32.785848,6.918000,144.550448
4670,32.792763,6.915000,144.613160
4671,32.799637,6.874000,145.475706
4672,32.806650,7.013000,142.592329
4673,32.813362,6.712000,148.986889
4674,32.819680,6.318000,158.277936
4675,32.827360,7.680000,130.208333
4676,32.834174,6.814000,146.756677
4677,32.840401,6.227000,160.590975
4678,32.847421,7.020000,142.450142
4679,32.854969,7.548000,132.485427
4680,32.861752,6.783000,147.427392
4681,32.868570,6.818000,146.670578
4682,32.875607,7.037000,142.106011
4683,32.882425,6.818000,146.670578
4684,32.889430,7.005000,142.755175
4685,32.896254,6.824000,146.541618
4686,32.903244,6.990000,143.061516
4687,32.910088,6.844000,146.113384
4688,32.916953,6.865000,145.666424
4689,32.923935,6.982000,143.225437
4690,32.930669,6.734000,148.500149
4691,32.937683,7.014000,142.571999
4692,32.944317,6.634000,150.738619
4693,32.951605,7.288000,137.211855
4694,32.958466,6.861000,145.751348
4695,32.965278,6.812000,146.799765
4696,32.971988,6.710000,149.031297
4697,32.978821,6.833000,146.348602
4698,32.985872,7.051000,141.823855
4699,32.992909,7.037000,142.106011
4700,32.999750,6.841000,146.177459
4701,33.006687,6.937000,144.154534
4702,33.013626,6.939000,144.112985
4703,33.020549,6.923000,144.446049
4704,33.027457,6.908000,144.759699
4705,33.034306,6.849000,146.006716
4706,33.041102,6.796000,147.145380
4707,33.048107,7.005000,142.755175
4708,33.055051,6.944000,144.009217
4709,33.061853,6.802000,147.015584
4710,33.068824,6.971000,143.451442
4711,33.075671,6.847000,146.049365
4712,33.082562,6.891000,145.116819
4713,33.089492,6.930000,144.300144
4714,33.096358,6.866000,145.645208
4715,33.103276,6.918000,144.550448
4716,33.110177,6.901000,144.906535
4717,33.116606,6.429000,155.545186
4718,33.124029,7.423000,134.716422
4719,33.130833,6.804000,146.972369
4720,33.137783,6.950000,143.884892
4721,33.144662,6.879000,145.369967
4722,33.151574,6.912000,144.675926
4723,33.158480,6.906000,144.801622
4724,33.165346,6.866000,145.645208
4725,33.171833,6.487000,154.154463
4726,33.179186,7.353000,135.998912
4727,33.186055,6.869000,145.581598
4728,33.192954,6.899000,144.948543
4729,33.199797,6.843000,146.134736
4730,33.206805,7.008000,142.694064
4731,33.212923,6.118000,163.452109
4732,33.220628,7.705000,129.785853
4733,33.227457,6.829000,146.434324
4734,33.234343,6.886000,145.222190
4735,33.241257,6.914000,144.634076
4736,33.248162,6.905000,144.822592
4737,33.254507,6.345000,157.604413
4738,33.262022,7.515000,133.067199
4739,33.268821,6.799000,147.080453
4740,33.275751,6.930000,144.300144
4741,33.282637,6.886000,145.222190
4742,33.289549,6.912000,144.675926
4743,33.295755,6.206000,161.134386
4744,33.303432,7.677000,130.259216
4745,33.310218,6.786000,147.362216
4746,33.316579,6.361000,157.207986
4747,33.324115,7.536000,132.696391
4748,33.330927,6.812000,146.799765
4749,33.337863,6.936000,144.175317
4750,33.344736,6.873000,145.496872
4751,33.351622,6.886000,145.222190
4752,33.358551,6.929000,144.320970
4753,33.365434,6.883000,145.285486
4754,33.371870,6.436000,155.376010
4755,33.379282,7.412000,134.916352
4756,33.385916,6.634000,150.738619
4757,33.393072,7.156000,139.742873
4758,33.399914,6.842000,146.156095
4759,33.406849,6.935000,144.196107
4760,33.413725,6.876000,145.433392
4761,33.420722,6.997000,142.918394
4762,33.427513,6.791000,147.253718
4763,33.433900,6.387000,156.568029
4764,33.441412,7.512000,133.120341
4765,33.448210,6.798000,147.102089
4766,33.455202,6.992000,143.020595
4767,33.462039,6.837000,146.262981
4768,33.468933,6.894000,145.053670
4769,33.475909,6.976000,143.348624
4770,33.482734,6.825000,146.520147
4771,33.489650,6.916000,144.592250
4772,33.496531,6.881000,145.327714
4773,33.503435,6.904000,144.843569
4774,33.510315,6.880000,145.348837
4775,33.517209,6.894000,145.053670
4776,33.524163,6.954000,143.802128
4777,33.530736,6.573000,152.137532
4778,33.537990,7.254000,137.854977
4779,33.544837,6.847000,146.049365
4780,33.551731,6.894000,145.053670
4781,33.558648,6.917000,144.571346
4782,33.565515,6.867000,145.623999
4783,33.571859,6.344000,157.629256
4784,33.579385,7.526000,132.872708
4785,33.586214,6.829000,146.434324
4786,33.593130,6.916000,144.592250
4787,33.599534,6.404000,156.152405
4788,33.607041,7.507000,133.209005
4789,33.613860,6.819000,146.649069
4790,33.620802,6.942000,144.050706
4791,33.627007,6.205000,161.160355
4792,33.634118,7.111000,140.627197
4793,33.641585,7.467000,133.922593
4794,33.648385,6.800000,147.058824
4795,33.655339,6.954000,143.802128
4796,33.661557,6.218000,160.823416
4797,33.669182,7.625000,131.147541
4798,33.675938,6.756000,148.016578
4799,33.682594,6.656000,150.240385
4800,33.689892,7.298000,137.023842
4801,33.696616,6.724000,148.720999
4802,33.703622,7.006000,142.734799
4803,33.710444,6.822000,146.584579
4804,33.716850,6.406000,156.103653
4805,33.724458,7.608000,131.440589
4806,33.731198,6.740000,148.367953
4807,33.738093,6.895000,145.032632
4808,33.745034,6.941000,144.071459
4809,33.751855,6.821000,146.606069
4810,33.758774,6.919000,144.529556
4811,33.765681,6.907000,144.780657
4812,33.772568,6.887000,145.201104
4813,33.779429,6.861000,145.751348
4814,33.786372,6.943000,144.029958
4815,33.793228,6.856000,145.857643
4816,33.800152,6.924000,144.425188
4817,33.806643,6.491000,154.059467
4818,33.813392,6.749000,148.170099
4819,33.820308,6.916000,144.592250
4820,33.827807,7.499000,133.351113
4821,33.834699,6.892000,145.095763
4822,33.841533,6.834000,146.327188
4823,33.848489,6.956000,143.760782
4824,33.855400,6.911000,144.696860
4825,33.862280,6.880000,145.348837
4826,33.869205,6.925000,144.404332
4827,33.876037,6.832000,146.370023
4828,33.882947,6.910000,144.717800
4829,33.889234,6.287000,159.058374
4830,33.896824,7.590000,131.752306
4831,33.903737,6.913000,144.654998
4832,33.910548,6.811000,146.821318
4833,33.916969,6.421000,155.738981
4834,33.924429,7.460000,134.048257
4835,33.931170,6.741000,148.345943
4836,33.938183,7.013000,142.592329
4837,33.945094,6.911000,144.696860
4838,33.951946,6.852000,145.942790
4839,33.958883,6.937000,144.154534
4840,33.965739,6.856000,145.857643
4841,33.972684,6.945000,143.988481
4842,33.979546,6.862000,145.730108
4843,33.986476,6.930000,144.300144
4844,33.993350,6.874000,145.475706
4845,34.000268,6.918000,144.550448
4846,34.007188,6.920000,144.508671
4847,34.014072,6.884000,145.264381
4848,34.021030,6.958000,143.719460
4849,34.027836,6.806000,146.929180
4850,34.034732,6.896000,145.011601
4851,34.041162,6.430000,155.520995
4852,34.048575,7.413000,134.898152
4853,34.055429,6.854000,145.900204
4854,34.062339,6.910000,144.717800
4855,34.069284,6.945000,143.988481
4856,34.076161,6.877000,145.412244
4857,34.083032,6.871000,145.539223
4858,34.089955,6.923000,144.446049
4859,34.096829,6.874000,145.475706
4860,34.103751,6.922000,144.466917
4861,34.110629,6.878000,145.391102
4862,34.117543,6.914000,144.634076
4863,34.124437,6.894000,145.053670
4864,34.131313,6.876000,145.433392
4865,34.138256,6.943000,144.029958
4866,34.145127,6.871000,145.539223
4867,34.152075,6.948000,143.926310
4868,34.158350,6.275000,159.362550
4869,34.165159,6.809000,146.864444
4870,34.172841,7.682000,130.174434
4871,34.179603,6.762000,147.885241
4872,34.186551,6.948000,143.926310
4873,34.193413,6.862000,145.730108
4874,34.200317,6.904000,144.843569
4875,34.207252,6.935000,144.196107
4876,34.214121,6.869000,145.581598
4877,34.221042,6.921000,144.487791
4878,34.227931,6.889000,145.158949
4879,34.234833,6.902000,144.885540
4880,34.241731,6.898000,144.969556
4881,34.248615,6.884000,145.264381
4882,34.255238,6.623000,150.988978
4883,34.262459,7.221000,138.484974
4884,34.269345,6.886000,145.222190
4885,34.276211,6.866000,145.645208
4886,34.283118,6.907000,144.780657
4887,34.290018,6.900000,144.927536
4888,34.296934,6.916000,144.592250
4889,34.303840,6.906000,144.801622
4890,34.310724,6.884000,145.264381
4891,34.317283,6.559000,152.462266
4892,34.324583,7.300000,136.986301
4893,34.331425,6.842000,146.156095
4894,34.338330,6.905000,144.822592
4895,34.344971,6.641000,150.579732
4896,34.352160,7.189000,139.101405
4897,34.358316,6.156000,162.443145
4898,34.366013,7.697000,129.920748
4899,34.372880,6.867000,145.623999
4900,34.379624,6.744000,148.279953
4901,34.386695,7.071000,141.422712
4902,34.393552,6.857000,145.836372
4903,34.400452,6.900000,144.927536
4904,34.407379,6.927000,144.362639
4905,34.414289,6.910000,144.717800
4906,34.421215,6.926000,144.383483
4907,34.428026,6.811000,146.821318
4908,34.434913,6.887000,145.201104
4909,34.441488,6.575000,152.091255
4910,34.448854,7.366000,135.758892
4911,34.455739,6.885000,145.243282
4912,34.462587,6.848000,146.028037
4913,34.468880,6.293000,158.906722
4914,34.476441,7.561000,132.257638
4915,34.483281,6.840000,146.198830
4916,34.490179,6.898000,144.969556
4917,34.497023,6.844000,146.113384
4918,34.503986,6.963000,143.616257
4919,34.510916,6.930000,144.300144
4920,34.517776,6.860000,145.772595
4921,34.524746,6.970000,143.472023
4922,34.531579,6.833000,146.348602
4923,34.538554,6.975000,143.369176
4924,34.544974,6.420000,155.763240
4925,34.552349,7.375000,135.593220
4926,34.559228,6.879000,145.369967
4927,34.566053,6.825000,146.520147
4928,34.572684,6.631000,150.806816
4929,34.579918,7.234000,138.236107
4930,34.586774,6.856000,145.857643
4931,34.593649,6.875000,145.454545
4932,34.600546,6.897000,144.990576
4933,34.607478,6.932000,144.258511
4934,34.614416,6.938000,144.133756
4935,34.620866,6.450000,155.038760
4936,34.628181,7.315000,136.705400
4937,34.635060,6.879000,145.369967
4938,34.641628,6.568000,152.253350
4939,34.648913,7.285000,137.268360
4940,34.655810,6.897000,144.990576
4941,34.662671,6.861000,145.751348
4942,34.669598,6.927000,144.362639
4943,34.676483,6.885000,145.243282
4944,34.683327,6.844000,146.113384
4945,34.690166,6.839000,146.220208
4946,34.697173,7.007000,142.714428
4947,34.703956,6.783000,147.427392
4948,34.710919,6.963000,143.616257
4949,34.717909,6.990000,143.061516
4950,34.724762,6.853000,145.921494
4951,34.731639,6.877000,145.412244
4952,34.738555,6.916000,144.592250
4953,34.744934,6.379000,156.764383
4954,34.752409,7.475000,133.779264
4955,34.759420,7.011000,142.633005
4956,34.766123,6.703000,149.186931
4957,34.773115,6.992000,143.020595
4958,34.779929,6.814000,146.756677
4959,34.786855,6.926000,144.383483
4960,34.793734,6.879000,145.369967
4961,34.800701,6.967000,143.533802
4962,34.807004,6.303000,158.654609
4963,34.814514,7.510000,133.155792
4964,34.820627,6.113000,163.585801
4965,34.828287,7.660000,130.548303
4966,34.835095,6.808000,146.886016
4967,34.842041,6.946000,143.967751
4968,34.848917,6.876000,145.433392
4969,34.855829,6.912000,144.675926
4970,34.862696,6.867000,145.623999
4971,34.869666,6.970000,143.472023
4972,34.876497,6.831000,146.391451
4973,34.883408,6.911000,144.696860
4974,34.890304,6.896000,145.011601
4975,34.897216,6.912000,144.675926
4976,34.904118,6.902000,144.885540
4977,34.910996,6.878000,145.391102
4978,34.917908,6.912000,144.675926
4979,34.924818,6.910000,144.717800
4980,34.931518,6.700000,149.253731
4981,34.938651,7.133000,140.193467
4982,34.945485,6.834000,146.327188
4983,34.952397,6.912000,144.675926
4984,34.959305,6.908000,144.759699
4985,34.966193,6.888000,145.180023
4986,34.973115,6.922000,144.466917
4987,34.979989,6.874000,145.475706
4988,34.986900,6.911000,144.696860
4989,34.993793,6.893000,145.074713
4990,35.000699,6.906000,144.801622
4991,35.007229,6.530000,153.139357
4992,35.014580,7.351000,136.035913
4993,35.021428,6.848000,146.028037
4994,35.028319,6.891000,145.116819
4995,35.035211,6.892000,145.095763
4996,35.042139,6.928000,144.341801
4997,35.049028,6.889000,145.158949
4998,35.055230,6.202000,161.238310
4999,35.062911,7.681000,130.191381
5000,35.069736,6.825000,146.520147
5001,35.076617,6.881000,145.327714
5002,35.083520,6.903000,144.864552
5003,35.090404,6.884000,145.264381
5004,35.097298,6.894000,145.053670
5005,35.104213,6.915000,144.613160
5006,35.111092,6.879000,145.369967
5007,35.117991,6.899000,144.948543
5008,35.124906,6.915000,144.613160
5009,35.131791,6.885000,145.243282
5010,35.138702,6.911000,144.696860
5011,35.145597,6.895000,145.032632
5012,35.152497,6.900000,144.927536
5013,35.159396,6.899000,144.948543
5014,35.166291,6.895000,145.032632
5015,35.173198,6.907000,144.780657
5016,35.180089,6.891000,145.116819
5017,35.187023,6.934000,144.216902
5018,35.193889,6.866000,145.645208
5019,35.200805,6.916000,144.592250
5020,35.207700,6.895000,145.032632
5021,35.214636,6.936000,144.175317
5022,35.221546,6.910000,144.717800
5023,35.228428,6.882000,145.306597
5024,35.235332,6.904000,144.843569
5025,35.242214,6.882000,145.306597
5026,35.249126,6.912000,144.675926
5027,35.256010,6.884000,145.264381
5028,35.262926,6.916000,144.592250
5029,35.269843,6.917000,144.571346
5030,35.276718,6.875000,145.454545
5031,35.283623,6.905000,144.822592
5032,35.290545,6.922000,144.466917
5033,35.297399,6.854000,145.900204
5034,35.304415,7.016000,142.531357
5035,35.311016,6.601000,151.492198
5036,35.318682,7.666000,130.446126
5037,35.325048,6.366000,157.084511
5038,35.331629,6.581000,151.952591
5039,35.338860,7.231000,138.293459
5040,35.345811,6.951000,143.864192
5041,35.352647,6.836000,146.284377
5042,35.359494,6.847000,146.049365
5043,35.366427,6.933000,144.237704
5044,35.373342,6.915000,144.613160
5045,35.380382,7.040000,142.045455
5046,35.387241,6.859000,145.793847
5047,35.394088,6.847000,146.049365
5048,35.400988,6.900000,144.927536
5049,35.407846,6.858000,145.815106
5050,35.414708,6.862000,145.730108
5051,35.421643,6.935000,144.196107
5052,35.428503,6.860000,145.772595
5053,35.435397,6.894000,145.053670
5054,35.442303,6.906000,144.801622
5055,35.449319,7.016000,142.531357
5056,35.455423,6.104000,163.826999
5057,35.463181,7.758000,128.899201
5058,35.469321,6.140000,162.866450
5059,35.476938,7.617000,131.285283
5060,35.483710,6.772000,147.666864
5061,35.490625,6.915000,144.613160
5062,35.497503,6.878000,145.391102
5063,35.504503,7.000000,142.857143
5064,35.510934,6.431000,155.496812
5065,35.518327,7.393000,135.263087
5066,35.525131,6.804000,146.972369
5067,35.532048,6.917000,144.571346
5068,35.538749,6.701000,149.231458
5069,35.545895,7.146000,139.938427
5070,35.552792,6.897000,144.990576
5071,35.558934,6.142000,162.813416
5072,35.566369,7.435000,134.498991
5073,35.573471,7.102000,140.805407
5074,35.580317,6.846000,146.070698
5075,35.587220,6.903000,144.864552
5076,35.594088,6.868000,145.602796
5077,35.601022,6.934000,144.216902
5078,35.607925,6.903000,144.864552
5079,35.614804,6.879000,145.369967
5080,35.621731,6.927000,144.362639
5081,35.628607,6.876000,145.433392
5082,35.635494,6.887000,145.201104
5083,35.642428,6.934000,144.216902
5084,35.649288,6.860000,145.772595
5085,35.656253,6.965000,143.575018
5086,35.663102,6.849000,146.006716
5087,35.670035,6.933000,144.237704
5088,35.676900,6.865000,145.666424
5089,35.683817,6.917000,144.571346
5090,35.690741,6.924000,144.425188
5091,35.697607,6.866000,145.645208
5092,35.704514,6.907000,144.780657
5093,35.711218,6.704000,149.164678
5094,35.718321,7.103000,140.785584
5095,35.725214,6.893000,145.074713
5096,35.731403,6.189000,161.576991
5097,35.739133,7.730000,129.366106
5098,35.745904,6.771000,147.688672
5099,35.752818,6.914000,144.634076
5100,35.759707,6.889000,145.158949
5101,35.766602,6.895000,145.032632
5102,35.773517,6.915000,144.613160
5103,35.780404,6.887000,145.201104
5104,35.787325,6.921000,144.487791
5105,35.794228,6.903000,144.864552
5106,35.801102,6.874000,145.475706
5107,35.808020,6.918000,144.550448
5108,35.814912,6.892000,145.095763
5109,35.821823,6.911000,144.696860
5110,35.828737,6.914000,144.634076
5111,35.835618,6.881000,145.327714
5112,35.842533,6.915000,144.613160
5113,35.849425,6.892000,145.095763
5114,35.856335,6.910000,144.717800
5115,35.863262,6.927000,144.362639
5116,35.870144,6.882000,145.306597
5117,35.877056,6.912000,144.675926
5118,35.883940,6.884000,145.264381
5119,35.890876,6.936000,144.175317
5120,35.897003,6.127000,163.212012
5121,35.904948,7.945000,125.865324
5122,35.910930,5.982000,167.168171
5123,35.918109,7.179000,139.295166
5124,35.925418,7.309000,136.817622
5125,35.932253,6.835000,146.305779
5126,35.938424,6.171000,162.048290
5127,35.946155,7.731000,129.349373
5128,35.952982,6.827000,146.477223
5129,35.959867,6.885000,145.243282
5130,35.966768,6.901000,144.906535
5131,35.973379,6.611000,151.263046
5132,35.980579,7.200000,138.888889
5133,35.987466,6.887000,145.201104
5134,35.994335,6.869000,145.581598
5135,36.001260,6.925000,144.404332
5136,36.008185,6.925000,144.404332
5137,36.015099,6.914000,144.634076
5138,36.021441,6.342000,157.678966
5139,36.028920,7.479000,133.707715
5140,36.035846,6.926000,144.383483
5141,36.042631,6.785000,147.383935
5142,36.049563,6.932000,144.258511
5143,36.056466,6.903000,144.864552
5144,36.063405,6.939000,144.112985
5145,36.070312,6.907000,144.780657
5146,36.077145,6.833000,146.348602
5147,36.083503,6.358000,157.282164
5148,36.091040,7.537000,132.678785
5149,36.097104,6.064000,164.907652
5150,36.104778,7.674000,130.310138
5151,36.111644,6.866000,145.645208
5152,36.118296,6.652000,150.330728
5153,36.125505,7.209000,138.715495
5154,36.132342,6.837000,146.262981
5155,36.138819,6.477000,154.392466
5156,36.145585,6.766000,147.797813
5157,36.153152,7.567000,132.152769
5158,36.159570,6.418000,155.811779
5159,36.166119,6.549000,152.695068
5160,36.173872,7.753000,128.982329
5161,36.180654,6.782000,147.449130
5162,36.187163,6.509000,153.633431
5163,36.194515,7.352000,136.017410
5164,36.201387,6.872000,145.518044
5165,36.208276,6.889000,145.158949
5166,36.215176,6.900000,144.927536
5167,36.222070,6.894000,145.053670
5168,36.228559,6.489000,154.106950
5169,36.235221,6.662000,150.105074
5170,36.242859,7.638000,130.924326
5171,36.249629,6.770000,147.710487
5172,36.256248,6.619000,151.080224
5173,36.263521,7.273000,137.494844
5174,36.270089,6.568000,152.253350
5175,36.277287,7.198000,138.927480
5176,36.284130,6.843000,146.134736
5177,36.291085,6.955000,143.781452
5178,36.297942,6.857000,145.836372
5179,36.304522,6.580000,151.975684
5180,36.311566,7.044000,141.964793
5181,36.318097,6.531000,153.115909
5182,36.325277,7.180000,139.275766
5183,36.332493,7.216000,138.580931
5184,36.339347,6.854000,145.900204
5185,36.346207,6.860000,145.772595
5186,36.353135,6.928000,144.341801
5187,36.360034,6.899000,144.948543
5188,36.366931,6.897000,144.990576
5189,36.373853,6.922000,144.466917
5190,36.380728,6.875000,145.454545
5191,36.387630,6.902000,144.885540
5192,36.394528,6.898000,144.969556
5193,36.401417,6.889000,145.158949
5194,36.408358,6.941000,144.071459
5195,36.414933,6.575000,152.091255
5196,36.422184,7.251000,137.912012
5197,36.429026,6.842000,146.156095
5198,36.435929,6.903000,144.864552
5199,36.442838,6.909000,144.738747
5200,36.449733,6.895000,145.032632
5201,36.456648,6.915000,144.613160
5202,36.463530,6.882000,145.306597
5203,36.470433,6.903000,144.864552
5204,36.477293,6.860000,145.772595
5205,36.484218,6.925000,144.404332
5206,36.491116,6.898000,144.969556
5207,36.498005,6.889000,145.158949
5208,36.504911,6.906000,144.801622
5209,36.511197,6.286000,159.083678
5210,36.518780,7.583000,131.873929
5211,36.525608,6.828000,146.455770
5212,36.532515,6.907000,144.780657
5213,36.539423,6.908000,144.759699
5214,36.546294,6.871000,145.539223
5215,36.553197,6.903000,144.864552
5216,36.560115,6.918000,144.550448
5217,36.566988,6.873000,145.496872
5218,36.573923,6.935000,144.196107
5219,36.580551,6.628000,150.875075
5220,36.587778,7.227000,138.370001
5221,36.594609,6.831000,146.391451
5222,36.601532,6.923000,144.446049
5223,36.608430,6.898000,144.969556
5224,36.615329,6.899000,144.948543
5225,36.622237,6.908000,144.759699
5226,36.629124,6.887000,145.201104
5227,36.636049,6.925000,144.404332
5228,36.642916,6.867000,145.623999
5229,36.649886,6.970000,143.472023
5230,36.656773,6.887000,145.201104
5231,36.663652,6.879000,145.369967
5232,36.670538,6.886000,145.222190
5233,36.676934,6.396000,156.347717
5234,36.684402,7.468000,133.904660
5235,36.691214,6.812000,146.799765
5236,36.698126,6.912000,144.675926
5237,36.704736,6.610000,151.285930
5238,36.712039,7.303000,136.930029
5239,36.718851,6.812000,146.799765
5240,36.725832,6.981000,143.245953
5241,36.732401,6.569000,152.230172
5242,36.739702,7.301000,136.967539
5243,36.746016,6.314000,158.378207
5244,36.753492,7.476000,133.761370
5245,36.760286,6.794000,147.188696
5246,36.766551,6.265000,159.616919
5247,36.773956,7.405000,135.043889
5248,36.781046,7.090000,141.043724
5249,36.787901,6.855000,145.878920
5250,36.794760,6.859000,145.793847
5251,36.801695,6.935000,144.196107
5252,36.808700,7.005000,142.755175
5253,36.815467,6.767000,147.775972
5254,36.822427,6.960000,143.678161
5255,36.829312,6.885000,145.243282
5256,36.836189,6.877000,145.412244
5257,36.843060,6.871000,145.539223
5258,36.849976,6.916000,144.592250
5259,36.856924,6.948000,143.926310
5260,36.863780,6.856000,145.857643
5261,36.870774,6.994000,142.979697
5262,36.877521,6.747000,148.214021
5263,36.884585,7.064000,141.562854
5264,36.891461,6.876000,145.433392
5265,36.897677,6.216000,160.875161
5266,36.904748,7.071000,141.422712
5267,36.911559,6.811000,146.821318
5268,36.919082,7.523000,132.925695
5269,36.925889,6.807000,146.907595
5270,36.932079,6.190000,161.550889
5271,36.939905,7.826000,127.779198
5272,36.946547,6.642000,150.557061
5273,36.953497,6.950000,143.884892
5274,36.960382,6.885000,145.243282
5275,36.967326,6.944000,144.009217
5276,36.974241,6.915000,144.613160
5277,36.980615,6.374000,156.887355
5278,36.988033,7.418000,134.807226
5279,36.994803,6.770000,147.710487
5280,37.001746,6.943000,144.029958
5281,37.008258,6.512000,153.562654
5282,37.015549,7.291000,137.155397
5283,37.022508,6.959000,143.698807
5284,37.029375,6.867000,145.623999
5285,37.036314,6.939000,144.112985
5286,37.043164,6.850000,145.985401
5287,37.050018,6.854000,145.900204
5288,37.056940,6.922000,144.466917
5289,37.063821,6.881000,145.327714
5290,37.070778,6.957000,143.740118
5291,37.077599,6.821000,146.606069
5292,37.084577,6.978000,143.307538
5293,37.090885,6.308000,158.528852
5294,37.098432,7.547000,132.502981
5295,37.104974,6.542000,152.858453
5296,37.112145,7.171000,139.450565
5297,37.119032,6.887000,145.201104
5298,37.125963,6.931000,144.279325
5299,37.132905,6.942000,144.050706
5300,37.139781,6.876000,145.433392
5301,37.146663,6.882000,145.306597
5302,37.153565,6.902000,144.885540
5303,37.160449,6.884000,145.264381
5304,37.167327,6.878000,145.391102
5305,37.174232,6.905000,144.822592
5306,37.181124,6.892000,145.095763
5307,37.188036,6.912000,144.675926
5308,37.194937,6.901000,144.906535
5309,37.201851,6.914000,144.634076
5310,37.208735,6.884000,145.264381
5311,37.215600,6.865000,145.666424
5312,37.222517,6.917000,144.571346
5313,37.229415,6.898000,144.969556
5314,37.236315,6.900000,144.927536
5315,37.243216,6.901000,144.906535
5316,37.250093,6.877000,145.412244
5317,37.257041,6.948000,143.926310
5318,37.263931,6.890000,145.137881
5319,37.270827,6.896000,145.011601
5320,37.277715,6.888000,145.180023
5321,37.284625,6.910000,144.717800
5322,37.291205,6.580000,151.975684
5323,37.298465,7.260000,137.741047
5324,37.305327,6.862000,145.730108
5325,37.312212,6.885000,145.243282
5326,37.319126,6.914000,144.634076
5327,37.326007,6.881000,145.327714
5328,37.332911,6.904000,144.843569
5329,37.339811,6.900000,144.927536
5330,37.346722,6.911000,144.696860
5331,37.353612,6.890000,145.137881
5332,37.360513,6.901000,144.906535
5333,37.367419,6.906000,144.801622
5334,37.374307,6.888000,145.180023
5335,37.381198,6.891000,145.116819
5336,37.388106,6.908000,144.759699
5337,37.394995,6.889000,145.158949
5338,37.401924,6.929000,144.320970
5339,37.408835,6.911000,144.696860
5340,37.415704,6.869000,145.581598
5341,37.422620,6.916000,144.592250
5342,37.429520,6.900000,144.927536
5343,37.436459,6.939000,144.112985
5344,37.443306,6.847000,146.049365
5345,37.450226,6.920000,144.508671
5346,37.457113,6.887000,145.201104
5347,37.463988,6.875000,145.454545
5348,37.470911,6.923000,144.446049
5349,37.477806,6.895000,145.032632
5350,37.484713,6.907000,144.780657
5351,37.491157,6.444000,155.183116
5352,37.498567,7.410000,134.952767
5353,37.505417,6.850000,145.985401
5354,37.512331,6.914000,144.634076
5355,37.519226,6.895000,145.032632
5356,37.526097,6.871000,145.539223
5357,37.533009,6.912000,144.675926
5358,37.539925,6.916000,144.592250
5359,37.546808,6.883000,145.285486
5360,37.553726,6.918000,144.550448
5361,37.560601,6.875000,145.454545
5362,37.567494,6.893000,145.074713
5363,37.574411,6.917000,144.571346
5364,37.581318,6.907000,144.780657
5365,37.588224,6.906000,144.801622
5366,37.595142,6.918000,144.550448
5367,37.602026,6.884000,145.264381
5368,37.608941,6.915000,144.613160
5369,37.615825,6.884000,145.264381
5370,37.622730,6.905000,144.822592
5371,37.629615,6.885000,145.243282
5372,37.636549,6.934000,144.216902
5373,37.642920,6.371000,156.961231
5374,37.650385,7.465000,133.958473
5375,37.657239,6.854000,145.900204
5376,37.664014,6.775000,147.601476
5377,37.671049,7.035000,142.146411
5378,37.677803,6.754000,148.060409
5379,37.684829,7.026000,142.328494
5380,37.691734,6.905000,144.822592
5381,37.698610,6.876000,145.433392
5382,37.705424,6.814000,146.756677
5383,37.712422,6.998000,142.897971
5384,37.719322,6.900000,144.927536
5385,37.725879,6.557000,152.508769
5386,37.733164,7.285000,137.268360
5387,37.740040,6.876000,145.433392
5388,37.746932,6.892000,145.095763
5389,37.753833,6.901000,144.906535
5390,37.760722,6.889000,145.158949
5391,37.767628,6.906000,144.801622
5392,37.774532,6.904000,144.843569
5393,37.781434,6.902000,144.885540
5394,37.788334,6.900000,144.927536
5395,37.795220,6.886000,145.222190
5396,37.802129,6.909000,144.738747
5397,37.809040,6.911000,144.696860
5398,37.815912,6.872000,145.518044
5399,37.822146,6.234000,160.410651
5400,37.829809,7.663000,130.497194
5401,37.836592,6.783000,147.427392
5402,37.843511,6.919000,144.529556
5403,37.850394,6.883000,145.285486
5404,37.857343,6.949000,143.905598
5405,37.864235,6.892000,145.095763
5406,37.871137,6.902000,144.885540
5407,37.877729,6.592000,151.699029
5408,37.884952,7.223000,138.446629
5409,37.891857,6.905000,144.822592
5410,37.898722,6.865000,145.666424
5411,37.905659,6.937000,144.154534
5412,37.912524,6.865000,145.666424
5413,37.919248,6.724000,148.720999
5414,37.926356,7.108000,140.686550
5415,37.933214,6.858000,145.815106
5416,37.939399,6.185000,161.681487
5417,37.947123,7.724000,129.466598
5418,37.953937,6.814000,146.756677
5419,37.960814,6.877000,145.412244
5420,37.967685,6.871000,145.539223
5421,37.974645,6.960000,143.678161
5422,37.981119,6.474000,154.464010
5423,37.988375,7.256000,137.816979
5424,37.994692,6.317000,158.302992
5425,38.002330,7.638000,130.924326
5426,38.009095,6.765000,147.819660
5427,38.016014,6.919000,144.529556
5428,38.022920,6.906000,144.801622
5429,38.029813,6.893000,145.074713
5430,38.036718,6.905000,144.822592
5431,38.043614,6.896000,145.011601
5432,38.050164,6.550000,152.671756
5433,38.057476,7.312000,136.761488
5434,38.064288,6.812000,146.799765
5435,38.071244,6.956000,143.760782
5436,38.078100,6.856000,145.857643
5437,38.085024,6.924000,144.425188
5438,38.091948,6.924000,144.425188
5439,38.098813,6.865000,145.666424
5440,38.105737,6.924000,144.425188
5441,38.112610,6.873000,145.496872
5442,38.119541,6.931000,144.279325
5443,38.126413,6.872000,145.518044
5444,38.133303,6.890000,145.137881
5445,38.140223,6.920000,144.508671
5446,38.147102,6.879000,145.369967
5447,38.154021,6.919000,144.529556
5448,38.160914,6.893000,145.074713
5449,38.167802,6.888000,145.180023
5450,38.174771,6.969000,143.492610
5451,38.181585,6.814000,146.756677
5452,38.188519,6.934000,144.216902
5453,38.195409,6.890000,145.137881
5454,38.202327,6.918000,144.550448
5455,38.209207,6.880000,145.348837
5456,38.216104,6.897000,144.990576
5457,38.223012,6.908000,144.759699
5458,38.229911,6.899000,144.948543
5459,38.236824,6.913000,144.654998
5460,38.243720,6.896000,145.011601
5461,38.250618,6.898000,144.969556
5462,38.257523,6.905000,144.822592
5463,38.264361,6.838000,146.241591
5464,38.271357,6.996000,142.938822
5465,38.278221,6.864000,145.687646
5466,38.285115,6.894000,145.053670
5467,38.292032,6.917000,144.571346
5468,38.298908,6.876000,145.433392
5469,38.305822,6.914000,144.634076
5470,38.312699,6.877000,145.412244
5471,38.319609,6.910000,144.717800
5472,38.326516,6.907000,144.780657
5473,38.333414,6.898000,144.969556
5474,38.340316,6.902000,144.885540
5475,38.347205,6.889000,145.158949
5476,38.354111,6.906000,144.801622
5477,38.361004,6.893000,145.074713
5478,38.367896,6.892000,145.095763
5479,38.374809,6.913000,144.654998
5480,38.381690,6.881000,145.327714
5481,38.388599,6.909000,144.738747
5482,38.395489,6.890000,145.137881
5483,38.401948,6.459000,154.822728
5484,38.409373,7.425000,134.680135
5485,38.416185,6.812000,146.799765
5486,38.423097,6.912000,144.675926
5487,38.430014,6.917000,144.571346
5488,38.436951,6.937000,144.154534
5489,38.443805,6.854000,145.900204
5490,38.450720,6.915000,144.613160
5491,38.457624,6.904000,144.843569
5492,38.464347,6.723000,148.743121
5493,38.471462,7.115000,140.548138
5494,38.478299,6.837000,146.262981
5495,38.485224,6.925000,144.404332
5496,38.492131,6.907000,144.780657
5497,38.499005,6.874000,145.475706
5498,38.505926,6.921000,144.487791
5499,38.512796,6.870000,145.560408
5500,38.519708,6.912000,144.675926
5501,38.526591,6.883000,145.285486
5502,38.533507,6.916000,144.592250
5503,38.540433,6.926000,144.383483
5504,38.547325,6.892000,145.095763
5505,38.554272,6.947000,143.947027
5506,38.561116,6.844000,146.113384
5507,38.567991,6.875000,145.454545
5508,38.574939,6.948000,143.926310
5509,38.581785,6.846000,146.070698
5510,38.588729,6.944000,144.009217
5511,38.595024,6.295000,158.856235
5512,38.602608,7.584000,131.856540
5513,38.609414,6.806000,146.929180
5514,38.616301,6.887000,145.201104
5515,38.623232,6.931000,144.279325
5516,38.629701,6.469000,154.583398
5517,38.637091,7.390000,135.317997
5518,38.643899,6.808000,146.886016
5519,38.650830,6.931000,144.279325
5520,38.657740,6.910000,144.717800
5521,38.664348,6.608000,151.331719
5522,38.671561,7.213000,138.638569
5523,38.678406,6.845000,146.092038
5524,38.685322,6.916000,144.592250
5525,38.692238,6.916000,144.592250
5526,38.698397,6.159000,162.364020
5527,38.706100,7.703000,129.819551
5528,38.712885,6.785000,147.383935
5529,38.719815,6.930000,144.300144
5530,38.726686,6.871000,145.539223
5531,38.733604,6.918000,144.550448
5532,38.740530,6.926000,144.383483
5533,38.747405,6.875000,145.454545
5534,38.754317,6.912000,144.675926
5535,38.761205,6.888000,145.180023
5536,38.768110,6.905000,144.822592
5537,38.775017,6.907000,144.780657
5538,38.781887,6.870000,145.560408
5539,38.788583,6.696000,149.342891
5540,38.795746,7.163000,139.606310
5541,38.802641,6.895000,145.032632
5542,38.809524,6.883000,145.285486
5543,38.816398,6.874000,145.475706
5544,38.823321,6.923000,144.446049
5545,38.830207,6.886000,145.222190
5546,38.837127,6.920000,144.508671
5547,38.844008,6.881000,145.327714
5548,38.850891,6.883000,145.285486
5549,38.857818,6.927000,144.362639
5550,38.864706,6.888000,145.180023
5551,38.871630,6.924000,144.425188
5552,38.878495,6.865000,145.666424
5553,38.885398,6.903000,144.864552
5554,38.892331,6.933000,144.237704
5555,38.899197,6.866000,145.645208
5556,38.906101,6.904000,144.843569
5557,38.912987,6.886000,145.222190
5558,38.919913,6.926000,144.383483
5559,38.926787,6.874000,145.475706
5560,38.933705,6.918000,144.550448
5561,38.940600,6.895000,145.032632
5562,38.947488,6.888000,145.180023
5563,38.954396,6.908000,144.759699
5564,38.961334,6.938000,144.133756
5565,38.968186,6.852000,145.942790
5566,38.975110,6.924000,144.425188
5567,38.981988,6.878000,145.391102
5568,38.988894,6.906000,144.801622
5569,38.995801,6.907000,144.780657
5570,39.002719,6.918000,144.550448
5571,39.009588,6.869000,145.581598
5572,39.016515,6.927000,144.362639
5573,39.023194,6.679000,149.723012
5574,39.030331,7.137000,140.114894
5575,39.037209,6.878000,145.391102
5576,39.044114,6.905000,144.822592
5577,39.050892,6.778000,147.536146
5578,39.057923,7.031000,142.227279
5579,39.064793,6.870000,145.560408
5580,39.071712,6.919000,144.529556
5581,39.078599,6.887000,145.201104
5582,39.085497,6.898000,144.969556
5583,39.092417,6.920000,144.508671
5584,39.099291,6.874000,145.475706
5585,39.106219,6.928000,144.341801
5586,39.113095,6.876000,145.433392
5587,39.120005,6.910000,144.717800
5588,39.126912,6.907000,144.780657
5589,39.133813,6.901000,144.906535
5590,39.140764,6.951000,143.864192
5591,39.147669,6.905000,144.822592
5592,39.154510,6.841000,146.177459
5593,39.161408,6.898000,144.969556
5594,39.168292,6.884000,145.264381
5595,39.175200,6.908000,144.759699
5596,39.182099,6.899000,144.948543
5597,39.189021,6.922000,144.466917
5598,39.195891,6.870000,145.560408
5599,39.202819,6.928000,144.341801
5600,39.209699,6.880000,145.348837
5601,39.216632,6.933000,144.237704
5602,39.223517,6.885000,145.243282
5603,39.230416,6.899000,144.948543
5604,39.237329,6.913000,144.654998
5605,39.244203,6.874000,145.475706
5606,39.250875,6.672000,149.880096
5607,39.258054,7.179000,139.295166
5608,39.264907,6.853000,145.921494
5609,39.271813,6.906000,144.801622
5610,39.278691,6.878000,145.391102
5611,39.285600,6.909000,144.738747
5612,39.292535,6.935000,144.196107
5613,39.299389,6.854000,145.900204
5614,39.306320,6.931000,144.279325
5615,39.313217,6.897000,144.990576
5616,39.320129,6.912000,144.675926
5617,39.327036,6.907000,144.780657
5618,39.333929,6.893000,145.074713
5619,39.340850,6.921000,144.487791
5620,39.347722,6.872000,145.518044
5621,39.354648,6.926000,144.383483
5622,39.361182,6.534000,153.045608
5623,39.368495,7.313000,136.742787
5624,39.375335,6.840000,146.198830
5625,39.382932,7.597000,131.630907
5626,39.389091,6.159000,162.364020
5627,39.396038,6.947000,143.947027
5628,39.402961,6.923000,144.446049
5629,39.409850,6.889000,145.158949
5630,39.416727,6.877000,145.412244
5631,39.423647,6.920000,144.508671
5632,39.430534,6.887000,145.201104
5633,39.437543,7.009000,142.673705
5634,39.444367,6.824000,146.541618
5635,39.450931,6.564000,152.346130
5636,39.458190,7.259000,137.760022
5637,39.465058,6.868000,145.602796
5638,39.471936,6.878000,145.391102
5639,39.478832,6.896000,145.011601
5640,39.485739,6.907000,144.780657
5641,39.492643,6.904000,144.843569
5642,39.499544,6.901000,144.906535
5643,39.506489,6.945000,143.988481
5644,39.513330,6.841000,146.177459
5645,39.520250,6.920000,144.508671
5646,39.526793,6.543000,152.835091
5647,39.534081,7.288000,137.211855
5648,39.540384,6.303000,158.654609
5649,39.547909,7.525000,132.890365
5650,39.554737,6.828000,146.455770
5651,39.561631,6.894000,145.053670
5652,39.568526,6.895000,145.032632
5653,39.574838,6.312000,158.428390
5654,39.582406,7.568000,132.135307
5655,39.589232,6.826000,146.498682
5656,39.595541,6.309000,158.503725
5657,39.603161,7.620000,131.233596
5658,39.609925,6.764000,147.841514
5659,39.616500,6.575000,152.091255
5660,39.623783,7.283000,137.306055
5661,39.636164,12.381000,80.768920
5662,39.636894,0.730000,1369.863014
5663,39.644563,7.669000,130.395097
5664,39.651371,6.808000,146.886016
5665,39.658246,6.875000,145.454545
5666,39.665118,6.872000,145.518044
5667,39.672032,6.914000,144.634076
5668,39.678922,6.890000,145.137881
5669,39.685851,6.929000,144.320970
5670,39.692702,6.851000,145.964093
5671,39.699607,6.905000,144.822592
5672,39.706526,6.919000,144.529556
5673,39.713420,6.894000,145.053670
5674,39.720328,6.908000,144.759699
5675,39.727222,6.894000,145.053670
5676,39.734108,6.886000,145.222190
5677,39.741022,6.914000,144.634076
5678,39.747915,6.893000,145.074713
5679,39.754844,6.929000,144.320970
5680,39.761718,6.874000,145.475706
5681,39.768623,6.905000,144.822592
5682,39.775523,6.900000,144.927536
5683,39.782411,6.888000,145.180023
5684,39.789327,6.916000,144.592250
5685,39.796222,6.895000,145.032632
5686,39.803144,6.922000,144.466917
5687,39.810026,6.882000,145.306597
5688,39.816985,6.959000,143.698807
5689,39.823836,6.851000,145.964093
5690,39.830721,6.885000,145.243282
5691,39.837490,6.769000,147.732309
5692,39.844547,7.057000,141.703273
5693,39.851444,6.897000,144.990576
5694,39.858351,6.907000,144.780657
5695,39.865237,6.886000,145.222190
5696,39.872141,6.904000,144.843569
5697,39.879055,6.914000,144.634076
5698,39.885959,6.904000,144.843569
5699,39.892846,6.887000,145.201104
5700,39.899723,6.877000,145.412244
5701,39.906647,6.924000,144.425188
5702,39.913528,6.881000,145.327714
5703,39.920448,6.920000,144.508671
5704,39.927331,6.883000,145.285486
5705,39.934218,6.887000,145.201104
5706,39.941153,6.935000,144.196107
5707,39.948026,6.873000,145.496872
5708,39.954929,6.903000,144.864552
5709,39.961818,6.889000,145.158949
5710,39.968722,6.904000,144.843569
5711,39.975637,6.915000,144.613160
5712,39.982507,6.870000,145.560408
5713,39.989445,6.938000,144.133756
5714,39.996316,6.871000,145.539223
5715,40.003231,6.915000,144.613160
5716,40.009899,6.668000,149.970006
5717,40.017047,7.148000,139.899273
5718,40.023940,6.893000,145.074713
5719,40.030827,6.887000,145.201104
5720,40.037480,6.653000,150.308132
5721,40.044637,7.157000,139.723348
5722,40.051504,6.867000,145.623999
5723,40.058423,6.919000,144.529556
5724,40.065317,6.894000,145.053670
5725,40.072237,6.920000,144.508671
5726,40.079112,6.875000,145.454545
5727,40.086027,6.915000,144.613160
5728,40.092910,6.883000,145.285486
5729,40.099822,6.912000,144.675926
5730,40.106731,6.909000,144.738747
5731,40.113617,6.886000,145.222190
5732,40.120542,6.925000,144.404332
5733,40.127375,6.833000,146.348602
5734,40.134319,6.944000,144.009217
5735,40.141222,6.903000,144.864552
5736,40.148137,6.915000,144.613160
5737,40.155030,6.893000,145.074713
5738,40.161931,6.901000,144.906535
5739,40.168835,6.904000,144.843569
5740,40.175754,6.919000,144.529556
5741,40.182634,6.880000,145.348837
5742,40.189554,6.920000,144.508671
5743,40.196438,6.884000,145.264381
5744,40.203337,6.899000,144.948543
5745,40.210233,6.896000,145.011601
5746,40.217120,6.887000,145.201104
5747,40.224169,7.049000,141.864094
5748,40.230913,6.744000,148.279953
5749,40.237462,6.549000,152.695068
5750,40.244775,7.313000,136.742787
5751,40.251627,6.852000,145.942790
5752,40.258554,6.927000,144.362639
5753,40.265430,6.876000,145.433392
5754,40.272349,6.919000,144.529556
5755,40.279223,6.874000,145.475706
5756,40.286168,6.945000,143.988481
5757,40.293030,6.862000,145.730108
5758,40.299920,6.890000,145.137881
5759,40.306846,6.926000,144.383483
5760,40.313735,6.889000,145.158949
5761,40.320710,6.975000,143.369176
5762,40.327522,6.812000,146.799765
5763,40.334418,6.896000,145.011601
5764,40.341345,6.927000,144.362639
5765,40.348014,6.669000,149.947518
5766,40.355171,7.157000,139.723348
5767,40.362033,6.862000,145.730108
5768,40.368930,6.897000,144.990576
5769,40.375841,6.911000,144.696860
5770,40.382715,6.874000,145.475706
5771,40.389657,6.942000,144.050706
5772,40.396529,6.872000,145.518044
5773,40.402765,6.236000,160.359205
5774,40.409890,7.125000,140.350877
5775,40.417295,7.405000,135.043889
5776,40.424126,6.831000,146.391451
5777,40.431062,6.936000,144.175317
5778,40.437425,6.363000,157.158573
5779,40.444900,7.475000,133.779264
5780,40.451109,6.209000,161.056531
5781,40.458747,7.638000,130.924326
5782,40.465528,6.781000,147.470875
5783,40.472438,6.910000,144.717800
5784,40.479343,6.905000,144.822592
5785,40.486253,6.910000,144.717800
5786,40.493127,6.874000,145.475706
5787,40.499840,6.713000,148.964695
5788,40.506968,7.128000,140.291807
5789,40.513816,6.848000,146.028037
5790,40.520765,6.949000,143.905598
5791,40.527614,6.849000,146.006716
5792,40.534520,6.906000,144.801622
5793,40.541437,6.917000,144.571346
5794,40.547930,6.493000,154.012013
5795,40.555301,7.371000,135.666802
5796,40.562107,6.806000,146.929180
5797,40.569057,6.950000,143.884892
5798,40.575688,6.631000,150.806816
5799,40.582848,7.160000,139.664804
5800,40.589742,6.894000,145.053670
5801,40.595999,6.257000,159.821000
5802,40.603643,7.644000,130.821559
5803,40.610430,6.787000,147.340504
5804,40.617326,6.896000,145.011601
5805,40.624060,6.734000,148.500149
5806,40.631145,7.085000,141.143260
5807,40.637395,6.250000,160.000000
5808,40.644284,6.889000,145.158949
5809,40.651904,7.620000,131.233596
5810,40.658711,6.807000,146.907595
5811,40.664994,6.283000,159.159637
5812,40.672604,7.610000,131.406045
5813,40.679409,6.805000,146.950771
5814,40.686313,6.904000,144.843569
5815,40.693238,6.925000,144.404332
5816,40.700130,6.892000,145.095763
5817,40.707031,6.901000,144.906535
5818,40.713924,6.893000,145.074713
5819,40.720843,6.919000,144.529556
5820,40.727732,6.889000,145.158949
5821,40.734637,6.905000,144.822592
5822,40.741529,6.892000,145.095763
5823,40.747950,6.421000,155.738981
5824,40.755397,7.447000,134.282261
5825,40.762214,6.817000,146.692093
5826,40.768461,6.247000,160.076837
5827,40.776188,7.727000,129.416332
5828,40.782911,6.723000,148.743121
5829,40.789847,6.936000,144.175317
5830,40.796731,6.884000,145.264381
5831,40.803634,6.903000,144.864552
5832,40.810517,6.883000,145.285486
5833,40.817417,6.900000,144.927536
5834,40.824028,6.611000,151.263046
5835,40.830921,6.893000,145.074713
5836,40.837409,6.488000,154.130703
5837,40.845104,7.695000,129.954516
5838,40.851655,6.551000,152.648451
5839,40.858866,7.211000,138.677021
5840,40.865726,6.860000,145.772595
5841,40.872645,6.919000,144.529556
5842,40.879540,6.895000,145.032632
5843,40.886442,6.902000,144.885540
5844,40.893310,6.868000,145.602796
5845,40.900212,6.902000,144.885540
5846,40.907110,6.898000,144.969556
5847,40.913901,6.791000,147.253718
5848,40.920943,7.042000,142.005112
5849,40.927818,6.875000,145.454545
5850,40.934578,6.760000,147.928994
5851,40.941642,7.064000,141.562854
5852,40.948511,6.869000,145.581598
5853,40.955458,6.947000,143.947027
5854,40.962327,6.869000,145.581598
5855,40.969225,6.898000,144.969556
5856,40.976046,6.821000,146.606069
5857,40.982938,6.892000,145.095763
5858,40.989932,6.994000,142.979697
5859,40.996837,6.905000,144.822592
5860,41.003730,6.893000,145.074713
5861,41.010628,6.898000,144.969556
5862,41.016779,6.151000,162.575191
5863,41.024079,7.300000,136.986301
5864,41.031358,7.279000,137.381508
5865,41.038238,6.880000,145.348837
5866,41.045125,6.887000,145.201104
5867,41.052024,6.899000,144.948543
5868,41.058921,6.897000,144.990576
5869,41.065782,6.861000,145.751348
5870,41.072721,6.939000,144.112985
5871,41.079608,6.887000,145.201104
5872,41.086513,6.905000,144.822592
5873,41.093412,6.899000,144.948543
5874,41.100319,6.907000,144.780657
5875,41.107227,6.908000,144.759699
5876,41.113877,6.650000,150.375940
5877,41.121048,7.171000,139.450565
5878,41.127903,6.855000,145.878920
5879,41.134810,6.907000,144.780657
5880,41.141707,6.897000,144.990576
5881,41.148610,6.903000,144.864552
5882,41.155529,6.919000,144.529556
5883,41.161885,6.356000,157.331655
5884,41.169404,7.519000,132.996409
5885,41.176185,6.781000,147.470875
5886,41.183106,6.921000,144.487791
5887,41.190036,6.930000,144.300144
5888,41.196909,6.873000,145.496872
5889,41.203835,6.926000,144.383483
5890,41.210727,6.892000,145.095763
5891,41.217601,6.874000,145.475706
5892,41.223950,6.349000,157.505119
5893,41.231233,7.283000,137.306055
5894,41.238346,7.113000,140.587656
5895,41.245187,6.841000,146.177459
5896,41.252106,6.919000,144.529556
5897,41.259000,6.894000,145.053670
5898,41.265211,6.211000,161.004669
5899,41.272906,7.695000,129.954516
5900,41.279679,6.773000,147.645061
5901,41.286601,6.922000,144.466917
5902,41.293523,6.922000,144.466917
5903,41.300411,6.888000,145.180023
5904,41.307319,6.908000,144.759699
5905,41.314189,6.870000,145.560408
5906,41.321125,6.936000,144.175317
5907,41.328009,6.884000,145.264381
5908,41.334907,6.898000,144.969556
5909,41.341851,6.944000,144.009217
5910,41.348704,6.853000,145.921494
5911,41.355631,6.927000,144.362639
5912,41.362504,6.873000,145.496872
5913,41.369406,6.902000,144.885540
5914,41.376287,6.881000,145.327714
5915,41.383200,6.913000,144.654998
5916,41.390104,6.904000,144.843569
5917,41.396988,6.884000,145.264381
5918,41.403937,6.949000,143.905598
5919,41.410588,6.651000,150.353330
5920,41.417736,7.148000,139.899273
5921,41.424631,6.895000,145.032632
5922,41.431500,6.869000,145.581598
5923,41.438423,6.923000,144.446049
5924,41.445298,6.875000,145.454545
5925,41.452190,6.892000,145.095763
5926,41.459137,6.947000,143.947027
5927,41.466003,6.866000,145.645208
5928,41.472913,6.910000,144.717800
5929,41.479812,6.899000,144.948543
5930,41.486729,6.917000,144.571346
5931,41.493601,6.872000,145.518044
5932,41.500514,6.913000,144.654998
5933,41.507404,6.890000,145.137881
5934,41.514304,6.900000,144.927536
5935,41.521209,6.905000,144.822592
5936,41.528104,6.895000,145.032632
5937,41.534996,6.892000,145.095763
5938,41.541900,6.904000,144.843569
5939,41.548792,6.892000,145.095763
5940,41.555705,6.913000,144.654998
5941,41.562594,6.889000,145.158949
5942,41.569500,6.906000,144.801622
5943,41.576395,6.895000,145.032632
5944,41.583294,6.899000,144.948543
5945,41.590198,6.904000,144.843569
5946,41.597094,6.896000,145.011601
5947,41.604036,6.942000,144.050706
5948,41.610522,6.486000,154.178230
5949,41.617852,7.330000,136.425648
5950,41.624717,6.865000,145.666424
5951,41.631595,6.878000,145.391102
5952,41.638526,6.931000,144.279325
5953,41.645400,6.874000,145.475706
5954,41.652302,6.902000,144.885540
5955,41.659194,6.892000,145.095763
5956,41.666101,6.907000,144.780657
5957,41.672999,6.898000,144.969556
5958,41.679192,6.193000,161.472630
5959,41.686893,7.701000,129.853266
5960,41.693697,6.804000,146.972369
5961,41.700624,6.927000,144.362639
5962,41.707547,6.923000,144.446049
5963,41.714405,6.858000,145.815106
5964,41.721331,6.926000,144.383483
5965,41.728204,6.873000,145.496872
5966,41.735109,6.905000,144.822592
5967,41.742017,6.908000,144.759699
5968,41.748901,6.884000,145.264381
5969,41.755804,6.903000,144.864552
5970,41.762700,6.896000,145.011601
5971,41.769603,6.903000,144.864552
5972,41.776498,6.895000,145.032632
5973,41.783427,6.929000,144.320970
5974,41.790319,6.892000,145.095763
5975,41.796526,6.207000,161.108426
5976,41.804198,7.672000,130.344108
5977,41.810978,6.780000,147.492625
5978,41.817898,6.920000,144.508671
5979,41.824804,6.906000,144.801622
5980,41.831686,6.882000,145.306597
5981,41.838592,6.906000,144.801622
5982,41.845501,6.909000,144.738747
5983,41.852397,6.896000,145.011601
5984,41.859288,6.891000,145.116819
5985,41.866197,6.909000,144.738747
5986,41.873108,6.911000,144.696860
5987,41.879987,6.879000,145.369967
5988,41.886917,6.930000,144.300144
5989,41.893799,6.882000,145.306597
5990,41.900690,6.891000,145.116819
5991,41.907600,6.910000,144.717800
5992,41.914487,6.887000,145.201104
5993,41.921401,6.914000,144.634076
5994,41.928284,6.883000,145.285486
5995,41.934650,6.366000,157.084511
5996,41.942218,7.568000,132.135307
5997,41.948762,6.544000,152.811736
5998,41.955231,6.469000,154.583398
5999,41.962895,7.664000,130.480167
6000,41.969693,6.798000,147.102089
6001,41.976591,6.898000,144.969556
6002,41.983186,6.595000,151.630023
6003,41.990450,7.264000,137.665198
6004,41.997283,6.833000,146.348602
6005,42.004210,6.927000,144.362639
6006,42.011086,6.876000,145.433392
6007,42.017989,6.903000,144.864552
6008,42.024901,6.912000,144.675926
6009,42.031798,6.897000,144.990576
6010,42.038698,6.900000,144.927536
6011,42.045586,6.888000,145.180023
6012,42.052498,6.912000,144.675926
6013,42.059387,6.889000,145.158949
6014,42.066294,6.907000,144.780657
6015,42.073208,6.914000,144.634076
6016,42.080086,6.878000,145.391102
6017,42.087009,6.923000,144.446049
6018,42.093893,6.884000,145.264381
6019,42.100793,6.900000,144.927536
6020,42.107702,6.909000,144.738747
6021,42.114587,6.885000,145.243282
6022,42.121492,6.905000,144.822592
6023,42.128386,6.894000,145.053670
6024,42.135293,6.907000,144.780657
6025,42.142195,6.902000,144.885540
6026,42.149088,6.893000,145.074713
6027,42.156007,6.919000,144.529556
6028,42.162890,6.883000,145.285486
6029,42.169795,6.905000,144.822592
6030,42.176736,6.941000,144.071459
6031,42.183586,6.850000,145.985401
6032,42.190496,6.910000,144.717800
6033,42.197386,6.890000,145.137881
6034,42.204299,6.913000,144.654998
6035,42.211185,6.886000,145.222190
6036,42.218086,6.901000,144.906535
6037,42.224997,6.911000,144.696860
6038,42.231884,6.887000,145.201104
6039,42.238790,6.906000,144.801622
6040,42.245686,6.896000,145.011601
6041,42.252602,6.916000,144.592250
6042,42.259488,6.886000,145.222190
6043,42.266394,6.906000,144.801622
6044,42.273299,6.905000,144.822592
6045,42.280185,6.886000,145.222190
6046,42.287097,6.912000,144.675926
6047,42.293994,6.897000,144.990576
6048,42.300892,6.898000,144.969556
6049,42.307804,6.912000,144.675926
6050,42.314685,6.881000,145.327714
6051,42.321594,6.909000,144.738747
6052,42.328488,6.894000,145.053670
6053,42.335402,6.914000,144.634076
6054,42.342071,6.669000,149.947518
6055,42.349217,7.146000,139.938427
6056,42.356097,6.880000,145.348837
6057,42.362995,6.898000,144.969556
6058,42.369901,6.906000,144.801622
6059,42.376789,6.888000,145.180023
6060,42.383234,6.445000,155.159038
6061,42.390656,7.422000,134.734573
6062,42.397059,6.403000,156.176792
6063,42.404466,7.407000,135.007425
6064,42.411278,6.812000,146.799765
6065,42.418189,6.911000,144.696860
6066,42.425101,6.912000,144.675926
6067,42.431994,6.893000,145.074713
6068,42.438903,6.909000,144.738747
6069,42.445827,6.924000,144.425188
6070,42.452736,6.909000,144.738747
6071,42.459595,6.859000,145.793847
6072,42.466513,6.918000,144.550448
6073,42.473419,6.906000,144.801622
6074,42.480315,6.896000,145.011601
6075,42.487218,6.903000,144.864552
6076,42.494124,6.906000,144.801622
6077,42.501011,6.887000,145.201104
6078,42.507936,6.925000,144.404332
6079,42.514794,6.858000,145.815106
6080,42.521726,6.932000,144.258511
6081,42.528607,6.881000,145.327714
6082,42.535512,6.905000,144.822592
6083,42.542400,6.888000,145.180023
6084,42.549296,6.896000,145.011601
6085,42.556205,6.909000,144.738747
6086,42.563108,6.903000,144.864552
6087,42.570000,6.892000,145.095763
6088,42.576892,6.892000,145.095763
6089,42.583695,6.803000,146.993973
6090,42.590715,7.020000,142.450142
6091,42.597591,6.876000,145.433392
6092,42.604495,6.904000,144.843569
6093,42.611403,6.908000,144.759699
6094,42.618320,6.917000,144.571346
6095,42.625231,6.911000,144.696860
6096,42.632104,6.873000,145.496872
6097,42.638771,6.667000,149.992500
6098,42.645625,6.854000,145.900204
6099,42.652835,7.210000,138.696255
6100,42.659121,6.286000,159.083678
6101,42.666671,7.550000,132.450331
6102,42.673489,6.818000,146.670578
6103,42.680408,6.919000,144.529556
6104,42.687305,6.897000,144.990576
6105,42.693963,6.658000,150.195254
6106,42.701130,7.167000,139.528394
6107,42.708006,6.876000,145.433392
6108,42.714886,6.880000,145.348837
6109,42.721836,6.950000,143.884892
6110,42.728691,6.855000,145.878920
6111,42.735198,6.507000,153.680652
6112,42.742553,7.355000,135.961931
6113,42.749383,6.830000,146.412884
6114,42.756307,6.924000,144.425188
6115,42.763203,6.896000,145.011601
6116,42.770096,6.893000,145.074713
6117,42.777035,6.939000,144.112985
6118,42.783192,6.157000,162.416761
6119,42.790874,7.682000,130.174434
6120,42.797678,6.804000,146.972369
6121,42.804527,6.849000,146.006716
6122,42.811498,6.971000,143.451442
6123,42.818395,6.897000,144.990576
6124,42.825304,6.909000,144.738747
6125,42.832186,6.882000,145.306597
6126,42.839105,6.919000,144.529556
6127,42.846033,6.928000,144.341801
6128,42.852889,6.856000,145.857643
6129,42.859788,6.899000,144.948543
6130,42.866727,6.939000,144.112985
6131,42.873618,6.891000,145.116819
6132,42.880495,6.877000,145.412244
6133,42.887406,6.911000,144.696860
6134,42.894308,6.902000,144.885540
6135,42.901188,6.880000,145.348837
6136,42.908098,6.910000,144.717800
6137,42.914996,6.898000,144.969556
6138,42.921882,6.886000,145.222190
6139,42.928793,6.911000,144.696860
6140,42.935717,6.924000,144.425188
6141,42.942586,6.869000,145.581598
6142,42.949490,6.904000,144.843569
6143,42.956408,6.918000,144.550448
6144,42.963295,6.887000,145.201104
6145,42.969886,6.591000,151.722045
6146,42.977139,7.253000,137.873983
6147,42.983983,6.844000,146.113384
6148,42.990903,6.920000,144.508671
6149,42.997789,6.886000,145.222190
6150,43.004700,6.911000,144.696860
6151,43.011602,6.902000,144.885540
6152,43.018486,6.884000,145.264381
6153,43.025419,6.933000,144.237704
6154,43.032285,6.866000,145.645208
6155,43.039216,6.931000,144.279325
6156,43.046086,6.870000,145.560408
6157,43.052998,6.912000,144.675926
6158,43.059888,6.890000,145.137881
6159,43.066803,6.915000,144.613160
6160,43.073704,6.901000,144.906535
6161,43.080613,6.909000,144.738747
6162,43.087204,6.591000,151.722045
6163,43.094461,7.257000,137.797988
6164,43.101310,6.849000,146.006716
6165,43.108232,6.922000,144.466917
6166,43.115108,6.876000,145.433392
6167,43.122035,6.927000,144.362639
6168,43.128907,6.872000,145.518044
6169,43.135830,6.923000,144.446049
6170,43.142725,6.895000,145.032632
6171,43.149607,6.882000,145.306597
6172,43.156508,6.901000,144.906535
6173,43.163408,6.900000,144.927536
6174,43.170324,6.916000,144.592250
6175,43.177196,6.872000,145.518044
6176,43.184098,6.902000,144.885540
6177,43.191031,6.933000,144.237704
6178,43.197939,6.908000,144.759699
6179,43.204824,6.885000,145.243282
6180,43.211710,6.886000,145.222190
6181,43.218604,6.894000,145.053670
6182,43.225534,6.930000,144.300144
6183,43.232403,6.869000,145.581598
6184,43.239321,6.918000,144.550448
6185,43.246209,6.888000,145.180023
6186,43.253122,6.913000,144.654998
6187,43.260002,6.880000,145.348837
6188,43.266912,6.910000,144.717800
6189,43.273830,6.918000,144.550448
6190,43.280701,6.871000,145.539223
6191,43.287619,6.918000,144.550448
6192,43.294504,6.885000,145.243282
6193,43.301396,6.892000,145.095763
6194,43.308326,6.930000,144.300144
6195,43.315189,6.863000,145.708874
6196,43.322112,6.923000,144.446049
6197,43.328991,6.879000,145.369967
6198,43.335951,6.960000,143.678161
6199,43.342796,6.845000,146.092038
6200,43.349718,6.922000,144.466917
6201,43.356640,6.922000,144.466917
6202,43.363525,6.885000,145.243282
6203,43.370326,6.801000,147.037200
6204,43.377337,7.011000,142.633005
6205,43.384214,6.877000,145.412244
6206,43.391130,6.916000,144.592250
6207,43.398041,6.911000,144.696860
6208,43.404943,6.902000,144.885540
6209,43.411824,6.881000,145.327714
6210,43.418744,6.920000,144.508671
6211,43.425639,6.895000,145.032632
6212,43.432516,6.877000,145.412244
6213,43.439427,6.911000,144.696860
6214,43.446324,6.897000,144.990576
6215,43.453248,6.924000,144.425188
6216,43.460114,6.866000,145.645208
6217,43.467016,6.902000,144.885540
6218,43.473940,6.924000,144.425188
6219,43.480819,6.879000,145.369967
6220,43.487733,6.914000,144.634076
6221,43.494607,6.874000,145.475706
6222,43.501488,6.881000,145.327714
6223,43.508410,6.922000,144.466917
6224,43.515288,6.878000,145.391102
6225,43.522225,6.937000,144.154534
6226,43.529084,6.859000,145.793847
6227,43.536013,6.929000,144.320970
6228,43.542903,6.890000,145.137881
6229,43.549310,6.407000,156.079288
6230,43.556767,7.457000,134.102186
6231,43.563596,6.829000,146.434324
6232,43.570504,6.908000,144.759699
6233,43.577398,6.894000,145.053670
6234,43.583551,6.153000,162.522347
6235,43.591310,7.759000,128.882588
6236,43.598087,6.777000,147.557916
6237,43.604545,6.458000,154.846702
6238,43.611945,7.400000,135.135135
6239,43.618781,6.836000,146.284377
6240,43.625714,6.933000,144.237704
6241,43.632589,6.875000,145.454545
6242,43.639511,6.922000,144.466917
6243,43.646397,6.886000,145.222190
6244,43.653307,6.910000,144.717800
6245,43.660186,6.879000,145.369967
6246,43.667108,6.922000,144.466917
6247,43.674001,6.893000,145.074713
6248,43.680902,6.901000,144.906535
6249,43.687813,6.911000,144.696860
6250,43.694696,6.883000,145.285486
6251,43.701589,6.893000,145.074713
6252,43.708514,6.925000,144.404332
6253,43.715390,6.876000,145.433392
6254,43.722310,6.920000,144.508671
6255,43.729235,6.925000,144.404332
6256,43.736129,6.894000,145.053670
6257,43.743049,6.920000,144.508671
6258,43.749920,6.871000,145.539223
6259,43.756842,6.922000,144.466917
6260,43.763711,6.869000,145.581598
6261,43.769912,6.201000,161.264312
6262,43.777603,7.691000,130.022104
6263,43.784397,6.794000,147.188696
6264,43.791344,6.947000,143.947027
6265,43.798203,6.859000,145.793847
6266,43.805155,6.952000,143.843498
6267,43.812015,6.860000,145.772595
6268,43.818915,6.900000,144.927536
6269,43.825829,6.914000,144.634076
6270,43.832716,6.887000,145.201104
6271,43.839638,6.922000,144.466917
6272,43.846526,6.888000,145.180023
6273,43.853412,6.886000,145.222190
6274,43.860371,6.959000,143.698807
6275,43.866631,6.260000,159.744409
6276,43.874233,7.602000,131.544330
6277,43.880972,6.739000,148.389969
6278,43.887257,6.285000,159.108990
6279,43.894871,7.614000,131.337011
6280,43.901719,6.848000,146.028037
6281,43.908603,6.884000,145.264381
6282,43.915526,6.923000,144.446049
6283,43.922436,6.910000,144.717800
6284,43.929352,6.916000,144.592250
6285,43.936220,6.868000,145.602796
6286,43.943110,6.890000,145.137881
6287,43.949986,6.876000,145.433392
6288,43.956902,6.916000,144.592250
6289,43.963800,6.898000,144.969556
6290,43.970180,6.380000,156.739812
6291,43.977665,7.485000,133.600534
6292,43.984498,6.833000,146.348602
6293,43.991403,6.905000,144.822592
6294,43.998311,6.908000,144.759699
6295,44.005216,6.905000,144.822592
6296,44.012097,6.881000,145.327714
6297,44.019024,6.927000,144.362639
6298,44.025902,6.878000,145.391102
6299,44.032802,6.900000,144.927536
6300,44.039760,6.958000,143.719460
6301,44.046576,6.816000,146.713615
6302,44.053535,6.959000,143.698807
6303,44.060430,6.895000,145.032632
6304,44.067322,6.892000,145.095763
6305,44.074206,6.884000,145.264381
6306,44.081096,6.890000,145.137881
6307,44.088016,6.920000,144.508671
6308,44.094909,6.893000,145.074713
6309,44.101798,6.889000,145.158949
6310,44.108721,6.923000,144.446049
6311,44.115594,6.873000,145.496872
6312,44.122525,6.931000,144.279325
6313,44.129415,6.890000,145.137881
6314,44.136326,6.911000,144.696860
6315,44.143193,6.867000,145.623999
6316,44.150115,6.922000,144.466917
6317,44.157025,6.910000,144.717800
6318,44.163906,6.881000,145.327714
6319,44.170195,6.289000,159.007791
6320,44.177790,7.595000,131.665569
6321,44.184601,6.811000,146.821318
6322,44.191542,6.941000,144.071459
6323,44.198407,6.865000,145.666424
6324,44.205338,6.931000,144.279325
6325,44.212214,6.876000,145.433392
6326,44.219127,6.913000,144.654998
6327,44.226003,6.876000,145.433392
6328,44.232940,6.937000,144.154534
6329,44.239898,6.958000,143.719460
6330,44.246743,6.845000,146.092038
6331,44.253679,6.936000,144.175317
6332,44.260573,6.894000,145.053670
6333,44.267455,6.882000,145.306597
6334,44.274342,6.887000,145.201104
6335,44.280784,6.442000,155.231295
6336,44.288194,7.410000,134.952767
6337,44.295143,6.949000,143.905598
6338,44.301764,6.621000,151.034587
6339,44.308901,7.137000,140.114894
6340,44.315243,6.342000,157.678966
6341,44.322765,7.522000,132.943366
6342,44.329515,6.750000,148.148148
6343,44.336496,6.981000,143.245953
6344,44.342755,6.259000,159.769931
6345,44.349843,7.088000,141.083521
6346,44.357246,7.403000,135.080373
6347,44.363776,6.530000,153.139357
6348,44.371003,7.227000,138.370001
6349,44.377111,6.108000,163.719712
6350,44.384887,7.776000,128.600823
6351,44.391735,6.848000,146.028037
6352,44.397874,6.139000,162.892979
6353,44.405574,7.700000,129.870130
6354,44.412397,6.823000,146.563095
6355,44.418848,6.451000,155.014726
6356,44.426307,7.459000,134.066229
6357,44.433076,6.769000,147.732309
6358,44.440011,6.935000,144.196107
6359,44.446643,6.632000,150.784077
6360,44.453829,7.186000,139.159477
6361,44.460594,6.765000,147.819660
6362,44.467537,6.943000,144.029958
6363,44.473973,6.436000,155.376010
6364,44.480789,6.816000,146.713615
6365,44.488382,7.593000,131.700250
6366,44.495147,6.765000,147.819660
6367,44.502023,6.876000,145.433392
6368,44.508981,6.958000,143.719460
6369,44.515845,6.864000,145.687646
6370,44.522531,6.686000,149.566258
6371,44.529683,7.152000,139.821029
6372,44.536616,6.933000,144.237704
6373,44.543509,6.893000,145.074713
6374,44.549754,6.245000,160.128102
6375,44.556949,7.195000,138.985407
6376,44.563559,6.610000,151.285930
6377,44.571176,7.617000,131.285283
6378,44.577540,6.364000,157.133878
6379,44.584892,7.352000,136.017410
6380,44.591543,6.651000,150.353330
6381,44.598326,6.783000,147.427392
6382,44.605689,7.363000,135.814206
6383,44.611928,6.239000,160.282096
6384,44.619028,7.100000,140.845070
6385,44.626348,7.320000,136.612022
6386,44.633204,6.856000,145.857643
6387,44.640077,6.873000,145.496872
6388,44.646955,6.878000,145.391102
6389,44.653952,6.997000,142.918394
6390,44.660062,6.110000,163.666121
6391,44.666972,6.910000,144.717800
6392,44.674554,7.582000,131.891322
6393,44.680866,6.312000,158.428390
6394,44.687990,7.124000,140.370578
6395,44.694722,6.732000,148.544266
6396,44.702232,7.510000,133.155792
6397,44.709070,6.838000,146.241591
6398,44.715734,6.664000,150.060024
6399,44.722838,7.104000,140.765766
6400,44.729703,6.865000,145.666424
6401,44.736668,6.965000,143.575018
6402,44.743525,6.857000,145.836372
6403,44.750412,6.887000,145.201104
6404,44.756756,6.344000,157.629256
6405,44.764291,7.535000,132.714001
6406,44.771117,6.826000,146.498682
6407,44.778003,6.886000,145.222190
6408,44.784912,6.909000,144.738747
6409,44.791856,6.944000,144.009217
6410,44.798063,6.207000,161.108426
6411,44.805709,7.646000,130.787340
6412,44.812272,6.563000,152.369343
6413,44.819445,7.173000,139.411683
6414,44.826318,6.873000,145.496872
6415,44.833205,6.887000,145.201104
6416,44.840106,6.901000,144.906535
6417,44.847036,6.930000,144.300144
6418,44.853926,6.890000,145.137881
6419,44.860812,6.886000,145.222190
6420,44.867709,6.897000,144.990576
6421,44.873917,6.208000,161.082474
6422,44.881586,7.669000,130.395097
6423,44.888419,6.833000,146.348602
6424,44.895213,6.794000,147.188696
6425,44.902234,7.021000,142.429853
6426,44.909126,6.892000,145.095763
6427,44.916040,6.914000,144.634076
6428,44.922939,6.899000,144.948543
6429,44.929846,6.907000,144.780657
6430,44.936744,6.898000,144.969556
6431,44.943382,6.638000,150.647785
6432,44.950556,7.174000,139.392250
6433,44.956732,6.176000,161.917098
6434,44.964413,7.681000,130.191381
6435,44.971217,6.804000,146.972369
6436,44.978116,6.899000,144.948543
6437,44.985032,6.916000,144.592250
6438,44.991925,6.893000,145.074713
6439,44.998818,6.893000,145.074713
6440,45.005561,6.743000,148.301943
