frame,time_s,frame_ms,fps
1,0.065498,65.498000,15.267642
2,0.139996,74.498000,13.423179
3,0.191386,51.390000,19.459039
4,0.191908,0.522000,1915.708812
5,0.200486,8.578000,116.577291
6,0.204168,3.682000,271.591526
7,0.216929,12.761000,78.363765
8,0.229553,12.624000,79.214195
9,0.241599,12.046000,83.015109
10,0.243903,2.304000,434.027778
11,0.259922,16.019000,62.425869
12,0.261517,1.595000,626.959248
13,0.270380,8.863000,112.828613
14,0.274244,3.864000,258.799172
15,0.279805,5.561000,179.823773
16,0.319466,39.661000,25.213686
17,0.320013,0.547000,1828.153565
18,0.323908,3.895000,256.739409
19,0.329837,5.929000,168.662506
20,0.334787,4.950000,202.020202
21,0.338946,4.159000,240.442414
22,0.352944,13.998000,71.438777
23,0.365863,12.919000,77.405372
24,0.379204,13.341000,74.956900
25,0.390693,11.489000,87.039777
26,0.405443,14.750000,67.796610
27,0.417738,12.295000,81.333876
28,0.430983,13.245000,75.500189
29,0.444033,13.050000,76.628352
30,0.457689,13.656000,73.227885
31,0.470837,13.148000,76.057195
32,0.484245,13.408000,74.582339
33,0.497425,13.180000,75.872534
34,0.510664,13.239000,75.534406
35,0.525108,14.444000,69.232899
36,0.537897,12.789000,78.192196
37,0.550903,13.006000,76.887590
38,0.564843,13.940000,71.736011
39,0.577899,13.056000,76.593137
40,0.592180,14.281000,70.023108
41,0.604400,12.220000,81.833061
42,0.617704,13.304000,75.165364
43,0.631011,13.307000,75.148418
44,0.644022,13.011000,76.858043
45,0.657866,13.844000,72.233459
46,0.671240,13.374000,74.771946
47,0.684108,12.868000,77.712154
48,0.697514,13.406000,74.593466
49,0.711119,13.605000,73.502389
50,0.724469,13.350000,74.906367
51,0.737572,13.103000,76.318400
52,0.750715,13.143000,76.086129
53,0.764048,13.333000,75.001875
54,0.777432,13.384000,74.716079
55,0.790604,13.172000,75.918615
56,0.803899,13.295000,75.216247
57,0.817529,13.630000,73.367572
58,0.831032,13.503000,74.057617
59,0.844382,13.350000,74.906367
60,0.858031,13.649000,73.265441
61,0.871405,13.374000,74.771946
62,0.884967,13.562000,73.735437
63,0.898099,13.132000,76.149863
64,0.912313,14.214000,70.353173
65,0.924809,12.496000,80.025608
66,0.938169,13.360000,74.850299
67,0.951446,13.277000,75.318219
68,0.965370,13.924000,71.818443
69,0.978797,13.427000,74.476800
70,0.994681,15.884000,62.956434
71,1.004971,10.290000,97.181730
72,1.018369,13.398000,74.638006
73,1.032075,13.706000,72.960747
74,1.046512,14.437000,69.266468
75,1.059812,13.300000,75.187970
76,1.072055,12.243000,81.679327
77,1.085384,13.329000,75.024383
78,1.098899,13.515000,73.991861
79,1.112885,13.986000,71.500072
80,1.132022,19.137000,52.254794
81,1.139865,7.843000,127.502231
82,1.151603,11.738000,85.193389
83,1.165192,13.589000,73.588932
84,1.179110,13.918000,71.849404
85,1.191913,12.803000,78.106694
86,1.205246,13.333000,75.001875
87,1.219713,14.467000,69.122831
88,1.231725,12.012000,83.250083
89,1.244350,12.625000,79.207921
90,1.258102,13.752000,72.716696
91,1.271902,13.800000,72.463768
92,1.284274,12.372000,80.827675
93,1.298062,13.788000,72.526835
94,1.311253,13.191000,75.809264
95,1.328291,17.038000,58.692335
96,1.337996,9.705000,103.039670
97,1.351247,13.251000,75.466003
98,1.364163,12.916000,77.423351
99,1.380189,16.026000,62.398602
100,1.391206,11.017000,90.768812
101,1.404864,13.658000,73.217162
102,1.418346,13.482000,74.172971
103,1.433782,15.436000,64.783623
104,1.445494,11.712000,85.382514
105,1.458617,13.123000,76.202088
106,1.472166,13.549000,73.806185
107,1.485755,13.589000,73.588932
108,1.498508,12.753000,78.412922
109,1.512677,14.169000,70.576611
110,1.526347,13.670000,73.152890
111,1.539675,13.328000,75.030012
112,1.551902,12.227000,81.786211
113,1.565086,13.184000,75.849515
114,1.578730,13.644000,73.292290
115,1.592739,14.009000,71.382683
116,1.605127,12.388000,80.723281
117,1.618882,13.755000,72.700836
118,1.633334,14.452000,69.194575
119,1.645602,12.268000,81.512879
120,1.658430,12.828000,77.954475
121,1.672724,14.294000,69.959424
122,1.685146,12.422000,80.502335
123,1.699014,13.868000,72.108451
124,1.713055,14.041000,71.219999
125,1.729374,16.319000,61.278265
126,1.738643,9.269000,107.886503
127,1.751913,13.270000,75.357950
128,1.764670,12.757000,78.388336
129,1.779105,14.435000,69.276065
130,1.791613,12.508000,79.948833
131,1.808302,16.689000,59.919708
132,1.817690,9.388000,106.518960
133,1.831758,14.068000,71.083310
134,1.844751,12.993000,76.964519
135,1.858305,13.554000,73.778958
136,1.871864,13.559000,73.751752
137,1.885741,13.877000,72.061685
138,1.898422,12.681000,78.858134
139,1.916606,18.184000,54.993401
140,1.925238,8.632000,115.848007
141,1.938427,13.189000,75.820760
142,1.951437,13.010000,76.863951
143,1.964581,13.144000,76.080341
144,1.982438,17.857000,56.000448
145,1.991415,8.977000,111.395789
146,2.004886,13.471000,74.233539
147,2.018298,13.412000,74.560095
148,2.031500,13.202000,75.746099
149,2.044250,12.750000,78.431373
150,2.058129,13.879000,72.051301
151,2.071298,13.169000,75.935910
152,2.084252,12.954000,77.196233
153,2.098000,13.748000,72.737853
154,2.111193,13.193000,75.797772
155,2.124083,12.890000,77.579519
156,2.138246,14.163000,70.606510
157,2.151218,12.972000,77.089115
158,2.164128,12.910000,77.459334
159,2.177858,13.730000,72.833212
160,2.191421,13.563000,73.730001
161,2.204300,12.879000,77.645780
162,2.218093,13.793000,72.500544
163,2.231363,13.270000,75.357950
164,2.245777,14.414000,69.376995
165,2.257719,11.942000,83.738067
166,2.271221,13.502000,74.063102
167,2.284143,12.922000,77.387401
168,2.297891,13.748000,72.737853
169,2.311195,13.304000,75.165364
170,2.323996,12.801000,78.118897
171,2.337679,13.683000,73.083388
172,2.350995,13.316000,75.097627
173,2.364421,13.426000,74.482348
174,2.378006,13.585000,73.610600
175,2.391076,13.070000,76.511094
176,2.409295,18.219000,54.887755
177,2.417898,8.603000,116.238521
178,2.431301,13.403000,74.610162
179,2.444192,12.891000,77.573501
180,2.458155,13.963000,71.617847
181,2.471150,12.995000,76.952674
182,2.484577,13.427000,74.476800
183,2.497766,13.189000,75.820760
184,2.511077,13.311000,75.125836
185,2.524559,13.482000,74.172971
186,2.537873,13.314000,75.108908
187,2.551883,14.010000,71.377587
188,2.564578,12.695000,78.771170
189,2.579013,14.435000,69.276065
190,2.592265,13.252000,75.460308
191,2.604844,12.579000,79.497575
192,2.619259,14.415000,69.372182
193,2.631362,12.103000,82.624143
194,2.647854,16.492000,60.635460
195,2.658684,10.830000,92.336103
196,2.672155,13.471000,74.233539
197,2.684643,12.488000,80.076874
198,2.698429,13.786000,72.537357
199,2.711712,13.283000,75.284198
200,2.734202,22.490000,44.464206
201,2.750857,16.655000,60.042029
202,2.758361,7.504000,133.262260
203,2.763805,5.444000,183.688464
204,2.778313,14.508000,68.927488
205,2.793954,15.641000,63.934531
206,2.804516,10.562000,94.679038
207,2.818097,13.581000,73.632280
208,2.831498,13.401000,74.621297
209,2.844084,12.586000,79.453361
210,2.857832,13.748000,72.737853
211,2.871090,13.258000,75.426158
212,2.884226,13.136000,76.126675
213,2.897688,13.462000,74.283167
214,2.911194,13.506000,74.041167
215,2.923951,12.757000,78.388336
216,2.941620,17.669000,56.596299
217,2.951118,9.498000,105.285323
218,2.964040,12.922000,77.387401
219,2.977959,13.919000,71.844242
220,2.991557,13.598000,73.540227
221,3.004767,13.210000,75.700227
222,3.018386,13.619000,73.426830
223,3.031826,13.440000,74.404762
224,3.045336,13.510000,74.019245
225,3.060077,14.741000,67.838003
226,3.072456,12.379000,80.781969
227,3.085572,13.116000,76.242757
228,3.097917,12.345000,81.004455
229,3.112455,14.538000,68.785252
230,3.128974,16.519000,60.536352
231,3.138342,9.368000,106.746371
232,3.151380,13.038000,76.698880
233,3.166822,15.442000,64.758451
234,3.178551,11.729000,85.258760
235,3.192100,13.549000,73.806185
236,3.205604,13.504000,74.052133
237,3.218699,13.095000,76.365025
238,3.231997,13.298000,75.199278
239,3.245411,13.414000,74.548979
240,3.258653,13.242000,75.517293
241,3.272483,13.830000,72.306580
242,3.285124,12.641000,79.107666
243,3.298677,13.553000,73.784402
244,3.311770,13.093000,76.376690
245,3.326938,15.168000,65.928270
246,3.338837,11.899000,84.040676
247,3.351868,13.031000,76.740081
248,3.365530,13.662000,73.195725
249,3.378666,13.136000,76.126675
250,3.391882,13.216000,75.665860
251,3.405957,14.075000,71.047957
252,3.418740,12.783000,78.228898
253,3.432190,13.450000,74.349442
254,3.444766,12.576000,79.516539
255,3.458447,13.681000,73.094072
256,3.471736,13.289000,75.250207
257,3.485067,13.331000,75.013127
258,3.498615,13.548000,73.811633
259,3.511432,12.817000,78.021378
260,3.525247,13.815000,72.385089
261,3.544977,19.730000,50.684237
262,3.564260,19.283000,51.859151
263,3.572060,7.800000,128.205128
264,3.578494,6.434000,155.424308
265,3.592234,13.740000,72.780204
266,3.607214,14.980000,66.755674
267,3.617999,10.785000,92.721372
268,3.631265,13.266000,75.380672
269,3.644735,13.470000,74.239050
270,3.659055,14.320000,69.832402
271,3.672043,12.988000,76.994148
272,3.685614,13.571000,73.686537
273,3.699009,13.395000,74.654722
274,3.711314,12.305000,81.267777
275,3.724995,13.681000,73.094072
276,3.738022,13.027000,76.763645
277,3.751782,13.760000,72.674419
278,3.765084,13.302000,75.176665
279,3.778252,13.168000,75.941677
280,3.791642,13.390000,74.682599
281,3.804927,13.285000,75.272864
282,3.818207,13.280000,75.301205
283,3.831488,13.281000,75.295535
284,3.845025,13.537000,73.871611
285,3.858558,13.533000,73.893446
286,3.871708,13.150000,76.045627
287,3.885594,13.886000,72.014979
288,3.899084,13.490000,74.128984
289,3.912405,13.321000,75.069439
290,3.926038,13.633000,73.351427
291,3.938935,12.897000,77.537412
292,3.952515,13.580000,73.637703
293,3.966532,14.017000,71.341942
294,3.978273,11.741000,85.171621
295,3.993022,14.749000,67.801207
296,4.004933,11.911000,83.956007
297,4.018555,13.622000,73.410659
298,4.031908,13.353000,74.889538
299,4.045346,13.438000,74.415836
300,4.058686,13.340000,74.962519
301,4.071986,13.300000,75.187970
302,4.085257,13.271000,75.352272
303,4.098861,13.604000,73.507792
304,4.112017,13.156000,76.010946
305,4.125590,13.573000,73.675680
306,4.138554,12.964000,77.136686
307,4.151928,13.374000,74.771946
308,4.165195,13.267000,75.374991
309,4.178528,13.333000,75.001875
310,4.191741,13.213000,75.683039
311,4.205222,13.481000,74.178473
312,4.218362,13.140000,76.103501
313,4.232011,13.649000,73.265441
314,4.244784,12.773000,78.290143
315,4.258401,13.617000,73.437615
316,4.271455,13.054000,76.604872
317,4.284850,13.395000,74.654722
318,4.298538,13.688000,73.056692
319,4.311376,12.838000,77.893753
320,4.324717,13.341000,74.956900
321,4.338594,13.877000,72.061685
322,4.358798,20.204000,49.495149
323,4.377254,18.456000,54.182922
324,4.384718,7.464000,133.976420
325,4.389891,5.173000,193.311425
326,4.393525,3.634000,275.178866
327,4.404546,11.021000,90.735868
328,4.421235,16.689000,59.919708
329,4.431036,9.801000,102.030405
330,4.444853,13.817000,72.374611
331,4.458265,13.412000,74.560095
332,4.471603,13.338000,74.973759
333,4.484669,13.066000,76.534517
334,4.497973,13.304000,75.165364
335,4.511034,13.061000,76.563816
336,4.524496,13.462000,74.283167
337,4.537513,13.017000,76.822617
338,4.551440,13.927000,71.802973
339,4.569760,18.320000,54.585153
340,4.577733,7.973000,125.423304
341,4.591124,13.391000,74.677022
342,4.604620,13.496000,74.096028
343,4.617952,13.332000,75.007501
344,4.631208,13.256000,75.437538
345,4.645578,14.370000,69.589422
346,4.657912,12.334000,81.076699
347,4.670961,13.049000,76.634225
348,4.684787,13.826000,72.327499
349,4.698223,13.436000,74.426913
350,4.711491,13.268000,75.369310
351,4.724744,13.253000,75.454614
352,4.737981,13.237000,75.545819
353,4.751537,13.556000,73.768073
354,4.765126,13.589000,73.588932
355,4.778129,13.003000,76.905330
356,4.791253,13.124000,76.196282
357,4.804756,13.503000,74.057617
358,4.818190,13.434000,74.437993
359,4.831981,13.791000,72.511058
360,4.844530,12.549000,79.687625
361,4.858797,14.267000,70.091820
362,4.872224,13.427000,74.476800
363,4.884652,12.428000,80.463470
364,4.897991,13.339000,74.968139
365,4.911367,13.376000,74.760766
366,4.925454,14.087000,70.987435
367,4.938151,12.697000,78.758762
368,4.951501,13.350000,74.906367
369,4.965502,14.001000,71.423470
370,4.978118,12.616000,79.264426
371,4.991469,13.351000,74.900756
372,5.004632,13.163000,75.970523
373,5.019326,14.694000,68.054988
374,5.031412,12.086000,82.740361
375,5.044616,13.204000,75.734626
376,5.058089,13.473000,74.222519
377,5.071417,13.328000,75.030012
378,5.085454,14.037000,71.240294
379,5.098095,12.641000,79.107666
380,5.111378,13.283000,75.284198
381,5.125749,14.371000,69.584580
382,5.137941,12.192000,82.020997
383,5.151137,13.196000,75.780540
384,5.167969,16.832000,59.410646
385,5.180262,12.293000,81.347108
386,5.191064,10.802000,92.575449
387,5.204381,13.317000,75.091988
388,5.218379,13.998000,71.438777
389,5.231274,12.895000,77.549438
390,5.244427,13.153000,76.028283
391,5.257703,13.276000,75.323893
392,5.271143,13.440000,74.404762
393,5.284875,13.732000,72.822604
394,5.298028,13.153000,76.028283
395,5.311007,12.979000,77.047538
396,5.324395,13.388000,74.693756
397,5.337860,13.465000,74.266617
398,5.351629,13.769000,72.626916
399,5.364955,13.326000,75.041273
400,5.378775,13.820000,72.358900
401,5.391337,12.562000,79.605158
402,5.404598,13.261000,75.409094
403,5.417868,13.270000,75.357950
404,5.431157,13.289000,75.250207
405,5.445177,14.020000,71.326676
406,5.458878,13.701000,72.987373
407,5.471263,12.385000,80.742834
408,5.484789,13.526000,73.931687
409,5.497988,13.199000,75.763315
410,5.511313,13.325000,75.046904
411,5.524697,13.384000,74.716079
412,5.538510,13.813000,72.395569
413,5.551246,12.736000,78.517588
414,5.564286,13.040000,76.687117
415,5.577861,13.575000,73.664825
416,5.592110,14.249000,70.180364
417,5.604382,12.272000,81.486310
418,5.617935,13.553000,73.784402
419,5.631220,13.285000,75.272864
420,5.644425,13.205000,75.728891
421,5.657775,13.350000,74.906367
422,5.671191,13.416000,74.537865
423,5.684793,13.602000,73.518600
424,5.698676,13.883000,72.030541
425,5.711617,12.941000,77.273781
426,5.724496,12.879000,77.645780
427,5.738119,13.623000,73.405270
428,5.751290,13.171000,75.924379
429,5.764838,13.548000,73.811633
430,5.778120,13.282000,75.289866
431,5.791245,13.125000,76.190476
432,5.805210,13.965000,71.607590
433,5.818125,12.915000,77.429346
434,5.831971,13.846000,72.223025
435,5.844666,12.695000,78.771170
436,5.858220,13.554000,73.778958
437,5.872702,14.482000,69.051236
438,5.884849,12.147000,82.324854
439,5.897688,12.839000,77.887686
440,5.911255,13.567000,73.708263
441,5.924456,13.201000,75.751837
442,5.938179,13.723000,72.870364
443,5.950985,12.806000,78.088396
444,5.964324,13.339000,74.968139
445,5.986447,22.123000,45.201826
446,6.003657,17.210000,58.105752
447,6.011154,7.497000,133.386688
448,6.017066,5.912000,169.147497
449,6.031065,13.999000,71.433674
450,6.046640,15.575000,64.205457
451,6.057826,11.186000,89.397461
452,6.070925,13.099000,76.341705
453,6.084575,13.650000,73.260073
454,6.098084,13.509000,74.024724
455,6.111526,13.442000,74.393691
456,6.124380,12.854000,77.796795
457,6.137668,13.288000,75.255870
458,6.151103,13.435000,74.432453
459,6.165865,14.762000,67.741498
460,6.177498,11.633000,85.962348
461,6.194506,17.008000,58.795861
462,6.203852,9.346000,106.997646
463,6.217478,13.626000,73.389109
464,6.231037,13.559000,73.751752
465,6.244128,13.091000,76.388358
466,6.257334,13.206000,75.723156
467,6.271479,14.145000,70.696359
468,6.284054,12.575000,79.522863
469,6.297351,13.297000,75.204933
470,6.311182,13.831000,72.301352
471,6.324942,13.760000,72.674419
472,6.337651,12.709000,78.684397
473,6.351237,13.586000,73.605182
474,6.364580,13.343000,74.945664
475,6.378154,13.574000,73.670252
476,6.391623,13.469000,74.244562
477,6.404561,12.938000,77.291699
478,6.417853,13.292000,75.233223
479,6.430580,12.727000,78.573112
480,6.443894,13.314000,75.108908
481,6.457302,13.408000,74.582339
482,6.470520,13.218000,75.654411
483,6.483832,13.312000,75.120192
484,6.497167,13.335000,74.990626
485,6.510261,13.094000,76.370857
486,6.523571,13.310000,75.131480
487,6.536929,13.358000,74.861506
488,6.550126,13.197000,75.774797
489,6.563491,13.365000,74.822297
490,6.576716,13.225000,75.614367
491,6.590011,13.295000,75.216247
492,6.603605,13.594000,73.561866
493,6.616805,13.200000,75.757576
494,6.630256,13.451000,74.343915
495,6.643638,13.382000,74.727246
496,6.656931,13.293000,75.227563
497,6.670409,13.478000,74.194984
498,6.683614,13.205000,75.728891
499,6.696944,13.330000,75.018755
500,6.710055,13.111000,76.271833
501,6.723386,13.331000,75.013127
502,6.736790,13.404000,74.604596
503,6.750189,13.399000,74.632435
504,6.763362,13.173000,75.912852
505,6.776783,13.421000,74.510096
506,6.790126,13.343000,74.945664
507,6.803321,13.195000,75.786283
508,6.816621,13.300000,75.187970
509,6.830100,13.479000,74.189480
510,6.843268,13.168000,75.941677
511,6.856754,13.486000,74.150971
512,6.869968,13.214000,75.677312
513,6.883291,13.323000,75.058170
514,6.896551,13.260000,75.414781
515,6.910254,13.703000,72.976720
516,6.923556,13.302000,75.176665
517,6.936884,13.328000,75.030012
518,6.955090,18.206000,54.926947
519,6.963380,8.290000,120.627262
520,6.976782,13.402000,74.615729
521,6.990240,13.458000,74.305246
522,7.003942,13.702000,72.982046
523,7.016771,12.829000,77.948398
524,7.030249,13.478000,74.194984
525,7.043564,13.315000,75.103267
526,7.056964,13.400000,74.626866
527,7.070344,13.380000,74.738416
528,7.083872,13.528000,73.920757
529,7.096979,13.107000,76.295109
530,7.110635,13.656000,73.227885
531,7.123865,13.230000,75.585790
532,7.137414,13.549000,73.806185
533,7.150273,12.859000,77.766545
534,7.163306,13.033000,76.728305
535,7.176974,13.668000,73.163594
536,7.190911,13.937000,71.751453
537,7.203343,12.432000,80.437580
538,7.217939,14.596000,68.511921
539,7.230272,12.333000,81.083273
540,7.243683,13.411000,74.565655
541,7.256916,13.233000,75.568654
542,7.270291,13.375000,74.766355
543,7.283721,13.430000,74.460164
544,7.296946,13.225000,75.614367
545,7.310613,13.667000,73.168947
546,7.323811,13.198000,75.769056
547,7.336961,13.150000,76.045627
548,7.350484,13.523000,73.948088
549,7.363506,13.022000,76.793119
550,7.376931,13.425000,74.487896
551,7.390296,13.365000,74.822297
552,7.403910,13.614000,73.453798
553,7.417232,13.322000,75.063804
554,7.431412,14.180000,70.521862
555,7.444252,12.840000,77.881620
556,7.458491,14.239000,70.229651
557,7.470253,11.762000,85.019554
558,7.484064,13.811000,72.406053
559,7.496806,12.742000,78.480615
560,7.510078,13.272000,75.346594
561,7.523862,13.784000,72.547882
562,7.546325,22.463000,44.517651
563,7.562729,16.404000,60.960741
564,7.569583,6.854000,145.900204
565,7.579867,10.284000,97.238429
566,7.589791,9.924000,100.765820
567,7.604633,14.842000,67.376364
568,7.616382,11.749000,85.113627
569,7.630366,13.984000,71.510297
570,7.643285,12.919000,77.405372
571,7.656526,13.241000,75.522997
572,7.669913,13.387000,74.699335
573,7.683646,13.733000,72.817301
574,7.696539,12.893000,77.561467
575,7.710547,14.008000,71.387778
576,7.723472,12.925000,77.369439
577,7.736759,13.287000,75.261534
578,7.749879,13.120000,76.219512
579,7.763583,13.704000,72.971395
580,7.777252,13.669000,73.158241
581,7.791102,13.850000,72.202166
582,7.804338,13.236000,75.551526
583,7.817453,13.115000,76.248570
584,7.831570,14.117000,70.836580
585,7.844185,12.615000,79.270709
586,7.858077,13.892000,71.983876
587,7.871710,13.633000,73.351427
588,7.885684,13.974000,71.561471
589,7.897869,12.185000,82.068117
590,7.911033,13.164000,75.964752
591,7.925682,14.649000,68.264045
592,7.937846,12.164000,82.209799
593,7.951042,13.196000,75.780540
594,7.964505,13.463000,74.277650
595,7.978334,13.829000,72.311809
596,7.991019,12.685000,78.833268
597,8.004546,13.527000,73.926222
598,8.017859,13.313000,75.114550
599,8.033722,15.863000,63.039778
600,8.044287,10.565000,94.652153
601,8.057946,13.659000,73.211802
602,8.072453,14.507000,68.932240
603,8.084261,11.808000,84.688347
604,8.097967,13.706000,72.960747
605,8.111035,13.068000,76.522804
606,8.124082,13.047000,76.645972
607,8.137820,13.738000,72.790799
608,8.151099,13.279000,75.306876
609,8.164252,13.153000,76.028283
610,8.177594,13.342000,74.951282
611,8.191399,13.805000,72.437523
612,8.204053,12.654000,79.026395
613,8.218082,14.029000,71.280918
614,8.230955,12.873000,77.681970
615,8.244028,13.073000,76.493536
616,8.258184,14.156000,70.641424
617,8.270659,12.475000,80.160321
618,8.284476,13.817000,72.374611
619,8.297539,13.063000,76.552094
620,8.310735,13.196000,75.780540
621,8.324043,13.308000,75.142771
622,8.347886,23.843000,41.941031
623,8.363110,15.224000,65.685759
624,8.370662,7.552000,132.415254
625,8.375707,5.045000,198.216056
626,8.379468,3.761000,265.886732
627,8.390512,11.044000,90.546903
628,8.405625,15.113000,66.168200
629,8.416965,11.340000,88.183422
630,8.430510,13.545000,73.827981
631,8.443657,13.147000,76.062980
632,8.456922,13.265000,75.386355
633,8.470590,13.668000,73.163594
634,8.484023,13.433000,74.443535
635,8.497003,12.980000,77.041602
636,8.510618,13.615000,73.448402
637,8.524291,13.673000,73.136839
638,8.537942,13.651000,73.254707
639,8.555434,17.492000,57.168992
640,8.565012,9.578000,104.405930
641,8.577099,12.087000,82.733515
642,8.590792,13.693000,73.030015
643,8.604181,13.389000,74.688177
644,8.617460,13.279000,75.306876
645,8.630777,13.317000,75.091988
646,8.644231,13.454000,74.327338
647,8.657383,13.152000,76.034063
648,8.670772,13.389000,74.688177
649,8.684084,13.312000,75.120192
650,8.697635,13.551000,73.795292
651,8.711072,13.437000,74.421374
652,8.724084,13.012000,76.852136
653,8.737541,13.457000,74.310768
654,8.751407,13.866000,72.118852
655,8.764545,13.138000,76.115086
656,8.777790,13.245000,75.500189
657,8.790497,12.707000,78.696781
658,8.804043,13.546000,73.822531
659,8.817618,13.575000,73.664825
660,8.831169,13.551000,73.795292
661,8.844418,13.249000,75.477395
662,8.857344,12.926000,77.363454
663,8.870580,13.236000,75.551526
664,8.883564,12.984000,77.017868
665,8.898329,14.765000,67.727735
666,8.912185,13.856000,72.170901
667,8.924384,12.199000,81.973932
668,8.937527,13.143000,76.086129
669,8.951748,14.221000,70.318543
670,8.964237,12.489000,80.070462
671,8.977436,13.199000,75.763315
672,8.991323,13.887000,72.009793
673,9.004799,13.476000,74.205996
674,9.017157,12.358000,80.919243
675,9.032370,15.213000,65.733254
676,9.043827,11.457000,87.282884
677,9.057416,13.589000,73.588932
678,9.071512,14.096000,70.942111
679,9.084043,12.531000,79.802091
680,9.097050,13.007000,76.881679
681,9.111097,14.047000,71.189578
682,9.123724,12.627000,79.195375
683,9.137168,13.444000,74.382624
684,9.154148,16.980000,58.892815
685,9.163401,9.253000,108.073057
686,9.177106,13.705000,72.966071
687,9.190410,13.304000,75.165364
688,9.203805,13.395000,74.654722
689,9.217214,13.409000,74.576777
690,9.230396,13.182000,75.861023
691,9.244413,14.017000,71.341942
692,9.257497,13.084000,76.429227
693,9.270087,12.590000,79.428118
694,9.283469,13.382000,74.727246
695,9.296861,13.392000,74.671446
696,9.309895,13.034000,76.722418
697,9.323256,13.361000,74.844697
698,9.342931,19.675000,50.825921
699,9.350641,7.710000,129.701686
700,9.363488,12.847000,77.839184
701,9.376894,13.406000,74.593466
702,9.391009,14.115000,70.846617
703,9.404271,13.262000,75.403408
704,9.416857,12.586000,79.453361
705,9.430460,13.603000,73.513196
706,9.444707,14.247000,70.190215
707,9.457692,12.985000,77.011937
708,9.470769,13.077000,76.470138
709,9.484006,13.237000,75.545819
710,9.497511,13.505000,74.046649
711,9.511384,13.873000,72.082462
712,9.524495,13.111000,76.271833
713,9.537382,12.887000,77.597579
714,9.550657,13.275000,75.329567
715,9.564239,13.582000,73.626859
716,9.578044,13.805000,72.437523
717,9.590382,12.338000,81.050413
718,9.604218,13.836000,72.275224
719,9.617880,13.662000,73.195725
720,9.630711,12.831000,77.936248
721,9.644418,13.707000,72.955424
722,9.657712,13.294000,75.221905
723,9.670796,13.084000,76.429227
724,9.683865,13.069000,76.516949
725,9.698054,14.189000,70.477130
726,9.710740,12.686000,78.827053
727,9.724224,13.484000,74.161970
728,9.737608,13.384000,74.716079
729,9.751570,13.962000,71.622977
730,9.764545,12.975000,77.071291
731,9.777832,13.287000,75.261534
732,9.790747,12.915000,77.429346
733,9.804358,13.611000,73.469988
734,9.817557,13.199000,75.763315
735,9.831178,13.621000,73.416049
736,9.844308,13.130000,76.161462
737,9.857068,12.760000,78.369906
738,9.870516,13.448000,74.360500
739,9.883490,12.974000,77.077231
740,9.897584,14.094000,70.952178
741,9.910421,12.837000,77.899821
742,9.923581,13.160000,75.987842
743,9.937561,13.980000,71.530758
744,9.959842,22.281000,44.881289
745,9.976177,16.335000,61.218243
746,9.983719,7.542000,132.590825
747,9.988942,5.223000,191.460846
748,9.992671,3.729000,268.168410
749,10.003689,11.018000,90.760574
750,10.018293,14.604000,68.474391
751,10.030279,11.986000,83.430669
752,10.044073,13.794000,72.495288
753,10.057366,13.293000,75.227563
754,10.070283,12.917000,77.417357
755,10.083853,13.570000,73.691968
756,10.097375,13.522000,73.953557
757,10.112629,15.254000,65.556575
758,10.125744,13.115000,76.248570
759,10.137026,11.282000,88.636767
760,10.158265,21.239000,47.083196
761,10.176229,17.964000,55.666889
762,10.183978,7.749000,129.048910
763,10.190912,6.934000,144.216902
764,10.203379,12.467000,80.211759
765,10.218834,15.455000,64.703979
766,10.229865,11.031000,90.653613
767,10.243447,13.582000,73.626859
768,10.256848,13.401000,74.621297
769,10.270144,13.296000,75.210590
770,10.283494,13.350000,74.906367
771,10.296681,13.187000,75.832259
772,10.310159,13.478000,74.194984
773,10.323734,13.575000,73.664825
774,10.337114,13.380000,74.738416
775,10.350539,13.425000,74.487896
776,10.363674,13.135000,76.132470
777,10.377223,13.549000,73.806185
778,10.391313,14.090000,70.972321
779,10.404559,13.246000,75.494489
780,10.416926,12.367000,80.860354
781,10.430704,13.778000,72.579475
782,10.444083,13.379000,74.744002
783,10.457318,13.235000,75.557235
784,10.470631,13.313000,75.114550
785,10.484037,13.406000,74.593466
786,10.498388,14.351000,69.681555
787,10.510567,12.179000,82.108547
788,10.523855,13.288000,75.255870
789,10.537311,13.456000,74.316290
790,10.551307,13.996000,71.448985
791,10.564258,12.951000,77.214115
792,10.577352,13.094000,76.370857
793,10.590795,13.443000,74.388157
794,10.605089,14.294000,69.959424
795,10.617484,12.395000,80.677693
796,10.630805,13.321000,75.069439
797,10.644481,13.676000,73.120796
798,10.657706,13.225000,75.614367
799,10.670711,13.005000,76.893502
800,10.683812,13.101000,76.330051
801,10.696953,13.141000,76.097709
802,10.710270,13.317000,75.091988
803,10.723626,13.356000,74.872716
804,10.736987,13.361000,74.844697
805,10.760962,23.975000,41.710115
806,10.776290,15.328000,65.240084
807,10.783967,7.677000,130.259216
808,10.789645,5.678000,176.118352
809,10.803566,13.921000,71.833920
810,10.818570,15.004000,66.648894
811,10.830128,11.558000,86.520159
812,10.843657,13.529000,73.915293
813,10.857102,13.445000,74.377092
814,10.870706,13.604000,73.507792
815,10.883904,13.198000,75.769056
816,10.896756,12.852000,77.808901
817,10.910274,13.518000,73.975440
818,10.923449,13.175000,75.901328
819,10.936871,13.422000,74.504545
820,10.950435,13.564000,73.724565
821,10.964795,14.360000,69.637883
822,10.976814,12.019000,83.201597
823,10.990201,13.387000,74.699335
824,11.004057,13.856000,72.170901
825,11.017600,13.543000,73.838884
826,11.030388,12.788000,78.198311
827,11.043824,13.436000,74.426913
828,11.057299,13.475000,74.211503
829,11.070500,13.201000,75.751837
830,11.084520,14.020000,71.326676
831,11.097194,12.674000,78.901688
832,11.110850,13.656000,73.227885
833,11.123731,12.881000,77.633724
834,11.137040,13.309000,75.137125
835,11.150711,13.671000,73.147539
836,11.164559,13.848000,72.212594
837,11.177684,13.125000,76.190476
838,11.190437,12.753000,78.412922
839,11.204023,13.586000,73.605182
840,11.217425,13.402000,74.615729
841,11.230869,13.444000,74.382624
842,11.244057,13.188000,75.826509
843,11.257421,13.364000,74.827896
844,11.271764,14.343000,69.720421
845,11.284860,13.096000,76.359194
846,11.297362,12.502000,79.987202
847,11.310457,13.095000,76.365025
848,11.323925,13.468000,74.250074
849,11.337107,13.182000,75.861023
850,11.351693,14.586000,68.558892
851,11.364248,12.555000,79.649542
852,11.377340,13.092000,76.382524
853,11.390462,13.122000,76.207895
854,11.403888,13.426000,74.482348
855,11.418369,14.481000,69.056004
856,11.430809,12.440000,80.385852
857,11.444050,13.241000,75.522997
858,11.457964,13.914000,71.870059
859,11.470631,12.667000,78.945291
860,11.483753,13.122000,76.207895
861,11.497116,13.363000,74.833495
862,11.510216,13.100000,76.335878
863,11.523630,13.414000,74.548979
864,11.537208,13.578000,73.648549
865,11.550647,13.439000,74.410298
866,11.572540,21.893000,45.676700
867,11.589583,17.043000,58.675116
868,11.597211,7.628000,131.095962
869,11.602840,5.629000,177.651448
870,11.616901,14.061000,71.118697
871,11.630775,13.874000,72.077267
872,11.643410,12.635000,79.145231
873,11.657081,13.671000,73.147539
874,11.670516,13.435000,74.432453
875,11.683512,12.996000,76.946753
876,11.696594,13.082000,76.440911
877,11.710681,14.087000,70.987435
878,11.723249,12.568000,79.567155
879,11.736973,13.724000,72.865054
880,11.750019,13.046000,76.651847
881,11.763339,13.320000,75.075075
882,11.776962,13.623000,73.405270
883,11.790198,13.236000,75.551526
884,11.803687,13.489000,74.134480
885,11.817821,14.134000,70.751380
886,11.830741,12.920000,77.399381
887,11.843343,12.602000,79.352484
888,11.856903,13.560000,73.746313
889,11.870377,13.474000,74.217011
890,11.883939,13.562000,73.735437
891,11.897210,13.271000,75.352272
892,11.910267,13.057000,76.587271
893,11.923687,13.420000,74.515648
894,11.937562,13.875000,72.072072
895,11.950957,13.395000,74.654722
896,11.963894,12.937000,77.297673
897,11.976917,13.023000,76.787223
898,11.990486,13.569000,73.697398
899,12.003658,13.172000,75.918615
900,12.017730,14.072000,71.063104
901,12.030792,13.062000,76.557954
902,12.043557,12.765000,78.339209
903,12.057244,13.687000,73.062030
904,12.070267,13.023000,76.787223
905,12.083622,13.355000,74.878323
906,12.096829,13.207000,75.717423
907,12.110585,13.756000,72.695551
908,12.123702,13.117000,76.236944
909,12.137023,13.321000,75.069439
910,12.150079,13.056000,76.593137
911,12.163460,13.381000,74.732830
912,12.176732,13.272000,75.346594
913,12.190660,13.928000,71.797817
914,12.203818,13.158000,75.999392
915,12.217157,13.339000,74.968139
916,12.230034,12.877000,77.657840
917,12.243365,13.331000,75.013127
918,12.257151,13.786000,72.537357
919,12.269610,12.459000,80.263264
920,12.282975,13.365000,74.822297
921,12.296364,13.389000,74.688177
922,12.309677,13.313000,75.114550
923,12.323214,13.537000,73.871611
924,12.336361,13.147000,76.062980
925,12.349742,13.381000,74.732830
926,12.362822,13.080000,76.452599
927,12.378179,15.357000,65.116885
928,12.389515,11.336000,88.214538
929,12.402792,13.277000,75.318219
930,12.415861,13.069000,76.516949
931,12.429403,13.542000,73.844336
932,12.442551,13.148000,76.057195
933,12.455778,13.227000,75.602933
934,12.469164,13.386000,74.704916
935,12.482499,13.335000,74.990626
936,12.495892,13.393000,74.665870
937,12.509287,13.395000,74.654722
938,12.522325,13.038000,76.698880
939,12.536199,13.874000,72.077267
940,12.549122,12.923000,77.381413
941,12.562692,13.570000,73.691968
942,12.576046,13.354000,74.883930
943,12.589303,13.257000,75.431847
944,12.602597,13.294000,75.221905
945,12.615869,13.272000,75.346594
946,12.629295,13.426000,74.482348
947,12.643102,13.807000,72.427030
948,12.656133,13.031000,76.740081
949,12.669895,13.762000,72.663857
950,12.683431,13.536000,73.877069
951,12.696652,13.221000,75.637244
952,12.710736,14.084000,71.002556
953,12.723789,13.053000,76.610741
954,12.736855,13.066000,76.534517
955,12.750091,13.236000,75.551526
956,12.763640,13.549000,73.806185
957,12.777481,13.841000,72.249115
958,12.790319,12.838000,77.893753
959,12.803701,13.382000,74.727246
960,12.816404,12.703000,78.721562
961,12.830072,13.668000,73.163594
962,12.844102,14.030000,71.275837
963,12.857024,12.922000,77.387401
964,12.870511,13.487000,74.145473
965,12.883083,12.572000,79.541839
966,12.896471,13.388000,74.693756
967,12.910298,13.827000,72.322268
968,12.924279,13.981000,71.525642
969,12.936507,12.228000,81.779522
970,12.949324,12.817000,78.021378
971,12.963768,14.444000,69.232899
972,12.976700,12.932000,77.327560
973,12.989909,13.209000,75.705958
974,13.003033,13.124000,76.196282
975,13.016368,13.335000,74.990626
976,13.030120,13.752000,72.716696
977,13.043067,12.947000,77.237970
978,13.056043,12.976000,77.065351
979,13.069457,13.414000,74.548979
980,13.082791,13.334000,74.996250
981,13.096240,13.449000,74.354971
982,13.109366,13.126000,76.184672
983,13.122877,13.511000,74.013767
984,13.144545,21.668000,46.151006
985,13.151465,6.920000,144.508671
986,13.162668,11.203000,89.261805
987,13.175948,13.280000,75.301205
988,13.189611,13.663000,73.190368
989,13.202575,12.964000,77.136686
990,13.215633,13.058000,76.581406
991,13.228980,13.347000,74.923204
992,13.242506,13.526000,73.931687
993,13.255808,13.302000,75.176665
994,13.268950,13.142000,76.091919
995,13.282475,13.525000,73.937153
996,13.295541,13.066000,76.534517
997,13.309030,13.489000,74.134480
998,13.322292,13.262000,75.403408
999,13.335626,13.334000,74.996250
1000,13.348964,13.338000,74.973759
1001,13.362314,13.350000,74.906367
1002,13.375590,13.276000,75.323893
1003,13.389038,13.448000,74.360500
1004,13.402178,13.140000,76.103501
1005,13.415768,13.590000,73.583517
1006,13.429104,13.336000,74.985003
1007,13.442390,13.286000,75.267199
1008,13.456084,13.694000,73.024682
1009,13.469727,13.643000,73.297662
1010,13.483150,13.423000,74.498994
1011,13.496543,13.393000,74.665870
1012,13.509977,13.434000,74.437993
1013,13.523463,13.486000,74.150971
1014,13.536938,13.475000,74.211503
1015,13.550515,13.577000,73.653974
1016,13.563994,13.479000,74.189480
1017,13.576772,12.778000,78.259509
1018,13.590114,13.342000,74.951282
1019,13.603105,12.991000,76.976368
1020,13.616934,13.829000,72.311809
1021,13.631472,14.538000,68.785252
1022,13.643775,12.303000,81.280988
1023,13.657024,13.249000,75.477395
1024,13.670243,13.219000,75.648687
1025,13.683339,13.096000,76.359194
1026,13.697215,13.876000,72.066878
1027,13.709930,12.715000,78.647267
1028,13.724182,14.252000,70.165591
1029,13.736416,12.234000,81.739415
1030,13.749519,13.103000,76.318400
1031,13.763535,14.016000,71.347032
1032,13.776532,12.997000,76.940832
1033,13.789832,13.300000,75.187970
1034,13.802893,13.061000,76.563816
1035,13.816572,13.679000,73.104759
1036,13.829725,13.153000,76.028283
1037,13.842997,13.272000,75.346594
1038,13.856357,13.360000,74.850299
1039,13.869902,13.545000,73.827981
1040,13.883091,13.189000,75.820760
1041,13.896461,13.370000,74.794316
1042,13.909423,12.962000,77.148588
1043,13.925071,15.648000,63.905930
1044,13.936180,11.109000,90.017103
1045,13.949353,13.173000,75.912852
1046,13.962535,13.182000,75.861023
1047,13.976176,13.641000,73.308408
1048,13.989324,13.148000,76.057195
1049,14.002322,12.998000,76.934913
1050,14.015672,13.350000,74.906367
1051,14.029068,13.396000,74.649149
1052,14.042326,13.258000,75.426158
1053,14.055873,13.547000,73.817081
1054,14.069009,13.136000,76.126675
1055,14.082257,13.248000,75.483092
1056,14.095609,13.352000,74.895147
1057,14.114589,18.980000,52.687039
1058,14.122159,7.570000,132.100396
1059,14.135754,13.595000,73.556455
1060,14.148917,13.163000,75.970523
1061,14.162392,13.475000,74.211503
1062,14.175472,13.080000,76.452599
1063,14.188861,13.389000,74.688177
1064,14.202456,13.595000,73.556455
1065,14.215663,13.207000,75.717423
1066,14.229048,13.385000,74.710497
1067,14.242721,13.673000,73.136839
1068,14.255996,13.275000,75.329567
1069,14.269726,13.730000,72.833212
1070,14.283436,13.710000,72.939460
1071,14.296879,13.443000,74.388157
1072,14.310215,13.336000,74.985003
1073,14.323681,13.466000,74.261102
1074,14.337622,13.941000,71.730866
1075,14.350555,12.933000,77.321580
1076,14.364735,14.180000,70.521862
1077,14.377067,12.332000,81.089848
1078,14.390266,13.199000,75.763315
1079,14.403299,13.033000,76.728305
1080,14.416868,13.569000,73.697398
1081,14.431271,14.403000,69.429980
1082,14.443933,12.662000,78.976465
1083,14.457123,13.190000,75.815011
1084,14.470432,13.309000,75.137125
1085,14.483421,12.989000,76.988221
1086,14.497173,13.752000,72.716696
1087,14.509823,12.650000,79.051383
1088,14.523517,13.694000,73.024682
1089,14.536640,13.123000,76.202088
1090,14.550226,13.586000,73.605182
1091,14.563386,13.160000,75.987842
1092,14.577143,13.757000,72.690267
1093,14.590130,12.987000,77.000077
1094,14.604647,14.517000,68.884756
1095,14.617226,12.579000,79.497575
1096,14.629988,12.762000,78.357624
1097,14.643303,13.315000,75.103267
1098,14.656931,13.628000,73.378339
1099,14.669622,12.691000,78.795997
1100,14.683248,13.626000,73.389109
1101,14.696454,13.206000,75.723156
1102,14.709826,13.372000,74.783129
1103,14.730293,20.467000,48.859139
1104,14.737737,7.444000,134.336378
1105,14.751019,13.282000,75.289866
1106,14.763161,12.142000,82.358755
1107,14.777051,13.890000,71.994240
1108,14.790397,13.346000,74.928818
1109,14.802934,12.537000,79.763899
1110,14.816141,13.207000,75.717423
1111,14.829742,13.601000,73.524006
1112,14.843283,13.541000,73.849790
1113,14.856736,13.453000,74.332863
1114,14.869749,13.013000,76.846231
1115,14.883071,13.322000,75.063804
1116,14.896532,13.461000,74.288686
1117,14.909714,13.182000,75.861023
1118,14.923179,13.465000,74.266617
1119,14.936634,13.455000,74.321813
1120,14.949834,13.200000,75.757576
1121,14.963468,13.634000,73.346047
1122,14.976299,12.831000,77.936248
1123,14.989829,13.530000,73.909830
1124,15.002912,13.083000,76.435068
1125,15.016032,13.120000,76.219512
1126,15.029183,13.151000,76.039845
1127,15.042469,13.286000,75.267199
1128,15.055741,13.272000,75.346594
1129,15.069066,13.325000,75.046904
1130,15.082667,13.601000,73.524006
1131,15.095708,13.041000,76.681236
1132,15.109133,13.425000,74.487896
1133,15.122344,13.211000,75.694497
1134,15.135720,13.376000,74.760766
1135,15.149058,13.338000,74.973759
1136,15.162387,13.329000,75.024383
1137,15.175622,13.235000,75.557235
1138,15.188823,13.201000,75.751837
1139,15.202466,13.643000,73.297662
1140,15.215917,13.451000,74.343915
1141,15.229036,13.119000,76.225322
1142,15.242313,13.277000,75.318219
1143,15.255467,13.154000,76.022503
1144,15.268999,13.532000,73.898906
1145,15.282448,13.449000,74.354971
1146,15.295615,13.167000,75.947444
1147,15.309003,13.388000,74.693756
1148,15.325483,16.480000,60.679612
1149,15.335749,10.266000,97.408923
1150,15.349238,13.489000,74.134480
1151,15.362795,13.557000,73.762632
1152,15.376217,13.422000,74.504545
1153,15.389715,13.498000,74.085050
1154,15.402968,13.253000,75.454614
1155,15.416419,13.451000,74.343915
1156,15.429874,13.455000,74.321813
1157,15.443286,13.412000,74.560095
1158,15.456431,13.145000,76.074553
1159,15.469734,13.303000,75.171014
1160,15.483023,13.289000,75.250207
1161,15.496309,13.286000,75.267199
1162,15.509740,13.431000,74.454620
1163,15.523073,13.333000,75.001875
1164,15.544893,21.820000,45.829514
1165,15.562295,17.402000,57.464659
1166,15.569696,7.401000,135.116876
1167,15.574679,4.983000,200.682320
1168,15.577360,2.681000,372.995151
1169,15.589421,12.061000,82.911865
1170,15.605503,16.082000,62.181321
1171,15.616125,10.622000,94.144229
1172,15.629352,13.227000,75.602933
1173,15.642380,13.028000,76.757753
1174,15.655972,13.592000,73.572690
1175,15.669334,13.362000,74.839096
1176,15.682901,13.567000,73.708263
1177,15.696046,13.145000,76.074553
1178,15.709277,13.231000,75.580077
1179,15.722650,13.373000,74.777537
1180,15.735705,13.055000,76.599004
1181,15.753721,18.016000,55.506217
1182,15.762169,8.448000,118.371212
1183,15.775851,13.682000,73.088730
1184,15.789166,13.315000,75.103267
1185,15.802142,12.976000,77.065351
1186,15.815701,13.559000,73.751752
1187,15.829275,13.574000,73.670252
1188,15.842589,13.314000,75.108908
1189,15.856315,13.726000,72.854437
1190,15.869916,13.601000,73.524006
1191,15.882857,12.941000,77.273781
1192,15.896486,13.629000,73.372955
1193,15.909550,13.064000,76.546234
1194,15.923540,13.990000,71.479628
1195,15.937241,13.701000,72.987373
1196,15.949741,12.500000,80.000000
1197,15.964417,14.676000,68.138457
1198,15.976660,12.243000,81.679327
1199,15.989949,13.289000,75.250207
1200,16.002896,12.947000,77.237970
1201,16.016119,13.223000,75.625804
1202,16.029770,13.651000,73.254707
1203,16.042702,12.932000,77.327560
1204,16.057671,14.969000,66.804730
1205,16.069497,11.826000,84.559445
1206,16.082972,13.475000,74.211503
1207,16.097274,14.302000,69.920291
1208,16.109627,12.353000,80.951995
1209,16.123102,13.475000,74.211503
1210,16.137895,14.793000,67.599540
1211,16.149652,11.757000,85.055711
1212,16.164630,14.978000,66.764588
1213,16.176096,11.466000,87.214373
1214,16.190698,14.602000,68.483769
1215,16.203004,12.306000,81.261173
1216,16.216664,13.660000,73.206442
1217,16.229210,12.546000,79.706679
1218,16.243707,14.497000,68.979789
1219,16.256800,13.093000,76.376690
1220,16.269552,12.752000,78.419072
1221,16.282892,13.340000,74.962519
1222,16.296492,13.600000,73.529412
1223,16.309523,13.031000,76.740081
1224,16.322945,13.422000,74.504545
1225,16.336702,13.757000,72.690267
1226,16.354641,17.939000,55.744467
1227,16.362443,7.802000,128.172264
1228,16.376094,13.651000,73.254707
1229,16.389397,13.303000,75.171014
1230,16.402893,13.496000,74.096028
1231,16.416190,13.297000,75.204933
1232,16.429506,13.316000,75.097627
1233,16.443049,13.543000,73.838884
1234,16.456254,13.205000,75.728891
1235,16.469474,13.220000,75.642965
1236,16.482904,13.430000,74.460164
1237,16.496114,13.210000,75.700227
1238,16.509361,13.247000,75.488790
1239,16.522383,13.022000,76.793119
1240,16.535958,13.575000,73.664825
1241,16.549032,13.074000,76.487685
1242,16.562860,13.828000,72.317038
1243,16.576002,13.142000,76.091919
1244,16.589557,13.555000,73.773515
1245,16.602895,13.338000,74.973759
1246,16.616067,13.172000,75.918615
1247,16.629501,13.434000,74.437993
1248,16.642818,13.317000,75.091988
1249,16.656109,13.291000,75.238883
1250,16.669537,13.428000,74.471254
1251,16.682785,13.248000,75.483092
1252,16.696357,13.572000,73.681108
1253,16.709309,12.952000,77.208153
1254,16.722781,13.472000,74.228029
1255,16.735930,13.149000,76.051411
1256,16.749462,13.532000,73.898906
1257,16.765675,16.213000,61.678900
1258,16.776332,10.657000,93.835038
1259,16.789488,13.156000,76.010946
1260,16.802895,13.407000,74.587902
1261,16.815462,12.567000,79.573486
1262,16.828958,13.496000,74.096028
1263,16.842112,13.154000,76.022503
1264,16.855690,13.578000,73.648549
1265,16.868747,13.057000,76.587271
1266,16.882331,13.584000,73.616019
1267,16.895439,13.108000,76.289289
1268,16.909195,13.756000,72.695551
1269,16.922554,13.359000,74.855902
1270,16.935685,13.131000,76.155662
1271,16.948641,12.956000,77.184316
1272,16.962085,13.444000,74.382624
1273,16.975306,13.221000,75.637244
1274,16.988750,13.444000,74.382624
1275,17.002045,13.295000,75.216247
1276,17.015301,13.256000,75.437538
1277,17.028658,13.357000,74.867111
1278,17.042031,13.373000,74.777537
1279,17.055483,13.452000,74.338388
1280,17.068348,12.865000,77.730276
1281,17.082010,13.662000,73.195725
1282,17.095442,13.432000,74.449077
1283,17.108500,13.058000,76.581406
1284,17.121780,13.280000,75.301205
1285,17.135377,13.597000,73.545635
1286,17.148463,13.086000,76.417545
1287,17.161785,13.322000,75.063804
1288,17.175080,13.295000,75.216247
1289,17.188347,13.267000,75.374991
1290,17.201961,13.614000,73.453798
1291,17.215029,13.068000,76.522804
1292,17.228481,13.452000,74.338388
1293,17.241776,13.295000,75.216247
1294,17.255268,13.492000,74.117996
1295,17.268388,13.120000,76.219512
1296,17.281748,13.360000,74.850299
1297,17.295199,13.451000,74.343915
1298,17.308402,13.203000,75.740362
1299,17.321833,13.431000,74.454620
1300,17.335362,13.529000,73.915293
1301,17.348353,12.991000,76.976368
1302,17.361840,13.487000,74.145473
1303,17.375022,13.182000,75.861023
1304,17.388588,13.566000,73.713696
1305,17.401689,13.101000,76.330051
1306,17.415045,13.356000,74.872716
1307,17.428694,13.649000,73.265441
1308,17.442078,13.384000,74.716079
1309,17.455386,13.308000,75.142771
1310,17.468785,13.399000,74.632435
1311,17.482185,13.400000,74.626866
1312,17.495710,13.525000,73.937153
1313,17.508606,12.896000,77.543424
1314,17.521951,13.345000,74.934432
1315,17.535191,13.240000,75.528701
1316,17.548395,13.204000,75.734626
1317,17.561803,13.408000,74.582339
1318,17.575008,13.205000,75.728891
1319,17.588621,13.613000,73.459193
1320,17.602072,13.451000,74.343915
1321,17.615421,13.349000,74.911978
1322,17.628801,13.380000,74.738416
1323,17.642150,13.349000,74.911978
1324,17.655649,13.499000,74.079561
1325,17.669101,13.452000,74.338388
1326,17.682283,13.182000,75.861023
1327,17.695603,13.320000,75.075075
1328,17.708934,13.331000,75.013127
1329,17.722005,13.071000,76.505241
1330,17.735574,13.569000,73.697398
1331,17.748644,13.070000,76.511094
1332,17.762129,13.485000,74.156470
1333,17.775432,13.303000,75.171014
1334,17.788944,13.512000,74.008289
1335,17.802542,13.598000,73.540227
1336,17.815826,13.284000,75.278531
1337,17.829049,13.223000,75.625804
1338,17.842181,13.132000,76.149863
1339,17.855092,12.911000,77.453334
1340,17.868808,13.716000,72.907553
1341,17.881867,13.059000,76.575542
1342,17.895351,13.484000,74.161970
1343,17.908400,13.049000,76.634225
1344,17.924124,15.724000,63.597049
1345,17.934775,10.651000,93.887898
1346,17.948916,14.141000,70.716357
1347,17.961635,12.719000,78.622533
1348,17.974978,13.343000,74.945664
1349,17.988219,13.241000,75.522997
1350,18.001984,13.765000,72.648020
1351,18.014952,12.968000,77.112893
1352,18.028675,13.723000,72.870364
1353,18.041812,13.137000,76.120880
1354,18.055596,13.784000,72.547882
1355,18.068922,13.326000,75.041273
1356,18.082391,13.469000,74.244562
1357,18.095173,12.782000,78.235018
1358,18.112049,16.876000,59.255748
1359,18.122015,9.966000,100.341160
1360,18.135648,13.633000,73.351427
1361,18.148894,13.246000,75.494489
1362,18.162963,14.069000,71.078257
1363,18.175902,12.939000,77.285725
1364,18.189195,13.293000,75.227563
1365,18.203330,14.135000,70.746374
1366,18.215847,12.517000,79.891348
1367,18.229247,13.400000,74.626866
1368,18.244033,14.786000,67.631543
1369,18.256228,12.195000,82.000820
1370,18.269642,13.414000,74.548979
1371,18.283029,13.387000,74.699335
1372,18.296043,13.014000,76.840326
1373,18.310403,14.360000,69.637883
1374,18.323322,12.919000,77.405372
1375,18.335923,12.601000,79.358781
1376,18.349399,13.476000,74.205996
1377,18.362811,13.412000,74.560095
1378,18.377678,14.867000,67.263066
1379,18.389274,11.596000,86.236633
1380,18.402877,13.603000,73.513196
1381,18.416058,13.181000,75.866778
1382,18.429478,13.420000,74.515648
1383,18.442962,13.484000,74.161970
1384,18.456134,13.172000,75.918615
1385,18.470760,14.626000,68.371393
1386,18.483048,12.288000,81.380208
1387,18.495774,12.726000,78.579287
1388,18.510722,14.948000,66.898582
1389,18.522889,12.167000,82.189529
1390,18.536384,13.495000,74.101519
1391,18.549473,13.089000,76.400031
1392,18.564125,14.652000,68.250068
1393,18.577224,13.099000,76.341705
1394,18.589363,12.139000,82.379109
1395,18.603416,14.053000,71.159183
1396,18.616033,12.617000,79.258144
1397,18.629941,13.908000,71.901064
1398,18.642387,12.446000,80.347099
1399,18.655780,13.393000,74.665870
1400,18.669627,13.847000,72.217809
1401,18.682470,12.843000,77.863428
1402,18.695869,13.399000,74.632435
1403,18.714202,18.333000,54.546446
1404,18.722679,8.477000,117.966262
1405,18.735836,13.157000,76.005168
1406,18.749012,13.176000,75.895568
1407,18.762236,13.224000,75.620085
1408,18.775795,13.559000,73.751752
1409,18.789030,13.235000,75.557235
1410,18.802311,13.281000,75.295535
1411,18.815789,13.478000,74.194984
1412,18.828571,12.782000,78.235018
1413,18.842205,13.634000,73.346047
1414,18.855235,13.030000,76.745971
1415,18.868656,13.421000,74.510096
1416,18.881917,13.261000,75.409094
1417,18.895340,13.423000,74.498994
1418,18.908837,13.497000,74.090539
1419,18.922061,13.224000,75.620085
1420,18.935553,13.492000,74.117996
1421,18.949019,13.466000,74.261102
1422,18.962529,13.510000,74.019245
1423,18.976762,14.233000,70.259257
1424,18.989242,12.480000,80.128205
1425,19.002666,13.424000,74.493445
1426,19.015889,13.223000,75.625804
1427,19.029109,13.220000,75.642965
1428,19.043370,14.261000,70.121310
1429,19.056418,13.048000,76.640098
1430,19.069346,12.928000,77.351485
1431,19.082402,13.056000,76.593137
1432,19.097254,14.852000,67.330999
1433,19.110657,13.403000,74.610162
1434,19.123360,12.703000,78.721562
1435,19.135902,12.542000,79.732100
1436,19.149218,13.316000,75.097627
1437,19.163150,13.932000,71.777204
1438,19.176686,13.536000,73.877069
1439,19.188789,12.103000,82.624143
1440,19.202612,13.823000,72.343196
1441,19.215674,13.062000,76.557954
1442,19.229306,13.632000,73.356808
1443,19.242615,13.309000,75.137125
1444,19.257059,14.444000,69.232899
1445,19.270933,13.874000,72.077267
1446,19.282315,11.382000,87.858021
1447,19.296721,14.406000,69.415521
1448,19.309704,12.983000,77.023800
1449,19.322700,12.996000,76.946753
1450,19.336086,13.386000,74.704916
1451,19.349344,13.258000,75.426158
1452,19.362623,13.279000,75.306876
1453,19.376032,13.409000,74.576777
1454,19.389356,13.324000,75.052537
1455,19.403875,14.519000,68.875267
1456,19.415871,11.996000,83.361120
1457,19.429191,13.320000,75.075075
1458,19.442321,13.130000,76.161462
1459,19.455381,13.060000,76.569678
1460,19.469179,13.798000,72.474272
1461,19.482321,13.142000,76.091919
1462,19.495580,13.259000,75.420469
1463,19.518380,22.800000,43.859649
1464,19.526076,7.696000,129.937630
1465,19.535596,9.520000,105.042017
1466,19.548937,13.341000,74.956900
1467,19.562728,13.791000,72.511058
1468,19.575668,12.940000,77.279753
1469,19.588933,13.265000,75.386355
1470,19.602140,13.207000,75.717423
1471,19.615634,13.494000,74.107011
1472,19.628765,13.131000,76.155662
1473,19.642224,13.459000,74.299725
1474,19.655590,13.366000,74.816699
1475,19.668896,13.306000,75.154066
1476,19.682256,13.360000,74.850299
1477,19.695283,13.027000,76.763645
1478,19.708776,13.493000,74.112503
1479,19.723428,14.652000,68.250068
1480,19.735649,12.221000,81.826364
1481,19.749307,13.658000,73.217162
1482,19.762227,12.920000,77.399381
1483,19.775742,13.515000,73.991861
1484,19.789014,13.272000,75.346594
1485,19.802214,13.200000,75.757576
1486,19.815806,13.592000,73.572690
1487,19.829118,13.312000,75.120192
1488,19.842670,13.552000,73.789847
1489,19.855840,13.170000,75.930144
1490,19.869041,13.201000,75.751837
1491,19.883235,14.194000,70.452304
1492,19.895877,12.642000,79.101408
1493,19.909159,13.282000,75.289866
1494,19.924161,15.002000,66.657779
1495,19.936117,11.956000,83.640013
1496,19.949628,13.511000,74.013767
1497,19.962750,13.122000,76.207895
1498,19.977326,14.576000,68.605928
1499,19.989683,12.357000,80.925791
1500,20.003058,13.375000,74.766355
1501,20.015874,12.816000,78.027466
1502,20.029201,13.327000,75.035642
1503,20.042132,12.931000,77.333540
1504,20.056800,14.668000,68.175620
1505,20.069235,12.435000,80.418175
1506,20.082661,13.426000,74.482348
1507,20.096067,13.406000,74.593466
1508,20.108720,12.653000,79.032640
1509,20.122511,13.791000,72.511058
1510,20.136363,13.852000,72.191741
1511,20.149170,12.807000,78.082299
1512,20.162597,13.427000,74.476800
1513,20.176669,14.072000,71.063104
1514,20.189632,12.963000,77.142637
1515,20.203592,13.960000,71.633238
1516,20.216025,12.433000,80.431111
1517,20.229302,13.277000,75.318219
1518,20.242868,13.566000,73.713696
1519,20.255572,12.704000,78.715365
1520,20.269576,14.004000,71.408169
1521,20.282284,12.708000,78.690589
1522,20.295639,13.355000,74.878323
1523,20.308912,13.273000,75.340918
1524,20.331837,22.925000,43.620502
1525,20.339500,7.663000,130.497194
1526,20.348861,9.361000,106.826194
1527,20.362127,13.266000,75.380672
1528,20.375930,13.803000,72.448019
1529,20.388810,12.880000,77.639752
1530,20.402137,13.327000,75.035642
1531,20.415413,13.276000,75.323893
1532,20.428803,13.390000,74.682599
1533,20.442105,13.302000,75.176665
1534,20.455137,13.032000,76.734193
1535,20.468666,13.529000,73.915293
1536,20.482031,13.365000,74.822297
1537,20.495406,13.375000,74.766355
1538,20.508617,13.211000,75.694497
1539,20.522000,13.383000,74.721662
1540,20.543356,21.356000,46.825248
1541,20.561775,18.419000,54.291764
1542,20.574577,12.802000,78.112795
1543,20.587826,13.249000,75.477395
1544,20.594813,6.987000,143.122943
1545,20.602672,7.859000,127.242652
1546,20.615488,12.816000,78.027466
1547,20.629544,14.056000,71.143995
1548,20.645122,15.578000,64.193093
1549,20.655620,10.498000,95.256239
1550,20.669039,13.419000,74.521201
1551,20.682357,13.318000,75.086349
1552,20.695906,13.549000,73.806185
1553,20.708603,12.697000,78.758762
1554,20.722834,14.231000,70.269131
1555,20.736326,13.492000,74.117996
1556,20.749041,12.715000,78.647267
1557,20.762472,13.431000,74.454620
1558,20.775602,13.130000,76.161462
1559,20.788898,13.296000,75.210590
1560,20.802299,13.401000,74.621297
1561,20.815863,13.564000,73.724565
1562,20.828926,13.063000,76.552094
1563,20.842609,13.683000,73.083388
1564,20.855782,13.173000,75.912852
1565,20.869316,13.534000,73.887986
1566,20.882854,13.538000,73.866155
1567,20.896069,13.215000,75.671585
1568,20.909865,13.796000,72.484778
1569,20.922431,12.566000,79.579819
1570,20.934990,12.559000,79.624174
1571,20.949673,14.683000,68.105973
1572,20.962854,13.181000,75.866778
1573,20.975674,12.820000,78.003120
1574,20.988631,12.957000,77.178359
1575,21.003020,14.389000,69.497533
1576,21.015910,12.890000,77.579519
1577,21.028946,13.036000,76.710647
1578,21.042018,13.072000,76.499388
1579,21.055594,13.576000,73.659399
1580,21.069361,13.767000,72.637466
1581,21.082129,12.768000,78.320802
1582,21.095351,13.222000,75.631523
1583,21.108713,13.362000,74.839096
1584,21.122189,13.476000,74.205996
1585,21.144907,22.718000,44.017959
1586,21.161214,16.307000,61.323358
1587,21.168575,7.361000,135.851107
1588,21.173978,5.403000,185.082362
1589,21.180432,6.454000,154.942671
1590,21.188555,8.123000,123.107226
1591,21.205047,16.492000,60.635460
1592,21.215352,10.305000,97.040272
1593,21.228570,13.218000,75.654411
1594,21.241931,13.361000,74.844697
1595,21.255382,13.451000,74.343915
1596,21.268865,13.483000,74.167470
1597,21.282030,13.165000,75.958982
1598,21.295082,13.052000,76.616610
1599,21.308566,13.484000,74.161970
1600,21.321967,13.401000,74.621297
1601,21.335345,13.378000,74.749589
1602,21.348503,13.158000,75.999392
1603,21.361732,13.229000,75.591504
1604,21.375560,13.828000,72.317038
1605,21.388493,12.933000,77.321580
1606,21.402089,13.596000,73.551044
1607,21.415384,13.295000,75.216247
1608,21.428605,13.221000,75.637244
1609,21.442096,13.491000,74.123490
1610,21.455671,13.575000,73.664825
1611,21.468744,13.073000,76.493536
1612,21.482239,13.495000,74.101519
1613,21.495581,13.342000,74.951282
1614,21.509522,13.941000,71.730866
1615,21.522818,13.296000,75.210590
1616,21.535499,12.681000,78.858134
1617,21.549105,13.606000,73.496987
1618,21.562009,12.904000,77.495350
1619,21.575183,13.174000,75.907090
1620,21.588684,13.501000,74.068588
1621,21.602884,14.200000,70.422535
1622,21.615612,12.728000,78.566939
1623,21.628677,13.065000,76.540375
1624,21.641890,13.213000,75.683039
1625,21.656212,14.322000,69.822650
1626,21.669505,13.293000,75.227563
1627,21.682372,12.867000,77.718194
1628,21.695613,13.241000,75.522997
1629,21.708974,13.361000,74.844697
1630,21.723266,14.292000,69.969214
1631,21.735664,12.398000,80.658171
1632,21.749659,13.995000,71.454091
1633,21.762439,12.780000,78.247261
1634,21.775738,13.299000,75.193624
1635,21.788897,13.159000,75.993617
1636,21.802383,13.486000,74.150971
1637,21.815697,13.314000,75.108908
1638,21.828682,12.985000,77.011937
1639,21.842122,13.440000,74.404762
1640,21.855304,13.182000,75.861023
1641,21.869278,13.974000,71.561471
1642,21.882126,12.848000,77.833126
1643,21.895165,13.039000,76.692998
1644,21.908616,13.451000,74.343915
1645,21.922441,13.825000,72.332731
1646,21.943154,20.713000,48.278859
1647,21.961341,18.187000,54.984329
1648,21.969054,7.713000,129.651238
1649,21.974323,5.269000,189.789334
1650,21.977850,3.527000,283.527077
1651,21.988617,10.767000,92.876382
1652,22.003517,14.900000,67.114094
1653,22.015043,11.526000,86.760368
1654,22.028255,13.212000,75.688768
1655,22.041814,13.559000,73.751752
1656,22.055191,13.377000,74.755177
1657,22.068300,13.109000,76.283469
1658,22.081799,13.499000,74.079561
1659,22.095135,13.336000,74.985003
1660,22.108245,13.110000,76.277651
1661,22.121338,13.093000,76.376690
1662,22.134935,13.597000,73.545635
1663,22.148379,13.444000,74.382624
1664,22.161824,13.445000,74.377092
1665,22.175465,13.641000,73.308408
1666,22.188592,13.127000,76.178868
1667,22.202752,14.160000,70.621469
1668,22.215923,13.171000,75.924379
1669,22.228706,12.783000,78.228898
1670,22.242048,13.342000,74.951282
1671,22.255339,13.291000,75.238883
1672,22.268435,13.096000,76.359194
1673,22.282914,14.479000,69.065543
1674,22.295410,12.496000,80.025608
1675,22.308932,13.522000,73.953557
1676,22.322860,13.928000,71.797817
1677,22.335193,12.333000,81.083273
1678,22.348712,13.519000,73.969968
1679,22.362126,13.414000,74.548979
1680,22.375502,13.376000,74.760766
1681,22.390039,14.537000,68.789984
1682,22.402229,12.190000,82.034454
1683,22.415410,13.181000,75.866778
1684,22.428597,13.187000,75.832259
1685,22.442946,14.349000,69.691268
1686,22.455770,12.824000,77.978790
1687,22.469597,13.827000,72.322268
1688,22.481992,12.395000,80.677693
1689,22.495736,13.744000,72.759022
1690,22.508757,13.021000,76.799017
1691,22.522292,13.535000,73.882527
1692,22.535941,13.649000,73.265441
1693,22.548626,12.685000,78.833268
1694,22.562238,13.612000,73.464590
1695,22.575326,13.088000,76.405868
1696,22.589124,13.798000,72.474272
1697,22.602334,13.210000,75.700227
1698,22.615786,13.452000,74.338388
1699,22.628666,12.880000,77.639752
1700,22.642019,13.353000,74.889538
1701,22.656000,13.981000,71.525642
1702,22.668784,12.784000,78.222778
1703,22.682296,13.512000,74.008289
1704,22.695226,12.930000,77.339520
1705,22.708333,13.107000,76.295109
1706,22.721849,13.516000,73.986387
1707,22.735234,13.385000,74.710497
1708,22.751312,16.078000,62.196791
1709,22.761731,10.419000,95.978501
1710,22.775345,13.614000,73.453798
1711,22.788416,13.071000,76.505241
1712,22.801604,13.188000,75.826509
1713,22.815073,13.469000,74.244562
1714,22.828281,13.208000,75.711690
1715,22.841918,13.637000,73.329911
1716,22.855128,13.210000,75.700227
1717,22.868137,13.009000,76.869859
1718,22.882115,13.978000,71.540993
1719,22.895064,12.949000,77.226041
1720,22.908321,13.257000,75.431847
1721,22.921597,13.276000,75.323893
1722,22.935005,13.408000,74.582339
1723,22.948642,13.637000,73.329911
1724,22.961924,13.282000,75.289866
1725,22.975738,13.814000,72.390329
1726,22.989026,13.288000,75.255870
1727,23.002079,13.053000,76.610741
1728,23.015323,13.244000,75.505889
1729,23.028588,13.265000,75.386355
1730,23.041791,13.203000,75.740362
1731,23.056103,14.312000,69.871437
1732,23.068722,12.619000,79.245582
1733,23.082124,13.402000,74.615729
1734,23.095326,13.202000,75.746099
1735,23.108755,13.429000,74.465709
1736,23.122820,14.065000,71.098471
1737,23.135170,12.350000,80.971660
1738,23.149054,13.884000,72.025353
1739,23.161873,12.819000,78.009205
1740,23.175171,13.298000,75.199278
1741,23.189348,14.177000,70.536785
1742,23.201938,12.590000,79.428118
1743,23.215585,13.647000,73.276178
1744,23.228924,13.339000,74.968139
1745,23.242067,13.143000,76.086129
1746,23.255403,13.336000,74.985003
1747,23.268344,12.941000,77.273781
1748,23.282592,14.248000,70.185289
1749,23.295724,13.132000,76.149863
1750,23.308838,13.114000,76.254385
1751,23.322089,13.251000,75.466003
1752,23.335337,13.248000,75.483092
1753,23.349802,14.465000,69.132389
1754,23.363134,13.332000,75.007501
1755,23.375505,12.371000,80.834209
1756,23.390246,14.741000,67.838003
1757,23.402196,11.950000,83.682008
1758,23.415504,13.308000,75.142771
1759,23.428314,12.810000,78.064012
1760,23.441879,13.565000,73.719130
1761,23.455061,13.182000,75.861023
1762,23.468327,13.266000,75.380672
1763,23.481846,13.519000,73.969968
1764,23.494912,13.066000,76.534517
1765,23.508429,13.517000,73.980913
1766,23.521797,13.368000,74.805506
1767,23.534979,13.182000,75.861023
1768,23.548782,13.803000,72.448019
1769,23.561708,12.926000,77.363454
1770,23.575088,13.380000,74.738416
1771,23.591864,16.776000,59.608965
1772,23.601123,9.259000,108.003024
1773,23.614984,13.861000,72.144867
1774,23.628251,13.267000,75.374991
1775,23.641554,13.303000,75.171014
1776,23.654727,13.173000,75.912852
1777,23.668092,13.365000,74.822297
1778,23.681406,13.314000,75.108908
1779,23.694697,13.291000,75.238883
1780,23.708031,13.334000,74.996250
1781,23.721346,13.315000,75.103267
1782,23.734487,13.141000,76.097709
1783,23.748046,13.559000,73.751752
1784,23.761081,13.035000,76.716532
1785,23.779518,18.437000,54.238759
1786,23.787368,7.850000,127.388535
1787,23.801060,13.692000,73.035349
1788,23.814466,13.406000,74.593466
1789,23.827459,12.993000,76.964519
1790,23.840716,13.257000,75.431847
1791,23.854027,13.311000,75.125836
1792,23.867642,13.615000,73.448402
1793,23.880876,13.234000,75.562944
1794,23.894647,13.771000,72.616368
1795,23.908397,13.750000,72.727273
1796,23.921279,12.882000,77.627698
1797,23.934864,13.585000,73.610600
1798,23.948212,13.348000,74.917591
1799,23.961410,13.198000,75.769056
1800,23.975304,13.894000,71.973514
1801,23.988928,13.624000,73.399883
1802,24.001829,12.901000,77.513371
1803,24.015132,13.303000,75.171014
1804,24.030062,14.930000,66.979236
1805,24.042234,12.172000,82.155767
1806,24.055224,12.990000,76.982294
1807,24.068471,13.247000,75.488790
1808,24.081948,13.477000,74.200490
1809,24.096230,14.282000,70.018205
1810,24.108417,12.187000,82.054648
1811,24.121885,13.468000,74.250074
1812,24.135232,13.347000,74.923204
1813,24.148212,12.980000,77.041602
1814,24.162150,13.938000,71.746305
1815,24.176058,13.908000,71.901064
1816,24.188920,12.862000,77.748406
1817,24.202068,13.148000,76.057195
1818,24.215370,13.302000,75.176665
1819,24.229597,14.227000,70.288887
1820,24.241831,12.234000,81.739415
1821,24.256752,14.921000,67.019637
1822,24.268823,12.071000,82.843178
1823,24.281628,12.805000,78.094494
1824,24.295569,13.941000,71.730866
1825,24.308459,12.890000,77.579519
1826,24.321506,13.047000,76.645972
1827,24.334862,13.356000,74.872716
1828,24.348036,13.174000,75.907090
1829,24.361568,13.532000,73.898906
1830,24.381650,20.082000,49.795837
1831,24.390118,8.468000,118.091639
1832,24.402360,12.242000,81.685999
1833,24.414829,12.469000,80.198893
1834,24.428146,13.317000,75.091988
1835,24.441603,13.457000,74.310768
1836,24.454831,13.228000,75.597218
1837,24.467835,13.004000,76.899416
1838,24.481477,13.642000,73.303035
1839,24.494544,13.067000,76.528660
1840,24.508125,13.581000,73.632280
1841,24.520996,12.871000,77.694041
1842,24.534803,13.807000,72.427030
1843,24.548062,13.259000,75.420469
1844,24.561321,13.259000,75.420469
1845,24.574628,13.307000,75.148418
1846,24.593108,18.480000,54.112554
1847,24.601189,8.081000,123.747061
1848,24.614624,13.435000,74.432453
1849,24.627863,13.239000,75.534406
1850,24.641197,13.334000,74.996250
1851,24.654558,13.361000,74.844697
1852,24.667927,13.369000,74.799910
1853,24.681333,13.406000,74.593466
1854,24.694744,13.411000,74.565655
1855,24.707956,13.212000,75.688768
1856,24.721007,13.051000,76.622481
1857,24.734393,13.386000,74.704916
1858,24.747923,13.530000,73.909830
1859,24.760721,12.798000,78.137209
1860,24.774374,13.653000,73.243976
1861,24.787679,13.305000,75.159714
1862,24.800670,12.991000,76.976368
1863,24.814198,13.528000,73.920757
1864,24.827310,13.112000,76.266016
1865,24.840656,13.346000,74.928818
1866,24.854268,13.612000,73.464590
1867,24.867523,13.255000,75.443229
1868,24.880632,13.109000,76.283469
1869,24.894037,13.405000,74.599030
1870,24.908139,14.102000,70.911927
1871,24.920890,12.751000,78.425222
1872,24.934295,13.405000,74.599030
1873,24.947685,13.390000,74.682599
1874,24.961110,13.425000,74.487896
1875,24.974308,13.198000,75.769056
1876,24.988150,13.842000,72.243895
1877,25.001744,13.594000,73.561866
1878,25.014804,13.060000,76.569678
1879,25.027570,12.766000,78.333072
1880,25.042075,14.505000,68.941744
1881,25.055025,12.950000,77.220077
1882,25.068044,13.019000,76.810815
1883,25.081906,13.862000,72.139662
1884,25.095404,13.498000,74.085050
1885,25.108417,13.013000,76.846231
1886,25.121706,13.289000,75.250207
1887,25.134851,13.145000,76.074553
1888,25.148575,13.724000,72.865054
1889,25.161435,12.860000,77.760498
1890,25.174674,13.239000,75.534406
1891,25.191286,16.612000,60.197448
1892,25.200758,9.472000,105.574324
1893,25.214601,13.843000,72.238677
1894,25.227936,13.335000,74.990626
1895,25.241111,13.175000,75.901328
1896,25.254593,13.482000,74.172971
1897,25.267551,12.958000,77.172403
1898,25.281235,13.684000,73.078047
1899,25.294088,12.853000,77.802848
1900,25.308021,13.933000,71.772052
1901,25.321290,13.269000,75.363630
1902,25.334683,13.393000,74.665870
1903,25.348018,13.335000,74.990626
1904,25.361311,13.293000,75.227563
1905,25.374603,13.292000,75.233223
1906,25.388066,13.463000,74.277650
1907,25.401361,13.295000,75.216247
1908,25.414657,13.296000,75.210590
1909,25.428852,14.195000,70.447341
1910,25.441408,12.556000,79.643198
1911,25.454691,13.283000,75.284198
1912,25.467894,13.203000,75.740362
1913,25.481344,13.450000,74.349442
1914,25.494898,13.554000,73.778958
1915,25.508161,13.263000,75.397723
1916,25.521982,13.821000,72.353665
1917,25.534932,12.950000,77.220077
1918,25.548467,13.535000,73.882527
1919,25.561670,13.203000,75.740362
1920,25.575022,13.352000,74.895147
1921,25.587941,12.919000,77.405372
1922,25.601510,13.569000,73.697398
1923,25.615395,13.885000,72.020166
1924,25.628553,13.158000,75.999392
1925,25.642235,13.682000,73.088730
1926,25.656463,14.228000,70.283947
1927,25.668437,11.974000,83.514281
1928,25.681766,13.329000,75.024383
1929,25.696306,14.540000,68.775791
1930,25.708720,12.414000,80.554213
1931,25.723212,14.492000,69.003588
1932,25.735462,12.250000,81.632653
1933,25.749201,13.739000,72.785501
1934,25.763215,14.014000,71.357214
1935,25.775252,12.037000,83.077179
1936,25.788132,12.880000,77.639752
1937,25.801750,13.618000,73.432222
1938,25.814761,13.011000,76.858043
1939,25.828511,13.750000,72.727273
1940,25.841831,13.320000,75.075075
1941,25.855074,13.243000,75.511591
1942,25.869124,14.050000,71.174377
1943,25.882757,13.633000,73.351427
1944,25.895247,12.490000,80.064051
1945,25.908344,13.097000,76.353363
1946,25.921644,13.300000,75.187970
1947,25.934562,12.918000,77.411364
1948,25.948103,13.541000,73.849790
1949,25.961310,13.207000,75.717423
1950,25.974761,13.451000,74.343915
1951,25.987972,13.211000,75.694497
1952,26.002482,14.510000,68.917988
1953,26.014711,12.229000,81.772835
1954,26.027991,13.280000,75.301205
1955,26.041163,13.172000,75.918615
1956,26.054430,13.267000,75.374991
1957,26.067798,13.368000,74.805506
1958,26.081252,13.454000,74.327338
1959,26.094468,13.216000,75.665860
1960,26.108022,13.554000,73.778958
1961,26.121303,13.281000,75.295535
1962,26.134540,13.237000,75.545819
1963,26.148263,13.723000,72.870364
1964,26.161238,12.975000,77.071291
1965,26.174598,13.360000,74.850299
1966,26.188066,13.468000,74.250074
1967,26.201317,13.251000,75.466003
1968,26.214521,13.204000,75.734626
1969,26.228075,13.554000,73.778958
1970,26.241301,13.226000,75.608650
1971,26.254447,13.146000,76.068766
1972,26.267899,13.452000,74.338388
1973,26.281241,13.342000,74.951282
1974,26.294894,13.653000,73.243976
1975,26.308128,13.234000,75.562944
1976,26.321643,13.515000,73.991861
1977,26.336162,14.519000,68.875267
1978,26.348486,12.324000,81.142486
1979,26.361605,13.119000,76.225322
1980,26.374909,13.304000,75.165364
1981,26.388206,13.297000,75.204933
1982,26.402980,14.774000,67.686476
1983,26.415072,12.092000,82.699305
1984,26.428088,13.016000,76.828519
1985,26.441408,13.320000,75.075075
1986,26.454982,13.574000,73.670252
1987,26.468284,13.302000,75.176665
1988,26.481361,13.077000,76.470138
1989,26.495544,14.183000,70.506945
1990,26.507924,12.380000,80.775444
1991,26.522904,14.980000,66.755674
1992,26.535872,12.968000,77.112893
1993,26.547961,12.089000,82.719828
1994,26.561638,13.677000,73.115449
1995,26.574697,13.059000,76.575542
1996,26.588244,13.547000,73.817081
1997,26.603266,15.022000,66.569032
1998,26.615204,11.938000,83.766125
1999,26.629740,14.536000,68.794717
2000,26.641288,11.548000,86.595081
2001,26.654882,13.594000,73.561866
2002,26.668361,13.479000,74.189480
2003,26.681517,13.156000,76.010946
2004,26.695169,13.652000,73.249341
2005,26.708592,13.423000,74.498994
2006,26.721658,13.066000,76.534517
2007,26.734819,13.161000,75.982068
2008,26.748026,13.207000,75.717423
2009,26.761325,13.299000,75.193624
2010,26.774646,13.321000,75.069439
2011,26.787864,13.218000,75.654411
2012,26.801176,13.312000,75.120192
2013,26.815564,14.388000,69.502363
2014,26.827813,12.249000,81.639317
2015,26.841186,13.373000,74.777537
2016,26.854358,13.172000,75.918615
2017,26.867721,13.363000,74.833495
2018,26.881024,13.303000,75.171014
2019,26.894016,12.992000,76.970443
2020,26.907903,13.887000,72.009793
2021,26.920957,13.054000,76.604872
2022,26.934354,13.397000,74.643577
2023,26.947820,13.466000,74.261102
2024,26.960970,13.150000,76.045627
2025,26.974577,13.607000,73.491585
2026,26.987624,13.047000,76.645972
2027,27.001061,13.437000,74.421374
2028,27.014474,13.413000,74.554537
2029,27.028093,13.619000,73.426830
2030,27.041177,13.084000,76.429227
2031,27.054513,13.336000,74.985003
2032,27.067952,13.439000,74.410298
2033,27.081090,13.138000,76.115086
2034,27.094510,13.420000,74.515648
2035,27.107780,13.270000,75.357950
2036,27.120878,13.098000,76.347534
2037,27.134398,13.520000,73.964497
2038,27.147458,13.060000,76.569678
2039,27.161258,13.800000,72.463768
2040,27.174581,13.323000,75.058170
2041,27.188083,13.502000,74.063102
2042,27.201320,13.237000,75.545819
2043,27.214627,13.307000,75.148418
2044,27.227773,13.146000,76.068766
2045,27.241079,13.306000,75.154066
2046,27.254251,13.172000,75.918615
2047,27.267485,13.234000,75.562944
2048,27.280865,13.380000,74.738416
2049,27.294351,13.486000,74.150971
2050,27.307631,13.280000,75.301205
2051,27.320796,13.165000,75.958982
2052,27.334466,13.670000,73.152890
2053,27.347528,13.062000,76.557954
2054,27.360873,13.345000,74.934432
2055,27.374028,13.155000,76.016724
2056,27.387592,13.564000,73.724565
2057,27.400840,13.248000,75.483092
2058,27.414197,13.357000,74.867111
2059,27.427498,13.301000,75.182317
2060,27.440851,13.353000,74.889538
2061,27.454135,13.284000,75.278531
2062,27.467885,13.750000,72.727273
2063,27.480810,12.925000,77.369439
2064,27.494802,13.992000,71.469411
2065,27.507340,12.538000,79.757537
2066,27.520485,13.145000,76.074553
2067,27.533950,13.465000,74.266617
2068,27.546880,12.930000,77.339520
2069,27.560264,13.384000,74.716079
2070,27.573689,13.425000,74.487896
2071,27.587190,13.501000,74.068588
2072,27.600420,13.230000,75.585790
2073,27.614663,14.243000,70.209928
2074,27.627597,12.934000,77.315602
2075,27.640596,12.999000,76.928995
2076,27.653489,12.893000,77.561467
2077,27.667010,13.521000,73.959027
2078,27.680116,13.106000,76.300931
2079,27.693753,13.637000,73.329911
2080,27.706939,13.186000,75.838010
2081,27.720523,13.584000,73.616019
2082,27.733484,12.961000,77.154541
2083,27.747143,13.659000,73.211802
2084,27.760266,13.123000,76.202088
2085,27.773789,13.523000,73.948088
2086,27.787119,13.330000,75.018755
2087,27.800322,13.203000,75.740362
2088,27.813610,13.288000,75.255870
2089,27.826754,13.144000,76.080341
2090,27.840188,13.434000,74.437993
2091,27.853791,13.603000,73.513196
2092,27.867116,13.325000,75.046904
2093,27.880584,13.468000,74.250074
2094,27.894094,13.510000,74.019245
2095,27.907378,13.284000,75.278531
2096,27.921136,13.758000,72.684983
2097,27.934319,13.183000,75.855268
2098,27.947429,13.110000,76.277651
2099,27.961356,13.927000,71.802973
2100,27.974072,12.716000,78.641082
2101,27.987387,13.315000,75.103267
2102,28.001112,13.725000,72.859745
2103,28.014121,13.009000,76.869859
2104,28.028234,14.113000,70.856657
2105,28.040730,12.496000,80.025608
2106,28.054282,13.552000,73.789847
2107,28.067036,12.754000,78.406774
2108,28.080585,13.549000,73.806185
2109,28.095974,15.389000,64.981480
2110,28.107834,11.860000,84.317032
2111,28.121281,13.447000,74.366030
2112,28.133987,12.706000,78.702975
2113,28.147054,13.067000,76.528660
2114,28.161315,14.261000,70.121310
2115,28.174096,12.781000,78.241139
2116,28.186960,12.864000,77.736318
2117,28.203333,16.373000,61.076162
2118,28.213849,10.516000,95.093191
2119,28.226975,13.126000,76.184672
2120,28.241062,14.087000,70.987435
2121,28.254841,13.779000,72.574207
2122,28.268005,13.164000,75.964752
2123,28.281360,13.355000,74.878323
2124,28.294602,13.242000,75.517293
2125,28.307923,13.321000,75.069439
2126,28.321047,13.124000,76.196282
2127,28.334687,13.640000,73.313783
2128,28.347668,12.981000,77.035668
2129,28.360997,13.329000,75.024383
2130,28.374262,13.265000,75.386355
2131,28.396720,22.458000,44.527563
2132,28.404245,7.525000,132.890365
2133,28.414239,9.994000,100.060036
2134,28.427466,13.227000,75.602933
2135,28.441270,13.804000,72.442770
2136,28.454179,12.909000,77.465334
2137,28.467281,13.102000,76.324225
2138,28.480216,12.935000,77.309625
2139,28.494062,13.846000,72.223025
2140,28.507520,13.458000,74.305246
2141,28.520891,13.371000,74.788722
2142,28.534131,13.240000,75.528701
2143,28.547892,13.761000,72.669137
2144,28.560634,12.742000,78.480615
2145,28.573631,12.997000,76.940832
2146,28.586935,13.304000,75.165364
2147,28.603933,16.998000,58.830451
2148,28.613756,9.823000,101.801894
2149,28.627570,13.814000,72.390329
2150,28.640603,13.033000,76.728305
2151,28.653886,13.283000,75.284198
2152,28.667550,13.664000,73.185012
2153,28.680847,13.297000,75.204933
2154,28.694425,13.578000,73.648549
2155,28.707332,12.907000,77.477338
2156,28.721608,14.276000,70.047632
2157,28.734804,13.196000,75.780540
2158,28.747416,12.612000,79.289565
2159,28.760983,13.567000,73.708263
2160,28.775243,14.260000,70.126227
2161,28.787761,12.518000,79.884966
2162,28.802198,14.437000,69.266468
2163,28.814601,12.403000,80.625655
2164,28.827707,13.106000,76.300931
2165,28.841380,13.673000,73.136839
2166,28.854430,13.050000,76.628352
2167,28.868356,13.926000,71.808129
2168,28.881748,13.392000,74.671446
2169,28.895016,13.268000,75.369310
2170,28.907945,12.929000,77.345502
2171,28.921124,13.179000,75.878291
2172,28.934382,13.258000,75.426158
2173,28.947445,13.063000,76.552094
2174,28.961289,13.844000,72.233459
2175,28.973906,12.617000,79.258144
2176,28.987468,13.562000,73.735437
2177,29.000833,13.365000,74.822297
2178,29.013655,12.822000,77.990953
2179,29.026943,13.288000,75.255870
2180,29.041257,14.314000,69.861674
2181,29.055114,13.857000,72.165692
2182,29.068104,12.990000,76.982294
2183,29.081786,13.682000,73.088730
2184,29.095265,13.479000,74.189480
2185,29.107496,12.231000,81.759464
2186,29.121085,13.589000,73.588932
2187,29.134105,13.020000,76.804916
2188,29.147300,13.195000,75.786283
2189,29.160641,13.341000,74.956900
2190,29.173742,13.101000,76.330051
2191,29.187824,14.082000,71.012640
2192,29.200441,12.617000,79.258144
2193,29.213712,13.271000,75.352272
2194,29.226831,13.119000,76.225322
2195,29.240418,13.587000,73.599764
2196,29.253341,12.923000,77.381413
2197,29.266676,13.335000,74.990626
2198,29.280088,13.412000,74.560095
2199,29.293258,13.170000,75.930144
2200,29.306660,13.402000,74.615729
2201,29.320234,13.574000,73.670252
2202,29.333598,13.364000,74.827896
2203,29.346685,13.087000,76.411706
2204,29.359988,13.303000,75.171014
2205,29.373304,13.316000,75.097627
2206,29.386587,13.283000,75.284198
2207,29.399830,13.243000,75.511591
2208,29.413242,13.412000,74.560095
2209,29.426782,13.540000,73.855244
2210,29.439876,13.094000,76.370857
2211,29.453502,13.626000,73.389109
2212,29.466836,13.334000,74.996250
2213,29.480175,13.339000,74.968139
2214,29.493458,13.283000,75.284198
2215,29.506830,13.372000,74.783129
2216,29.520603,13.773000,72.605823
2217,29.533515,12.912000,77.447336
2218,29.546706,13.191000,75.809264
2219,29.560113,13.407000,74.587902
2220,29.573424,13.311000,75.125836
2221,29.586786,13.362000,74.839096
2222,29.600686,13.900000,71.942446
2223,29.613513,12.827000,77.960552
2224,29.627032,13.519000,73.969968
2225,29.640182,13.150000,76.045627
2226,29.654129,13.947000,71.700007
2227,29.666858,12.729000,78.560767
2228,29.680386,13.528000,73.920757
2229,29.694014,13.628000,73.378339
2230,29.706932,12.918000,77.411364
2231,29.721017,14.085000,70.997515
2232,29.733932,12.915000,77.429346
2233,29.747465,13.533000,73.893446
2234,29.760620,13.155000,76.016724
2235,29.773850,13.230000,75.585790
2236,29.787036,13.186000,75.838010
2237,29.800409,13.373000,74.777537
2238,29.813733,13.324000,75.052537
2239,29.827009,13.276000,75.323893
2240,29.840423,13.414000,74.548979
2241,29.853665,13.242000,75.517293
2242,29.867301,13.636000,73.335289
2243,29.880097,12.796000,78.149422
2244,29.893261,13.164000,75.964752
2245,29.906518,13.257000,75.431847
2246,29.919894,13.376000,74.760766
2247,29.933400,13.506000,74.041167
2248,29.952254,18.854000,53.039143
2249,29.959774,7.520000,132.978723
2250,29.973670,13.896000,71.963155
2251,29.986450,12.780000,78.247261
2252,29.999823,13.373000,74.777537
2253,30.013120,13.297000,75.204933
2254,30.026490,13.370000,74.794316
2255,30.039765,13.275000,75.329567
2256,30.053184,13.419000,74.521201
2257,30.066362,13.178000,75.884049
2258,30.079730,13.368000,74.805506
2259,30.093085,13.355000,74.878323
2260,30.106696,13.611000,73.469988
2261,30.125652,18.956000,52.753746
2262,30.132910,7.258000,137.779002
2263,30.146981,14.071000,71.068154
2264,30.159860,12.879000,77.645780
2265,30.173174,13.314000,75.108908
2266,30.186691,13.517000,73.980913
2267,30.200066,13.375000,74.766355
2268,30.213484,13.418000,74.526755
2269,30.226705,13.221000,75.637244
2270,30.240387,13.682000,73.088730
2271,30.253713,13.326000,75.041273
2272,30.266983,13.270000,75.357950
2273,30.280404,13.421000,74.510096
2274,30.293739,13.335000,74.990626
2275,30.306936,13.197000,75.774797
2276,30.321136,14.200000,70.422535
2277,30.333974,12.838000,77.893753
2278,30.347574,13.600000,73.529412
2279,30.360705,13.131000,76.155662
2280,30.373726,13.021000,76.799017
2281,30.386416,12.690000,78.802206
2282,30.399769,13.353000,74.889538
2283,30.413284,13.515000,73.991861
2284,30.426349,13.065000,76.540375
2285,30.439965,13.616000,73.443008
2286,30.452990,13.025000,76.775432
2287,30.466441,13.451000,74.343915
2288,30.479809,13.368000,74.805506
2289,30.492972,13.163000,75.970523
2290,30.506461,13.489000,74.134480
2291,30.520018,13.557000,73.762632
2292,30.533510,13.492000,74.117996
2293,30.546729,13.219000,75.648687
2294,30.560044,13.315000,75.103267
2295,30.573604,13.560000,73.746313
2296,30.586808,13.204000,75.734626
2297,30.600836,14.028000,71.285999
2298,30.614265,13.429000,74.465709
2299,30.627385,13.120000,76.219512
2300,30.640296,12.911000,77.453334
2301,30.653518,13.222000,75.631523
2302,30.666713,13.195000,75.786283
2303,30.679832,13.119000,76.225322
2304,30.700848,21.016000,47.582794
2305,30.707707,6.859000,145.793847
2306,30.720163,12.456000,80.282595
2307,30.733060,12.897000,77.537412
2308,30.748339,15.279000,65.449310
2309,30.759710,11.371000,87.943013
2310,30.775811,16.101000,62.107944
2311,30.789771,13.960000,71.633238
2312,30.802985,13.214000,75.677312
2313,30.815754,12.769000,78.314668
2314,30.829890,14.136000,70.741370
2315,30.842271,12.381000,80.768920
2316,30.855666,13.395000,74.654722
2317,30.869600,13.934000,71.766901
2318,30.885771,16.171000,61.839095
2319,30.896359,10.588000,94.446543
2320,30.908966,12.607000,79.321012
2321,30.922215,13.249000,75.477395
2322,30.936402,14.187000,70.487066
2323,30.949181,12.779000,78.253384
2324,30.962804,13.623000,73.405270
2325,30.975490,12.686000,78.827053
2326,30.988827,13.337000,74.979381
2327,31.003142,14.315000,69.856794
2328,31.015733,12.591000,79.421809
2329,31.029912,14.179000,70.526835
2330,31.042420,12.508000,79.948833
2331,31.056390,13.970000,71.581961
2332,31.069806,13.416000,74.537865
2333,31.082485,12.679000,78.870573
2334,31.096527,14.042000,71.214927
2335,31.109261,12.734000,78.529920
2336,31.122450,13.189000,75.820760
2337,31.137526,15.076000,66.330592
2338,31.150266,12.740000,78.492936
2339,31.163136,12.870000,77.700078
2340,31.176021,12.885000,77.609624
2341,31.189182,13.161000,75.982068
2342,31.203163,13.981000,71.525642
2343,31.215534,12.371000,80.834209
2344,31.229622,14.088000,70.982396
2345,31.242221,12.599000,79.371379
2346,31.255649,13.428000,74.471254
2347,31.269975,14.326000,69.803155
2348,31.282305,12.330000,81.103001
2349,31.296365,14.060000,71.123755
2350,31.309241,12.876000,77.663871
2351,31.322357,13.116000,76.242757
2352,31.336253,13.896000,71.963155
2353,31.349261,13.008000,76.875769
2354,31.363055,13.794000,72.495288
2355,31.375863,12.808000,78.076202
2356,31.389292,13.429000,74.465709
2357,31.403009,13.717000,72.902238
2358,31.416475,13.466000,74.261102
2359,31.430159,13.684000,73.078047
2360,31.442611,12.452000,80.308384
2361,31.460845,18.234000,54.842602
2362,31.470475,9.630000,103.842160
2363,31.482564,12.089000,82.719828
2364,31.496374,13.810000,72.411296
2365,31.509463,13.089000,76.400031
2366,31.522431,12.968000,77.112893
2367,31.536225,13.794000,72.495288
2368,31.549103,12.878000,77.651809
2369,31.562916,13.813000,72.395569
2370,31.575821,12.905000,77.489345
2371,31.589005,13.184000,75.849515
2372,31.603236,14.231000,70.269131
2373,31.615695,12.459000,80.263264
2374,31.629484,13.789000,72.521575
2375,31.644539,15.055000,66.423115
2376,31.655411,10.872000,91.979397
2377,31.669647,14.236000,70.244451
2378,31.682982,13.335000,74.990626
2379,31.696168,13.186000,75.838010
2380,31.709083,12.915000,77.429346
2381,31.722120,13.037000,76.704763
2382,31.736639,14.519000,68.875267
2383,31.749044,12.405000,80.612656
2384,31.762967,13.923000,71.823601
2385,31.775502,12.535000,79.776625
2386,31.788969,13.467000,74.255588
2387,31.802570,13.601000,73.524006
2388,31.813267,10.697000,93.484154
2389,31.829131,15.864000,63.035804
2390,31.839603,10.472000,95.492743
2391,31.852879,13.276000,75.323893
2392,31.866393,13.514000,73.997336
2393,31.879861,13.468000,74.250074
2394,31.892976,13.115000,76.248570
2395,31.908998,16.022000,62.414181
2396,31.922135,13.137000,76.120880
2397,31.936226,14.091000,70.967284
2398,31.949465,13.239000,75.534406
2399,31.963265,13.800000,72.463768
2400,31.975659,12.394000,80.684202
2401,31.989032,13.373000,74.777537
2402,32.002655,13.623000,73.405270
2403,32.015744,13.089000,76.400031
2404,32.029506,13.762000,72.663857
2405,32.042138,12.632000,79.164028
2406,32.055477,13.339000,74.968139
2407,32.069386,13.909000,71.895895
2408,32.082398,13.012000,76.852136
2409,32.095719,13.321000,75.069439
2410,32.108893,13.174000,75.907090
2411,32.122162,13.269000,75.363630
2412,32.135943,13.781000,72.563675
2413,32.149193,13.250000,75.471698
2414,32.162439,13.246000,75.494489
2415,32.175739,13.300000,75.187970
2416,32.188951,13.212000,75.688768
2417,32.203179,14.228000,70.283947
2418,32.220495,17.316000,57.750058
2419,32.231275,10.780000,92.764378
2420,32.242610,11.335000,88.222320
2421,32.255825,13.215000,75.671585
2422,32.269843,14.018000,71.336853
2423,32.282211,12.368000,80.853816
2424,32.296410,14.199000,70.427495
2425,32.309454,13.044000,76.663600
2426,32.322562,13.108000,76.289289
2427,32.336593,14.031000,71.270758
2428,32.349098,12.505000,79.968013
2429,32.363154,14.056000,71.143995
2430,32.375833,12.679000,78.870573
2431,32.389140,13.307000,75.148418
2432,32.409352,20.212000,49.475559
2433,32.415599,6.247000,160.076837
2434,32.428906,13.307000,75.148418
2435,32.442902,13.996000,71.448985
2436,32.455438,12.536000,79.770262
2437,32.469557,14.119000,70.826546
2438,32.482543,12.986000,77.006006
2439,32.496058,13.515000,73.991861
2440,32.508676,12.618000,79.251862
2441,32.522076,13.400000,74.626866
2442,32.536045,13.969000,71.587086
2443,32.549175,13.130000,76.161462
2444,32.565166,15.991000,62.535176
2445,32.575958,10.792000,92.661231
2446,32.589168,13.210000,75.700227
2447,32.603269,14.101000,70.916956
2448,32.615765,12.496000,80.025608
2449,32.629270,13.505000,74.046649
2450,32.643357,14.087000,70.987435
2451,32.655641,12.284000,81.406708
2452,32.670080,14.439000,69.256874
2453,32.682946,12.866000,77.724234
2454,32.695887,12.941000,77.273781
2455,32.709880,13.993000,71.464304
2456,32.723253,13.373000,74.777537
2457,32.737019,13.766000,72.642743
2458,32.749883,12.864000,77.736318
2459,32.762318,12.435000,80.418175
2460,32.776421,14.103000,70.906899
2461,32.789127,12.706000,78.702975
2462,32.803104,13.977000,71.546111
2463,32.816106,13.002000,76.911244
2464,32.829076,12.970000,77.101002
2465,32.843317,14.241000,70.219788
2466,32.855986,12.669000,78.932828
2467,32.869889,13.903000,71.926922
2468,32.882325,12.436000,80.411708
2469,32.895648,13.323000,75.058170
2470,32.906441,10.793000,92.652645
2471,32.919934,13.493000,74.112503
2472,32.932966,13.032000,76.734193
2473,32.946531,13.565000,73.719130
2474,32.959971,13.440000,74.404762
2475,32.972742,12.771000,78.302404
2476,32.987209,14.467000,69.122831
2477,32.999430,12.221000,81.826364
2478,33.012785,13.355000,74.878323
2479,33.026036,13.251000,75.466003
2480,33.039350,13.314000,75.108908
2481,33.052679,13.329000,75.024383
2482,33.066061,13.382000,74.727246
2483,33.079560,13.499000,74.079561
2484,33.092777,13.217000,75.660135
2485,33.105987,13.210000,75.700227
2486,33.119430,13.443000,74.388157
2487,33.132664,13.234000,75.562944
2488,33.146046,13.382000,74.727246
2489,33.159718,13.672000,73.142188
2490,33.172973,13.255000,75.443229
2491,33.185957,12.984000,77.017868
2492,33.199455,13.498000,74.085050
2493,33.212815,13.360000,74.850299
2494,33.226219,13.404000,74.604596
2495,33.239292,13.073000,76.493536
2496,33.252713,13.421000,74.510096
2497,33.266397,13.684000,73.078047
2498,33.280127,13.730000,72.833212
2499,33.292660,12.533000,79.789356
2500,33.306439,13.779000,72.574207
2501,33.319653,13.214000,75.677312
2502,33.332837,13.184000,75.849515
2503,33.346243,13.406000,74.593466
2504,33.359443,13.200000,75.757576
2505,33.372866,13.423000,74.498994
2506,33.386032,13.166000,75.953213
2507,33.399554,13.522000,73.953557
2508,33.412628,13.074000,76.487685
2509,33.426046,13.418000,74.526755
2510,33.439403,13.357000,74.867111
2511,33.452750,13.347000,74.923204
2512,33.465951,13.201000,75.751837
2513,33.479483,13.532000,73.898906
2514,33.492723,13.240000,75.528701
2515,33.506155,13.432000,74.449077
2516,33.519615,13.460000,74.294205
2517,33.532905,13.290000,75.244545
2518,33.545983,13.078000,76.464291
2519,33.559597,13.614000,73.453798
2520,33.572771,13.174000,75.907090
2521,33.586201,13.430000,74.460164
2522,33.599674,13.473000,74.222519
2523,33.613035,13.361000,74.844697
2524,33.626254,13.219000,75.648687
2525,33.639832,13.578000,73.648549
2526,33.653235,13.403000,74.610162
2527,33.666519,13.284000,75.278531
2528,33.679283,12.764000,78.345346
2529,33.692736,13.453000,74.332863
2530,33.706022,13.286000,75.267199
2531,33.719373,13.351000,74.900756
2532,33.732615,13.242000,75.517293
2533,33.749482,16.867000,59.287366
2534,33.759292,9.810000,101.936799
2535,33.773108,13.816000,72.379849
2536,33.786004,12.896000,77.543424
2537,33.799427,13.423000,74.498994
2538,33.812597,13.170000,75.930144
2539,33.826161,13.564000,73.724565
2540,33.839380,13.219000,75.648687
2541,33.852585,13.205000,75.728891
2542,33.866238,13.653000,73.243976
2543,33.879506,13.268000,75.369310
2544,33.892646,13.140000,76.103501
2545,33.905796,13.150000,76.045627
2546,33.925856,20.060000,49.850449
2547,33.932425,6.569000,152.230172
2548,33.946414,13.989000,71.484738
2549,33.959486,13.072000,76.499388
2550,33.972584,13.098000,76.347534
2551,33.986005,13.421000,74.510096
2552,33.999540,13.535000,73.882527
2553,34.012820,13.280000,75.301205
2554,34.026380,13.560000,73.746313
2555,34.039648,13.268000,75.369310
2556,34.052942,13.294000,75.221905
2557,34.066339,13.397000,74.643577
2558,34.079615,13.276000,75.323893
2559,34.092830,13.215000,75.671585
2560,34.106201,13.371000,74.788722
2561,34.119576,13.375000,74.766355
2562,34.132908,13.332000,75.007501
2563,34.146470,13.562000,73.735437
2564,34.160214,13.744000,72.759022
2565,34.173116,12.902000,77.507363
2566,34.186432,13.316000,75.097627
2567,34.200220,13.788000,72.526835
2568,34.213376,13.156000,76.010946
2569,34.226985,13.609000,73.480785
2570,34.240092,13.107000,76.295109
2571,34.253539,13.447000,74.366030
2572,34.266435,12.896000,77.543424
2573,34.280455,14.020000,71.326676
2574,34.293781,13.326000,75.041273
2575,34.306393,12.612000,79.289565
2576,34.319633,13.240000,75.528701
2577,34.332874,13.241000,75.522997
2578,34.347242,14.368000,69.599109
2579,34.360076,12.834000,77.918030
2580,34.372843,12.767000,78.326937
2581,34.386227,13.384000,74.716079
2582,34.399734,13.507000,74.035685
2583,34.413081,13.347000,74.923204
2584,34.426907,13.826000,72.327499
2585,34.439419,12.512000,79.923274
2586,34.452527,13.108000,76.289289
2587,34.466047,13.520000,73.964497
2588,34.479477,13.430000,74.460164
2589,34.492488,13.011000,76.858043
2590,34.509986,17.498000,57.149389
2591,34.519328,9.342000,107.043460
2592,34.533117,13.789000,72.521575
2593,34.546312,13.195000,75.786283
2594,34.559470,13.158000,75.999392
2595,34.572418,12.948000,77.232005
2596,34.585675,13.257000,75.431847
2597,34.599426,13.751000,72.721984
2598,34.612729,13.303000,75.171014
2599,34.626063,13.334000,74.996250
2600,34.639309,13.246000,75.494489
2601,34.652385,13.076000,76.475987
2602,34.665905,13.520000,73.964497
2603,34.679402,13.497000,74.090539
2604,34.692495,13.093000,76.376690
2605,34.706000,13.505000,74.046649
2606,34.719120,13.120000,76.219512
2607,34.732408,13.288000,75.255870
2608,34.746528,14.120000,70.821530
2609,34.759916,13.388000,74.693756
2610,34.772963,13.047000,76.645972
2611,34.786211,13.248000,75.483092
2612,34.799401,13.190000,75.815011
2613,34.813087,13.686000,73.067368
2614,34.826414,13.327000,75.035642
2615,34.839681,13.267000,75.374991
2616,34.853085,13.404000,74.604596
2617,34.866370,13.285000,75.272864
2618,34.879675,13.305000,75.159714
2619,34.893030,13.355000,74.878323
2620,34.906364,13.334000,74.996250
2621,34.920178,13.814000,72.390329
2622,34.933199,13.021000,76.799017
2623,34.946286,13.087000,76.411706
2624,34.959884,13.598000,73.540227
2625,34.973255,13.371000,74.788722
2626,34.986749,13.494000,74.107011
2627,34.999827,13.078000,76.464291
2628,35.013097,13.270000,75.357950
2629,35.026866,13.769000,72.626916
2630,35.039817,12.951000,77.214115
2631,35.054149,14.332000,69.773932
2632,35.067000,12.851000,77.814956
2633,35.079664,12.664000,78.963992
2634,35.092779,13.115000,76.248570
2635,35.105933,13.154000,76.022503
2636,35.120363,14.430000,69.300069
2637,35.133030,12.667000,78.945291
2638,35.146501,13.471000,74.233539
2639,35.159763,13.262000,75.403408
2640,35.173067,13.304000,75.165364
2641,35.186076,13.009000,76.869859
2642,35.199391,13.315000,75.103267
2643,35.212679,13.288000,75.255870
2644,35.225805,13.126000,76.184672
2645,35.239324,13.519000,73.969968
2646,35.252553,13.229000,75.591504
2647,35.272035,19.482000,51.329432
2648,35.279039,7.004000,142.775557
2649,35.292954,13.915000,71.864894
2650,35.305710,12.756000,78.394481
2651,35.318975,13.265000,75.386355
2652,35.332422,13.447000,74.366030
2653,35.345689,13.267000,75.374991
2654,35.359013,13.324000,75.052537
2655,35.372515,13.502000,74.063102
2656,35.385592,13.077000,76.470138
2657,35.399122,13.530000,73.909830
2658,35.412444,13.322000,75.063804
2659,35.425944,13.500000,74.074074
2660,35.439234,13.290000,75.244545
2661,35.452433,13.199000,75.763315
2662,35.465692,13.259000,75.420469
2663,35.479303,13.611000,73.469988
2664,35.492722,13.419000,74.521201
2665,35.505966,13.244000,75.505889
2666,35.519344,13.378000,74.749589
2667,35.532677,13.333000,75.001875
2668,35.546272,13.595000,73.556455
2669,35.559623,13.351000,74.900756
2670,35.572899,13.276000,75.323893
2671,35.586281,13.382000,74.727246
2672,35.599843,13.562000,73.735437
2673,35.612906,13.063000,76.552094
2674,35.626358,13.452000,74.338388
2675,35.639559,13.201000,75.751837
2676,35.653027,13.468000,74.250074
2677,35.666808,13.781000,72.563675
2678,35.679606,12.798000,78.137209
2679,35.692923,13.317000,75.091988
2680,35.706144,13.221000,75.637244
2681,35.719586,13.442000,74.393691
2682,35.732837,13.251000,75.466003
2683,35.745892,13.055000,76.599004
2684,35.759991,14.099000,70.927016
2685,35.772927,12.936000,77.303649
2686,35.786359,13.432000,74.449077
2687,35.799548,13.189000,75.820760
2688,35.812916,13.368000,74.805506
2689,35.826351,13.435000,74.432453
2690,35.839571,13.220000,75.642965
2691,35.852886,13.315000,75.103267
2692,35.866242,13.356000,74.872716
2693,35.879513,13.271000,75.352272
2694,35.892709,13.196000,75.780540
2695,35.905965,13.256000,75.437538
2696,35.919924,13.959000,71.638370
2697,35.933099,13.175000,75.901328
2698,35.945948,12.849000,77.827068
2699,35.959613,13.665000,73.179656
2700,35.972375,12.762000,78.357624
2701,35.985670,13.295000,75.216247
2702,35.999100,13.430000,74.460164
2703,36.012364,13.264000,75.392039
2704,36.025703,13.339000,74.968139
2705,36.039117,13.414000,74.548979
2706,36.052274,13.157000,76.005168
2707,36.065586,13.312000,75.120192
2708,36.079381,13.795000,72.490033
2709,36.092632,13.251000,75.466003
2710,36.105563,12.931000,77.333540
2711,36.119183,13.620000,73.421439
2712,36.132274,13.091000,76.388358
2713,36.146125,13.851000,72.196953
2714,36.159040,12.915000,77.429346
2715,36.172446,13.406000,74.593466
2716,36.185549,13.103000,76.318400
2717,36.199102,13.553000,73.784402
2718,36.213556,14.454000,69.185001
2719,36.225720,12.164000,82.209799
2720,36.238900,13.180000,75.872534
2721,36.252179,13.279000,75.306876
2722,36.266037,13.858000,72.160485
2723,36.279200,13.163000,75.970523
2724,36.292575,13.375000,74.766355
2725,36.305833,13.258000,75.426158
2726,36.319146,13.313000,75.114550
2727,36.332595,13.449000,74.354971
2728,36.346217,13.622000,73.410659
2729,36.359489,13.272000,75.346594
2730,36.372761,13.272000,75.346594
2731,36.386132,13.371000,74.788722
2732,36.399911,13.779000,72.574207
2733,36.413004,13.093000,76.376690
2734,36.426276,13.272000,75.346594
2735,36.439330,13.054000,76.604872
2736,36.452865,13.535000,73.882527
2737,36.466142,13.277000,75.318219
2738,36.479461,13.319000,75.080712
2739,36.492844,13.383000,74.721662
2740,36.506077,13.233000,75.568654
2741,36.519622,13.545000,73.827981
2742,36.532416,12.794000,78.161638
2743,36.546107,13.691000,73.040684
2744,36.559164,13.057000,76.587271
2745,36.572091,12.927000,77.357469
2746,36.585443,13.352000,74.895147
2747,36.598626,13.183000,75.855268
2748,36.614305,15.679000,63.779578
2749,36.625705,11.400000,87.719298
2750,36.638919,13.214000,75.677312
2751,36.652394,13.475000,74.211503
2752,36.665838,13.444000,74.382624
2753,36.679155,13.317000,75.091988
2754,36.692426,13.271000,75.352272
2755,36.705278,12.852000,77.808901
2756,36.719590,14.312000,69.871437
2757,36.732624,13.034000,76.722418
2758,36.745501,12.877000,77.657840
2759,36.758940,13.439000,74.410298
2760,36.772138,13.198000,75.769056
2761,36.785389,13.251000,75.466003
2762,36.799780,14.391000,69.487874
2763,36.812422,12.642000,79.101408
2764,36.825940,13.518000,73.975440
2765,36.838710,12.770000,78.308536
2766,36.852737,14.027000,71.291081
2767,36.865430,12.693000,78.783582
2768,36.878975,13.545000,73.827981
2769,36.892163,13.188000,75.826509
2770,36.905654,13.491000,74.123490
2771,36.918699,13.045000,76.657723
2772,36.932231,13.532000,73.898906
2773,36.945566,13.335000,74.990626
2774,36.958858,13.292000,75.233223
2775,36.972179,13.321000,75.069439
2776,36.985646,13.467000,74.255588
2777,36.998898,13.252000,75.460308
2778,37.012295,13.397000,74.643577
2779,37.025434,13.139000,76.109293
2780,37.038934,13.500000,74.074074
2781,37.052141,13.207000,75.717423
2782,37.065453,13.312000,75.120192
2783,37.078791,13.338000,74.973759
2784,37.092178,13.387000,74.699335
2785,37.105542,13.364000,74.827896
2786,37.119304,13.762000,72.663857
2787,37.132398,13.094000,76.370857
2788,37.145633,13.235000,75.557235
2789,37.159327,13.694000,73.024682
2790,37.172302,12.975000,77.071291
2791,37.185661,13.359000,74.855902
2792,37.199215,13.554000,73.778958
2793,37.212079,12.864000,77.736318
2794,37.225672,13.593000,73.567277
2795,37.239043,13.371000,74.788722
2796,37.252447,13.404000,74.604596
2797,37.265719,13.272000,75.346594
2798,37.278982,13.263000,75.397723
2799,37.292327,13.345000,74.934432
2800,37.305673,13.346000,74.928818
2801,37.319049,13.376000,74.760766
2802,37.332363,13.314000,75.108908
2803,37.345684,13.321000,75.069439
2804,37.359222,13.538000,73.866155
2805,37.372193,12.971000,77.095058
2806,37.385475,13.282000,75.289866
2807,37.398995,13.520000,73.964497
2808,37.412339,13.344000,74.940048
2809,37.425666,13.327000,75.035642
2810,37.438955,13.289000,75.250207
2811,37.452459,13.504000,74.052133
2812,37.466002,13.543000,73.838884
2813,37.479402,13.400000,74.626866
2814,37.492226,12.824000,77.978790
2815,37.505514,13.288000,75.255870
2816,37.518714,13.200000,75.757576
2817,37.532402,13.688000,73.056692
2818,37.545404,13.002000,76.911244
2819,37.559003,13.599000,73.534819
2820,37.575048,16.045000,62.324712
2821,37.585348,10.300000,97.087379
2822,37.599211,13.863000,72.134459
2823,37.612035,12.824000,77.978790
2824,37.625441,13.406000,74.593466
2825,37.638751,13.310000,75.131480
2826,37.652051,13.300000,75.187970
2827,37.665341,13.290000,75.244545
2828,37.679004,13.663000,73.190368
2829,37.692462,13.458000,74.305246
2830,37.705346,12.884000,77.615647
2831,37.718899,13.553000,73.784402
2832,37.732138,13.239000,75.534406
2833,37.745699,13.561000,73.740875
2834,37.762601,16.902000,59.164596
2835,37.772176,9.575000,104.438642
2836,37.785828,13.652000,73.249341
2837,37.798981,13.153000,76.028283
2838,37.812149,13.168000,75.941677
2839,37.825423,13.274000,75.335242
2840,37.838701,13.278000,75.312547
2841,37.852085,13.384000,74.716079
2842,37.865666,13.581000,73.632280
2843,37.879063,13.397000,74.643577
2844,37.892317,13.254000,75.448921
2845,37.905409,13.092000,76.382524
2846,37.918737,13.328000,75.030012
2847,37.932032,13.295000,75.216247
2848,37.945405,13.373000,74.777537
2849,37.958718,13.313000,75.114550
2850,37.972003,13.285000,75.272864
2851,37.985615,13.612000,73.464590
2852,37.999056,13.441000,74.399226
2853,38.011955,12.899000,77.525390
2854,38.025346,13.391000,74.677022
2855,38.038856,13.510000,74.019245
2856,38.052030,13.174000,75.907090
2857,38.065624,13.594000,73.561866
2858,38.079160,13.536000,73.877069
2859,38.092456,13.296000,75.210590
2860,38.105749,13.293000,75.227563
2861,38.119127,13.378000,74.749589
2862,38.132470,13.343000,74.945664
2863,38.145695,13.225000,75.614367
2864,38.159440,13.745000,72.753729
2865,38.172277,12.837000,77.899821
2866,38.185380,13.103000,76.318400
2867,38.198765,13.385000,74.710497
2868,38.212016,13.251000,75.466003
2869,38.225711,13.695000,73.019350
2870,38.239184,13.473000,74.222519
2871,38.252507,13.323000,75.058170
2872,38.265937,13.430000,74.460164
2873,38.278642,12.705000,78.709170
2874,38.291855,13.213000,75.683039
2875,38.305276,13.421000,74.510096
2876,38.318872,13.596000,73.551044
2877,38.331979,13.107000,76.295109
2878,38.352030,20.051000,49.872824
2879,38.359353,7.323000,136.556056
2880,38.372444,13.091000,76.388358
2881,38.385351,12.907000,77.477338
2882,38.398865,13.514000,73.997336
2883,38.412070,13.205000,75.728891
2884,38.425380,13.310000,75.131480
2885,38.438954,13.574000,73.670252
2886,38.451941,12.987000,77.000077
2887,38.465271,13.330000,75.018755
2888,38.478727,13.456000,74.316290
2889,38.492268,13.541000,73.849790
2890,38.505133,12.865000,77.730276
2891,38.518898,13.765000,72.648020
2892,38.531924,13.026000,76.769538
2893,38.545354,13.430000,74.460164
2894,38.558941,13.587000,73.599764
2895,38.572232,13.291000,75.238883
2896,38.585187,12.955000,77.190274
2897,38.598695,13.508000,74.030204
2898,38.612383,13.688000,73.056692
2899,38.625227,12.844000,77.857365
2900,38.638735,13.508000,74.030204
2901,38.652011,13.276000,75.323893
2902,38.665223,13.212000,75.688768
2903,38.678716,13.493000,74.112503
2904,38.692232,13.516000,73.986387
2905,38.705156,12.924000,77.375426
2906,38.719023,13.867000,72.113651
2907,38.731960,12.937000,77.297673
2908,38.745549,13.589000,73.588932
2909,38.758624,13.075000,76.481836
2910,38.772232,13.608000,73.486185
2911,38.785523,13.291000,75.238883
2912,38.798749,13.226000,75.608650
2913,38.812065,13.316000,75.097627
2914,38.825151,13.086000,76.417545
2915,38.838852,13.701000,72.987373
2916,38.852181,13.329000,75.024383
2917,38.865538,13.357000,74.867111
2918,38.879013,13.475000,74.211503
2919,38.891859,12.846000,77.845244
2920,38.905528,13.669000,73.158241
2921,38.918842,13.314000,75.108908
2922,38.932201,13.359000,74.855902
2923,38.945492,13.291000,75.238883
2924,38.958451,12.959000,77.166448
2925,38.971817,13.366000,74.816699
2926,38.985358,13.541000,73.849790
2927,38.998806,13.448000,74.360500
2928,39.012130,13.324000,75.052537
2929,39.025183,13.053000,76.610741
2930,39.038648,13.465000,74.266617
2931,39.052177,13.529000,73.915293
2932,39.065432,13.255000,75.443229
2933,39.078577,13.145000,76.074553
2934,39.091955,13.378000,74.749589
2935,39.105297,13.342000,74.951282
2936,39.124531,19.234000,51.991265
2937,39.137882,13.351000,74.900756
2938,39.145595,7.713000,129.651238
2939,39.158465,12.870000,77.700078
2940,39.171676,13.211000,75.694497
2941,39.185233,13.557000,73.762632
2942,39.198392,13.159000,75.993617
2943,39.212014,13.622000,73.410659
2944,39.225472,13.458000,74.305246
2945,39.238682,13.210000,75.700227
2946,39.252298,13.616000,73.443008
2947,39.265486,13.188000,75.826509
2948,39.278731,13.245000,75.500189
2949,39.292069,13.338000,74.973759
2950,39.305329,13.260000,75.414781
2951,39.318807,13.478000,74.194984
2952,39.332642,13.835000,72.280448
2953,39.345381,12.739000,78.499097
2954,39.358597,13.216000,75.665860
2955,39.371944,13.347000,74.923204
2956,39.385294,13.350000,74.906367
2957,39.398424,13.130000,76.161462
2958,39.411675,13.251000,75.466003
2959,39.425256,13.581000,73.632280
2960,39.438643,13.387000,74.699335
2961,39.451758,13.115000,76.248570
2962,39.465040,13.282000,75.289866
2963,39.478583,13.543000,73.838884
2964,39.491970,13.387000,74.699335
2965,39.505169,13.199000,75.763315
2966,39.518513,13.344000,74.940048
2967,39.531668,13.155000,76.016724
2968,39.545041,13.373000,74.777537
2969,39.558676,13.635000,73.340667
2970,39.571644,12.968000,77.112893
2971,39.585039,13.395000,74.654722
2972,39.598509,13.470000,74.239050
2973,39.612323,13.814000,72.390329
2974,39.625396,13.073000,76.493536
2975,39.638419,13.023000,76.787223
2976,39.651802,13.383000,74.721662
2977,39.665336,13.534000,73.887986
2978,39.678425,13.089000,76.400031
2979,39.691994,13.569000,73.697398
2980,39.704978,12.984000,77.017868
2981,39.718303,13.325000,75.046904
2982,39.731999,13.696000,73.014019
2983,39.745104,13.105000,76.306753
2984,39.758390,13.286000,75.267199
2985,39.771639,13.249000,75.477395
2986,39.784995,13.356000,74.872716
2987,39.798289,13.294000,75.221905
2988,39.811619,13.330000,75.018755
2989,39.825133,13.514000,73.997336
2990,39.838379,13.246000,75.494489
2991,39.851981,13.602000,73.518600
2992,39.866192,14.211000,70.368025
2993,39.878947,12.755000,78.400627
2994,39.891763,12.816000,78.027466
2995,39.905527,13.764000,72.653298
2996,39.918389,12.862000,77.748406
2997,39.931799,13.410000,74.571216
2998,39.945124,13.325000,75.046904
2999,39.958461,13.337000,74.979381
3000,39.971831,13.370000,74.794316
3001,39.985111,13.280000,75.301205
3002,39.998527,13.416000,74.537865
3003,40.011776,13.249000,75.477395
3004,40.025099,13.323000,75.058170
3005,40.038505,13.406000,74.593466
3006,40.051833,13.328000,75.030012
3007,40.065321,13.488000,74.139976
3008,40.079552,14.231000,70.269131
3009,40.091866,12.314000,81.208381
3010,40.105215,13.349000,74.911978
3011,40.118459,13.244000,75.505889
3012,40.131853,13.394000,74.660296
3013,40.145177,13.324000,75.052537
3014,40.158596,13.419000,74.521201
3015,40.171713,13.117000,76.236944
3016,40.185401,13.688000,73.056692
3017,40.198308,12.907000,77.477338
3018,40.211853,13.545000,73.827981
3019,40.225268,13.415000,74.543422
3020,40.238556,13.288000,75.255870
3021,40.251710,13.154000,76.022503
3022,40.265115,13.405000,74.599030
3023,40.278551,13.436000,74.426913
3024,40.291857,13.306000,75.154066
3025,40.305132,13.275000,75.329567
3026,40.318451,13.319000,75.080712
3027,40.331915,13.464000,74.272133
3028,40.345058,13.143000,76.086129
3029,40.358403,13.345000,74.934432
3030,40.371667,13.264000,75.392039
3031,40.384953,13.286000,75.267199
3032,40.398413,13.460000,74.294205
3033,40.411899,13.486000,74.150971
3034,40.425005,13.106000,76.300931
3035,40.438393,13.388000,74.693756
3036,40.451778,13.385000,74.710497
3037,40.465170,13.392000,74.671446
3038,40.478568,13.398000,74.638006
3039,40.491883,13.315000,75.103267
3040,40.505160,13.277000,75.318219
3041,40.518367,13.207000,75.717423
3042,40.531822,13.455000,74.321813
3043,40.545282,13.460000,74.294205
3044,40.558217,12.935000,77.309625
3045,40.571813,13.596000,73.551044
3046,40.584973,13.160000,75.987842
3047,40.598582,13.609000,73.480785
3048,40.611889,13.307000,75.148418
3049,40.624889,13.000000,76.923077
3050,40.638293,13.404000,74.604596
3051,40.664288,25.995000,38.468936
3052,40.677812,13.524000,73.942621
3053,40.683758,5.946000,168.180289
3054,40.688552,4.794000,208.594076
3055,40.691975,3.423000,292.141396
3056,40.704917,12.942000,77.267810
3057,40.719611,14.694000,68.054988
3058,40.731545,11.934000,83.794201
3059,40.744907,13.362000,74.839096
3060,40.758267,13.360000,74.850299
3061,40.771545,13.278000,75.312547
3062,40.784837,13.292000,75.233223
3063,40.798419,13.582000,73.626859
3064,40.811761,13.342000,74.951282
3065,40.825066,13.305000,75.159714
3066,40.838659,13.593000,73.567277
3067,40.851568,12.909000,77.465334
3068,40.865242,13.674000,73.131490
3069,40.878127,12.885000,77.609624
3070,40.891625,13.498000,74.085050
3071,40.904998,13.373000,74.777537
3072,40.918322,13.324000,75.052537
3073,40.931886,13.564000,73.724565
3074,40.945351,13.465000,74.266617
3075,40.958861,13.510000,74.019245
3076,40.972323,13.462000,74.283167
3077,40.986483,14.160000,70.621469
3078,40.999569,13.086000,76.417545
3079,41.012374,12.805000,78.094494
3080,41.026025,13.651000,73.254707
3081,41.039779,13.754000,72.706122
3082,41.052580,12.801000,78.118897
3083,41.065884,13.304000,75.165364
3084,41.079839,13.955000,71.658904
3085,41.092592,12.753000,78.412922
3086,41.105536,12.944000,77.255871
3087,41.118739,13.203000,75.740362
3088,41.132513,13.774000,72.600552
3089,41.145664,13.151000,76.039845
3090,41.159405,13.741000,72.774907
3091,41.172534,13.129000,76.167263
3092,41.185783,13.249000,75.477395
3093,41.198846,13.063000,76.552094
3094,41.212367,13.521000,73.959027
3095,41.225621,13.254000,75.448921
3096,41.238754,13.133000,76.144065
3097,41.252364,13.610000,73.475386
3098,41.265540,13.176000,75.895568
3099,41.278654,13.114000,76.254385
3100,41.291829,13.175000,75.901328
3101,41.305078,13.249000,75.477395
3102,41.318482,13.404000,74.604596
3103,41.331883,13.401000,74.621297
3104,41.344957,13.074000,76.487685
3105,41.358345,13.388000,74.693756
3106,41.371541,13.196000,75.780540
3107,41.384864,13.323000,75.058170
3108,41.398261,13.397000,74.643577
3109,41.411534,13.273000,75.340918
3110,41.424918,13.384000,74.716079
3111,41.438240,13.322000,75.063804
3112,41.451627,13.387000,74.699335
3113,41.464952,13.325000,75.046904
3114,41.479551,14.599000,68.497842
3115,41.491748,12.197000,81.987374
3116,41.504995,13.247000,75.488790
3117,41.518544,13.549000,73.806185
3118,41.531996,13.452000,74.338388
3119,41.544708,12.712000,78.665828
3120,41.557989,13.281000,75.295535
3121,41.571715,13.726000,72.854437
3122,41.584995,13.280000,75.301205
3123,41.598378,13.383000,74.721662
3124,41.611429,13.051000,76.622481
3125,41.625004,13.575000,73.664825
3126,41.638270,13.266000,75.380672
3127,41.651738,13.468000,74.250074
3128,41.664924,13.186000,75.838010
3129,41.678307,13.383000,74.721662
3130,41.691880,13.573000,73.675680
3131,41.704809,12.929000,77.345502
3132,41.718373,13.564000,73.724565
3133,41.731426,13.053000,76.610741
3134,41.744859,13.433000,74.443535
3135,41.758150,13.291000,75.238883
3136,41.771695,13.545000,73.827981
3137,41.785004,13.309000,75.137125
3138,41.797933,12.929000,77.345502
3139,41.811308,13.375000,74.766355
3140,41.824875,13.567000,73.708263
3141,41.838178,13.303000,75.171014
3142,41.851529,13.351000,74.900756
3143,41.864925,13.396000,74.649149
3144,41.878038,13.113000,76.260200
3145,41.891486,13.448000,74.360500
3146,41.905042,13.556000,73.768073
3147,41.918141,13.099000,76.341705
3148,41.931534,13.393000,74.665870
3149,41.944661,13.127000,76.178868
3150,41.958344,13.683000,73.083388
3151,41.971584,13.240000,75.528701
3152,41.984562,12.978000,77.053475
3153,41.997990,13.428000,74.471254
3154,42.011341,13.351000,74.900756
3155,42.024788,13.447000,74.366030
3156,42.038224,13.436000,74.426913
3157,42.051311,13.087000,76.411706
3158,42.065050,13.739000,72.785501
3159,42.078322,13.272000,75.346594
3160,42.091590,13.268000,75.369310
3161,42.105008,13.418000,74.526755
3162,42.118079,13.071000,76.505241
3163,42.131301,13.222000,75.631523
3164,42.144915,13.614000,73.453798
3165,42.158148,13.233000,75.568654
3166,42.171700,13.552000,73.789847
3167,42.184938,13.238000,75.540112
3168,42.198121,13.183000,75.855268
3169,42.211405,13.284000,75.278531
3170,42.224799,13.394000,74.660296
3171,42.238459,13.660000,73.206442
3172,42.251405,12.946000,77.243936
3173,42.265111,13.706000,72.960747
3174,42.277982,12.871000,77.694041
3175,42.291462,13.480000,74.183976
3176,42.304644,13.182000,75.861023
3177,42.318019,13.375000,74.766355
3178,42.331600,13.581000,73.632280
3179,42.344928,13.328000,75.030012
3180,42.357873,12.945000,77.249903
3181,42.371421,13.548000,73.811633
3182,42.384689,13.268000,75.369310
3183,42.398097,13.408000,74.582339
3184,42.411583,13.486000,74.150971
3185,42.424987,13.404000,74.604596
3186,42.438146,13.159000,75.993617
3187,42.451544,13.398000,74.638006
3188,42.464545,13.001000,76.917160
3189,42.478138,13.593000,73.567277
3190,42.491242,13.104000,76.312576
3191,42.504866,13.624000,73.399883
3192,42.518233,13.367000,74.811102
3193,42.531605,13.372000,74.783129
3194,42.544920,13.315000,75.103267
3195,42.558122,13.202000,75.746099
3196,42.571285,13.163000,75.970523
3197,42.584546,13.261000,75.409094
3198,42.598217,13.671000,73.147539
3199,42.611776,13.559000,73.751752
3200,42.624524,12.748000,78.443677
3201,42.638031,13.507000,74.035685
3202,42.651560,13.529000,73.915293
3203,42.664844,13.284000,75.278531
3204,42.678049,13.205000,75.728891
3205,42.691333,13.284000,75.278531
3206,42.704630,13.297000,75.204933
3207,42.717950,13.320000,75.075075
3208,42.731512,13.562000,73.735437
3209,42.744573,13.061000,76.563816
3210,42.757965,13.392000,74.671446
3211,42.771221,13.256000,75.437538
3212,42.784498,13.277000,75.318219
3213,42.798037,13.539000,73.860699
3214,42.811163,13.126000,76.184672
3215,42.824617,13.454000,74.327338
3216,42.837891,13.274000,75.335242
3217,42.851500,13.609000,73.480785
3218,42.864799,13.299000,75.193624
3219,42.878018,13.219000,75.648687
3220,42.891419,13.401000,74.621297
3221,42.904476,13.057000,76.587271
3222,42.918139,13.663000,73.190368
3223,42.931700,13.561000,73.740875
3224,42.944831,13.131000,76.155662
3225,42.958267,13.436000,74.426913
3226,42.971489,13.222000,75.631523
3227,42.984849,13.360000,74.850299
3228,42.998269,13.420000,74.515648
3229,43.011267,12.998000,76.934913
3230,43.025023,13.756000,72.695551
3231,43.037995,12.972000,77.089115
3232,43.051354,13.359000,74.855902
3233,43.064657,13.303000,75.171014
3234,43.077882,13.225000,75.614367
3235,43.091497,13.615000,73.448402
3236,43.104900,13.403000,74.610162
3237,43.117873,12.973000,77.083173
3238,43.131203,13.330000,75.018755
3239,43.144730,13.527000,73.926222
3240,43.158097,13.367000,74.811102
3241,43.175933,17.836000,56.066383
3242,43.184550,8.617000,116.049669
3243,43.197865,13.315000,75.103267
3244,43.211385,13.520000,73.964497
3245,43.224574,13.189000,75.820760
3246,43.238126,13.552000,73.789847
3247,43.253397,15.271000,65.483596
3248,43.264432,11.035000,90.620752
3249,43.278224,13.792000,72.505800
3250,43.291341,13.117000,76.236944
3251,43.304804,13.463000,74.277650
3252,43.318037,13.233000,75.568654
3253,43.331093,13.056000,76.593137
3254,43.344556,13.463000,74.277650
3255,43.357961,13.405000,74.599030
3256,43.371305,13.344000,74.940048
3257,43.384466,13.161000,75.982068
3258,43.398052,13.586000,73.605182
3259,43.411405,13.353000,74.889538
3260,43.424511,13.106000,76.300931
3261,43.437989,13.478000,74.194984
3262,43.451348,13.359000,74.855902
3263,43.464551,13.203000,75.740362
3264,43.478143,13.592000,73.572690
3265,43.491127,12.984000,77.017868
3266,43.504711,13.584000,73.616019
3267,43.518143,13.432000,74.449077
3268,43.531396,13.253000,75.454614
3269,43.544714,13.318000,75.086349
3270,43.557756,13.042000,76.675357
3271,43.571065,13.309000,75.137125
3272,43.584911,13.846000,72.223025
3273,43.598016,13.105000,76.306753
3274,43.611539,13.523000,73.948088
3275,43.624510,12.971000,77.095058
3276,43.638090,13.580000,73.637703
3277,43.651032,12.942000,77.267810
3278,43.664711,13.679000,73.104759
3279,43.677782,13.071000,76.505241
3280,43.691065,13.283000,75.284198
3281,43.704516,13.451000,74.343915
3282,43.717777,13.261000,75.409094
3283,43.731214,13.437000,74.421374
3284,43.747718,16.504000,60.591372
3285,43.757751,10.033000,99.671085
3286,43.771504,13.753000,72.711408
3287,43.784422,12.918000,77.411364
3288,43.797871,13.449000,74.354971
3289,43.811173,13.302000,75.176665
3290,43.824668,13.495000,74.101519
3291,43.837865,13.197000,75.774797
3292,43.851186,13.321000,75.069439
3293,43.864683,13.497000,74.090539
3294,43.877898,13.215000,75.671585
3295,43.891060,13.162000,75.976295
3296,43.904478,13.418000,74.526755
3297,43.918004,13.526000,73.931687
3298,43.931219,13.215000,75.671585
3299,43.944962,13.743000,72.764316
3300,43.957830,12.868000,77.712154
3301,43.971018,13.188000,75.826509
3302,43.984418,13.400000,74.626866
3303,43.997811,13.393000,74.665870
3304,44.011126,13.315000,75.103267
3305,44.024726,13.600000,73.529412
3306,44.038031,13.305000,75.159714
3307,44.051256,13.225000,75.614367
3308,44.064707,13.451000,74.343915
3309,44.077737,13.030000,76.745971
3310,44.091109,13.372000,74.783129
3311,44.104344,13.235000,75.557235
3312,44.117934,13.590000,73.583517
3313,44.131318,13.384000,74.716079
3314,44.144445,13.127000,76.178868
3315,44.157691,13.246000,75.494489
3316,44.171353,13.662000,73.195725
3317,44.184536,13.183000,75.855268
3318,44.197977,13.441000,74.399226
3319,44.211077,13.100000,76.335878
3320,44.224918,13.841000,72.249115
3321,44.237851,12.933000,77.321580
3322,44.251104,13.253000,75.454614
3323,44.264718,13.614000,73.453798
3324,44.277687,12.969000,77.106947
3325,44.291158,13.471000,74.233539
3326,44.304398,13.240000,75.528701
3327,44.317905,13.507000,74.035685
3328,44.330978,13.073000,76.493536
3329,44.344556,13.578000,73.648549
3330,44.357789,13.233000,75.568654
3331,44.371274,13.485000,74.156470
3332,44.384613,13.339000,74.968139
3333,44.397726,13.113000,76.260200
3334,44.411142,13.416000,74.537865
3335,44.424506,13.364000,74.827896
3336,44.437877,13.371000,74.788722
3337,44.450980,13.103000,76.318400
3338,44.464747,13.767000,72.637466
3339,44.477686,12.939000,77.285725
3340,44.491315,13.629000,73.372955
3341,44.504599,13.284000,75.278531
3342,44.517780,13.181000,75.866778
3343,44.531461,13.681000,73.094072
3344,44.544297,12.836000,77.905890
3345,44.557928,13.631000,73.362189
3346,44.571080,13.152000,76.034063
3347,44.584752,13.672000,73.142188
3348,44.597887,13.135000,76.132470
3349,44.611417,13.530000,73.909830
3350,44.624318,12.901000,77.513371
3351,44.637667,13.349000,74.911978
3352,44.650952,13.285000,75.272864
3353,44.664371,13.419000,74.521201
3354,44.681176,16.805000,59.506099
3355,44.691270,10.094000,99.068754
3356,44.704377,13.107000,76.295109
3357,44.717791,13.414000,74.548979
3358,44.731103,13.312000,75.120192
3359,44.744433,13.330000,75.018755
3360,44.757752,13.319000,75.080712
3361,44.770987,13.235000,75.557235
3362,44.784566,13.579000,73.643125
3363,44.797825,13.259000,75.420469
3364,44.811491,13.666000,73.174301
3365,44.824587,13.096000,76.359194
3366,44.837916,13.329000,75.024383
3367,44.851238,13.322000,75.063804
3368,44.864251,13.013000,76.846231
3369,44.877918,13.667000,73.168947
3370,44.891417,13.499000,74.079561
3371,44.904447,13.030000,76.745971
3372,44.917783,13.336000,74.985003
3373,44.931140,13.357000,74.867111
3374,44.944315,13.175000,75.901328
3375,44.957883,13.568000,73.702830
3376,44.971331,13.448000,74.360500
3377,44.984232,12.901000,77.513371
3378,44.997916,13.684000,73.078047
3379,45.011205,13.289000,75.250207
