frame,time_s,frame_ms,fps
1,0.033820,33.820000,29.568303
2,0.095804,61.984000,16.133196
3,0.096707,0.903000,1107.419712
4,0.103327,6.620000,151.057402
5,0.110308,6.981000,143.245953
6,0.118831,8.523000,117.329579
7,0.121638,2.807000,356.252227
8,0.151862,30.224000,33.086289
9,0.209617,57.755000,17.314518
10,0.210200,0.583000,1715.265866
11,0.285525,75.325000,13.275805
12,0.293402,7.877000,126.951885
13,0.294559,1.157000,864.304235
14,0.299912,5.353000,186.811134
15,0.302242,2.330000,429.184549
16,0.317048,14.806000,67.540186
17,0.326096,9.048000,110.521662
18,0.328835,2.739000,365.096751
19,0.335648,6.813000,146.778218
20,0.341707,6.059000,165.043737
21,0.353444,11.737000,85.200648
22,0.369136,15.692000,63.726740
23,0.388582,19.446000,51.424457
24,0.412701,24.119000,41.461089
25,0.414014,1.313000,761.614623
26,0.421472,7.458000,134.084205
27,0.424248,2.776000,360.230548
28,0.433484,9.236000,108.271979
29,0.451740,18.256000,54.776512
30,0.461924,10.184000,98.193244
31,0.473212,11.288000,88.589653
32,0.488140,14.928000,66.988210
33,0.501382,13.242000,75.517293
34,0.513316,11.934000,83.794201
35,0.526738,13.422000,74.504545
36,0.547968,21.230000,47.103156
37,0.558590,10.622000,94.144229
38,0.571861,13.271000,75.352272
39,0.588257,16.396000,60.990485
40,0.597564,9.307000,107.446008
41,0.611012,13.448000,74.360500
42,0.627993,16.981000,58.889347
43,0.633498,5.505000,181.653043
44,0.650956,17.458000,57.280330
45,0.661584,10.628000,94.091080
46,0.676862,15.278000,65.453593
47,0.690797,13.935000,71.761751
48,0.701830,11.033000,90.637179
49,0.715968,14.138000,70.731362
50,0.727552,11.584000,86.325967
51,0.742131,14.579000,68.591810
52,0.753242,11.111000,90.000900
53,0.766973,13.731000,72.827908
54,0.781873,14.900000,67.114094
55,0.794247,12.374000,80.814611
56,0.807010,12.763000,78.351485
57,0.822125,15.115000,66.159444
58,0.833117,10.992000,90.975255
59,0.847725,14.608000,68.455641
60,0.863212,15.487000,64.570285
61,0.873273,10.061000,99.393698
62,0.886798,13.525000,73.937153
63,0.903826,17.028000,58.726803
64,0.913394,9.568000,104.515050
65,0.927093,13.699000,72.998029
66,0.942350,15.257000,65.543685
67,0.954936,12.586000,79.453361
68,0.967328,12.392000,80.697224
69,0.984413,17.085000,58.530875
70,0.993325,8.912000,112.208259
71,1.008895,15.570000,64.226076
72,1.022774,13.879000,72.051301
73,1.034092,11.318000,88.354833
74,1.052954,18.862000,53.016647
75,1.063254,10.300000,97.087379
76,1.073839,10.585000,94.473311
77,1.087689,13.850000,72.202166
78,1.110935,23.246000,43.018154
79,1.113663,2.728000,366.568915
80,1.132122,18.459000,54.174116
81,1.150819,18.697000,53.484516
82,1.156979,6.160000,162.337662
83,1.171552,14.573000,68.620051
84,1.183823,12.271000,81.492951
85,1.197423,13.600000,73.529412
86,1.211202,13.779000,72.574207
87,1.227711,16.509000,60.573021
88,1.236660,8.949000,111.744329
89,1.251524,14.864000,67.276642
90,1.267935,16.411000,60.934739
91,1.276625,8.690000,115.074799
92,1.291243,14.618000,68.408811
93,1.302241,10.998000,90.925623
94,1.313770,11.529000,86.737792
95,1.331282,17.512000,57.103700
96,1.343757,12.475000,80.160321
97,1.353766,10.009000,99.910081
98,1.367310,13.544000,73.833432
99,1.391257,23.947000,41.758884
100,1.406590,15.333000,65.218809
101,1.412596,6.006000,166.500167
102,1.421950,9.354000,106.906136
103,1.433382,11.432000,87.473758
104,1.447821,14.439000,69.256874
105,1.459797,11.976000,83.500334
106,1.475165,15.368000,65.070276
107,1.486759,11.594000,86.251509
108,1.499717,12.958000,77.172403
109,1.515422,15.705000,63.673989
110,1.529527,14.105000,70.896845
111,1.539814,10.287000,97.210071
112,1.555276,15.462000,64.674686
113,1.566679,11.403000,87.696220
114,1.579690,13.011000,76.858043
115,1.595008,15.318000,65.282674
116,1.606514,11.506000,86.911177
117,1.619836,13.322000,75.063804
118,1.636128,16.292000,61.379818
119,1.646980,10.852000,92.148913
120,1.660034,13.054000,76.604872
121,1.677000,16.966000,58.941412
122,1.686757,9.757000,102.490520
123,1.700303,13.546000,73.822531
124,1.715951,15.648000,63.905930
125,1.727497,11.546000,86.610081
126,1.740529,13.032000,76.734193
127,1.756858,16.329000,61.240737
128,1.767977,11.119000,89.936145
129,1.780757,12.780000,78.247261
130,1.797514,16.757000,59.676553
131,1.807314,9.800000,102.040816
132,1.823358,16.044000,62.328596
133,1.837601,14.243000,70.209928
134,1.847737,10.136000,98.658248
135,1.860887,13.150000,76.045627
136,1.877872,16.985000,58.875478
137,1.887631,9.759000,102.469515
138,1.900818,13.187000,75.832259
139,1.916710,15.892000,62.924742
140,1.928077,11.367000,87.973960
141,1.943169,15.092000,66.260270
142,1.956423,13.254000,75.448921
143,1.967745,11.322000,88.323618
144,1.988998,21.253000,47.052181
145,2.008027,19.029000,52.551369
146,2.015174,7.147000,139.918847
147,2.024081,8.907000,112.271247
148,2.035518,11.437000,87.435516
149,2.052742,17.224000,58.058523
150,2.064225,11.483000,87.085256
151,2.080342,16.117000,62.046287
152,2.091304,10.962000,91.224229
153,2.103478,12.174000,82.142270
154,2.120564,17.086000,58.527449
155,2.130899,10.335000,96.758587
156,2.143143,12.244000,81.672656
157,2.161481,18.338000,54.531574
158,2.170048,8.567000,116.726976
159,2.182545,12.497000,80.019205
160,2.199308,16.763000,59.655193
161,2.210389,11.081000,90.244563
162,2.219540,9.151000,109.277675
163,2.234981,15.441000,64.762645
164,2.246826,11.845000,84.423808
165,2.259459,12.633000,79.157761
166,2.275217,15.758000,63.459830
167,2.286847,11.630000,85.984523
168,2.299748,12.901000,77.513371
169,2.316504,16.756000,59.680115
170,2.327153,10.649000,93.905531
171,2.340246,13.093000,76.376690
172,2.355521,15.275000,65.466448
173,2.367525,12.004000,83.305565
174,2.380398,12.873000,77.681970
175,2.397546,17.148000,58.315839
176,2.407393,9.847000,101.553773
177,2.420346,12.953000,77.202193
178,2.443634,23.288000,42.940570
179,2.447668,4.034000,247.892910
180,2.463548,15.880000,62.972292
181,2.483214,19.666000,50.849181
182,2.492088,8.874000,112.688754
183,2.504530,12.442000,80.372930
184,2.518509,13.979000,71.535875
185,2.539434,20.925000,47.789725
186,2.560642,21.208000,47.152018
187,2.562647,2.005000,498.753117
188,2.569835,7.188000,139.120757
189,2.582884,13.049000,76.634225
190,2.584344,1.460000,684.931507
191,2.595418,11.074000,90.301607
192,2.596227,0.809000,1236.093943
193,2.602252,6.025000,165.975104
194,2.606077,3.825000,261.437908
195,2.622976,16.899000,59.175099
196,2.635593,12.617000,79.258144
197,2.650244,14.651000,68.254727
198,2.660160,9.916000,100.847116
199,2.675930,15.770000,63.411541
200,2.687227,11.297000,88.519076
201,2.691355,4.128000,242.248062
202,2.695361,4.006000,249.625562
203,2.699437,4.076000,245.338567
204,2.703514,4.077000,245.278391
205,2.707170,3.656000,273.522976
206,2.711132,3.962000,252.397779
207,2.714367,3.235000,309.119011
208,2.717363,2.996000,333.778371
209,2.726901,9.538000,104.843783
210,2.735961,9.060000,110.375276
211,2.755123,19.162000,52.186619
212,2.767532,12.409000,80.586671
213,2.770425,2.893000,345.661943
214,2.773669,3.244000,308.261406
215,2.776779,3.110000,321.543408
216,2.778966,2.187000,457.247371
217,2.781715,2.749000,363.768643
218,2.784289,2.574000,388.500389
219,2.787073,2.784000,359.195402
220,2.789455,2.382000,419.815281
221,2.792203,2.748000,363.901019
222,2.800117,7.914000,126.358352
223,2.803035,2.918000,342.700480
224,2.806138,3.103000,322.268772
225,2.809300,3.162000,316.255534
226,2.812075,2.775000,360.360360
227,2.814849,2.774000,360.490267
228,2.817273,2.424000,412.541254
229,2.819828,2.555000,391.389432
230,2.822430,2.602000,384.319754
231,2.824775,2.345000,426.439232
232,2.827002,2.227000,449.034576
233,2.829046,2.044000,489.236791
234,2.831278,2.232000,448.028674
235,2.833226,1.948000,513.347023
236,2.835376,2.150000,465.116279
237,2.846495,11.119000,89.936145
238,2.849193,2.698000,370.644922
239,2.882196,33.003000,30.300276
240,2.882699,0.503000,1988.071571
241,2.886850,4.151000,240.905806
242,2.906029,19.179000,52.140362
243,2.918560,12.531000,79.802091
244,2.926850,8.290000,120.627262
245,2.939850,13.000000,76.923077
246,2.953237,13.387000,74.699335
247,2.973666,20.429000,48.950022
248,2.979787,6.121000,163.371998
249,2.993437,13.650000,73.260073
250,3.010327,16.890000,59.206631
251,3.019863,9.536000,104.865772
252,3.033626,13.763000,72.658577
253,3.048421,14.795000,67.590402
254,3.059952,11.531000,86.722747
255,3.073389,13.437000,74.421374
256,3.088217,14.828000,67.439978
257,3.099825,11.608000,86.147484
258,3.113312,13.487000,74.145473
259,3.128690,15.378000,65.027962
260,3.139940,11.250000,88.888889
261,3.153284,13.344000,74.940048
262,3.168484,15.200000,65.789474
263,3.179848,11.364000,87.997184
264,3.193101,13.253000,75.454614
265,3.209348,16.247000,61.549825
266,3.220097,10.749000,93.031910
267,3.233454,13.357000,74.867111
268,3.247822,14.368000,69.599109
269,3.260114,12.292000,81.353726
270,3.273470,13.356000,74.872716
271,3.289591,16.121000,62.030891
272,3.300172,10.581000,94.509026
273,3.313166,12.994000,76.958596
274,3.328322,15.156000,65.980470
275,3.340321,11.999000,83.340278
276,3.353716,13.395000,74.654722
277,3.367965,14.249000,70.180364
278,3.381973,14.008000,71.387778
279,3.394560,12.587000,79.447049
280,3.408201,13.641000,73.308408
281,3.420267,12.066000,82.877507
282,3.433236,12.969000,77.106947
283,3.448875,15.639000,63.942707
284,3.460892,12.017000,83.215445
285,3.473484,12.592000,79.415502
286,3.491248,17.764000,56.293628
287,3.509031,17.783000,56.233481
288,3.514585,5.554000,180.050414
289,3.527831,13.246000,75.494489
290,3.539730,11.899000,84.040676
291,3.553327,13.597000,73.545635
292,3.568298,14.971000,66.795805
293,3.579776,11.478000,87.123192
294,3.593363,13.587000,73.599764
295,3.613347,19.984000,50.040032
296,3.632556,19.209000,52.058931
297,3.641229,8.673000,115.300357
298,3.648778,7.549000,132.467877
299,3.659973,11.195000,89.325592
300,3.673439,13.466000,74.261102
301,3.687934,14.495000,68.989307
302,3.700094,12.160000,82.236842
303,3.713189,13.095000,76.365025
304,3.727908,14.719000,67.939398
305,3.740205,12.297000,81.320647
306,3.753254,13.049000,76.634225
307,3.768031,14.777000,67.672735
308,3.780024,11.993000,83.381973
309,3.793391,13.367000,74.811102
310,3.807793,14.402000,69.434801
311,3.819801,12.008000,83.277815
312,3.833087,13.286000,75.267199
313,3.848164,15.077000,66.326192
314,3.859617,11.453000,87.313368
315,3.872989,13.372000,74.783129
316,3.888273,15.284000,65.427898
317,3.899752,11.479000,87.115602
318,3.913067,13.315000,75.103267
319,3.927679,14.612000,68.436901
320,3.939828,12.149000,82.311301
321,3.953010,13.182000,75.861023
322,3.968103,15.093000,66.255880
323,3.980022,11.919000,83.899656
324,3.992968,12.946000,77.243936
325,4.009440,16.472000,60.709082
326,4.019914,10.474000,95.474508
327,4.033179,13.265000,75.386355
328,4.049265,16.086000,62.165859
329,4.059532,10.267000,97.399435
330,4.073100,13.568000,73.702830
331,4.089660,16.560000,60.386473
332,4.099926,10.266000,97.408923
333,4.113187,13.261000,75.409094
334,4.128344,15.157000,65.976117
335,4.139809,11.465000,87.221980
336,4.153316,13.507000,74.035685
337,4.170057,16.741000,59.733588
338,4.179760,9.703000,103.060909
339,4.193091,13.331000,75.013127
340,4.209307,16.216000,61.667489
341,4.220173,10.866000,92.030186
342,4.233123,12.950000,77.220077
343,4.248202,15.079000,66.317395
344,4.260050,11.848000,84.402431
345,4.273459,13.409000,74.576777
346,4.288693,15.234000,65.642641
347,4.300102,11.409000,87.650101
348,4.313670,13.568000,73.702830
349,4.329524,15.854000,63.075565
350,4.340370,10.846000,92.199889
351,4.353717,13.347000,74.923204
352,4.368327,14.610000,68.446270
353,4.380007,11.680000,85.616438
354,4.393567,13.560000,73.746313
355,4.408946,15.379000,65.023734
356,4.419771,10.825000,92.378753
357,4.433504,13.733000,72.817301
358,4.456443,22.939000,43.593879
359,4.472880,16.437000,60.838352
360,4.481263,8.383000,119.289037
361,4.489611,8.348000,119.789171
362,4.500798,11.187000,89.389470
363,4.513340,12.542000,79.732100
364,4.528791,15.451000,64.720730
365,4.539967,11.176000,89.477452
366,4.553292,13.325000,75.046904
367,4.568015,14.723000,67.920940
368,4.581053,13.038000,76.698880
369,4.593652,12.599000,79.371379
370,4.607975,14.323000,69.817776
371,4.619887,11.912000,83.948959
372,4.633052,13.165000,75.958982
373,4.647969,14.917000,67.037608
374,4.659839,11.870000,84.245998
375,4.672892,13.053000,76.610741
376,4.687696,14.804000,67.549311
377,4.699628,11.932000,83.808247
378,4.712839,13.211000,75.694497
379,4.727924,15.085000,66.291018
380,4.739495,11.571000,86.422954
381,4.752862,13.367000,74.811102
382,4.768080,15.218000,65.711657
383,4.779861,11.781000,84.882438
384,4.793004,13.143000,76.086129
385,4.808401,15.397000,64.947717
386,4.819535,11.134000,89.814981
387,4.832892,13.357000,74.867111
388,4.849342,16.450000,60.790274
389,4.859716,10.374000,96.394833
390,4.872848,13.132000,76.149863
391,4.888812,15.964000,62.640942
392,4.899520,10.708000,93.388121
393,4.913134,13.614000,73.453798
394,4.928284,15.150000,66.006601
395,4.939886,11.602000,86.192036
396,4.953270,13.384000,74.716079
397,4.968791,15.521000,64.428838
398,4.979746,10.955000,91.282519
399,4.993248,13.502000,74.063102
400,5.008153,14.905000,67.091580
401,5.019498,11.345000,88.144557
402,5.033113,13.615000,73.448402
403,5.048419,15.306000,65.333856
404,5.059922,11.503000,86.933843
405,5.073371,13.449000,74.354971
406,5.088124,14.753000,67.782824
407,5.099847,11.723000,85.302397
408,5.113294,13.447000,74.366030
409,5.129454,16.160000,61.881188
410,5.139874,10.420000,95.969290
411,5.153246,13.372000,74.783129
412,5.168495,15.249000,65.578071
413,5.184611,16.116000,62.050137
414,5.194648,10.037000,99.631364
415,5.208526,13.878000,72.056492
416,5.219528,11.002000,90.892565
417,5.233023,13.495000,74.101519
418,5.247669,14.646000,68.278028
419,5.264658,16.989000,58.861616
420,5.273192,8.534000,117.178345
421,5.288339,15.147000,66.019674
422,5.299367,11.028000,90.678273
423,5.312675,13.308000,75.142771
424,5.329458,16.783000,59.584103
425,5.339428,9.970000,100.300903
426,5.353095,13.667000,73.168947
427,5.367695,14.600000,68.493151
428,5.379478,11.783000,84.868030
429,5.392901,13.423000,74.498994
430,5.409465,16.564000,60.371891
431,5.419575,10.110000,98.911968
432,5.432676,13.101000,76.330051
433,5.449321,16.645000,60.078102
434,5.459451,10.130000,98.716683
435,5.472839,13.388000,74.693756
436,5.487968,15.129000,66.098222
437,5.499722,11.754000,85.077420
438,5.512978,13.256000,75.437538
439,5.527883,14.905000,67.091580
440,5.539387,11.504000,86.926287
441,5.552927,13.540000,73.855244
442,5.569591,16.664000,60.009602
443,5.579611,10.020000,99.800399
444,5.593090,13.479000,74.189480
445,5.608368,15.278000,65.453593
446,5.619662,11.294000,88.542589
447,5.633150,13.488000,74.139976
448,5.648450,15.300000,65.359477
449,5.659743,11.293000,88.550429
450,5.673020,13.277000,75.318219
451,5.689086,16.066000,62.243247
452,5.700225,11.139000,89.774666
453,5.713282,13.057000,76.587271
454,5.728406,15.124000,66.120074
455,5.739510,11.104000,90.057637
456,5.752923,13.413000,74.554537
457,5.767578,14.655000,68.236097
458,5.779505,11.927000,83.843381
459,5.792803,13.298000,75.199278
460,5.807932,15.129000,66.098222
461,5.819486,11.554000,86.550113
462,5.832864,13.378000,74.749589
463,5.847736,14.872000,67.240452
464,5.859895,12.159000,82.243606
465,5.873190,13.295000,75.216247
466,5.887725,14.535000,68.799450
467,5.899400,11.675000,85.653105
468,5.912972,13.572000,73.681108
469,5.929240,16.268000,61.470371
470,5.939675,10.435000,95.831337
471,5.955206,15.531000,64.387354
472,5.970798,15.592000,64.135454
473,5.979510,8.712000,114.784206
474,5.992897,13.387000,74.699335
475,6.007568,14.671000,68.161680
476,6.020078,12.510000,79.936051
477,6.032901,12.823000,77.984871
478,6.047698,14.797000,67.581266
479,6.059504,11.806000,84.702694
480,6.072846,13.342000,74.951282
481,6.087608,14.762000,67.741498
482,6.112275,24.667000,40.539993
483,6.117669,5.394000,185.391175
484,6.127473,9.804000,101.999184
485,6.140994,13.521000,73.959027
486,6.153202,12.208000,81.913499
487,6.166117,12.915000,77.429346
488,6.180978,14.861000,67.290223
489,6.192727,11.749000,85.113627
490,6.206058,13.331000,75.013127
491,6.220768,14.710000,67.980965
492,6.232786,12.018000,83.208521
493,6.246065,13.279000,75.306876
494,6.260828,14.763000,67.736910
495,6.272765,11.937000,83.773142
496,6.286063,13.298000,75.199278
497,6.300769,14.706000,67.999456
498,6.312612,11.843000,84.438065
499,6.326083,13.471000,74.233539
500,6.340867,14.784000,67.640693
501,6.352668,11.801000,84.738581
502,6.366109,13.441000,74.399226
503,6.381266,15.157000,65.976117
504,6.393098,11.832000,84.516565
505,6.408641,15.543000,64.337644
506,6.421063,12.422000,80.502335
507,6.432890,11.827000,84.552296
508,6.446082,13.192000,75.803517
509,6.462544,16.462000,60.745960
510,6.473030,10.486000,95.365249
511,6.485952,12.922000,77.387401
512,6.500739,14.787000,67.626970
513,6.512562,11.823000,84.580902
514,6.526089,13.527000,73.926222
515,6.541061,14.972000,66.791344
516,6.552648,11.587000,86.303616
517,6.565990,13.342000,74.951282
518,6.582548,16.558000,60.393767
519,6.592928,10.380000,96.339114
520,6.606128,13.200000,75.757576
521,6.621295,15.167000,65.932617
522,6.632834,11.539000,86.662622
523,6.645938,13.104000,76.312576
524,6.661874,15.936000,62.751004
525,6.672524,10.650000,93.896714
526,6.685894,13.370000,74.794316
527,6.702144,16.250000,61.538462
528,6.712687,10.543000,94.849663
529,6.725961,13.274000,75.335242
530,6.740805,14.844000,67.367286
531,6.752598,11.793000,84.796065
532,6.766115,13.517000,73.980913
533,6.781328,15.213000,65.733254
534,6.792807,11.479000,87.115602
535,6.806494,13.687000,73.062030
536,6.820927,14.433000,69.285665
537,6.832947,12.020000,83.194676
538,6.846138,13.191000,75.809264
539,6.860991,14.853000,67.326466
540,6.872978,11.987000,83.423709
541,6.886013,13.035000,76.716532
542,6.901091,15.078000,66.321793
543,6.912714,11.623000,86.036307
544,6.925994,13.280000,75.301205
545,6.940636,14.642000,68.296681
546,6.952726,12.090000,82.712986
547,6.966082,13.356000,74.872716
548,6.981363,15.281000,65.440743
549,6.992739,11.376000,87.904360
550,7.008919,16.180000,61.804697
551,7.021988,13.069000,76.516949
552,7.032971,10.983000,91.049804
553,7.046024,13.053000,76.610741
554,7.060494,14.470000,69.108500
555,7.072581,12.087000,82.733515
556,7.085978,13.397000,74.643577
557,7.101259,15.281000,65.440743
558,7.112689,11.430000,87.489064
559,7.125809,13.120000,76.219512
560,7.140619,14.810000,67.521945
561,7.152683,12.064000,82.891247
562,7.165858,13.175000,75.901328
563,7.181386,15.528000,64.399794
564,7.192508,11.122000,89.911886
565,7.205913,13.405000,74.599030
566,7.221765,15.852000,63.083523
567,7.232553,10.788000,92.695588
568,7.245914,13.361000,74.844697
569,7.262178,16.264000,61.485489
570,7.272550,10.372000,96.413421
571,7.285959,13.409000,74.576777
572,7.302308,16.349000,61.165821
573,7.313140,10.832000,92.319055
574,7.326141,13.001000,76.917160
575,7.340558,14.417000,69.362558
576,7.352468,11.910000,83.963056
577,7.366362,13.894000,71.973514
578,7.381124,14.762000,67.741498
579,7.392855,11.731000,85.244225
580,7.405977,13.122000,76.207895
581,7.422182,16.205000,61.709349
582,7.432676,10.494000,95.292548
583,7.446053,13.377000,74.755177
584,7.461477,15.424000,64.834025
585,7.473039,11.562000,86.490227
586,7.486410,13.371000,74.788722
587,7.501856,15.446000,64.741681
588,7.513132,11.276000,88.683930
589,7.525754,12.622000,79.226747
590,7.541948,16.194000,61.751266
591,7.554092,12.144000,82.345191
592,7.597438,43.346000,23.070179
593,7.619152,21.714000,46.053238
594,7.634292,15.140000,66.050198
595,7.647209,12.917000,77.417357
596,7.661996,14.787000,67.626970
597,7.672916,10.920000,91.575092
598,7.686250,13.334000,74.996250
599,7.703858,17.608000,56.792367
600,7.714180,10.322000,96.880450
601,7.726132,11.952000,83.668005
602,7.741387,15.255000,65.552278
603,7.752833,11.446000,87.366766
604,7.766093,13.260000,75.414781
605,7.781123,15.030000,66.533599
606,7.792703,11.580000,86.355786
607,7.815657,22.954000,43.565392
608,7.820962,5.305000,188.501414
609,7.840163,19.201000,52.080621
610,7.849292,9.129000,109.541023
611,7.865220,15.928000,62.782521
612,7.876349,11.129000,89.855333
613,7.888674,12.325000,81.135903
614,7.905232,16.558000,60.393767
615,7.914815,9.583000,104.351456
616,7.928360,13.545000,73.827981
617,7.944654,16.294000,61.372284
618,7.954763,10.109000,98.921753
619,7.968502,13.739000,72.785501
620,7.984421,15.919000,62.818016
621,7.995120,10.699000,93.466679
622,8.008647,13.527000,73.926222
623,8.025650,17.003000,58.813151
624,8.033990,8.340000,119.904077
625,8.048457,14.467000,69.122831
626,8.060977,12.520000,79.872204
627,8.072670,11.693000,85.521252
628,8.086263,13.593000,73.567277
629,8.100647,14.384000,69.521691
630,8.112752,12.105000,82.610492
631,8.125722,12.970000,77.101002
632,8.150144,24.422000,40.946687
633,8.165157,15.013000,66.608939
634,8.171248,6.091000,164.176654
635,8.181582,10.334000,96.767950
636,8.192490,10.908000,91.675834
637,8.205644,13.154000,76.022503
638,8.220359,14.715000,67.957866
639,8.232251,11.892000,84.090145
640,8.245628,13.377000,74.755177
641,8.261635,16.007000,62.472668
642,8.272539,10.904000,91.709464
643,8.285729,13.190000,75.815011
644,8.302470,16.741000,59.733588
645,8.312280,9.810000,101.936799
646,8.325903,13.623000,73.405270
647,8.341030,15.127000,66.106961
648,8.352689,11.659000,85.770649
649,8.365956,13.267000,75.374991
650,8.380701,14.745000,67.819600
651,8.392602,11.901000,84.026552
652,8.405484,12.882000,77.627698
653,8.421685,16.201000,61.724585
654,8.432477,10.792000,92.661231
655,8.445740,13.263000,75.397723
656,8.462033,16.293000,61.376051
657,8.473169,11.136000,89.798851
658,8.485762,12.593000,79.409196
659,8.500813,15.051000,66.440768
660,8.512217,11.404000,87.688530
661,8.525874,13.657000,73.222523
662,8.540695,14.821000,67.471831
663,8.552559,11.864000,84.288604
664,8.565992,13.433000,74.443535
665,8.581770,15.778000,63.379389
666,8.592297,10.527000,94.993825
667,8.608472,16.175000,61.823802
668,8.620580,12.108000,82.590023
669,8.632474,11.894000,84.076005
670,8.645610,13.136000,76.126675
671,8.660333,14.723000,67.920940
672,8.672316,11.983000,83.451556
673,8.685506,13.190000,75.815011
674,8.700361,14.855000,67.317402
675,8.712327,11.966000,83.570115
676,8.725521,13.194000,75.792027
677,8.741271,15.750000,63.492063
678,8.752455,11.184000,89.413448
679,8.765687,13.232000,75.574365
680,8.781584,15.897000,62.904951
681,8.792164,10.580000,94.517958
682,8.805558,13.394000,74.660296
683,8.821851,16.293000,61.376051
684,8.832387,10.536000,94.912680
685,8.845770,13.383000,74.721662
686,8.860773,15.003000,66.653336
687,8.872211,11.438000,87.427872
688,8.885599,13.388000,74.693756
689,8.900581,14.982000,66.746763
690,8.912577,11.996000,83.361120
691,8.926078,13.501000,74.068588
692,8.942483,16.405000,60.957025
693,8.952840,10.357000,96.553056
694,8.966220,13.380000,74.738416
695,8.981553,15.333000,65.218809
696,8.993006,11.453000,87.313368
697,9.005872,12.866000,77.724234
698,9.021498,15.626000,63.995904
699,9.032952,11.454000,87.305745
700,9.046197,13.245000,75.500189
701,9.061570,15.373000,65.049112
702,9.073269,11.699000,85.477391
703,9.086099,12.830000,77.942323
704,9.102609,16.510000,60.569352
705,9.112821,10.212000,97.924011
706,9.125446,12.625000,79.207921
707,9.141363,15.917000,62.825909
708,9.152736,11.373000,87.927548
709,9.166175,13.439000,74.410298
710,9.181158,14.983000,66.742308
711,9.192854,11.696000,85.499316
712,9.206197,13.343000,74.945664
713,9.221900,15.703000,63.682099
714,9.233060,11.160000,89.605735
715,9.246325,13.265000,75.386355
716,9.261508,15.183000,65.863136
717,9.272628,11.120000,89.928058
718,9.286074,13.446000,74.371560
719,9.300475,14.401000,69.439622
720,9.312531,12.056000,82.946251
721,9.325800,13.269000,75.363630
722,9.341257,15.457000,64.695607
723,9.352369,11.112000,89.992801
724,9.365570,13.201000,75.751837
725,9.382866,17.296000,57.816836
726,9.392052,9.186000,108.861311
727,9.405627,13.575000,73.664825
728,9.420470,14.843000,67.371825
729,9.432746,12.276000,81.459759
730,9.445900,13.154000,76.022503
731,9.460635,14.735000,67.865626
732,9.472386,11.751000,85.099140
733,9.486122,13.736000,72.801398
734,9.503268,17.146000,58.322641
735,9.512365,9.097000,109.926349
736,9.525920,13.555000,73.773515
737,9.540749,14.829000,67.435431
738,9.552330,11.581000,86.348329
739,9.565732,13.402000,74.615729
740,9.581088,15.356000,65.121125
741,9.592586,11.498000,86.971647
742,9.605531,12.945000,77.249903
743,9.620912,15.381000,65.015279
744,9.632496,11.584000,86.325967
745,9.645537,13.041000,76.681236
746,9.660315,14.778000,67.668155
747,9.672427,12.112000,82.562748
748,9.685708,13.281000,75.295535
749,9.700817,15.109000,66.185717
750,9.712177,11.360000,88.028169
751,9.725673,13.496000,74.096028
752,9.740805,15.132000,66.085118
753,9.752389,11.584000,86.325967
754,9.767466,15.077000,66.326192
755,9.779148,11.682000,85.601781
756,9.792373,13.225000,75.614367
757,9.807257,14.884000,67.186240
758,9.819380,12.123000,82.487833
759,9.832515,13.135000,76.132470
760,9.848361,15.846000,63.107409
761,9.858915,10.554000,94.750805
762,9.872737,13.822000,72.348430
763,9.887184,14.447000,69.218523
764,9.899107,11.923000,83.871509
765,9.912549,13.442000,74.393691
766,9.927471,14.922000,67.015145
767,9.939118,11.647000,85.859019
768,9.952427,13.309000,75.137125
769,9.971703,19.276000,51.877983
770,9.979476,7.773000,128.650457
771,9.992416,12.940000,77.279753
772,10.007387,14.971000,66.795805
773,10.019051,11.664000,85.733882
774,10.032453,13.402000,74.615729
775,10.047611,15.158000,65.971764
776,10.060062,12.451000,80.314834
777,10.072682,12.620000,79.239303
778,10.087832,15.150000,66.006601
779,10.098889,11.057000,90.440445
780,10.112227,13.338000,74.973759
781,10.138354,26.127000,38.274582
782,10.144551,6.197000,161.368404
783,10.164475,19.924000,50.190725
784,10.201433,36.958000,27.057741
785,10.202121,0.688000,1453.488372
786,10.205426,3.305000,302.571861
787,10.224706,19.280000,51.867220
788,10.225368,0.662000,1510.574018
789,10.229117,3.749000,266.737797
790,10.235690,6.573000,152.137532
791,10.245930,10.240000,97.656250
792,10.261227,15.297000,65.372295
793,10.277428,16.201000,61.724585
794,10.285659,8.231000,121.491921
795,10.301589,15.930000,62.774639
796,10.313054,11.465000,87.221980
797,10.326003,12.949000,77.226041
798,10.338950,12.947000,77.237970
799,10.341744,2.794000,357.909807
800,10.344307,2.563000,390.167772
801,10.352852,8.545000,117.027501
802,10.372738,19.886000,50.286634
803,10.380635,7.897000,126.630366
804,10.392131,11.496000,86.986778
805,10.405819,13.688000,73.056692
806,10.420379,14.560000,68.681319
807,10.437256,16.877000,59.252237
808,10.445933,8.677000,115.247205
809,10.460466,14.533000,68.808918
810,10.472198,11.732000,85.236959
811,10.485691,13.493000,74.112503
812,10.500321,14.630000,68.352700
813,10.513202,12.881000,77.633724
814,10.525526,12.324000,81.142486
815,10.540103,14.577000,68.601221
816,10.552166,12.063000,82.898118
817,10.565569,13.403000,74.610162
818,10.580246,14.677000,68.133815
819,10.592139,11.893000,84.083074
820,10.605499,13.360000,74.850299
821,10.620170,14.671000,68.161680
822,10.632064,11.894000,84.076005
823,10.645557,13.493000,74.112503
824,10.660199,14.642000,68.296681
825,10.672007,11.808000,84.688347
826,10.685559,13.552000,73.789847
827,10.700486,14.927000,66.992698
828,10.712730,12.244000,81.672656
829,10.731005,18.275000,54.719562
830,10.740294,9.289000,107.654215
831,10.751974,11.680000,85.616438
832,10.765576,13.602000,73.518600
833,10.780394,14.818000,67.485491
834,10.792086,11.692000,85.528567
835,10.805554,13.468000,74.250074
836,10.820296,14.742000,67.833401
837,10.831970,11.674000,85.660442
838,10.845631,13.661000,73.201083
839,10.860269,14.638000,68.315344
840,10.872251,11.982000,83.458521
841,10.885408,13.157000,76.005168
842,10.900232,14.824000,67.458176
843,10.911968,11.736000,85.207907
844,10.925393,13.425000,74.487896
845,10.939988,14.595000,68.516615
846,10.951726,11.738000,85.193389
847,10.965294,13.568000,73.702830
848,10.980298,15.004000,66.648894
849,10.991800,11.502000,86.941401
850,11.005910,14.110000,70.871722
851,11.021032,15.122000,66.128819
852,11.031663,10.631000,94.064528
853,11.045379,13.716000,72.907553
854,11.059937,14.558000,68.690754
855,11.071646,11.709000,85.404390
856,11.085331,13.685000,73.072707
857,11.100088,14.757000,67.764451
858,11.111670,11.582000,86.340874
859,11.125167,13.497000,74.090539
860,11.140331,15.164000,65.945661
861,11.151823,11.492000,87.017055
862,11.165303,13.480000,74.183976
863,11.180334,15.031000,66.529173
864,11.191809,11.475000,87.145969
865,11.208468,16.659000,60.027613
866,11.220758,12.290000,81.366965
867,11.232181,11.423000,87.542677
868,11.245552,13.371000,74.788722
869,11.260362,14.810000,67.521945
870,11.272195,11.833000,84.509423
871,11.285614,13.419000,74.521201
872,11.301253,15.639000,63.942707
873,11.312315,11.062000,90.399566
874,11.325951,13.636000,73.335289
875,11.340773,14.822000,67.467278
876,11.352067,11.294000,88.542589
877,11.365232,13.165000,75.958982
878,11.380612,15.380000,65.019506
879,11.391846,11.234000,89.015489
880,11.405444,13.598000,73.540227
881,11.421536,16.092000,62.142680
882,11.431773,10.237000,97.684869
883,11.445553,13.780000,72.568940
884,11.460228,14.675000,68.143101
885,11.471580,11.352000,88.090204
886,11.485564,13.984000,71.510297
887,11.500053,14.489000,69.017876
888,11.511699,11.646000,85.866392
889,11.525500,13.801000,72.458517
890,11.540769,15.269000,65.492174
891,11.551704,10.935000,91.449474
892,11.565378,13.674000,73.131490
893,11.581262,15.884000,62.956434
894,11.591959,10.697000,93.484154
895,11.605151,13.192000,75.803517
896,11.620948,15.797000,63.303159
897,11.631745,10.797000,92.618320
898,11.645373,13.628000,73.378339
899,11.661899,16.526000,60.510710
900,11.671712,9.813000,101.905635
901,11.685345,13.633000,73.351427
902,11.700362,15.017000,66.591197
903,11.711772,11.410000,87.642419
904,11.725240,13.468000,74.250074
905,11.740167,14.927000,66.992698
906,11.751894,11.727000,85.273301
907,11.765201,13.307000,75.148418
908,11.779899,14.698000,68.036468
909,11.798223,18.324000,54.573237
910,11.815220,16.997000,58.833912
911,11.820242,5.022000,199.123855
912,11.831773,11.531000,86.722747
913,11.845157,13.384000,74.716079
914,11.861367,16.210000,61.690315
915,11.871647,10.280000,97.276265
916,11.885285,13.638000,73.324534
917,11.900798,15.513000,64.462064
918,11.911656,10.858000,92.097992
919,11.925116,13.460000,74.294205
920,11.940888,15.772000,63.403500
921,11.951567,10.679000,93.641727
922,11.968725,17.158000,58.281851
923,11.980972,12.247000,81.652650
924,11.995794,14.822000,67.467278
925,12.005120,9.326000,107.227107
926,12.020721,15.601000,64.098455
927,12.031616,10.895000,91.785223
928,12.045217,13.601000,73.524006
929,12.060397,15.180000,65.876153
930,12.071789,11.392000,87.780899
931,12.085464,13.675000,73.126143
932,12.100368,14.904000,67.096082
933,12.111941,11.573000,86.408019
934,12.125358,13.417000,74.532310
935,12.141472,16.114000,62.057838
936,12.152634,11.162000,89.589679
937,12.165350,12.716000,78.641082
938,12.179897,14.547000,68.742696
939,12.191869,11.972000,83.528233
940,12.205287,13.418000,74.526755
941,12.220449,15.162000,65.954360
942,12.231760,11.311000,88.409513
943,12.245172,13.412000,74.560095
944,12.259920,14.748000,67.805804
945,12.271918,11.998000,83.347225
946,12.285450,13.532000,73.898906
947,12.299930,14.480000,69.060773
948,12.311737,11.807000,84.695520
949,12.325340,13.603000,73.513196
950,12.340345,15.005000,66.644452
951,12.351826,11.481000,87.100427
952,12.366329,14.503000,68.951251
953,12.380230,13.901000,71.937271
954,12.394192,13.962000,71.622977
955,12.406867,12.675000,78.895464
956,12.428711,21.844000,45.779161
957,12.431798,3.087000,323.939099
958,12.445383,13.585000,73.610600
959,12.459970,14.587000,68.554192
960,12.471787,11.817000,84.623847
961,12.485385,13.598000,73.540227
962,12.500051,14.666000,68.184917
963,12.511843,11.792000,84.803256
964,12.525665,13.822000,72.348430
965,12.541014,15.349000,65.150824
966,12.551841,10.827000,92.361688
967,12.565525,13.684000,73.078047
968,12.580066,14.541000,68.771061
969,12.591748,11.682000,85.601781
970,12.605305,13.557000,73.762632
971,12.619910,14.605000,68.469702
972,12.640502,20.592000,48.562549
973,12.659593,19.091000,52.380703
974,12.666659,7.066000,141.522785
975,12.676429,9.770000,102.354145
976,12.685121,8.692000,115.048320
977,12.700471,15.350000,65.146580
978,12.712600,12.129000,82.447028
979,12.725122,12.522000,79.859447
980,12.740831,15.709000,63.657776
981,12.751432,10.601000,94.330724
982,12.765044,13.612000,73.464590
983,12.780860,15.816000,63.227112
984,12.793303,12.443000,80.366471
985,12.805021,11.718000,85.338795
986,12.819915,14.894000,67.141131
987,12.834860,14.945000,66.912011
988,12.845214,10.354000,96.581031
989,12.861057,15.843000,63.119359
990,12.872299,11.242000,88.952144
991,12.884981,12.682000,78.851916
992,12.900038,15.057000,66.414292
993,12.912700,12.662000,78.976465
994,12.925395,12.695000,78.771170
995,12.939890,14.495000,68.989307
996,12.951758,11.868000,84.260195
997,12.965079,13.321000,75.069439
998,12.979865,14.786000,67.631543
999,12.991576,11.711000,85.389804
1000,13.005210,13.634000,73.346047
1001,13.019985,14.775000,67.681895
1002,13.031704,11.719000,85.331513
1003,13.045161,13.457000,74.310768
1004,13.059880,14.719000,67.939398
1005,13.071723,11.843000,84.438065
1006,13.085236,13.513000,74.002812
1007,13.099859,14.623000,68.385420
1008,13.111704,11.845000,84.423808
1009,13.125261,13.557000,73.762632
1010,13.140142,14.881000,67.199785
1011,13.151656,11.514000,86.850790
1012,13.165130,13.474000,74.217011
1013,13.180684,15.554000,64.292144
1014,13.191861,11.177000,89.469446
1015,13.205114,13.253000,75.454614
1016,13.220390,15.276000,65.462163
1017,13.231647,11.257000,88.833615
1018,13.245207,13.560000,73.746313
1019,13.260240,15.033000,66.520322
1020,13.271610,11.370000,87.950748
1021,13.285229,13.619000,73.426830
1022,13.301075,15.846000,63.107409
1023,13.311604,10.529000,94.975781
1024,13.325155,13.551000,73.795292
1025,13.339873,14.718000,67.944014
1026,13.351494,11.621000,86.051114
1027,13.365216,13.722000,72.875674
1028,13.379811,14.595000,68.516615
1029,13.391500,11.689000,85.550518
1030,13.405014,13.514000,73.997336
1031,13.426074,21.060000,47.483381
1032,13.435420,9.346000,106.997646
1033,13.445193,9.773000,102.322726
1034,13.459808,14.615000,68.422853
1035,13.471518,11.710000,85.397096
1036,13.484992,13.474000,74.217011
1037,13.500378,15.386000,64.994151
1038,13.511488,11.110000,90.009001
1039,13.524973,13.485000,74.156470
1040,13.539574,14.601000,68.488460
1041,13.551420,11.846000,84.416681
1042,13.565140,13.720000,72.886297
1043,13.580472,15.332000,65.223063
1044,13.591560,11.088000,90.187590
1045,13.605242,13.682000,73.088730
1046,13.619656,14.414000,69.376995
1047,13.631789,12.133000,82.419847
1048,13.645075,13.286000,75.267199
1049,13.660207,15.132000,66.085118
1050,13.671632,11.425000,87.527352
1051,13.685145,13.513000,74.002812
1052,13.699684,14.539000,68.780521
1053,13.711468,11.784000,84.860828
1054,13.725006,13.538000,73.866155
1055,13.740662,15.656000,63.873275
1056,13.751427,10.765000,92.893637
1057,13.765121,13.694000,73.024682
1058,13.779859,14.738000,67.851812
1059,13.791547,11.688000,85.557837
1060,13.805122,13.575000,73.664825
1061,13.821721,16.599000,60.244593
1062,13.832662,10.941000,91.399324
1063,13.844973,12.311000,81.228170
1064,13.859528,14.555000,68.704912
1065,13.871396,11.868000,84.260195
1066,13.885249,13.853000,72.186530
1067,13.900027,14.778000,67.668155
1068,13.911398,11.371000,87.943013
1069,13.924936,13.538000,73.866155
1070,13.939598,14.662000,68.203519
1071,13.951415,11.817000,84.623847
1072,13.965158,13.743000,72.764316
1073,13.981093,15.935000,62.754942
1074,13.991397,10.304000,97.049689
1075,14.005108,13.711000,72.934140
1076,14.020834,15.726000,63.588961
1077,14.031360,10.526000,95.002850
1078,14.044912,13.552000,73.789847
1079,14.061005,16.093000,62.138818
1080,14.071746,10.741000,93.101201
1081,14.085118,13.372000,74.783129
1082,14.101266,16.148000,61.927174
1083,14.112154,10.888000,91.844232
1084,14.125281,13.127000,76.178868
1085,14.139735,14.454000,69.185001
1086,14.151453,11.718000,85.338795
1087,14.164995,13.542000,73.844336
1088,14.179571,14.576000,68.605928
1089,14.191513,11.942000,83.738067
1090,14.205072,13.559000,73.751752
1091,14.219639,14.567000,68.648315
1092,14.237723,18.084000,55.297501
1093,14.245533,7.810000,128.040973
1094,14.259807,14.274000,70.057447
1095,14.271937,12.130000,82.440231
1096,14.285039,13.102000,76.324225
1097,14.299764,14.725000,67.911715
1098,14.311752,11.988000,83.416750
1099,14.324888,13.136000,76.126675
1100,14.339714,14.826000,67.449076
1101,14.351455,11.741000,85.171621
1102,14.364971,13.516000,73.986387
1103,14.379654,14.683000,68.105973
1104,14.391532,11.878000,84.189257
1105,14.405580,14.048000,71.184510
1106,14.419551,13.971000,71.576838
1107,14.431463,11.912000,83.948959
1108,14.444930,13.467000,74.255588
1109,14.461670,16.740000,59.737157
1110,14.472344,10.674000,93.685591
1111,14.484846,12.502000,79.987202
1112,14.499742,14.896000,67.132116
1113,14.511402,11.660000,85.763293
1114,14.524938,13.536000,73.877069
1115,14.539689,14.751000,67.792014
1116,14.551368,11.679000,85.623769
1117,14.564912,13.544000,73.833432
1118,14.579471,14.559000,68.686036
1119,14.591356,11.885000,84.139672
1120,14.604950,13.594000,73.561866
1121,14.619617,14.667000,68.180269
1122,14.631362,11.745000,85.142614
1123,14.644855,13.493000,74.112503
1124,14.659542,14.687000,68.087424
1125,14.671352,11.810000,84.674005
1126,14.684904,13.552000,73.789847
1127,14.699641,14.737000,67.856416
1128,14.711328,11.687000,85.565158
1129,14.724902,13.574000,73.670252
1130,14.739714,14.812000,67.512827
1131,14.751533,11.819000,84.609527
1132,14.765096,13.563000,73.730001
1133,14.788253,23.157000,43.183487
1134,14.791898,3.645000,274.348422
1135,14.812720,20.822000,48.026126
1136,14.820024,7.304000,136.911281
1137,14.831606,11.582000,86.340874
1138,14.845071,13.465000,74.266617
1139,14.859787,14.716000,67.953248
1140,14.871572,11.785000,84.853627
1141,14.885024,13.452000,74.338388
1142,14.900002,14.978000,66.764588
1143,14.911531,11.529000,86.737792
1144,14.924912,13.381000,74.732830
1145,14.939804,14.892000,67.150148
1146,14.951438,11.634000,85.954960
1147,14.964805,13.367000,74.811102
1148,14.979590,14.785000,67.636118
1149,14.991252,11.662000,85.748585
1150,15.004792,13.540000,73.855244
1151,15.019498,14.706000,67.999456
1152,15.031371,11.873000,84.224712
1153,15.044874,13.503000,74.057617
1154,15.059518,14.644000,68.287353
1155,15.071289,11.771000,84.954549
1156,15.084906,13.617000,73.437615
1157,15.099956,15.050000,66.445183
1158,15.111215,11.259000,88.817835
1159,15.125296,14.081000,71.017683
1160,15.139949,14.653000,68.245410
1161,15.151434,11.485000,87.070091
1162,15.164837,13.403000,74.610162
1163,15.179654,14.817000,67.490045
1164,15.191288,11.634000,85.954960
1165,15.204821,13.533000,73.893446
1166,15.219577,14.756000,67.769043
1167,15.231919,12.342000,81.024145
1168,15.244813,12.894000,77.555452
1169,15.259941,15.128000,66.102591
1170,15.271325,11.384000,87.842586
1171,15.285461,14.136000,70.741370
1172,15.299997,14.536000,68.794717
1173,15.311376,11.379000,87.881185
1174,15.324796,13.420000,74.515648
1175,15.339729,14.933000,66.965780
1176,15.351400,11.671000,85.682461
1177,15.364883,13.483000,74.167470
1178,15.379709,14.826000,67.449076
1179,15.391581,11.872000,84.231806
1180,15.404803,13.222000,75.631523
1181,15.419504,14.701000,68.022583
1182,15.438515,19.011000,52.601126
1183,15.451618,13.103000,76.318400
1184,15.459740,8.122000,123.122384
1185,15.471379,11.639000,85.918034
1186,15.484885,13.506000,74.041167
1187,15.499412,14.527000,68.837337
1188,15.511383,11.971000,83.535210
1189,15.524784,13.401000,74.621297
1190,15.539438,14.654000,68.240753
1191,15.551307,11.869000,84.253096
1192,15.564921,13.614000,73.453798
1193,15.579404,14.483000,69.046468
1194,15.591281,11.877000,84.196346
1195,15.604706,13.425000,74.487896
1196,15.619446,14.740000,67.842605
1197,15.636309,16.863000,59.301429
1198,15.644720,8.411000,118.891927
1199,15.659481,14.761000,67.746088
1200,15.671297,11.816000,84.631009
1201,15.684850,13.553000,73.784402
1202,15.699625,14.775000,67.681895
1203,15.711257,11.632000,85.969739
1204,15.724713,13.456000,74.316290
1205,15.741186,16.473000,60.705397
1206,15.751384,10.198000,98.058443
1207,15.764717,13.333000,75.001875
1208,15.780569,15.852000,63.083523
1209,15.791206,10.637000,94.011469
1210,15.804667,13.461000,74.288686
1211,15.819576,14.909000,67.073580
1212,15.831167,11.591000,86.273833
1213,15.844562,13.395000,74.654722
1214,15.859645,15.083000,66.299808
1215,15.871287,11.642000,85.895894
1216,15.884759,13.472000,74.228029
1217,15.899755,14.996000,66.684449
1218,15.911580,11.825000,84.566596
1219,15.924508,12.928000,77.351485
1220,15.939444,14.936000,66.952330
1221,15.951352,11.908000,83.977158
1222,15.964645,13.293000,75.227563
1223,15.980539,15.894000,62.916824
1224,15.991311,10.772000,92.833271
1225,16.004563,13.252000,75.460308
1226,16.019853,15.290000,65.402224
1227,16.031247,11.394000,87.765491
1228,16.044665,13.418000,74.526755
1229,16.059999,15.334000,65.214556
1230,16.071263,11.264000,88.778409
1231,16.084580,13.317000,75.091988
1232,16.099791,15.211000,65.741897
1233,16.111302,11.511000,86.873425
1234,16.124636,13.334000,74.996250
1235,16.139488,14.852000,67.330999
1236,16.151159,11.671000,85.682461
1237,16.164708,13.549000,73.806185
1238,16.179410,14.702000,68.017957
1239,16.191478,12.068000,82.863772
1240,16.204684,13.206000,75.723156
1241,16.219378,14.694000,68.054988
1242,16.231352,11.974000,83.514281
1243,16.244674,13.322000,75.063804
1244,16.259545,14.871000,67.244973
1245,16.279945,20.400000,49.019608
1246,16.287534,7.589000,131.769667
1247,16.299306,11.772000,84.947333
1248,16.311286,11.980000,83.472454
1249,16.324703,13.417000,74.532310
1250,16.339519,14.816000,67.494600
1251,16.351249,11.730000,85.251492
1252,16.364655,13.406000,74.593466
1253,16.379282,14.627000,68.366719
1254,16.391079,11.797000,84.767314
1255,16.404663,13.584000,73.616019
1256,16.419553,14.890000,67.159167
1257,16.431117,11.564000,86.475268
1258,16.444649,13.532000,73.898906
1259,16.459537,14.888000,67.168189
1260,16.471295,11.758000,85.048478
1261,16.484633,13.338000,74.973759
1262,16.499960,15.327000,65.244340
1263,16.511316,11.356000,88.059176
1264,16.524532,13.216000,75.665860
1265,16.539527,14.995000,66.688896
1266,16.551189,11.662000,85.748585
1267,16.564686,13.497000,74.090539
1268,16.579202,14.516000,68.889501
1269,16.591032,11.830000,84.530854
1270,16.604617,13.585000,73.610600
1271,16.619321,14.704000,68.008705
1272,16.631190,11.869000,84.253096
1273,16.644766,13.576000,73.659399
1274,16.660292,15.526000,64.408090
1275,16.671137,10.845000,92.208391
1276,16.684634,13.497000,74.090539
1277,16.699554,14.920000,67.024129
1278,16.711187,11.633000,85.962348
1279,16.724594,13.407000,74.587902
1280,16.739814,15.220000,65.703022
1281,16.751126,11.312000,88.401697
1282,16.764525,13.399000,74.632435
1283,16.779414,14.889000,67.163678
1284,16.791384,11.970000,83.542189
1285,16.804624,13.240000,75.528701
1286,16.819456,14.832000,67.421791
1287,16.831257,11.801000,84.738581
1288,16.844666,13.409000,74.576777
1289,16.859296,14.630000,68.352700
1290,16.871105,11.809000,84.681175
1291,16.884642,13.537000,73.871611
1292,16.899301,14.659000,68.217477
1293,16.911183,11.882000,84.160916
1294,16.924591,13.408000,74.582339
1295,16.939273,14.682000,68.110612
1296,16.951205,11.932000,83.808247
1297,16.964636,13.431000,74.454620
1298,16.980295,15.659000,63.861038
1299,16.991246,10.951000,91.315862
1300,17.004567,13.321000,75.069439
1301,17.020004,15.437000,64.779426
1302,17.031040,11.036000,90.612541
1303,17.044581,13.541000,73.849790
1304,17.060068,15.487000,64.570285
1305,17.075833,15.765000,63.431652
1306,17.085349,9.516000,105.086171
1307,17.099580,14.231000,70.269131
1308,17.119853,20.273000,49.326691
1309,17.138668,18.815000,53.149083
1310,17.142083,3.415000,292.825769
1311,17.149228,7.145000,139.958013
1312,17.159293,10.065000,99.354198
1313,17.179022,19.729000,50.686806
1314,17.187148,8.126000,123.061777
1315,17.203829,16.681000,59.948444
1316,17.212406,8.577000,116.590883
1317,17.219671,7.265000,137.646249
1318,17.235256,15.585000,64.164261
1319,17.244573,9.317000,107.330686
1320,17.259225,14.652000,68.250068
1321,17.272058,12.833000,77.924102
1322,17.284531,12.473000,80.173174
1323,17.299199,14.668000,68.175620
1324,17.312612,13.413000,74.554537
1325,17.325905,13.293000,75.227563
1326,17.344127,18.222000,54.878718
1327,17.352561,8.434000,118.567702
1328,17.364929,12.368000,80.853816
1329,17.379236,14.307000,69.895855
1330,17.391105,11.869000,84.253096
1331,17.404532,13.427000,74.476800
1332,17.419185,14.653000,68.245410
1333,17.431150,11.965000,83.577100
1334,17.444616,13.466000,74.261102
1335,17.459178,14.562000,68.671886
1336,17.470978,11.800000,84.745763
1337,17.484529,13.551000,73.795292
1338,17.499358,14.829000,67.435431
1339,17.510906,11.548000,86.595081
1340,17.524443,13.537000,73.871611
1341,17.539930,15.487000,64.570285
1342,17.550922,10.992000,90.975255
1343,17.564447,13.525000,73.937153
1344,17.579999,15.552000,64.300412
1345,17.590916,10.917000,91.600256
1346,17.604391,13.475000,74.211503
1347,17.619741,15.350000,65.146580
1348,17.631039,11.298000,88.511241
1349,17.644371,13.332000,75.007501
1350,17.659085,14.714000,67.962485
1351,17.670843,11.758000,85.048478
1352,17.684345,13.502000,74.063102
1353,17.698988,14.643000,68.292017
1354,17.710888,11.900000,84.033613
1355,17.724385,13.497000,74.090539
1356,17.739452,15.067000,66.370213
1357,17.751059,11.607000,86.154907
1358,17.764671,13.612000,73.464590
1359,17.779203,14.532000,68.813653
1360,17.790847,11.644000,85.881141
1361,17.804514,13.667000,73.168947
1362,17.819057,14.543000,68.761604
1363,17.830865,11.808000,84.688347
1364,17.844443,13.578000,73.648549
1365,17.859026,14.583000,68.572996
1366,17.870888,11.862000,84.302816
1367,17.884488,13.600000,73.529412
1368,17.899420,14.932000,66.970265
1369,17.911235,11.815000,84.638172
1370,17.934139,22.904000,43.660496
1371,17.950305,16.166000,61.858221
1372,17.958058,7.753000,128.982329
1373,17.966061,8.003000,124.953143
1374,17.977718,11.657000,85.785365
1375,17.992340,14.622000,68.390097
1376,18.004475,12.135000,82.406263
1377,18.017754,13.279000,75.306876
1378,18.033031,15.277000,65.457878
1379,18.044326,11.295000,88.534750
1380,18.057849,13.523000,73.948088
1381,18.072342,14.493000,68.998827
1382,18.084437,12.095000,82.678793
1383,18.097927,13.490000,74.128984
1384,18.112130,14.203000,70.407660
1385,18.125178,13.048000,76.640098
1386,18.139353,14.175000,70.546737
1387,18.153060,13.707000,72.955424
1388,18.164782,11.722000,85.309674
1389,18.177728,12.946000,77.243936
1390,18.192748,15.020000,66.577896
1391,18.204507,11.759000,85.041245
1392,18.217615,13.108000,76.289289
1393,18.233120,15.505000,64.495324
1394,18.244386,11.266000,88.762649
1395,18.258220,13.834000,72.285673
1396,18.272056,13.836000,72.275224
1397,18.284605,12.549000,79.687625
1398,18.297718,13.113000,76.260200
1399,18.312330,14.612000,68.436901
1400,18.324415,12.085000,82.747207
1401,18.337939,13.524000,73.942621
1402,18.352938,14.999000,66.671111
1403,18.364546,11.608000,86.147484
1404,18.377528,12.982000,77.029733
1405,18.392323,14.795000,67.590402
1406,18.404322,11.999000,83.340278
1407,18.417589,13.267000,75.374991
1408,18.432000,14.411000,69.391437
1409,18.444369,12.369000,80.847279
1410,18.457685,13.316000,75.097627
1411,18.472614,14.929000,66.983723
1412,18.484295,11.681000,85.609109
1413,18.497714,13.419000,74.521201
1414,18.512203,14.489000,69.017876
1415,18.524828,12.625000,79.207921
1416,18.537709,12.881000,77.633724
1417,18.552347,14.638000,68.315344
1418,18.564192,11.845000,84.423808
1419,18.577495,13.303000,75.171014
1420,18.592160,14.665000,68.189567
1421,18.604324,12.164000,82.209799
1422,18.617768,13.444000,74.382624
1423,18.632059,14.291000,69.974110
1424,18.644303,12.244000,81.672656
1425,18.657546,13.243000,75.511591
1426,18.672057,14.511000,68.913238
1427,18.684558,12.501000,79.993601
1428,18.697554,12.996000,76.946753
1429,18.712028,14.474000,69.089402
1430,18.724137,12.109000,82.583203
1431,18.740161,16.024000,62.406390
1432,18.752110,11.949000,83.689012
1433,18.764690,12.580000,79.491256
1434,18.777511,12.821000,77.997036
1435,18.792012,14.501000,68.960761
1436,18.804103,12.091000,82.706145
1437,18.817661,13.558000,73.757191
1438,18.831842,14.181000,70.516889
1439,18.844144,12.302000,81.287596
1440,18.857827,13.683000,73.083388
1441,18.872009,14.182000,70.511917
1442,18.884237,12.228000,81.779522
1443,18.897679,13.442000,74.393691
1444,18.912080,14.401000,69.439622
1445,18.925144,13.064000,76.546234
1446,18.937508,12.364000,80.879974
1447,18.952133,14.625000,68.376068
1448,18.964323,12.190000,82.034454
1449,18.977591,13.268000,75.369310
1450,18.992330,14.739000,67.847208
1451,19.005382,13.052000,76.616610
1452,19.017852,12.470000,80.192462
1453,19.032093,14.241000,70.219788
1454,19.044311,12.218000,81.846456
1455,19.057659,13.348000,74.917591
1456,19.072036,14.377000,69.555540
1457,19.084318,12.282000,81.419964
1458,19.097616,13.298000,75.199278
1459,19.111947,14.331000,69.778801
1460,19.124376,12.429000,80.456996
1461,19.137676,13.300000,75.187970
1462,19.152550,14.874000,67.231411
1463,19.164924,12.374000,80.814611
1464,19.177643,12.719000,78.622533
1465,19.192747,15.104000,66.207627
1466,19.204877,12.130000,82.440231
1467,19.217690,12.813000,78.045735
1468,19.232255,14.565000,68.657741
1469,19.244409,12.154000,82.277440
1470,19.257638,13.229000,75.591504
1471,19.272220,14.582000,68.577699
1472,19.284307,12.087000,82.733515
1473,19.297746,13.439000,74.410298
1474,19.312260,14.514000,68.898994
1475,19.324301,12.041000,83.049581
1476,19.337596,13.295000,75.216247
1477,19.352306,14.710000,67.980965
1478,19.364335,12.029000,83.132430
1479,19.377619,13.284000,75.278531
1480,19.392387,14.768000,67.713976
1481,19.404469,12.082000,82.767754
1482,19.417623,13.154000,76.022503
1483,19.432216,14.593000,68.526006
1484,19.444333,12.117000,82.528679
1485,19.457499,13.166000,75.953213
1486,19.472088,14.589000,68.544794
1487,19.484277,12.189000,82.041185
1488,19.497555,13.278000,75.312547
1489,19.511962,14.407000,69.410703
1490,19.524105,12.143000,82.351972
1491,19.537456,13.351000,74.900756
1492,19.554503,17.047000,58.661348
1493,19.564598,10.095000,99.058940
1494,19.577469,12.871000,77.694041
1495,19.591920,14.451000,69.199363
1496,19.604034,12.114000,82.549117
1497,19.617406,13.372000,74.783129
1498,19.632089,14.683000,68.105973
1499,19.644127,12.038000,83.070277
1500,19.657377,13.250000,75.471698
1501,19.672168,14.791000,67.608681
1502,19.684186,12.018000,83.208521
1503,19.697559,13.373000,74.777537
1504,19.712017,14.458000,69.165860
1505,19.724114,12.097000,82.665124
1506,19.737460,13.346000,74.928818
1507,19.751968,14.508000,68.927488
1508,19.764082,12.114000,82.549117
1509,19.777425,13.343000,74.945664
1510,19.792043,14.618000,68.408811
1511,19.804086,12.043000,83.035788
1512,19.817290,13.204000,75.734626
1513,19.832821,15.531000,64.387354
1514,19.844646,11.825000,84.566596
1515,19.857369,12.723000,78.597815
1516,19.872152,14.783000,67.645268
1517,19.883983,11.831000,84.523709
1518,19.898637,14.654000,68.240753
1519,19.912526,13.889000,71.999424
1520,19.924192,11.666000,85.719184
1521,19.937252,13.060000,76.569678
1522,19.953216,15.964000,62.640942
1523,19.963951,10.735000,93.153237
1524,19.977261,13.310000,75.131480
1525,19.992674,15.413000,64.880296
1526,20.003901,11.227000,89.070990
1527,20.017404,13.503000,74.057617
1528,20.033184,15.780000,63.371356
1529,20.044191,11.007000,90.851276
1530,20.057384,13.193000,75.797772
1531,20.073081,15.697000,63.706441
1532,20.084237,11.156000,89.637863
1533,20.097215,12.978000,77.053475
1534,20.112742,15.527000,64.403942
1535,20.124244,11.502000,86.941401
1536,20.137316,13.072000,76.499388
1537,20.152719,15.403000,64.922418
1538,20.163958,11.239000,88.975888
1539,20.177534,13.576000,73.659399
1540,20.191708,14.174000,70.551714
1541,20.204040,12.332000,81.089848
1542,20.217247,13.207000,75.717423
1543,20.231862,14.615000,68.422853
1544,20.243892,12.030000,83.125520
1545,20.257445,13.553000,73.784402
1546,20.272383,14.938000,66.943366
1547,20.283901,11.518000,86.820629
1548,20.297391,13.490000,74.128984
1549,20.312276,14.885000,67.181727
1550,20.330845,18.569000,53.853196
1551,20.342858,12.013000,83.243153
1552,20.351952,9.094000,109.962613
1553,20.363934,11.982000,83.458521
1554,20.377184,13.250000,75.471698
1555,20.391766,14.582000,68.577699
1556,20.403811,12.045000,83.022001
1557,20.417277,13.466000,74.261102
1558,20.432323,15.046000,66.462847
1559,20.444060,11.737000,85.200648
1560,20.457172,13.112000,76.266016
1561,20.472372,15.200000,65.789474
1562,20.483854,11.482000,87.092841
1563,20.497181,13.327000,75.035642
1564,20.515475,18.294000,54.662731
1565,20.523811,8.336000,119.961612
1566,20.537260,13.449000,74.354971
1567,20.552937,15.677000,63.787714
1568,20.563823,10.886000,91.861106
1569,20.577358,13.535000,73.882527
1570,20.591887,14.529000,68.827862
1571,20.604005,12.118000,82.521868
1572,20.617235,13.230000,75.585790
1573,20.631918,14.683000,68.105973
1574,20.643996,12.078000,82.795165
1575,20.657411,13.415000,74.543422
1576,20.671615,14.204000,70.402703
1577,20.684139,12.524000,79.846694
1578,20.697199,13.060000,76.569678
1579,20.713621,16.422000,60.893923
1580,20.723879,10.258000,97.484890
1581,20.737254,13.375000,74.766355
1582,20.752006,14.752000,67.787419
1583,20.763952,11.946000,83.710028
1584,20.777220,13.268000,75.369310
1585,20.792626,15.406000,64.909775
1586,20.803785,11.159000,89.613765
1587,20.817136,13.351000,74.900756
1588,20.832228,15.092000,66.260270
1589,20.843941,11.713000,85.375224
1590,20.857049,13.108000,76.289289
1591,20.871787,14.738000,67.851812
1592,20.884019,12.232000,81.752780
1593,20.897213,13.194000,75.792027
1594,20.912647,15.434000,64.792018
1595,20.924059,11.412000,87.627059
1596,20.937221,13.162000,75.976295
1597,20.952028,14.807000,67.535625
1598,20.963935,11.907000,83.984211
1599,20.977378,13.443000,74.388157
1600,20.992393,15.015000,66.600067
1601,21.003945,11.552000,86.565097
1602,21.017232,13.287000,75.261534
1603,21.032381,15.149000,66.010958
1604,21.043915,11.534000,86.700191
1605,21.057317,13.402000,74.615729
1606,21.072041,14.724000,67.916327
1607,21.084486,12.445000,80.353556
1608,21.102109,17.623000,56.744028
1609,21.112639,10.530000,94.966762
1610,21.123836,11.197000,89.309637
1611,21.137240,13.404000,74.604596
1612,21.151465,14.225000,70.298770
1613,21.164075,12.610000,79.302141
1614,21.177056,12.981000,77.035668
1615,21.192523,15.467000,64.653779
1616,21.203838,11.315000,88.378259
1617,21.217246,13.408000,74.582339
1618,21.231625,14.379000,69.545865
1619,21.243753,12.128000,82.453826
1620,21.257001,13.248000,75.483092
1621,21.271639,14.638000,68.315344
1622,21.283921,12.282000,81.419964
1623,21.298967,15.046000,66.462847
1624,21.312419,13.452000,74.338388
1625,21.323603,11.184000,89.413448
1626,21.337082,13.479000,74.189480
1627,21.352679,15.597000,64.114894
1628,21.364225,11.546000,86.610081
1629,21.376827,12.602000,79.352484
1630,21.393269,16.442000,60.819852
1631,21.403727,10.458000,95.620578
1632,21.417039,13.312000,75.120192
1633,21.432385,15.346000,65.163561
1634,21.444202,11.817000,84.623847
1635,21.457807,13.605000,73.502389
1636,21.474277,16.470000,60.716454
1637,21.484537,10.260000,97.465887
1638,21.498045,13.508000,74.030204
1639,21.514144,16.099000,62.115659
1640,21.523770,9.626000,103.885311
1641,21.538143,14.373000,69.574897
1642,21.553176,15.033000,66.520322
1643,21.564424,11.248000,88.904694
1644,21.578083,13.659000,73.211802
1645,21.592917,14.834000,67.412701
1646,21.603997,11.080000,90.252708
1647,21.617389,13.392000,74.671446
1648,21.632522,15.133000,66.080751
1649,21.644573,12.051000,82.980666
1650,21.657992,13.419000,74.521201
1651,21.672654,14.662000,68.203519
1652,21.684105,11.451000,87.328618
1653,21.698301,14.196000,70.442378
1654,21.713684,15.383000,65.006826
1655,21.724173,10.489000,95.337973
1656,21.737888,13.715000,72.912869
1657,21.754084,16.196000,61.743640
1658,21.763764,9.680000,103.305785
1659,21.778070,14.306000,69.900741
1660,21.792487,14.417000,69.362558
1661,21.803864,11.377000,87.896634
1662,21.817711,13.847000,72.217809
1663,21.832372,14.661000,68.208171
1664,21.843946,11.574000,86.400553
1665,21.857956,14.010000,71.377587
1666,21.872175,14.219000,70.328434
1667,21.884189,12.014000,83.236224
1668,21.905188,20.999000,47.621315
1669,21.923388,18.200000,54.945055
1670,21.933571,10.183000,98.202887
1671,21.941045,7.474000,133.797164
1672,21.948581,7.536000,132.696391
1673,21.951937,3.356000,297.973778
1674,21.965319,13.382000,74.727246
1675,21.977359,12.040000,83.056478
1676,21.991447,14.088000,70.982396
1677,22.005150,13.703000,72.976720
1678,22.016965,11.815000,84.638172
1679,22.030372,13.407000,74.587902
1680,22.045291,14.919000,67.028621
1681,22.057171,11.880000,84.175084
1682,22.070549,13.378000,74.749589
1683,22.085217,14.668000,68.175620
1684,22.096943,11.726000,85.280573
1685,22.110489,13.546000,73.822531
1686,22.126370,15.881000,62.968327
1687,22.137184,10.814000,92.472721
1688,22.150332,13.148000,76.057195
1689,22.164688,14.356000,69.657286
1690,22.176986,12.298000,81.314035
1691,22.190528,13.542000,73.844336
1692,22.204806,14.278000,70.037820
1693,22.217012,12.206000,81.926921
1694,22.230245,13.233000,75.568654
1695,22.244926,14.681000,68.115251
1696,22.257296,12.370000,80.840744
1697,22.270293,12.997000,76.940832
1698,22.285141,14.848000,67.349138
1699,22.297057,11.916000,83.920779
1700,22.310406,13.349000,74.911978
1701,22.326283,15.877000,62.984191
1702,22.337141,10.858000,92.097992
1703,22.350110,12.969000,77.106947
1704,22.365227,15.117000,66.150691
1705,22.376859,11.632000,85.969739
1706,22.390591,13.732000,72.822604
1707,22.404866,14.275000,70.052539
1708,22.417085,12.219000,81.839758
1709,22.430361,13.276000,75.323893
1710,22.445888,15.527000,64.403942
1711,22.456969,11.081000,90.244563
1712,22.470338,13.369000,74.799910
1713,22.485988,15.650000,63.897764
1714,22.497183,11.195000,89.325592
1715,22.510133,12.950000,77.220077
1716,22.524671,14.538000,68.785252
1717,22.536857,12.186000,82.061382
1718,22.550325,13.468000,74.250074
1719,22.564821,14.496000,68.984547
1720,22.576878,12.057000,82.939371
1721,22.590378,13.500000,74.074074
1722,22.605899,15.521000,64.428838
1723,22.616946,11.047000,90.522314
1724,22.630457,13.511000,74.013767
1725,22.645549,15.092000,66.260270
1726,22.656841,11.292000,88.558271
1727,22.670217,13.376000,74.760766
1728,22.684577,14.360000,69.637883
1729,22.696856,12.279000,81.439857
1730,22.710242,13.386000,74.704916
1731,22.724655,14.413000,69.381808
1732,22.736852,12.197000,81.987374
1733,22.750061,13.209000,75.705958
1734,22.764566,14.505000,68.941744
1735,22.776833,12.267000,81.519524
1736,22.790402,13.569000,73.697398
1737,22.804875,14.473000,69.094175
1738,22.817216,12.341000,81.030711
1739,22.830175,12.959000,77.166448
1740,22.845191,15.016000,66.595631
1741,22.856779,11.588000,86.296168
1742,22.870446,13.667000,73.168947
1743,22.885106,14.660000,68.212824
1744,22.896957,11.851000,84.381065
1745,22.910308,13.351000,74.900756
1746,22.925340,15.032000,66.524747
1747,22.936640,11.300000,88.495575
1748,22.950543,13.903000,71.926922
1749,22.966250,15.707000,63.665881
1750,22.979095,12.845000,77.851304
1751,22.990228,11.133000,89.823049
1752,23.006927,16.699000,59.883825
1753,23.017855,10.928000,91.508053
1754,23.030951,13.096000,76.359194
1755,23.046218,15.267000,65.500753
1756,23.057545,11.327000,88.284630
1757,23.071502,13.957000,71.648635
1758,23.087281,15.779000,63.375372
1759,23.097004,9.723000,102.848915
1760,23.111019,14.015000,71.352123
1761,23.126646,15.627000,63.991809
1762,23.138164,11.518000,86.820629
1763,23.150878,12.714000,78.653453
1764,23.166047,15.169000,65.923924
1765,23.177151,11.104000,90.057637
1766,23.191264,14.113000,70.856657
1767,23.205679,14.415000,69.372182
1768,23.217037,11.358000,88.043670
1769,23.230884,13.847000,72.217809
1770,23.246243,15.359000,65.108405
1771,23.258219,11.976000,83.500334
1772,23.270192,11.973000,83.521256
1773,23.286946,16.754000,59.687239
1774,23.298451,11.505000,86.918731
1775,23.310968,12.517000,79.891348
1776,23.326913,15.945000,62.715585
1777,23.337325,10.412000,96.043027
1778,23.350990,13.665000,73.179656
1779,23.366207,15.217000,65.715976
1780,23.377742,11.535000,86.692674
1781,23.390602,12.860000,77.760498
1782,23.406422,15.820000,63.211125
1783,23.416980,10.558000,94.714908
1784,23.430828,13.848000,72.212594
1785,23.445910,15.082000,66.304204
1786,23.457341,11.431000,87.481410
1787,23.475523,18.182000,54.999450
1788,23.486518,10.995000,90.950432
1789,23.496789,10.271000,97.361503
1790,23.510467,13.678000,73.110104
1791,23.525072,14.605000,68.469702
1792,23.536707,11.635000,85.947572
1793,23.550178,13.471000,74.233539
1794,23.564906,14.728000,67.897882
1795,23.576720,11.814000,84.645336
1796,23.590109,13.389000,74.688177
1797,23.605881,15.772000,63.403500
1798,23.617060,11.179000,89.453439
1799,23.630185,13.125000,76.190476
1800,23.645200,15.015000,66.600067
1801,23.656752,11.552000,86.565097
1802,23.670392,13.640000,73.313783
1803,23.686517,16.125000,62.015504
1804,23.696939,10.422000,95.950873
1805,23.710267,13.328000,75.030012
1806,23.726229,15.962000,62.648791
1807,23.736916,10.687000,93.571629
1808,23.750187,13.271000,75.352272
1809,23.764610,14.423000,69.333703
1810,23.776604,11.994000,83.375021
1811,23.790181,13.577000,73.653974
1812,23.804694,14.513000,68.903741
1813,23.816773,12.079000,82.788310
1814,23.830054,13.281000,75.295535
1815,23.845495,15.441000,64.762645
1816,23.856877,11.382000,87.858021
1817,23.870300,13.423000,74.498994
1818,23.885336,15.036000,66.507050
1819,23.896971,11.635000,85.947572
1820,23.910048,13.077000,76.470138
1821,23.925082,15.034000,66.515897
1822,23.936813,11.731000,85.244225
1823,23.950119,13.306000,75.154066
1824,23.966030,15.911000,62.849601
1825,23.976768,10.738000,93.127212
1826,23.990207,13.439000,74.410298
1827,24.004819,14.612000,68.436901
1828,24.016820,12.001000,83.326389
1829,24.030228,13.408000,74.582339
1830,24.045505,15.277000,65.457878
1831,24.056729,11.224000,89.094797
1832,24.070275,13.546000,73.822531
1833,24.084960,14.685000,68.096697
1834,24.097009,12.049000,82.994439
1835,24.109956,12.947000,77.237970
1836,24.125484,15.528000,64.399794
1837,24.136775,11.291000,88.566115
1838,24.150144,13.369000,74.799910
1839,24.164856,14.712000,67.971724
1840,24.176942,12.086000,82.740361
1841,24.190166,13.224000,75.620085
1842,24.204774,14.608000,68.455641
1843,24.216733,11.959000,83.619032
1844,24.230244,13.511000,74.013767
1845,24.246167,15.923000,62.802236
1846,24.263966,17.799000,56.182932
1847,24.275463,11.497000,86.979212
1848,24.284646,9.183000,108.896875
1849,24.296667,12.021000,83.187755
1850,24.309815,13.148000,76.057195
1851,24.325031,15.216000,65.720294
1852,24.336489,11.458000,87.275266
1853,24.349780,13.291000,75.238883
1854,24.365981,16.201000,61.724585
1855,24.380042,14.061000,71.118697
1856,24.390285,10.243000,97.627648
1857,24.406022,15.737000,63.544513
1858,24.417242,11.220000,89.126560
1859,24.447417,30.175000,33.140017
1860,24.450932,3.515000,284.495021
1861,24.450974,0.042000,23809.523810
1862,24.450988,0.014000,71428.571429
1863,24.458841,7.853000,127.339870
1864,24.465615,6.774000,147.623265
1865,24.471975,6.360000,157.232704
1866,24.479466,7.491000,133.493526
1867,24.486262,6.796000,147.145380
1868,24.493172,6.910000,144.717800
1869,24.500080,6.908000,144.759699
1870,24.506979,6.899000,144.948543
1871,24.513862,6.883000,145.285486
1872,24.520761,6.899000,144.948543
1873,24.527677,6.916000,144.592250
1874,24.534565,6.888000,145.180023
1875,24.541465,6.900000,144.927536
1876,24.548384,6.919000,144.529556
1877,24.555295,6.911000,144.696860
1878,24.561803,6.508000,153.657037
1879,24.569131,7.328000,136.462882
1880,24.575965,6.834000,146.327188
1881,24.582860,6.895000,145.032632
1882,24.589783,6.923000,144.446049
1883,24.596145,6.362000,157.183276
1884,24.603492,7.347000,136.109977
1885,24.610486,6.994000,142.979697
1886,24.616748,6.262000,159.693389
1887,24.624339,7.591000,131.734949
1888,24.631185,6.846000,146.070698
1889,24.638066,6.881000,145.327714
1890,24.644998,6.932000,144.258511
1891,24.651871,6.873000,145.496872
1892,24.658776,6.905000,144.822592
1893,24.665339,6.563000,152.369343
1894,24.672596,7.257000,137.797988
1895,24.679461,6.865000,145.666424
1896,24.685985,6.524000,153.280196
1897,24.693347,7.362000,135.832654
1898,24.700159,6.812000,146.799765
1899,24.707050,6.891000,145.116819
1900,24.713961,6.911000,144.696860
1901,24.720845,6.884000,145.264381
1902,24.727766,6.921000,144.487791
1903,24.734711,6.945000,143.988481
1904,24.741586,6.875000,145.454545
1905,24.748463,6.877000,145.412244
1906,24.755369,6.906000,144.801622
1907,24.762266,6.897000,144.990576
1908,24.769160,6.894000,145.053670
1909,24.775966,6.806000,146.929180
1910,24.782746,6.780000,147.492625
1911,24.789886,7.140000,140.056022
1912,24.796098,6.212000,160.978751
1913,24.803766,7.668000,130.412102
1914,24.810580,6.814000,146.756677
1915,24.817517,6.937000,144.154534
1916,24.824402,6.885000,145.243282
1917,24.831294,6.892000,145.095763
1918,24.838186,6.892000,145.095763
1919,24.845295,7.109000,140.666760
1920,24.851978,6.683000,149.633398
1921,24.858894,6.916000,144.592250
1922,24.865810,6.916000,144.592250
1923,24.872802,6.992000,143.020595
1924,24.879654,6.852000,145.942790
1925,24.886015,6.361000,157.207986
1926,24.893609,7.594000,131.682908
1927,24.900282,6.673000,149.857635
1928,24.907269,6.987000,143.122943
1929,24.914233,6.964000,143.595635
1930,24.921084,6.851000,145.964093
1931,24.927539,6.455000,154.918668
1932,24.934954,7.415000,134.861767
1933,24.941792,6.838000,146.241591
1934,24.948738,6.946000,143.967751
1935,24.955696,6.958000,143.719460
1936,24.962500,6.804000,146.972369
1937,24.968756,6.256000,159.846547
1938,24.976384,7.628000,131.095962
1939,24.982827,6.443000,155.207202
1940,24.990070,7.243000,138.064338
1941,24.996402,6.332000,157.927985
1942,25.003567,7.165000,139.567341
1943,25.010797,7.230000,138.312586
1944,25.017579,6.782000,147.449130
1945,25.024541,6.962000,143.636886
1946,25.031416,6.875000,145.454545
1947,25.038327,6.911000,144.696860
1948,25.044705,6.378000,156.788962
1949,25.051549,6.844000,146.113384
1950,25.059166,7.617000,131.285283
1951,25.065916,6.750000,148.148148
1952,25.072887,6.971000,143.451442
1953,25.079701,6.814000,146.756677
1954,25.086569,6.868000,145.602796
1955,25.093531,6.962000,143.636886
1956,25.100378,6.847000,146.049365
1957,25.107304,6.926000,144.383483
1958,25.114238,6.934000,144.216902
1959,25.121109,6.871000,145.539223
1960,25.127398,6.289000,159.007791
1961,25.134343,6.945000,143.988481
1962,25.141632,7.289000,137.193031
1963,25.148720,7.088000,141.083521
1964,25.155586,6.866000,145.645208
1965,25.162501,6.915000,144.613160
1966,25.169435,6.934000,144.216902
1967,25.176050,6.615000,151.171580
1968,25.182750,6.700000,149.253731
1969,25.190300,7.550000,132.450331
1970,25.196988,6.688000,149.521531
1971,25.203880,6.892000,145.095763
1972,25.210522,6.642000,150.557061
1973,25.217723,7.201000,138.869601
1974,25.224612,6.889000,145.158949
1975,25.231480,6.868000,145.602796
1976,25.238384,6.904000,144.843569
1977,25.245325,6.941000,144.071459
1978,25.252183,6.858000,145.815106
1979,25.259103,6.920000,144.508671
1980,25.265547,6.444000,155.183116
1981,25.272926,7.379000,135.519718
1982,25.279794,6.868000,145.602796
1983,25.286665,6.871000,145.539223
1984,25.293600,6.935000,144.196107
1985,25.300460,6.860000,145.772595
1986,25.307381,6.921000,144.487791
1987,25.314255,6.874000,145.475706
1988,25.321176,6.921000,144.487791
1989,25.328138,6.962000,143.636886
1990,25.334970,6.832000,146.370023
1991,25.341909,6.939000,144.112985
1992,25.348775,6.866000,145.645208
1993,25.355655,6.880000,145.348837
1994,25.362588,6.933000,144.237704
1995,25.369464,6.876000,145.433392
1996,25.376389,6.925000,144.404332
1997,25.383268,6.879000,145.369967
1998,25.390281,7.013000,142.592329
1999,25.397103,6.822000,146.584579
2000,25.404021,6.918000,144.550448
2001,25.410949,6.928000,144.341801
2002,25.417846,6.897000,144.990576
2003,25.424747,6.901000,144.906535
2004,25.431636,6.889000,145.158949
2005,25.438513,6.877000,145.412244
2006,25.445461,6.948000,143.926310
2007,25.452095,6.634000,150.738619
2008,25.459335,7.240000,138.121547
2009,25.466005,6.670000,149.925037
2010,25.473135,7.130000,140.252454
2011,25.479830,6.695000,149.365198
2012,25.486856,7.026000,142.328494
2013,25.493700,6.844000,146.113384
2014,25.500127,6.427000,155.593590
2015,25.507606,7.479000,133.707715
2016,25.514431,6.825000,146.520147
2017,25.521333,6.902000,144.885540
2018,25.528245,6.912000,144.675926
2019,25.535124,6.879000,145.369967
2020,25.541585,6.461000,154.774803
2021,25.548979,7.394000,135.244793
2022,25.555864,6.885000,145.243282
2023,25.562710,6.846000,146.070698
2024,25.569418,6.708000,149.075730
2025,25.576565,7.147000,139.918847
2026,25.582749,6.184000,161.707633
2027,25.590478,7.729000,129.382844
2028,25.597221,6.743000,148.301943
2029,25.604131,6.910000,144.717800
2030,25.610723,6.592000,151.699029
2031,25.617946,7.223000,138.446629
2032,25.624843,6.897000,144.990576
2033,25.631737,6.894000,145.053670
2034,25.638220,6.483000,154.249576
2035,25.645624,7.404000,135.062129
2036,25.652897,7.273000,137.494844
2037,25.659267,6.370000,156.985871
2038,25.666218,6.951000,143.864192
2039,25.673055,6.837000,146.262981
2040,25.680009,6.954000,143.802128
2041,25.686946,6.937000,144.154534
2042,25.693821,6.875000,145.454545
2043,25.700714,6.893000,145.074713
2044,25.707163,6.449000,155.062800
2045,25.714549,7.386000,135.391281
2046,25.721448,6.899000,144.948543
2047,25.728313,6.865000,145.666424
2048,25.734784,6.471000,154.535620
2049,25.742221,7.437000,134.462821
2050,25.749007,6.786000,147.362216
2051,25.756080,7.073000,141.382723
2052,25.762821,6.741000,148.345943
2053,25.769689,6.868000,145.602796
2054,25.776689,7.000000,142.857143
2055,25.783527,6.838000,146.241591
2056,25.790474,6.947000,143.947027
2057,25.797307,6.833000,146.348602
2058,25.804239,6.932000,144.258511
2059,25.811085,6.846000,146.070698
2060,25.817978,6.893000,145.074713
2061,25.824872,6.894000,145.053670
2062,25.831769,6.897000,144.990576
2063,25.838684,6.915000,144.613160
2064,25.845588,6.904000,144.843569
2065,25.852465,6.877000,145.412244
2066,25.859382,6.917000,144.571346
2067,25.866270,6.888000,145.180023
2068,25.873203,6.933000,144.237704
2069,25.880071,6.868000,145.602796
2070,25.886984,6.913000,144.654998
2071,25.893874,6.890000,145.137881
2072,25.900770,6.896000,145.011601
2073,25.907724,6.954000,143.802128
2074,25.914602,6.878000,145.391102
2075,25.920887,6.285000,159.108990
2076,25.928430,7.543000,132.573247
2077,25.935236,6.806000,146.929180
2078,25.942203,6.967000,143.533802
2079,25.949049,6.846000,146.070698
2080,25.955970,6.921000,144.487791
2081,25.962852,6.882000,145.306597
2082,25.969230,6.378000,156.788962
2083,25.976728,7.498000,133.368898
2084,25.983544,6.816000,146.713615
2085,25.990473,6.929000,144.320970
2086,25.997383,6.910000,144.717800
2087,26.004280,6.897000,144.990576
2088,26.011145,6.865000,145.666424
2089,26.018065,6.920000,144.508671
2090,26.024955,6.890000,145.137881
2091,26.031864,6.909000,144.738747
2092,26.038766,6.902000,144.885540
2093,26.045650,6.884000,145.264381
2094,26.052595,6.945000,143.988481
2095,26.059001,6.406000,156.103653
2096,26.066431,7.430000,134.589502
2097,26.073289,6.858000,145.815106
2098,26.080180,6.891000,145.116819
2099,26.087104,6.924000,144.425188
2100,26.093981,6.877000,145.412244
2101,26.100876,6.895000,145.032632
2102,26.107805,6.929000,144.320970
2103,26.114066,6.261000,159.718895
2104,26.142777,28.711000,34.829856
2105,26.142831,0.054000,18518.518519
2106,26.142846,0.015000,66666.666667
2107,26.150295,7.449000,134.246208
2108,26.157482,7.187000,139.140114
2109,26.164443,6.961000,143.657520
2110,26.171258,6.815000,146.735143
2111,26.178176,6.918000,144.550448
2112,26.184563,6.387000,156.568029
2113,26.191997,7.434000,134.517084
2114,26.198859,6.862000,145.730108
2115,26.205723,6.864000,145.687646
2116,26.212647,6.924000,144.425188
2117,26.219536,6.889000,145.158949
2118,26.226449,6.913000,144.654998
2119,26.233341,6.892000,145.095763
2120,26.240236,6.895000,145.032632
2121,26.247165,6.929000,144.320970
2122,26.254035,6.870000,145.560408
2123,26.260952,6.917000,144.571346
2124,26.267826,6.874000,145.475706
2125,26.274651,6.825000,146.520147
2126,26.281660,7.009000,142.673705
2127,26.288533,6.873000,145.496872
2128,26.295452,6.919000,144.529556
2129,26.302332,6.880000,145.348837
2130,26.309260,6.928000,144.341801
2131,26.315893,6.633000,150.761345
2132,26.323063,7.170000,139.470014
2133,26.329269,6.206000,161.134386
2134,26.336921,7.652000,130.684788
2135,26.343764,6.843000,146.134736
2136,26.350631,6.867000,145.623999
2137,26.357583,6.952000,143.843498
2138,26.364439,6.856000,145.857643
2139,26.371342,6.903000,144.864552
2140,26.378254,6.912000,144.675926
2141,26.384859,6.605000,151.400454
2142,26.391542,6.683000,149.633398
2143,26.398795,7.253000,137.873983
2144,26.405627,6.832000,146.370023
2145,26.412772,7.145000,139.958013
2146,26.419633,6.861000,145.751348
2147,26.426552,6.919000,144.529556
2148,26.432756,6.204000,161.186331
2149,26.439634,6.878000,145.391102
2150,26.447355,7.721000,129.516902
2151,26.454144,6.789000,147.297098
2152,26.461051,6.907000,144.780657
2153,26.467927,6.876000,145.433392
2154,26.474861,6.934000,144.216902
2155,26.481747,6.886000,145.222190
2156,26.488643,6.896000,145.011601
2157,26.495559,6.916000,144.592250
2158,26.502438,6.879000,145.369967
2159,26.509355,6.917000,144.571346
2160,26.515831,6.476000,154.416306
2161,26.523180,7.349000,136.072935
2162,26.530045,6.865000,145.666424
2163,26.536919,6.874000,145.475706
2164,26.543874,6.955000,143.781452
2165,26.550723,6.849000,146.006716
2166,26.557694,6.971000,143.451442
2167,26.564600,6.906000,144.801622
2168,26.571461,6.861000,145.751348
2169,26.578364,6.903000,144.864552
2170,26.585225,6.861000,145.751348
2171,26.591472,6.247000,160.076837
2172,26.599123,7.651000,130.701869
2173,26.605946,6.823000,146.563095
2174,26.612846,6.900000,144.927536
2175,26.619744,6.898000,144.969556
2176,26.626650,6.906000,144.801622
2177,26.633546,6.896000,145.011601
2178,26.640448,6.902000,144.885540
2179,26.647306,6.858000,145.815106
2180,26.654235,6.929000,144.320970
2181,26.661137,6.902000,144.885540
2182,26.668025,6.888000,145.180023
2183,26.674962,6.937000,144.154534
2184,26.681074,6.112000,163.612565
2185,26.688823,7.749000,129.048910
2186,26.695646,6.823000,146.563095
2187,26.702463,6.817000,146.692093
2188,26.709454,6.991000,143.041053
2189,26.716327,6.873000,145.496872
2190,26.723237,6.910000,144.717800
2191,26.730133,6.896000,145.011601
2192,26.736798,6.665000,150.037509
2193,26.743983,7.185000,139.178845
2194,26.750818,6.835000,146.305779
2195,26.757724,6.906000,144.801622
2196,26.764619,6.895000,145.032632
2197,26.771526,6.907000,144.780657
2198,26.778426,6.900000,144.927536
2199,26.784793,6.367000,157.059840
2200,26.792298,7.505000,133.244504
2201,26.799101,6.803000,146.993973
2202,26.806038,6.937000,144.154534
2203,26.812906,6.868000,145.602796
2204,26.819813,6.907000,144.780657
2205,26.826713,6.900000,144.927536
2206,26.833650,6.937000,144.154534
2207,26.840548,6.898000,144.969556
2208,26.847446,6.898000,144.969556
2209,26.854315,6.869000,145.581598
2210,26.861096,6.781000,147.470875
2211,26.868128,7.032000,142.207053
2212,26.875122,6.994000,142.979697
2213,26.881967,6.845000,146.092038
2214,26.888836,6.869000,145.581598
2215,26.895775,6.939000,144.112985
2216,26.902465,6.690000,149.476831
2217,26.909566,7.101000,140.825236
2218,26.915884,6.318000,158.277936
2219,26.923430,7.546000,132.520541
2220,26.930318,6.888000,145.180023
2221,26.937161,6.843000,146.134736
2222,26.944115,6.954000,143.802128
2223,26.951078,6.963000,143.616257
2224,26.958024,6.946000,143.967751
2225,26.964784,6.760000,147.928994
2226,26.971782,6.998000,142.897971
2227,26.978600,6.818000,146.670578
2228,26.985879,7.279000,137.381508
2229,26.992537,6.658000,150.195254
2230,26.998717,6.180000,161.812298
2231,27.006335,7.618000,131.268049
2232,27.013124,6.789000,147.297098
2233,27.020060,6.936000,144.175317
2234,27.026999,6.939000,144.112985
2235,27.033759,6.760000,147.928994
2236,27.040725,6.966000,143.554407
2237,27.047533,6.808000,146.886016
2238,27.054468,6.935000,144.196107
2239,27.061361,6.893000,145.074713
2240,27.068249,6.888000,145.180023
2241,27.075187,6.938000,144.133756
2242,27.082049,6.862000,145.730108
2243,27.089009,6.960000,143.678161
2244,27.095859,6.850000,145.985401
2245,27.102423,6.564000,152.346130
2246,27.109664,7.241000,138.102472
2247,27.116538,6.874000,145.475706
2248,27.123413,6.875000,145.454545
2249,27.130344,6.931000,144.279325
2250,27.137234,6.890000,145.137881
2251,27.144134,6.900000,144.927536
2252,27.151013,6.879000,145.369967
2253,27.157959,6.946000,143.967751
2254,27.164804,6.845000,146.092038
2255,27.171740,6.936000,144.175317
2256,27.178610,6.870000,145.560408
2257,27.185534,6.924000,144.425188
2258,27.191801,6.267000,159.565981
2259,27.199412,7.611000,131.388779
2260,27.206240,6.828000,146.455770
2261,27.213123,6.883000,145.285486
2262,27.220020,6.897000,144.990576
2263,27.226922,6.902000,144.885540
2264,27.233841,6.919000,144.529556
2265,27.240734,6.893000,145.074713
2266,27.247625,6.891000,145.116819
2267,27.254527,6.902000,144.885540
2268,27.261425,6.898000,144.969556
2269,27.268520,7.095000,140.944327
2270,27.274887,6.367000,157.059840
2271,27.281713,6.826000,146.498682
2272,27.289126,7.413000,134.898152
2273,27.295913,6.787000,147.340504
2274,27.302383,6.470000,154.559505
2275,27.309776,7.393000,135.263087
2276,27.316642,6.866000,145.645208
2277,27.323590,6.948000,143.926310
2278,27.330491,6.901000,144.906535
2279,27.337434,6.943000,144.029958
2280,27.344120,6.686000,149.566258
2281,27.351196,7.076000,141.322781
2282,27.358053,6.857000,145.836372
2283,27.364943,6.890000,145.137881
2284,27.371508,6.565000,152.322925
2285,27.378783,7.275000,137.457045
2286,27.385218,6.435000,155.400155
2287,27.392043,6.825000,146.520147
2288,27.399498,7.455000,134.138162
2289,27.406352,6.854000,145.900204
2290,27.413239,6.887000,145.201104
2291,27.419512,6.273000,159.413359
2292,27.427117,7.605000,131.492439
2293,27.433928,6.811000,146.821318
2294,27.440850,6.922000,144.466917
2295,27.447729,6.879000,145.369967
2296,27.454656,6.927000,144.362639
2297,27.461520,6.864000,145.687646
2298,27.468433,6.913000,144.654998
2299,27.475364,6.931000,144.279325
2300,27.482215,6.851000,145.964093
2301,27.489164,6.949000,143.905598
2302,27.496015,6.851000,145.964093
2303,27.502946,6.931000,144.279325
2304,27.509816,6.870000,145.560408
2305,27.516710,6.894000,145.053670
2306,27.523648,6.938000,144.133756
2307,27.530534,6.886000,145.222190
2308,27.537457,6.923000,144.446049
2309,27.544345,6.888000,145.180023
2310,27.551241,6.896000,145.011601
2311,27.558147,6.906000,144.801622
2312,27.565033,6.886000,145.222190
2313,27.571938,6.905000,144.822592
2314,27.578844,6.906000,144.801622
2315,27.585742,6.898000,144.969556
2316,27.592625,6.883000,145.285486
2317,27.599532,6.907000,144.780657
2318,27.606446,6.914000,144.634076
2319,27.612939,6.493000,154.012013
2320,27.620302,7.363000,135.814206
2321,27.627129,6.827000,146.477223
2322,27.634025,6.896000,145.011601
2323,27.640958,6.933000,144.237704
2324,27.647834,6.876000,145.433392
2325,27.654255,6.421000,155.738981
2326,27.661616,7.361000,135.851107
2327,27.668565,6.949000,143.905598
2328,27.675580,7.015000,142.551675
2329,27.682358,6.778000,147.536146
2330,27.689153,6.795000,147.167035
2331,27.696218,7.065000,141.542817
2332,27.702796,6.578000,152.021891
2333,27.710034,7.238000,138.159713
2334,27.716852,6.818000,146.670578
2335,27.723805,6.953000,143.822810
2336,27.730489,6.684000,149.611011
2337,27.737648,7.159000,139.684313
2338,27.744449,6.801000,147.037200
2339,27.751394,6.945000,143.988481
2340,27.758346,6.952000,143.843498
2341,27.765187,6.841000,146.177459
2342,27.772162,6.975000,143.369176
2343,27.778562,6.400000,156.250000
2344,27.785932,7.370000,135.685210
2345,27.792296,6.364000,157.133878
2346,27.799755,7.459000,134.066229
2347,27.806282,6.527000,153.209744
2348,27.813512,7.230000,138.312586
2349,27.820496,6.984000,143.184422
2350,27.827308,6.812000,146.799765
2351,27.834224,6.916000,144.592250
2352,27.840603,6.379000,156.764383
2353,27.848102,7.499000,133.351113
2354,27.854896,6.794000,147.188696
2355,27.861258,6.362000,157.183276
2356,27.868721,7.463000,133.994372
2357,27.875712,6.991000,143.041053
2358,27.881868,6.156000,162.443145
2359,27.889581,7.713000,129.651238
2360,27.896292,6.711000,149.009090
2361,27.902846,6.554000,152.578578
2362,27.910149,7.303000,136.930029
2363,27.917000,6.851000,145.964093
2364,27.923906,6.906000,144.801622
2365,27.930175,6.269000,159.515074
2366,27.937666,7.491000,133.493526
2367,27.944124,6.458000,154.846702
2368,27.951049,6.925000,144.404332
2369,27.958477,7.428000,134.625740
2370,27.965159,6.682000,149.655792
2371,27.972011,6.852000,145.942790
2372,27.979135,7.124000,140.370578
2373,27.985969,6.834000,146.327188
2374,27.992894,6.925000,144.404332
2375,27.999804,6.910000,144.717800
2376,28.006739,6.935000,144.196107
2377,28.013566,6.827000,146.477223
2378,28.020154,6.588000,151.791135
2379,28.027406,7.252000,137.892995
2380,28.034005,6.599000,151.538112
2381,28.041285,7.280000,137.362637
2382,28.047956,6.671000,149.902563
2383,28.055020,7.064000,141.562854
2384,28.061621,6.601000,151.492198
2385,28.068814,7.193000,139.024051
2386,28.075886,7.072000,141.402715
2387,28.082549,6.663000,150.082545
2388,28.089544,6.995000,142.959257
2389,28.096225,6.681000,149.678192
2390,28.103304,7.079000,141.262890
2391,28.110214,6.910000,144.717800
2392,28.116852,6.638000,150.647785
2393,28.123537,6.685000,149.588631
2394,28.130881,7.344000,136.165577
2395,28.137764,6.883000,145.285486
2396,28.144643,6.879000,145.369967
2397,28.151575,6.932000,144.258511
2398,28.158499,6.924000,144.425188
2399,28.165326,6.827000,146.477223
2400,28.173449,8.123000,123.107226
2401,28.179005,5.556000,179.985601
2402,28.186120,7.115000,140.548138
2403,28.192953,6.833000,146.348602
2404,28.199711,6.758000,147.972773
2405,28.206792,7.081000,141.222991
2406,28.213633,6.841000,146.177459
2407,28.220552,6.919000,144.529556
2408,28.227451,6.899000,144.948543
2409,28.234342,6.891000,145.116819
2410,28.241259,6.917000,144.571346
2411,28.248136,6.877000,145.412244
2412,28.255066,6.930000,144.300144
2413,28.261939,6.873000,145.496872
2414,28.268838,6.899000,144.948543
2415,28.275649,6.811000,146.821318
2416,28.282645,6.996000,142.938822
2417,28.288964,6.319000,158.252888
2418,28.296517,7.553000,132.397723
2419,28.303350,6.833000,146.348602
2420,28.310140,6.790000,147.275405
2421,28.317153,7.013000,142.592329
2422,28.324057,6.904000,144.843569
2423,28.330930,6.873000,145.496872
2424,28.337846,6.916000,144.592250
2425,28.344752,6.906000,144.801622
2426,28.351630,6.878000,145.391102
2427,28.358182,6.552000,152.625153
2428,28.365232,7.050000,141.843972
2429,28.372382,7.150000,139.860140
2430,28.379224,6.842000,146.156095
2431,28.386146,6.922000,144.466917
2432,28.393036,6.890000,145.137881
2433,28.399931,6.895000,145.032632
2434,28.406164,6.233000,160.436387
2435,28.413813,7.649000,130.736044
2436,28.420638,6.825000,146.520147
2437,28.427525,6.887000,145.201104
2438,28.434423,6.898000,144.969556
2439,28.441336,6.913000,144.654998
2440,28.448224,6.888000,145.180023
2441,28.455139,6.915000,144.613160
2442,28.462021,6.882000,145.306597
2443,28.468927,6.906000,144.801622
2444,28.475493,6.566000,152.299726
2445,28.482785,7.292000,137.136588
2446,28.489638,6.853000,145.921494
2447,28.496522,6.884000,145.264381
2448,28.503368,6.846000,146.070698
2449,28.510318,6.950000,143.884892
2450,28.517222,6.904000,144.843569
2451,28.523479,6.257000,159.821000
2452,28.531114,7.635000,130.975769
2453,28.537945,6.831000,146.391451
2454,28.544836,6.891000,145.116819
2455,28.551163,6.327000,158.052790
2456,28.558722,7.559000,132.292631
2457,28.565518,6.796000,147.145380
2458,28.572487,6.969000,143.492610
2459,28.579332,6.845000,146.092038
2460,28.586246,6.914000,144.634076
2461,28.593159,6.913000,144.654998
2462,28.600097,6.938000,144.133756
2463,28.607012,6.915000,144.613160
2464,28.613912,6.900000,144.927536
2465,28.620819,6.907000,144.780657
2466,28.627658,6.839000,146.220208
2467,28.634572,6.914000,144.634076
2468,28.641475,6.903000,144.864552
2469,28.648156,6.681000,149.678192
2470,28.655081,6.925000,144.404332
2471,28.662009,6.928000,144.341801
2472,28.669168,7.159000,139.684313
2473,28.676014,6.846000,146.070698
2474,28.682850,6.836000,146.284377
2475,28.689792,6.942000,144.050706
2476,28.696656,6.864000,145.687646
2477,28.703584,6.928000,144.341801
2478,28.709791,6.207000,161.108426
2479,28.717491,7.700000,129.870130
2480,28.724249,6.758000,147.972773
2481,28.730467,6.218000,160.823416
2482,28.738165,7.698000,129.903871
2483,28.744528,6.363000,157.158573
2484,28.751918,7.390000,135.317997
2485,28.758865,6.947000,143.947027
2486,28.765660,6.795000,147.167035
2487,28.772394,6.734000,148.500149
2488,28.779495,7.101000,140.825236
2489,28.786397,6.902000,144.885540
2490,28.793293,6.896000,145.011601
2491,28.800168,6.875000,145.454545
2492,28.806654,6.486000,154.178230
2493,28.813693,7.039000,142.065634
2494,28.820921,7.228000,138.350858
2495,28.827828,6.907000,144.780657
2496,28.834654,6.826000,146.498682
2497,28.841382,6.728000,148.632580
2498,28.848211,6.829000,146.434324
2499,28.855408,7.197000,138.946783
2500,28.861559,6.151000,162.575191
2501,28.869086,7.527000,132.855055
2502,28.875518,6.432000,155.472637
2503,28.882514,6.996000,142.938822
2504,28.889951,7.437000,134.462821
2505,28.896751,6.800000,147.058824
2506,28.903721,6.970000,143.472023
2507,28.910000,6.279000,159.261029
2508,28.917527,7.527000,132.855055
2509,28.924357,6.830000,146.412884
2510,28.931272,6.915000,144.613160
2511,28.938162,6.890000,145.137881
2512,28.944830,6.668000,149.970006
2513,28.951794,6.964000,143.595635
2514,28.958928,7.134000,140.173816
2515,28.965779,6.851000,145.964093
2516,28.972664,6.885000,145.243282
2517,28.979521,6.857000,145.836372
2518,28.986437,6.916000,144.592250
2519,28.993336,6.899000,144.948543
2520,29.000244,6.908000,144.759699
2521,29.007167,6.923000,144.446049
2522,29.014029,6.862000,145.730108
2523,29.020945,6.916000,144.592250
2524,29.027826,6.881000,145.327714
2525,29.034042,6.216000,160.875161
2526,29.041738,7.696000,129.937630
2527,29.048517,6.779000,147.514383
2528,29.055466,6.949000,143.905598
2529,29.062162,6.696000,149.342891
2530,29.069275,7.113000,140.587656
2531,29.075437,6.162000,162.284972
2532,29.083114,7.677000,130.259216
2533,29.089954,6.840000,146.198830
2534,29.096827,6.873000,145.496872
2535,29.103756,6.929000,144.320970
2536,29.110211,6.455000,154.918668
2537,29.117588,7.377000,135.556459
2538,29.124438,6.850000,145.985401
2539,29.131345,6.907000,144.780657
2540,29.138262,6.917000,144.571346
2541,29.144743,6.481000,154.297176
2542,29.152078,7.335000,136.332652
2543,29.158311,6.233000,160.436387
2544,29.165908,7.597000,131.630907
2545,29.172734,6.826000,146.498682
2546,29.179627,6.893000,145.074713
2547,29.186533,6.906000,144.801622
2548,29.193409,6.876000,145.433392
2549,29.200331,6.922000,144.466917
2550,29.207229,6.898000,144.969556
2551,29.214122,6.893000,145.074713
2552,29.221042,6.920000,144.508671
2553,29.227901,6.859000,145.793847
2554,29.234823,6.922000,144.466917
2555,29.241726,6.903000,144.864552
2556,29.248605,6.879000,145.369967
2557,29.255591,6.986000,143.143430
2558,29.262203,6.612000,151.240169
2559,29.269426,7.223000,138.446629
2560,29.276266,6.840000,146.198830
2561,29.283152,6.886000,145.222190
2562,29.290218,7.066000,141.522785
2563,29.296956,6.738000,148.411992
2564,29.303198,6.242000,160.205062
2565,29.310837,7.639000,130.907187
2566,29.317647,6.810000,146.842878
2567,29.324582,6.935000,144.196107
2568,29.330802,6.220000,160.771704
2569,29.338469,7.667000,130.429112
2570,29.345260,6.791000,147.253718
2571,29.352177,6.917000,144.571346
2572,29.359088,6.911000,144.696860
2573,29.365968,6.880000,145.348837
2574,29.372894,6.926000,144.383483
2575,29.379543,6.649000,150.398556
2576,29.386745,7.202000,138.850319
2577,29.393585,6.840000,146.198830
2578,29.399774,6.189000,161.576991
2579,29.406985,7.211000,138.677021
2580,29.413612,6.627000,150.897842
2581,29.421285,7.673000,130.327121
2582,29.428059,6.774000,147.623265
2583,29.434385,6.326000,158.077774
2584,29.441835,7.450000,134.228188
2585,29.448768,6.933000,144.237704
2586,29.455686,6.918000,144.550448
2587,29.462146,6.460000,154.798762
2588,29.469524,7.378000,135.538086
2589,29.476400,6.876000,145.433392
2590,29.482796,6.396000,156.347717
2591,29.490345,7.549000,132.467877
2592,29.497024,6.679000,149.723012
2593,29.504057,7.033000,142.186833
2594,29.510839,6.782000,147.449130
2595,29.517764,6.925000,144.404332
2596,29.524702,6.938000,144.133756
2597,29.531538,6.836000,146.284377
2598,29.538496,6.958000,143.719460
2599,29.544734,6.238000,160.307791
2600,29.552141,7.407000,135.007425
2601,29.559220,7.079000,141.262890
2602,29.565726,6.506000,153.704273
2603,29.573014,7.288000,137.211855
2604,29.579658,6.644000,150.511740
2605,29.586824,7.166000,139.547865
2606,29.593623,6.799000,147.080453
2607,29.600601,6.978000,143.307538
2608,29.607515,6.914000,144.634076
2609,29.614379,6.864000,145.687646
2610,29.621029,6.650000,150.375940
2611,29.627917,6.888000,145.180023
2612,29.634827,6.910000,144.717800
2613,29.642014,7.187000,139.140114
2614,29.648769,6.755000,148.038490
2615,29.655799,7.030000,142.247511
2616,29.662728,6.929000,144.320970
2617,29.669578,6.850000,145.985401
2618,29.676621,7.043000,141.984950
2619,29.682702,6.081000,164.446637
2620,29.690389,7.687000,130.089762
2621,29.697142,6.753000,148.082334
2622,29.704109,6.967000,143.533802
2623,29.710415,6.306000,158.579131
2624,29.717922,7.507000,133.209005
2625,29.724696,6.774000,147.623265
2626,29.731649,6.953000,143.822810
2627,29.738544,6.895000,145.032632
2628,29.745405,6.861000,145.751348
2629,29.752320,6.915000,144.613160
2630,29.759233,6.913000,144.654998
2631,29.766131,6.898000,144.969556
2632,29.773037,6.906000,144.801622
2633,29.779935,6.898000,144.969556
2634,29.786841,6.906000,144.801622
2635,29.793715,6.874000,145.475706
2636,29.800613,6.898000,144.969556
2637,29.807532,6.919000,144.529556
2638,29.814420,6.888000,145.180023
2639,29.821346,6.926000,144.383483
2640,29.828220,6.874000,145.475706
2641,29.835122,6.902000,144.885540
2642,29.842023,6.901000,144.906535
2643,29.848632,6.609000,151.308821
2644,29.855869,7.237000,138.178803
2645,29.862698,6.829000,146.434324
2646,29.869614,6.916000,144.592250
2647,29.876510,6.896000,145.011601
2648,29.883413,6.903000,144.864552
2649,29.890343,6.930000,144.300144
2650,29.897052,6.709000,149.053510
2651,29.904162,7.110000,140.646976
2652,29.911020,6.858000,145.815106
2653,29.917929,6.909000,144.738747
2654,29.924821,6.892000,145.095763
2655,29.931461,6.640000,150.602410
2656,29.938646,7.185000,139.178845
2657,29.945528,6.882000,145.306597
2658,29.952418,6.890000,145.137881
2659,29.959306,6.888000,145.180023
2660,29.966208,6.902000,144.885540
2661,29.973131,6.923000,144.446049
2662,29.980007,6.876000,145.433392
2663,29.986921,6.914000,144.634076
2664,29.993890,6.969000,143.492610
2665,30.000818,6.928000,144.341801
2666,30.007678,6.860000,145.772595
2667,30.014215,6.537000,152.975371
2668,30.021547,7.332000,136.388434
2669,30.028410,6.863000,145.708874
2670,30.035424,7.014000,142.571999
2671,30.041845,6.421000,155.738981
2672,30.049117,7.272000,137.513751
2673,30.055517,6.400000,156.250000
2674,30.062941,7.424000,134.698276
2675,30.069764,6.823000,146.563095
2676,30.076813,7.049000,141.864094
2677,30.083156,6.343000,157.654107
2678,30.090553,7.397000,135.189942
2679,30.097020,6.467000,154.631205
2680,30.104375,7.355000,135.961931
2681,30.110769,6.394000,156.396622
2682,30.118141,7.372000,135.648399
2683,30.124988,6.847000,146.049365
2684,30.131524,6.536000,152.998776
2685,30.138843,7.319000,136.630687
2686,30.145650,6.807000,146.907595
2687,30.152658,7.008000,142.694064
2688,30.159464,6.806000,146.929180
2689,30.166226,6.762000,147.885241
2690,30.173317,7.091000,141.023833
2691,30.180108,6.791000,147.253718
2692,30.187114,7.006000,142.734799
2693,30.193973,6.859000,145.793847
2694,30.200923,6.950000,143.884892
2695,30.207791,6.868000,145.602796
2696,30.214658,6.867000,145.623999
2697,30.221360,6.702000,149.209191
2698,30.228502,7.142000,140.016802
2699,30.235131,6.629000,150.852316
2700,30.242338,7.207000,138.753989
2701,30.248654,6.316000,158.328056
2702,30.256155,7.501000,133.315558
2703,30.262963,6.808000,146.886016
2704,30.269862,6.899000,144.948543
2705,30.276729,6.867000,145.623999
2706,30.283617,6.888000,145.180023
2707,30.290556,6.939000,144.112985
2708,30.297438,6.882000,145.306597
2709,30.304331,6.893000,145.074713
2710,30.311215,6.884000,145.264381
2711,30.318117,6.902000,144.885540
2712,30.325031,6.914000,144.634076
2713,30.331933,6.902000,144.885540
2714,30.338862,6.929000,144.320970
2715,30.345722,6.860000,145.772595
2716,30.352638,6.916000,144.592250
2717,30.359258,6.620000,151.057402
2718,30.366458,7.200000,138.888889
2719,30.373326,6.868000,145.602796
2720,30.380220,6.894000,145.053670
2721,30.387136,6.916000,144.592250
2722,30.394020,6.884000,145.264381
2723,30.400916,6.896000,145.011601
2724,30.407858,6.942000,144.050706
2725,30.414731,6.873000,145.496872
2726,30.421635,6.904000,144.843569
2727,30.428520,6.885000,145.243282
2728,30.435253,6.733000,148.522204
2729,30.442375,7.122000,140.409997
2730,30.448588,6.213000,160.952841
2731,30.456229,7.641000,130.872922
2732,30.463020,6.791000,147.253718
2733,30.469946,6.926000,144.383483
2734,30.476250,6.304000,158.629442
2735,30.483817,7.567000,132.152769
2736,30.490679,6.862000,145.730108
2737,30.497540,6.861000,145.751348
2738,30.504451,6.911000,144.696860
2739,30.511334,6.883000,145.285486
2740,30.518242,6.908000,144.759699
2741,30.525154,6.912000,144.675926
2742,30.532039,6.885000,145.243282
2743,30.538952,6.913000,144.654998
2744,30.545827,6.875000,145.454545
2745,30.552758,6.931000,144.279325
2746,30.559638,6.880000,145.348837
2747,30.566167,6.529000,153.162812
2748,30.573509,7.342000,136.202670
2749,30.580328,6.819000,146.649069
2750,30.587245,6.917000,144.571346
2751,30.594129,6.884000,145.264381
2752,30.601030,6.901000,144.906535
2753,30.607983,6.953000,143.822810
2754,30.614833,6.850000,145.985401
2755,30.621777,6.944000,144.009217
2756,30.628623,6.846000,146.070698
2757,30.635234,6.611000,151.263046
2758,30.642486,7.252000,137.892995
2759,30.649330,6.844000,146.113384
2760,30.656240,6.910000,144.717800
2761,30.663124,6.884000,145.264381
2762,30.670069,6.945000,143.988481
2763,30.676930,6.861000,145.751348
2764,30.683473,6.543000,152.835091
2765,30.690789,7.316000,136.686714
2766,30.697630,6.841000,146.177459
2767,30.704561,6.931000,144.279325
2768,30.711443,6.882000,145.306597
2769,30.718349,6.906000,144.801622
2770,30.725248,6.899000,144.948543
2771,30.731490,6.242000,160.205062
2772,30.739136,7.646000,130.787340
2773,30.745943,6.807000,146.907595
2774,30.752863,6.920000,144.508671
2775,30.759724,6.861000,145.751348
2776,30.766641,6.917000,144.571346
2777,30.772887,6.246000,160.102466
2778,30.779747,6.860000,145.772595
2779,30.786680,6.933000,144.237704
2780,30.793538,6.858000,145.815106
2781,30.800826,7.288000,137.211855
2782,30.807337,6.511000,153.586239
2783,30.815023,7.686000,130.106687
2784,30.821836,6.813000,146.778218
2785,30.828730,6.894000,145.053670
2786,30.835664,6.934000,144.216902
2787,30.842535,6.871000,145.539223
2788,30.849428,6.893000,145.074713
2789,30.856340,6.912000,144.675926
2790,30.863213,6.873000,145.496872
2791,30.870163,6.950000,143.884892
2792,30.877039,6.876000,145.433392
2793,30.883947,6.908000,144.759699
2794,30.890854,6.907000,144.780657
2795,30.897726,6.872000,145.518044
2796,30.904642,6.916000,144.592250
2797,30.911523,6.881000,145.327714
2798,30.918440,6.917000,144.571346
2799,30.925361,6.921000,144.487791
2800,30.932238,6.877000,145.412244
2801,30.939143,6.905000,144.822592
2802,30.946038,6.895000,145.032632
2803,30.952952,6.914000,144.634076
2804,30.959829,6.877000,145.412244
2805,30.966728,6.899000,144.948543
2806,30.973661,6.933000,144.237704
2807,30.980548,6.887000,145.201104
2808,30.987458,6.910000,144.717800
2809,30.994376,6.918000,144.550448
2810,31.001229,6.853000,145.921494
2811,31.008165,6.936000,144.175317
2812,31.015025,6.860000,145.772595
2813,31.021843,6.818000,146.670578
2814,31.028641,6.798000,147.102089
2815,31.035787,7.146000,139.938427
2816,31.042638,6.851000,145.964093
2817,31.049537,6.899000,144.948543
2818,31.056295,6.758000,147.972773
2819,31.063350,7.055000,141.743444
2820,31.070257,6.907000,144.780657
2821,31.077142,6.885000,145.243282
2822,31.084047,6.905000,144.822592
2823,31.090961,6.914000,144.634076
2824,31.097841,6.880000,145.348837
2825,31.104773,6.932000,144.258511
2826,31.111619,6.846000,146.070698
2827,31.118542,6.923000,144.446049
2828,31.125443,6.901000,144.906535
2829,31.132332,6.889000,145.158949
2830,31.139255,6.923000,144.446049
2831,31.146141,6.886000,145.222190
2832,31.152843,6.702000,149.209191
2833,31.159953,7.110000,140.646976
2834,31.166825,6.872000,145.518044
2835,31.173758,6.933000,144.237704
2836,31.180630,6.872000,145.518044
2837,31.187554,6.924000,144.425188
2838,31.194433,6.879000,145.369967
2839,31.201327,6.894000,145.053670
2840,31.208267,6.940000,144.092219
2841,31.215132,6.865000,145.666424
2842,31.222067,6.935000,144.196107
2843,31.228931,6.864000,145.687646
2844,31.235137,6.206000,161.134386
2845,31.242843,7.706000,129.769011
2846,31.249617,6.774000,147.623265
2847,31.256563,6.946000,143.967751
2848,31.263419,6.856000,145.857643
2849,31.270360,6.941000,144.071459
2850,31.277237,6.877000,145.412244
2851,31.284148,6.911000,144.696860
2852,31.291074,6.926000,144.383483
2853,31.297938,6.864000,145.687646
2854,31.304852,6.914000,144.634076
2855,31.311739,6.887000,145.201104
2856,31.318627,6.888000,145.180023
2857,31.325558,6.931000,144.279325
2858,31.332417,6.859000,145.793847
2859,31.339347,6.930000,144.300144
2860,31.346220,6.873000,145.496872
2861,31.353134,6.914000,144.634076
2862,31.360033,6.899000,144.948543
2863,31.366927,6.894000,145.053670
2864,31.373842,6.915000,144.613160
2865,31.380745,6.903000,144.864552
2866,31.387511,6.766000,147.797813
2867,31.394547,7.036000,142.126208
2868,31.401440,6.893000,145.074713
2869,31.408361,6.921000,144.487791
2870,31.415245,6.884000,145.264381
2871,31.421768,6.523000,153.303695
2872,31.429072,7.304000,136.911281
2873,31.435954,6.882000,145.306597
2874,31.442806,6.852000,145.942790
2875,31.449715,6.909000,144.738747
2876,31.456642,6.927000,144.362639
2877,31.463511,6.869000,145.581598
2878,31.470428,6.917000,144.571346
2879,31.476926,6.498000,153.893506
2880,31.484274,7.348000,136.091453
2881,31.491117,6.843000,146.134736
2882,31.498015,6.898000,144.969556
2883,31.504812,6.797000,147.123731
2884,31.511822,7.010000,142.653352
2885,31.518707,6.885000,145.243282
2886,31.525613,6.906000,144.801622
2887,31.532530,6.917000,144.571346
2888,31.539419,6.889000,145.158949
2889,31.546328,6.909000,144.738747
2890,31.553218,6.890000,145.137881
2891,31.559773,6.555000,152.555301
2892,31.567059,7.286000,137.249520
2893,31.573920,6.861000,145.751348
2894,31.580823,6.903000,144.864552
2895,31.587722,6.899000,144.948543
2896,31.594614,6.892000,145.095763
2897,31.601504,6.890000,145.137881
2898,31.608417,6.913000,144.654998
2899,31.615309,6.892000,145.095763
2900,31.622144,6.835000,146.305779
2901,31.629111,6.967000,143.533802
2902,31.636010,6.899000,144.948543
2903,31.642944,6.934000,144.216902
2904,31.649862,6.918000,144.550448
2905,31.656702,6.840000,146.198830
2906,31.663029,6.327000,158.052790
2907,31.670650,7.621000,131.216376
2908,31.677455,6.805000,146.950771
2909,31.683961,6.506000,153.704273
2910,31.690646,6.685000,149.588631
2911,31.698235,7.589000,131.769667
2912,31.705090,6.855000,145.878920
2913,31.711996,6.906000,144.801622
2914,31.718863,6.867000,145.623999
2915,31.725779,6.916000,144.592250
2916,31.732656,6.877000,145.412244
2917,31.739597,6.941000,144.071459
2918,31.746489,6.892000,145.095763
2919,31.753435,6.946000,143.967751
2920,31.760268,6.833000,146.348602
2921,31.767184,6.916000,144.592250
2922,31.774108,6.924000,144.425188
2923,31.780978,6.870000,145.560408
2924,31.787922,6.944000,144.009217
2925,31.794755,6.833000,146.348602
2926,31.801684,6.929000,144.320970
2927,31.808481,6.797000,147.123731
2928,31.815382,6.901000,144.906535
2929,31.821880,6.498000,153.893506
2930,31.829345,7.465000,133.958473
2931,31.836264,6.919000,144.529556
2932,31.843106,6.842000,146.156095
2933,31.849887,6.781000,147.470875
2934,31.856912,7.025000,142.348754
2935,31.863768,6.856000,145.857643
2936,31.870695,6.927000,144.362639
2937,31.877620,6.925000,144.404332
2938,31.884477,6.857000,145.836372
2939,31.891448,6.971000,143.451442
2940,31.897874,6.426000,155.617803
2941,31.905275,7.401000,135.116876
2942,31.911367,6.092000,164.149705
2943,31.919072,7.705000,129.785853
2944,31.925876,6.804000,146.972369
2945,31.932789,6.913000,144.654998
2946,31.939725,6.936000,144.175317
2947,31.946569,6.844000,146.113384
2948,31.953505,6.936000,144.175317
2949,31.959666,6.161000,162.311313
2950,31.966945,7.279000,137.381508
2951,31.974307,7.362000,135.832654
2952,31.981063,6.756000,148.016578
2953,31.987990,6.927000,144.362639
2954,31.994830,6.840000,146.198830
2955,32.001717,6.887000,145.201104
2956,32.008332,6.615000,151.171580
2957,32.015559,7.227000,138.370001
2958,32.022433,6.874000,145.475706
2959,32.029316,6.883000,145.285486
2960,32.036247,6.931000,144.279325
2961,32.043133,6.886000,145.222190
2962,32.050042,6.909000,144.738747
2963,32.056933,6.891000,145.116819
2964,32.063815,6.882000,145.306597
2965,32.070179,6.364000,157.133878
2966,32.077697,7.518000,133.014099
2967,32.084542,6.845000,146.092038
2968,32.091432,6.890000,145.137881
2969,32.098323,6.891000,145.116819
2970,32.105245,6.922000,144.466917
2971,32.112120,6.875000,145.454545
2972,32.119035,6.915000,144.613160
2973,32.125917,6.882000,145.306597
2974,32.132839,6.922000,144.466917
2975,32.139504,6.665000,150.037509
2976,32.146673,7.169000,139.489469
2977,32.153552,6.879000,145.369967
2978,32.160447,6.895000,145.032632
2979,32.167322,6.875000,145.454545
2980,32.174248,6.926000,144.383483
2981,32.181136,6.888000,145.180023
2982,32.188032,6.896000,145.011601
2983,32.194912,6.880000,145.348837
2984,32.201807,6.895000,145.032632
2985,32.208726,6.919000,144.529556
2986,32.215606,6.880000,145.348837
2987,32.222513,6.907000,144.780657
2988,32.229431,6.918000,144.550448
2989,32.236334,6.903000,144.864552
2990,32.243266,6.932000,144.258511
2991,32.250115,6.849000,146.006716
2992,32.257028,6.913000,144.654998
2993,32.263980,6.952000,143.843498
2994,32.270912,6.932000,144.258511
2995,32.277768,6.856000,145.857643
2996,32.284689,6.921000,144.487791
2997,32.291595,6.906000,144.801622
2998,32.297733,6.138000,162.919518
2999,32.304905,7.172000,139.431121
3000,32.312186,7.281000,137.343771
3001,32.319176,6.990000,143.061516
3002,32.326075,6.899000,144.948543
3003,32.332971,6.896000,145.011601
3004,32.339899,6.928000,144.341801
3005,32.346802,6.903000,144.864552
3006,32.353273,6.471000,154.535620
3007,32.360587,7.314000,136.724091
3008,32.367474,6.887000,145.201104
3009,32.374183,6.709000,149.053510
3010,32.380627,6.444000,155.183116
3011,32.388281,7.654000,130.650640
3012,32.394992,6.711000,149.009090
3013,32.402009,7.017000,142.511045
3014,32.408485,6.476000,154.416306
3015,32.415830,7.345000,136.147039
3016,32.422716,6.886000,145.222190
3017,32.429545,6.829000,146.434324
3018,32.436552,7.007000,142.714428
3019,32.442835,6.283000,159.159637
3020,32.450372,7.537000,132.678785
3021,32.457207,6.835000,146.305779
3022,32.464084,6.877000,145.412244
3023,32.471061,6.977000,143.328078
3024,32.477839,6.778000,147.536146
3025,32.484138,6.299000,158.755358
3026,32.491787,7.649000,130.736044
3027,32.498517,6.730000,148.588410
3028,32.505480,6.963000,143.616257
3029,32.512329,6.849000,146.006716
3030,32.519261,6.932000,144.258511
3031,32.526128,6.867000,145.623999
3032,32.532543,6.415000,155.884645
3033,32.540008,7.465000,133.958473
3034,32.546260,6.252000,159.948816
3035,32.553831,7.571000,132.082948
3036,32.560481,6.650000,150.375940
3037,32.567603,7.122000,140.409997
3038,32.574508,6.905000,144.822592
3039,32.581386,6.878000,145.391102
3040,32.588028,6.642000,150.557061
3041,32.595192,7.164000,139.586823
3042,32.602143,6.951000,143.864192
3043,32.609023,6.880000,145.348837
3044,32.615928,6.905000,144.822592
3045,32.622842,6.914000,144.634076
3046,32.629722,6.880000,145.348837
3047,32.636130,6.408000,156.054931
3048,32.643566,7.436000,134.480904
3049,32.650402,6.836000,146.284377
3050,32.657366,6.964000,143.595635
3051,32.664185,6.819000,146.649069
3052,32.671168,6.983000,143.204926
3053,32.677986,6.818000,146.670578
3054,32.684933,6.947000,143.947027
3055,32.691862,6.929000,144.320970
3056,32.698755,6.893000,145.074713
3057,32.705473,6.718000,148.853826
3058,32.712235,6.762000,147.885241
3059,32.719508,7.273000,137.494844
3060,32.726306,6.798000,147.102089
3061,32.733091,6.785000,147.383935
3062,32.740299,7.208000,138.734739
3063,32.747040,6.741000,148.345943
3064,32.753880,6.840000,146.198830
3065,32.760753,6.873000,145.496872
3066,32.767653,6.900000,144.927536
3067,32.774558,6.905000,144.822592
3068,32.781414,6.856000,145.857643
3069,32.788367,6.953000,143.822810
3070,32.794876,6.509000,153.633431
3071,32.802167,7.291000,137.155397
3072,32.809067,6.900000,144.927536
3073,32.815956,6.889000,145.158949
3074,32.822935,6.979000,143.287004
3075,32.829739,6.804000,146.972369
3076,32.836678,6.939000,144.112985
3077,32.843506,6.828000,146.455770
3078,32.850457,6.951000,143.864192
3079,32.857355,6.898000,144.969556
3080,32.864222,6.867000,145.623999
3081,32.871298,7.076000,141.322781
3082,32.878009,6.711000,149.009090
3083,32.884966,6.957000,143.740118
3084,32.891843,6.877000,145.412244
3085,32.898740,6.897000,144.990576
3086,32.905659,6.919000,144.529556
3087,32.912542,6.883000,145.285486
3088,32.919475,6.933000,144.237704
3089,32.926337,6.862000,145.730108
3090,32.933215,6.878000,145.391102
3091,32.940159,6.944000,144.009217
3092,32.947015,6.856000,145.857643
3093,32.953942,6.927000,144.362639
3094,32.960794,6.852000,145.942790
3095,32.967707,6.913000,144.654998
3096,32.974638,6.931000,144.279325
3097,32.981519,6.881000,145.327714
3098,32.988446,6.927000,144.362639
3099,32.995298,6.852000,145.942790
3100,33.002200,6.902000,144.885540
3101,33.009119,6.919000,144.529556
3102,33.015999,6.880000,145.348837
3103,33.022919,6.920000,144.508671
3104,33.029801,6.882000,145.306597
3105,33.036219,6.418000,155.811779
3106,33.043660,7.441000,134.390539
3107,33.050515,6.855000,145.878920
3108,33.057429,6.914000,144.634076
3109,33.064346,6.917000,144.571346
3110,33.071238,6.892000,145.095763
3111,33.078103,6.865000,145.666424
3112,33.085038,6.935000,144.196107
3113,33.091940,6.902000,144.885540
3114,33.098837,6.897000,144.990576
3115,33.105738,6.901000,144.906535
3116,33.112715,6.977000,143.328078
3117,33.119620,6.905000,144.822592
3118,33.126505,6.885000,145.243282
3119,33.133393,6.888000,145.180023
3120,33.140290,6.897000,144.990576
3121,33.147153,6.863000,145.708874
3122,33.154181,7.028000,142.287991
3123,33.161006,6.825000,146.520147
3124,33.167709,6.703000,149.186931
3125,33.174871,7.162000,139.625803
3126,33.181552,6.681000,149.678192
3127,33.188687,7.135000,140.154170
3128,33.194909,6.222000,160.720026
3129,33.202483,7.574000,132.030631
3130,33.209272,6.789000,147.297098
3131,33.216169,6.897000,144.990576
3132,33.223103,6.934000,144.216902
3133,33.229426,6.323000,158.152776
3134,33.236878,7.452000,134.192163
3135,33.243544,6.666000,150.015002
3136,33.250180,6.636000,150.693189
3137,33.257698,7.518000,133.014099
3138,33.264422,6.724000,148.720999
3139,33.271476,7.054000,141.763538
3140,33.278248,6.772000,147.666864
3141,33.285146,6.898000,144.969556
3142,33.292081,6.935000,144.196107
3143,33.298912,6.831000,146.391451
3144,33.305894,6.982000,143.225437
3145,33.312768,6.874000,145.475706
3146,33.319732,6.964000,143.595635
3147,33.326153,6.421000,155.738981
3148,33.333523,7.370000,135.685210
3149,33.340419,6.896000,145.011601
3150,33.347326,6.907000,144.780657
3151,33.354219,6.893000,145.074713
3152,33.360478,6.259000,159.769931
3153,33.368050,7.572000,132.065504
3154,33.374863,6.813000,146.778218
3155,33.381523,6.660000,150.150150
3156,33.388768,7.245000,138.026225
3157,33.394908,6.140000,162.866450
3158,33.402605,7.697000,129.920748
3159,33.408942,6.337000,157.803377
3160,33.416321,7.379000,135.519718
3161,33.422837,6.516000,153.468386
3162,33.430174,7.337000,136.295489
3163,33.436974,6.800000,147.058824
3164,33.443924,6.950000,143.884892
3165,33.450786,6.862000,145.730108
3166,33.457755,6.969000,143.492610
3167,33.464593,6.838000,146.241591
3168,33.471601,7.008000,142.694064
3169,33.478157,6.556000,152.532032
3170,33.485345,7.188000,139.120757
3171,33.492215,6.870000,145.560408
3172,33.498792,6.577000,152.045005
3173,33.505947,7.155000,139.762404
3174,33.512882,6.935000,144.196107
3175,33.519902,7.020000,142.450142
3176,33.526665,6.763000,147.863374
3177,33.533579,6.914000,144.634076
3178,33.540536,6.957000,143.740118
3179,33.547406,6.870000,145.560408
3180,33.554344,6.938000,144.133756
3181,33.561191,6.847000,146.049365
3182,33.567438,6.247000,160.076837
3183,33.574741,7.303000,136.930029
3184,33.581408,6.667000,149.992500
3185,33.588780,7.372000,135.648399
3186,33.595637,6.857000,145.836372
3187,33.602560,6.923000,144.446049
3188,33.609449,6.889000,145.158949
3189,33.616344,6.895000,145.032632
3190,33.622601,6.257000,159.821000
3191,33.630220,7.619000,131.250820
3192,33.637060,6.840000,146.198830
3193,33.643915,6.855000,145.878920
3194,33.650837,6.922000,144.466917
3195,33.657758,6.921000,144.487791
3196,33.664617,6.859000,145.793847
3197,33.671532,6.915000,144.613160
3198,33.678407,6.875000,145.454545
3199,33.685324,6.917000,144.571346
3200,33.692228,6.904000,144.843569
3201,33.699147,6.919000,144.529556
3202,33.706050,6.903000,144.864552
3203,33.712895,6.845000,146.092038
3204,33.719828,6.933000,144.237704
3205,33.726709,6.881000,145.327714
3206,33.733664,6.955000,143.781452
3207,33.740562,6.898000,144.969556
3208,33.747417,6.855000,145.878920
3209,33.754336,6.919000,144.529556
3210,33.760798,6.462000,154.750851
3211,33.768043,7.245000,138.026225
3212,33.775032,6.989000,143.081986
3213,33.781898,6.866000,145.645208
3214,33.788811,6.913000,144.654998
3215,33.795702,6.891000,145.116819
3216,33.802621,6.919000,144.529556
3217,33.809511,6.890000,145.137881
3218,33.816398,6.887000,145.201104
3219,33.823312,6.914000,144.634076
3220,33.830214,6.902000,144.885540
3221,33.837148,6.934000,144.216902
3222,33.844032,6.884000,145.264381
3223,33.850917,6.885000,145.243282
3224,33.857846,6.929000,144.320970
3225,33.864708,6.862000,145.730108
3226,33.871748,7.040000,142.045455
3227,33.878185,6.437000,155.351872
3228,33.885294,7.109000,140.666760
3229,33.892474,7.180000,139.275766
3230,33.899300,6.826000,146.498682
3231,33.906222,6.922000,144.466917
3232,33.913112,6.890000,145.137881
3233,33.920023,6.911000,144.696860
3234,33.926245,6.222000,160.720026
3235,33.933531,7.286000,137.249520
3236,33.940760,7.229000,138.331719
3237,33.947610,6.850000,145.985401
3238,33.954561,6.951000,143.864192
3239,33.960953,6.392000,156.445557
3240,33.968368,7.415000,134.861767
3241,33.975116,6.748000,148.192057
3242,33.982158,7.042000,142.005112
3243,33.989061,6.903000,144.864552
3244,33.995942,6.881000,145.327714
3245,34.002683,6.741000,148.345943
3246,34.009766,7.083000,141.183114
3247,34.016619,6.853000,145.921494
3248,34.023524,6.905000,144.822592
3249,34.030377,6.853000,145.921494
3250,34.037316,6.939000,144.112985
3251,34.043558,6.242000,160.205062
3252,34.051195,7.637000,130.941469
3253,34.058022,6.827000,146.477223
3254,34.065007,6.985000,143.163923
3255,34.071791,6.784000,147.405660
3256,34.078663,6.872000,145.518044
3257,34.085570,6.907000,144.780657
3258,34.092562,6.992000,143.020595
3259,34.099367,6.805000,146.950771
3260,34.106300,6.933000,144.237704
3261,34.113160,6.860000,145.772595
3262,34.120101,6.941000,144.071459
3263,34.126967,6.866000,145.645208
3264,34.133849,6.882000,145.306597
3265,34.140812,6.963000,143.616257
3266,34.147670,6.858000,145.815106
3267,34.154579,6.909000,144.738747
3268,34.160889,6.310000,158.478605
3269,34.167719,6.830000,146.412884
3270,34.174852,7.133000,140.193467
3271,34.182244,7.392000,135.281385
3272,34.189072,6.828000,146.455770
3273,34.195982,6.910000,144.717800
3274,34.202859,6.877000,145.412244
3275,34.209820,6.961000,143.657520
3276,34.216631,6.811000,146.821318
3277,34.223058,6.427000,155.593590
3278,34.230509,7.451000,134.210173
3279,34.237382,6.873000,145.496872
3280,34.244267,6.885000,145.243282
3281,34.251180,6.913000,144.654998
3282,34.258070,6.890000,145.137881
3283,34.264952,6.882000,145.306597
3284,34.271871,6.919000,144.529556
3285,34.278186,6.315000,158.353127
3286,34.285776,7.590000,131.752306
3287,34.292572,6.796000,147.145380
3288,34.299529,6.957000,143.740118
3289,34.306436,6.907000,144.780657
3290,34.313244,6.808000,146.886016
3291,34.319691,6.447000,155.110904
3292,34.327127,7.436000,134.480904
3293,34.333972,6.845000,146.092038
3294,34.340916,6.944000,144.009217
3295,34.347796,6.880000,145.348837
3296,34.354700,6.904000,144.843569
3297,34.361504,6.804000,146.972369
3298,34.368422,6.918000,144.550448
3299,34.375353,6.931000,144.279325
3300,34.382229,6.876000,145.433392
3301,34.389136,6.907000,144.780657
3302,34.396040,6.904000,144.843569
3303,34.402939,6.899000,144.948543
3304,34.409834,6.895000,145.032632
3305,34.416714,6.880000,145.348837
3306,34.423655,6.941000,144.071459
3307,34.430528,6.873000,145.496872
3308,34.437421,6.893000,145.074713
3309,34.444317,6.896000,145.011601
3310,34.451231,6.914000,144.634076
3311,34.458195,6.964000,143.595635
3312,34.465013,6.818000,146.670578
3313,34.471967,6.954000,143.802128
3314,34.478841,6.874000,145.475706
3315,34.485733,6.892000,145.095763
3316,34.492615,6.882000,145.306597
3317,34.499509,6.894000,145.053670
3318,34.506442,6.933000,144.237704
3319,34.513306,6.864000,145.687646
3320,34.520215,6.909000,144.738747
3321,34.527107,6.892000,145.095763
3322,34.534002,6.895000,145.032632
3323,34.540913,6.911000,144.696860
3324,34.547805,6.892000,145.095763
3325,34.554717,6.912000,144.675926
3326,34.561603,6.886000,145.222190
3327,34.567916,6.313000,158.403295
3328,34.575491,7.575000,132.013201
3329,34.582292,6.801000,147.037200
3330,34.589209,6.917000,144.571346
3331,34.596110,6.901000,144.906535
3332,34.603072,6.962000,143.636886
3333,34.609906,6.834000,146.327188
3334,34.616844,6.938000,144.133756
3335,34.623747,6.903000,144.864552
3336,34.630602,6.855000,145.878920
3337,34.637519,6.917000,144.571346
3338,34.644437,6.918000,144.550448
3339,34.651312,6.875000,145.454545
3340,34.658218,6.906000,144.801622
3341,34.665145,6.927000,144.362639
3342,34.672126,6.981000,143.245953
3343,34.678989,6.863000,145.708874
3344,34.685919,6.930000,144.300144
3345,34.692790,6.871000,145.539223
3346,34.699701,6.911000,144.696860
3347,34.706626,6.925000,144.404332
3348,34.712812,6.186000,161.655351
3349,34.720409,7.597000,131.630907
3350,34.727138,6.729000,148.610492
3351,34.734310,7.172000,139.431121
3352,34.741122,6.812000,146.799765
3353,34.747455,6.333000,157.903048
3354,34.754964,7.509000,133.173525
3355,34.761552,6.588000,151.791135
3356,34.767964,6.412000,155.957580
3357,34.775656,7.692000,130.005200
3358,34.782463,6.807000,146.907595
3359,34.789410,6.947000,143.947027
3360,34.796267,6.857000,145.836372
3361,34.803193,6.926000,144.383483
3362,34.810060,6.867000,145.623999
3363,34.816960,6.900000,144.927536
3364,34.823780,6.820000,146.627566
3365,34.830759,6.979000,143.287004
3366,34.837694,6.935000,144.196107
3367,34.844577,6.883000,145.285486
3368,34.851473,6.896000,145.011601
3369,34.858119,6.646000,150.466446
3370,34.864733,6.614000,151.194436
3371,34.872247,7.514000,133.084908
3372,34.879087,6.840000,146.198830
3373,34.885982,6.895000,145.032632
3374,34.892342,6.360000,157.232704
3375,34.899840,7.498000,133.368898
3376,34.906745,6.905000,144.822592
3377,34.913618,6.873000,145.496872
3378,34.920527,6.909000,144.738747
3379,34.927341,6.814000,146.756677
3380,34.934083,6.742000,148.323939
3381,34.941490,7.407000,135.007425
3382,34.948048,6.558000,152.485514
3383,34.954799,6.751000,148.126204
3384,34.961208,6.409000,156.030582
3385,34.968854,7.646000,130.787340
3386,34.975104,6.250000,160.000000
3387,34.982653,7.549000,132.467877
3388,34.989471,6.818000,146.670578
3389,34.996378,6.907000,144.780657
3390,35.003296,6.918000,144.550448
3391,35.010239,6.943000,144.029958
3392,35.016505,6.266000,159.591446
3393,35.024067,7.562000,132.240148
3394,35.030321,6.254000,159.897665
3395,35.037469,7.148000,139.899273
3396,35.044763,7.294000,137.098985
3397,35.051584,6.821000,146.606069
3398,35.058513,6.929000,144.320970
3399,35.064835,6.322000,158.177792
3400,35.072092,7.257000,137.797988
3401,35.078984,6.892000,145.095763
3402,35.086140,7.156000,139.742873
3403,35.093012,6.872000,145.518044
3404,35.099328,6.316000,158.328056
3405,35.106913,7.585000,131.839156
3406,35.113657,6.744000,148.279953
3407,35.120660,7.003000,142.795945
3408,35.127437,6.777000,147.557916
3409,35.134150,6.713000,148.964695
3410,35.141231,7.081000,141.222991
3411,35.148107,6.876000,145.433392
3412,35.155014,6.907000,144.780657
3413,35.161903,6.889000,145.158949
3414,35.168818,6.915000,144.613160
3415,35.175739,6.921000,144.487791
3416,35.182665,6.926000,144.383483
3417,35.189543,6.878000,145.391102
3418,35.196440,6.897000,144.990576
3419,35.203319,6.879000,145.369967
3420,35.210223,6.904000,144.843569
3421,35.216801,6.578000,152.021891
3422,35.224100,7.299000,137.005069
3423,35.230939,6.839000,146.220208
3424,35.237817,6.878000,145.391102
3425,35.244798,6.981000,143.245953
3426,35.251623,6.825000,146.520147
3427,35.258556,6.933000,144.237704
3428,35.265400,6.844000,146.113384
3429,35.272364,6.964000,143.595635
3430,35.279200,6.836000,146.284377
3431,35.286162,6.962000,143.636886
3432,35.293049,6.887000,145.201104
3433,35.299895,6.846000,146.070698
3434,35.306814,6.919000,144.529556
3435,35.313739,6.925000,144.404332
3436,35.320616,6.877000,145.412244
3437,35.327508,6.892000,145.095763
3438,35.334407,6.899000,144.948543
3439,35.341326,6.919000,144.529556
3440,35.348203,6.877000,145.412244
3441,35.355122,6.919000,144.529556
3442,35.361998,6.876000,145.433392
3443,35.368921,6.923000,144.446049
3444,35.375830,6.909000,144.738747
3445,35.382714,6.884000,145.264381
3446,35.389626,6.912000,144.675926
3447,35.396502,6.876000,145.433392
3448,35.403406,6.904000,144.843569
3449,35.410314,6.908000,144.759699
3450,35.417198,6.884000,145.264381
3451,35.424172,6.974000,143.389733
3452,35.431009,6.837000,146.262981
3453,35.437944,6.935000,144.196107
3454,35.444811,6.867000,145.623999
3455,35.451714,6.903000,144.864552
3456,35.458670,6.956000,143.760782
3457,35.465531,6.861000,145.751348
3458,35.472433,6.902000,144.885540
3459,35.479340,6.907000,144.780657
3460,35.486228,6.888000,145.180023
3461,35.493206,6.978000,143.307538
3462,35.500146,6.940000,144.092219
3463,35.507056,6.910000,144.717800
3464,35.513865,6.809000,146.864444
3465,35.520302,6.437000,155.351872
3466,35.527920,7.618000,131.268049
3467,35.534564,6.644000,150.511740
3468,35.541393,6.829000,146.434324
3469,35.548113,6.720000,148.809524
3470,35.555453,7.340000,136.239782
3471,35.562125,6.672000,149.880096
3472,35.569213,7.088000,141.083521
3473,35.575971,6.758000,147.972773
3474,35.582907,6.936000,144.175317
3475,35.589804,6.897000,144.990576
3476,35.596672,6.868000,145.602796
3477,35.603053,6.381000,156.715248
3478,35.610611,7.558000,132.310135
3479,35.617137,6.526000,153.233221
3480,35.624323,7.186000,139.159477
3481,35.631144,6.821000,146.606069
3482,35.638124,6.980000,143.266476
3483,35.644634,6.510000,153.609831
3484,35.651717,7.083000,141.183114
3485,35.658814,7.097000,140.904608
3486,35.665649,6.835000,146.305779
3487,35.672649,7.000000,142.857143
3488,35.679543,6.894000,145.053670
3489,35.686518,6.975000,143.369176
3490,35.693334,6.816000,146.713615
3491,35.700233,6.899000,144.948543
3492,35.706526,6.293000,158.906722
3493,35.714105,7.579000,131.943528
3494,35.720963,6.858000,145.815106
3495,35.727276,6.313000,158.403295
3496,35.734763,7.487000,133.564846
3497,35.741670,6.907000,144.780657
3498,35.748524,6.854000,145.900204
3499,35.755048,6.524000,153.280196
3500,35.761999,6.951000,143.864192
3501,35.768880,6.881000,145.327714
3502,35.776291,7.411000,134.934557
3503,35.783078,6.787000,147.340504
3504,35.789645,6.567000,152.276534
3505,35.796786,7.141000,140.036409
3506,35.803766,6.980000,143.266476
3507,35.809974,6.208000,161.082474
3508,35.817606,7.632000,131.027254
3509,35.824527,6.921000,144.487791
3510,35.831334,6.807000,146.907595
3511,35.838349,7.015000,142.551675
3512,35.845198,6.849000,146.006716
3513,35.852061,6.863000,145.708874
3514,35.858529,6.468000,154.607297
3515,35.865862,7.333000,136.369835
3516,35.872746,6.884000,145.264381
3517,35.879619,6.873000,145.496872
3518,35.886544,6.925000,144.404332
3519,35.892943,6.399000,156.274418
3520,35.900301,7.358000,135.906496
3521,35.907217,6.916000,144.592250
3522,35.913467,6.250000,160.000000
3523,35.920808,7.341000,136.221223
3524,35.928103,7.295000,137.080192
3525,35.934786,6.683000,149.633398
3526,35.941334,6.548000,152.718387
3527,35.948634,7.300000,136.986301
3528,35.955481,6.847000,146.049365
3529,35.962340,6.859000,145.793847
3530,35.969227,6.887000,145.201104
3531,35.976103,6.876000,145.433392
3532,35.983006,6.903000,144.864552
3533,35.989954,6.948000,143.926310
3534,35.996836,6.882000,145.306597
3535,36.003768,6.932000,144.258511
3536,36.010668,6.900000,144.927536
3537,36.016827,6.159000,162.364020
3538,36.024540,7.713000,129.651238
3539,36.031322,6.782000,147.449130
3540,36.038310,6.988000,143.102461
3541,36.045140,6.830000,146.412884
3542,36.052055,6.915000,144.613160
3543,36.058971,6.916000,144.592250
3544,36.065855,6.884000,145.264381
3545,36.072772,6.917000,144.571346
3546,36.079602,6.830000,146.412884
3547,36.086525,6.923000,144.446049
3548,36.093415,6.890000,145.137881
3549,36.100358,6.943000,144.029958
3550,36.106872,6.514000,153.515505
3551,36.114160,7.288000,137.211855
3552,36.121032,6.872000,145.518044
3553,36.127900,6.868000,145.602796
3554,36.134823,6.923000,144.446049
3555,36.141033,6.210000,161.030596
3556,36.148698,7.665000,130.463144
3557,36.155517,6.819000,146.649069
3558,36.162402,6.885000,145.243282
3559,36.169327,6.925000,144.404332
3560,36.176205,6.878000,145.391102
3561,36.183125,6.920000,144.508671
3562,36.190041,6.916000,144.592250
3563,36.196935,6.894000,145.053670
3564,36.203859,6.924000,144.425188
3565,36.210735,6.876000,145.433392
3566,36.217604,6.869000,145.581598
3567,36.224566,6.962000,143.636886
3568,36.231407,6.841000,146.177459
3569,36.238341,6.934000,144.216902
3570,36.245241,6.900000,144.927536
3571,36.252141,6.900000,144.927536
3572,36.259064,6.923000,144.446049
3573,36.265931,6.867000,145.623999
3574,36.272877,6.946000,143.967751
3575,36.279806,6.929000,144.320970
3576,36.286741,6.935000,144.196107
3577,36.293597,6.856000,145.857643
3578,36.300528,6.931000,144.279325
3579,36.307320,6.792000,147.232038
3580,36.314410,7.090000,141.043724
3581,36.320635,6.225000,160.642570
3582,36.327369,6.734000,148.500149
3583,36.335121,7.752000,128.998968
3584,36.341947,6.826000,146.498682
3585,36.348798,6.851000,145.964093
3586,36.355522,6.724000,148.720999
3587,36.362636,7.114000,140.567894
3588,36.368918,6.282000,159.184973
3589,36.376007,7.089000,141.063620
3590,36.383310,7.303000,136.930029
3591,36.390239,6.929000,144.320970
3592,36.397011,6.772000,147.666864
3593,36.404048,7.037000,142.106011
3594,36.410617,6.569000,152.230172
3595,36.417808,7.191000,139.062717
3596,36.424742,6.934000,144.216902
3597,36.431564,6.822000,146.584579
3598,36.438502,6.938000,144.133756
3599,36.445385,6.883000,145.285486
3600,36.452358,6.973000,143.410297
3601,36.459210,6.852000,145.942790
3602,36.466093,6.883000,145.285486
3603,36.473042,6.949000,143.905598
3604,36.479581,6.539000,152.928582
3605,36.486930,7.349000,136.072935
3606,36.493757,6.827000,146.477223
3607,36.500630,6.873000,145.496872
3608,36.507652,7.022000,142.409570
3609,36.514514,6.862000,145.730108
3610,36.521353,6.839000,146.220208
3611,36.527951,6.598000,151.561079
3612,36.534977,7.026000,142.328494
3613,36.542126,7.149000,139.879703
3614,36.548931,6.805000,146.950771
3615,36.555823,6.892000,145.095763
3616,36.562656,6.833000,146.348602
3617,36.569601,6.945000,143.988481
3618,36.576457,6.856000,145.857643
3619,36.583416,6.959000,143.698807
3620,36.590297,6.881000,145.327714
3621,36.597181,6.884000,145.264381
3622,36.604199,7.018000,142.490738
3623,36.610948,6.749000,148.170099
3624,36.617912,6.964000,143.595635
3625,36.624354,6.442000,155.231295
3626,36.631770,7.416000,134.843581
3627,36.638626,6.856000,145.857643
3628,36.645485,6.859000,145.793847
3629,36.652490,7.005000,142.755175
3630,36.659359,6.869000,145.581598
3631,36.666208,6.849000,146.006716
3632,36.673159,6.951000,143.864192
3633,36.679992,6.833000,146.348602
3634,36.687027,7.035000,142.146411
3635,36.693808,6.781000,147.470875
3636,36.700763,6.955000,143.781452
3637,36.707687,6.924000,144.425188
3638,36.714529,6.842000,146.156095
3639,36.721426,6.897000,144.990576
3640,36.727905,6.479000,154.344806
3641,36.735348,7.443000,134.354427
3642,36.742218,6.870000,145.560408
3643,36.748962,6.744000,148.279953
3644,36.755914,6.952000,143.843498
3645,36.762715,6.801000,147.037200
3646,36.769654,6.939000,144.112985
3647,36.776501,6.847000,146.049365
3648,36.783442,6.941000,144.071459
3649,36.790356,6.914000,144.634076
3650,36.797229,6.873000,145.496872
3651,36.804157,6.928000,144.341801
3652,36.811049,6.892000,145.095763
3653,36.817926,6.877000,145.412244
3654,36.824929,7.003000,142.795945
3655,36.831736,6.807000,146.907595
3656,36.838192,6.456000,154.894672
3657,36.845565,7.373000,135.630001
3658,36.852449,6.884000,145.264381
3659,36.859464,7.015000,142.551675
3660,36.866209,6.745000,148.257969
3661,36.873164,6.955000,143.781452
3662,36.879999,6.835000,146.305779
3663,36.886918,6.919000,144.529556
3664,36.893847,6.929000,144.320970
3665,36.900738,6.891000,145.116819
3666,36.907618,6.880000,145.348837
3667,36.914508,6.890000,145.137881
3668,36.921433,6.925000,144.404332
3669,36.928305,6.872000,145.518044
3670,36.935210,6.905000,144.822592
3671,36.942128,6.918000,144.550448
3672,36.949002,6.874000,145.475706
3673,36.955479,6.477000,154.392466
3674,36.962859,7.380000,135.501355
3675,36.969717,6.858000,145.815106
3676,36.976601,6.884000,145.264381
3677,36.983512,6.911000,144.696860
3678,36.990421,6.909000,144.738747
3679,36.997311,6.890000,145.137881
3680,37.004218,6.907000,144.780657
3681,37.011102,6.884000,145.264381
3682,37.018005,6.903000,144.864552
3683,37.024919,6.914000,144.634076
3684,37.031814,6.895000,145.032632
3685,37.038740,6.926000,144.383483
3686,37.045649,6.909000,144.738747
3687,37.052544,6.895000,145.032632
3688,37.059416,6.872000,145.518044
3689,37.066338,6.922000,144.466917
3690,37.073214,6.876000,145.433392
3691,37.080113,6.899000,144.948543
3692,37.087146,7.033000,142.186833
3693,37.093954,6.808000,146.886016
3694,37.100890,6.936000,144.175317
3695,37.107793,6.903000,144.864552
3696,37.114316,6.523000,153.303695
3697,37.121636,7.320000,136.612022
3698,37.128011,6.375000,156.862745
3699,37.135445,7.434000,134.517084
3700,37.142326,6.881000,145.327714
3701,37.149163,6.837000,146.262981
3702,37.156166,7.003000,142.795945
3703,37.162970,6.804000,146.972369
3704,37.169215,6.245000,160.128102
3705,37.176853,7.638000,130.924326
3706,37.183742,6.889000,145.158949
3707,37.190678,6.936000,144.175317
3708,37.197504,6.826000,146.498682
3709,37.203936,6.432000,155.472637
3710,37.211378,7.442000,134.372481
3711,37.218192,6.814000,146.756677
3712,37.224455,6.263000,159.667891
3713,37.231747,7.292000,137.136588
3714,37.239020,7.273000,137.494844
3715,37.245157,6.137000,162.946065
3716,37.252853,7.696000,129.937630
3717,37.259589,6.736000,148.456057
3718,37.266477,6.888000,145.180023
3719,37.273468,6.991000,143.041053
3720,37.280077,6.609000,151.308821
3721,37.287275,7.198000,138.927480
3722,37.294101,6.826000,146.498682
3723,37.301176,7.075000,141.342756
3724,37.307891,6.715000,148.920328
3725,37.314425,6.534000,153.045608
3726,37.321825,7.400000,135.135135
3727,37.328635,6.810000,146.842878
3728,37.335538,6.903000,144.864552
3729,37.342494,6.956000,143.760782
3730,37.348779,6.285000,159.108990
3731,37.356349,7.570000,132.100396
3732,37.363045,6.696000,149.342891
3733,37.370013,6.968000,143.513203
3734,37.376194,6.181000,161.786119
3735,37.383888,7.694000,129.971406
3736,37.390149,6.261000,159.718895
3737,37.397056,6.907000,144.780657
3738,37.404586,7.530000,132.802125
3739,37.411370,6.784000,147.405660
3740,37.418343,6.973000,143.410297
3741,37.425254,6.911000,144.696860
3742,37.431809,6.555000,152.555301
3743,37.438263,6.454000,154.942671
3744,37.445986,7.723000,129.483361
3745,37.452504,6.518000,153.421295
3746,37.459722,7.218000,138.542533
3747,37.466654,6.932000,144.258511
3748,37.473588,6.934000,144.216902
3749,37.480372,6.784000,147.405660
3750,37.487340,6.968000,143.513203
3751,37.493765,6.425000,155.642023
3752,37.501154,7.389000,135.336311
3753,37.507555,6.401000,156.225590
3754,37.514304,6.749000,148.170099
3755,37.521728,7.424000,134.698276
3756,37.528686,6.958000,143.719460
3757,37.535609,6.923000,144.446049
3758,37.542241,6.632000,150.784077
3759,37.549374,7.133000,140.193467
3760,37.555679,6.305000,158.604282
3761,37.563170,7.491000,133.493526
3762,37.570028,6.858000,145.815106
3763,37.576958,6.930000,144.300144
3764,37.583847,6.889000,145.158949
3765,37.590767,6.920000,144.508671
3766,37.597633,6.866000,145.645208
3767,37.604563,6.930000,144.300144
3768,37.611450,6.887000,145.201104
3769,37.618359,6.909000,144.738747
3770,37.625247,6.888000,145.180023
3771,37.632152,6.905000,144.822592
3772,37.639048,6.896000,145.011601
3773,37.645928,6.880000,145.348837
3774,37.652833,6.905000,144.822592
3775,37.659481,6.648000,150.421179
3776,37.666651,7.170000,139.470014
3777,37.673526,6.875000,145.454545
3778,37.680409,6.883000,145.285486
3779,37.687334,6.925000,144.404332
3780,37.694207,6.873000,145.496872
3781,37.700805,6.598000,151.561079
3782,37.708070,7.265000,137.646249
3783,37.714935,6.865000,145.666424
3784,37.721842,6.907000,144.780657
3785,37.728702,6.860000,145.772595
3786,37.735603,6.901000,144.906535
3787,37.742522,6.919000,144.529556
3788,37.749403,6.881000,145.327714
3789,37.756333,6.930000,144.300144
3790,37.763210,6.877000,145.412244
3791,37.770127,6.917000,144.571346
3792,37.776812,6.685000,149.588631
3793,37.783966,7.154000,139.781940
3794,37.790837,6.871000,145.539223
3795,37.797713,6.876000,145.433392
3796,37.804619,6.906000,144.801622
3797,37.811552,6.933000,144.237704
3798,37.818458,6.906000,144.801622
3799,37.825143,6.685000,149.588631
3800,37.832310,7.167000,139.528394
3801,37.839219,6.909000,144.738747
3802,37.846061,6.842000,146.156095
3803,37.852993,6.932000,144.258511
3804,37.859224,6.231000,160.487883
3805,37.866156,6.932000,144.258511
3806,37.873179,7.023000,142.389292
3807,37.880636,7.457000,134.102186
3808,37.887556,6.920000,144.508671
3809,37.893650,6.094000,164.095832
3810,37.901408,7.758000,128.899201
3811,37.908185,6.777000,147.557916
3812,37.915121,6.936000,144.175317
3813,37.921785,6.664000,150.060024
3814,37.928890,7.105000,140.745954
3815,37.935742,6.852000,145.942790
3816,37.942158,6.416000,155.860349
3817,37.949583,7.425000,134.680135
3818,37.956445,6.862000,145.730108
3819,37.963352,6.907000,144.780657
3820,37.970242,6.890000,145.137881
3821,37.977130,6.888000,145.180023
3822,37.984028,6.898000,144.969556
3823,37.990941,6.913000,144.654998
3824,37.997859,6.918000,144.550448
3825,38.004799,6.940000,144.092219
3826,38.011510,6.711000,149.009090
3827,38.018323,6.813000,146.778218
3828,38.025046,6.723000,148.743121
3829,38.032404,7.358000,135.906496
3830,38.039274,6.870000,145.560408
3831,38.046159,6.885000,145.243282
3832,38.053075,6.916000,144.592250
3833,38.059437,6.362000,157.183276
3834,38.066269,6.832000,146.370023
3835,38.073953,7.684000,130.140552
3836,38.080639,6.686000,149.566258
3837,38.087568,6.929000,144.320970
3838,38.094461,6.893000,145.074713
3839,38.100915,6.454000,154.942671
3840,38.108369,7.454000,134.156158
3841,38.115185,6.816000,146.713615
3842,38.122097,6.912000,144.675926
3843,38.128974,6.877000,145.412244
3844,38.135883,6.909000,144.738747
3845,38.142257,6.374000,156.887355
3846,38.149738,7.481000,133.671969
3847,38.156583,6.845000,146.092038
3848,38.163469,6.886000,145.222190
3849,38.170274,6.805000,146.950771
3850,38.177275,7.001000,142.836738
3851,38.184163,6.888000,145.180023
3852,38.190923,6.760000,147.928994
3853,38.197962,7.039000,142.065634
3854,38.204867,6.905000,144.822592
3855,38.211745,6.878000,145.391102
3856,38.218699,6.954000,143.802128
3857,38.225608,6.909000,144.738747
3858,38.231706,6.098000,163.988193
3859,38.239492,7.786000,128.435654
3860,38.246067,6.575000,152.091255
3861,38.253024,6.957000,143.740118
3862,38.260077,7.053000,141.783638
3863,38.266989,6.912000,144.675926
3864,38.273934,6.945000,143.988481
3865,38.280729,6.795000,147.167035
3866,38.287492,6.763000,147.863374
3867,38.294436,6.944000,144.009217
3868,38.301502,7.066000,141.522785
3869,38.308277,6.775000,147.601476
3870,38.315259,6.982000,143.225437
3871,38.322146,6.887000,145.201104
3872,38.329037,6.891000,145.116819
3873,38.335963,6.926000,144.383483
3874,38.342849,6.886000,145.222190
3875,38.349744,6.895000,145.032632
3876,38.356651,6.907000,144.780657
3877,38.363541,6.890000,145.137881
3878,38.370456,6.915000,144.613160
3879,38.377399,6.943000,144.029958
3880,38.384227,6.828000,146.455770
3881,38.391152,6.925000,144.404332
3882,38.398022,6.870000,145.560408
3883,38.404952,6.930000,144.300144
3884,38.411499,6.547000,152.741714
3885,38.418766,7.267000,137.608367
3886,38.425642,6.876000,145.433392
3887,38.432572,6.930000,144.300144
3888,38.439485,6.913000,144.654998
3889,38.446316,6.831000,146.391451
3890,38.453287,6.971000,143.451442
3891,38.460124,6.837000,146.262981
3892,38.467052,6.928000,144.341801
3893,38.473957,6.905000,144.822592
3894,38.480835,6.878000,145.391102
3895,38.487775,6.940000,144.092219
3896,38.494644,6.869000,145.581598
3897,38.501525,6.881000,145.327714
3898,38.508449,6.924000,144.425188
3899,38.515336,6.887000,145.201104
3900,38.522265,6.929000,144.320970
3901,38.529132,6.867000,145.623999
3902,38.535730,6.598000,151.561079
3903,38.542966,7.236000,138.197899
3904,38.549866,6.900000,144.927536
3905,38.556746,6.880000,145.348837
3906,38.563645,6.899000,144.948543
3907,38.570532,6.887000,145.201104
3908,38.577447,6.915000,144.613160
3909,38.584329,6.882000,145.306597
3910,38.591247,6.918000,144.550448
3911,38.598144,6.897000,144.990576
3912,38.605059,6.915000,144.613160
3913,38.611937,6.878000,145.391102
3914,38.618837,6.900000,144.927536
3915,38.625738,6.901000,144.906535
3916,38.632715,6.977000,143.328078
3917,38.639346,6.631000,150.806816
3918,38.646542,7.196000,138.966092
3919,38.653417,6.875000,145.454545
3920,38.659702,6.285000,159.108990
3921,38.667273,7.571000,132.082948
3922,38.674055,6.782000,147.449130
3923,38.680960,6.905000,144.822592
3924,38.687363,6.403000,156.176792
3925,38.694160,6.797000,147.123731
3926,38.701696,7.536000,132.696391
3927,38.708544,6.848000,146.028037
3928,38.715480,6.936000,144.175317
3929,38.722468,6.988000,143.102461
3930,38.729270,6.802000,147.015584
3931,38.736198,6.928000,144.341801
3932,38.743051,6.853000,145.921494
3933,38.749933,6.882000,145.306597
3934,38.756917,6.984000,143.184422
3935,38.763702,6.785000,147.383935
3936,38.770643,6.941000,144.071459
3937,38.777523,6.880000,145.348837
3938,38.784461,6.938000,144.133756
3939,38.791355,6.894000,145.053670
3940,38.798272,6.917000,144.571346
3941,38.805154,6.882000,145.306597
3942,38.812019,6.865000,145.666424
3943,38.818919,6.900000,144.927536
3944,38.825890,6.971000,143.451442
3945,38.832787,6.897000,144.990576
3946,38.839386,6.599000,151.538112
3947,38.846579,7.193000,139.024051
3948,38.853614,7.035000,142.146411
3949,38.859715,6.101000,163.907556
3950,38.866900,7.185000,139.178845
3951,38.873998,7.098000,140.884756
3952,38.881119,7.121000,140.429715
3953,38.887842,6.723000,148.743121
3954,38.894358,6.516000,153.468386
3955,38.902013,7.655000,130.633573
3956,38.908701,6.688000,149.521531
3957,38.915605,6.904000,144.843569
3958,38.922072,6.467000,154.631205
3959,38.928950,6.878000,145.391102
3960,38.936390,7.440000,134.408602
3961,38.943218,6.828000,146.455770
3962,38.949584,6.366000,157.084511
3963,38.957129,7.545000,132.538105
3964,38.963866,6.737000,148.434021
3965,38.970334,6.468000,154.607297
3966,38.977008,6.674000,149.835181
3967,38.984709,7.701000,129.853266
3968,38.991573,6.864000,145.687646
3969,38.998380,6.807000,146.907595
3970,39.005302,6.922000,144.466917
3971,39.011937,6.635000,150.715901
3972,39.019155,7.218000,138.542533
3973,39.026024,6.869000,145.581598
3974,39.032875,6.851000,145.964093
3975,39.039893,7.018000,142.490738
3976,39.046244,6.351000,157.455519
3977,39.053772,7.528000,132.837407
3978,39.060872,7.100000,140.845070
3979,39.067352,6.480000,154.320988
3980,39.074297,6.945000,143.988481
3981,39.081182,6.885000,145.243282
3982,39.088040,6.858000,145.815106
3983,39.094920,6.880000,145.348837
3984,39.101819,6.899000,144.948543
3985,39.108754,6.935000,144.196107
3986,39.115506,6.752000,148.104265
3987,39.122571,7.065000,141.542817
3988,39.129438,6.867000,145.623999
3989,39.136368,6.930000,144.300144
3990,39.143234,6.866000,145.645208
3991,39.150162,6.928000,144.341801
3992,39.157042,6.880000,145.348837
3993,39.163906,6.864000,145.687646
3994,39.170845,6.939000,144.112985
3995,39.177784,6.939000,144.112985
3996,39.184665,6.881000,145.327714
3997,39.191566,6.901000,144.906535
3998,39.198445,6.879000,145.369967
3999,39.204768,6.323000,158.152776
4000,39.211719,6.951000,143.864192
4001,39.219258,7.539000,132.643587
4002,39.225610,6.352000,157.430730
4003,39.232899,7.289000,137.193031
4004,39.239856,6.957000,143.740118
4005,39.246719,6.863000,145.708874
4006,39.253666,6.947000,143.947027
4007,39.260524,6.858000,145.815106
4008,39.267421,6.897000,144.990576
4009,39.274351,6.930000,144.300144
4010,39.281205,6.854000,145.900204
4011,39.288123,6.918000,144.550448
4012,39.295004,6.881000,145.327714
4013,39.301903,6.899000,144.948543
4014,39.308810,6.907000,144.780657
4015,39.315702,6.892000,145.095763
4016,39.322606,6.904000,144.843569
4017,39.328797,6.191000,161.524794
4018,39.336495,7.698000,129.903871
4019,39.343293,6.798000,147.102089
4020,39.350201,6.908000,144.759699
4021,39.357112,6.911000,144.696860
4022,39.364013,6.901000,144.906535
4023,39.370926,6.913000,144.654998
4024,39.377835,6.909000,144.738747
4025,39.384720,6.885000,145.243282
4026,39.391655,6.935000,144.196107
4027,39.398505,6.850000,145.985401
4028,39.405427,6.922000,144.466917
4029,39.411786,6.359000,157.257430
4030,39.419117,7.331000,136.407039
4031,39.425670,6.553000,152.601862
4032,39.432770,7.100000,140.845070
4033,39.439693,6.923000,144.446049
4034,39.446801,7.108000,140.686550
4035,39.453900,7.099000,140.864911
4036,39.460698,6.798000,147.102089
4037,39.467094,6.396000,156.347717
4038,39.474581,7.487000,133.564846
4039,39.481347,6.766000,147.797813
4040,39.488258,6.911000,144.696860
4041,39.495234,6.976000,143.348624
4042,39.502119,6.885000,145.243282
4043,39.509041,6.922000,144.466917
4044,39.515986,6.945000,143.988481
4045,39.522916,6.930000,144.300144
4046,39.529766,6.850000,145.985401
4047,39.536343,6.577000,152.045005
4048,39.543618,7.275000,137.457045
4049,39.550384,6.766000,147.797813
4050,39.557248,6.864000,145.687646
4051,39.564258,7.010000,142.653352
4052,39.571149,6.891000,145.116819
4053,39.577963,6.814000,146.756677
4054,39.584949,6.986000,143.143430
4055,39.591843,6.894000,145.053670
4056,39.598688,6.845000,146.092038
4057,39.605696,7.008000,142.694064
4058,39.612498,6.802000,147.015584
4059,39.619349,6.851000,145.964093
4060,39.626236,6.887000,145.201104
4061,39.633129,6.893000,145.074713
4062,39.640208,7.079000,141.262890
4063,39.647010,6.802000,147.015584
4064,39.653986,6.976000,143.348624
4065,39.660798,6.812000,146.799765
4066,39.667698,6.900000,144.927536
4067,39.674743,7.045000,141.944642
4068,39.681494,6.751000,148.126204
4069,39.688458,6.964000,143.595635
4070,39.695245,6.787000,147.340504
4071,39.702233,6.988000,143.102461
4072,39.709173,6.940000,144.092219
4073,39.715494,6.321000,158.202816
4074,39.723011,7.517000,133.031795
4075,39.729808,6.797000,147.123731
4076,39.736755,6.947000,143.947027
4077,39.743662,6.907000,144.780657
4078,39.750447,6.785000,147.383935
4079,39.757455,7.008000,142.694064
4080,39.764243,6.788000,147.318798
4081,39.771216,6.973000,143.410297
4082,39.777874,6.658000,150.195254
4083,39.785027,7.153000,139.801482
4084,39.791612,6.585000,151.860289
4085,39.798158,6.546000,152.765047
4086,39.805242,7.084000,141.163185
4087,39.812716,7.474000,133.797164
4088,39.819529,6.813000,146.778218
4089,39.826404,6.875000,145.454545
4090,39.833295,6.891000,145.116819
4091,39.840387,7.092000,141.003948
4092,39.847077,6.690000,149.476831
4093,39.854094,7.017000,142.511045
4094,39.860908,6.814000,146.756677
4095,39.867824,6.916000,144.592250
4096,39.874376,6.552000,152.625153
4097,39.881644,7.268000,137.589433
4098,39.888376,6.732000,148.544266
4099,39.895359,6.983000,143.204926
4100,39.902230,6.871000,145.539223
4101,39.909140,6.910000,144.717800
4102,39.916016,6.876000,145.433392
4103,39.922944,6.928000,144.341801
4104,39.929857,6.913000,144.654998
4105,39.936757,6.900000,144.927536
4106,39.943635,6.878000,145.391102
4107,39.950546,6.911000,144.696860
4108,39.957494,6.948000,143.926310
4109,39.964307,6.813000,146.778218
4110,39.971253,6.946000,143.967751
4111,39.978120,6.867000,145.623999
4112,39.985047,6.927000,144.362639
4113,39.992000,6.953000,143.822810
4114,39.998886,6.886000,145.222190
4115,40.005755,6.869000,145.581598
4116,40.012655,6.900000,144.927536
4117,40.019562,6.907000,144.780657
4118,40.026419,6.857000,145.836372
4119,40.033317,6.898000,144.969556
4120,40.040294,6.977000,143.328078
4121,40.047177,6.883000,145.285486
4122,40.054085,6.908000,144.759699
4123,40.060917,6.832000,146.370023
4124,40.067813,6.896000,145.011601
4125,40.074761,6.948000,143.926310
4126,40.081607,6.846000,146.070698
4127,40.088516,6.909000,144.738747
4128,40.095410,6.894000,145.053670
4129,40.102309,6.899000,144.948543
4130,40.109198,6.889000,145.158949
4131,40.116105,6.907000,144.780657
4132,40.123008,6.903000,144.864552
4133,40.129899,6.891000,145.116819
4134,40.136806,6.907000,144.780657
4135,40.143703,6.897000,144.990576
4136,40.150608,6.905000,144.822592
4137,40.157511,6.903000,144.864552
4138,40.164399,6.888000,145.180023
4139,40.171361,6.962000,143.636886
4140,40.178227,6.866000,145.645208
4141,40.185150,6.923000,144.446049
4142,40.192035,6.885000,145.243282
4143,40.198940,6.905000,144.822592
4144,40.205856,6.916000,144.592250
4145,40.212714,6.858000,145.815106
4146,40.219503,6.789000,147.297098
4147,40.226624,7.121000,140.429715
4148,40.233526,6.902000,144.885540
4149,40.240431,6.905000,144.822592
4150,40.247319,6.888000,145.180023
4151,40.254238,6.919000,144.529556
4152,40.261177,6.939000,144.112985
4153,40.267581,6.404000,156.152405
4154,40.275058,7.477000,133.743480
4155,40.281802,6.744000,148.279953
4156,40.288325,6.523000,153.303695
4157,40.295551,7.226000,138.389150
4158,40.302560,7.009000,142.673705
4159,40.309396,6.836000,146.284377
4160,40.316342,6.946000,143.967751
4161,40.323233,6.891000,145.116819
4162,40.330086,6.853000,145.921494
4163,40.337007,6.921000,144.487791
4164,40.343601,6.594000,151.653018
4165,40.350855,7.254000,137.854977
4166,40.357855,7.000000,142.857143
4167,40.364678,6.823000,146.563095
4168,40.371539,6.861000,145.751348
4169,40.378348,6.809000,146.864444
4170,40.385326,6.978000,143.307538
4171,40.392231,6.905000,144.822592
4172,40.399115,6.884000,145.264381
4173,40.406033,6.918000,144.550448
4174,40.412801,6.768000,147.754137
4175,40.419871,7.070000,141.442716
4176,40.426698,6.827000,146.477223
4177,40.433602,6.904000,144.843569
4178,40.440538,6.936000,144.175317
4179,40.447226,6.688000,149.521531
4180,40.454411,7.185000,139.178845
4181,40.461198,6.787000,147.340504
4182,40.468160,6.962000,143.636886
4183,40.475266,7.106000,140.726147
4184,40.481651,6.385000,156.617071
4185,40.488868,7.217000,138.561729
4186,40.495644,6.776000,147.579693
4187,40.502606,6.962000,143.636886
4188,40.509441,6.835000,146.305779
4189,40.516291,6.850000,145.985401
4190,40.523291,7.000000,142.857143
4191,40.530144,6.853000,145.921494
4192,40.537059,6.915000,144.613160
4193,40.543954,6.895000,145.032632
4194,40.550188,6.234000,160.410651
4195,40.557877,7.689000,130.055924
4196,40.564655,6.778000,147.536146
4197,40.571582,6.927000,144.362639
4198,40.578469,6.887000,145.201104
4199,40.585392,6.923000,144.446049
4200,40.592301,6.909000,144.738747
4201,40.599070,6.769000,147.732309
4202,40.605925,6.855000,145.878920
4203,40.612591,6.666000,150.015002
4204,40.619535,6.944000,144.009217
4205,40.626807,7.272000,137.513751
4206,40.633647,6.840000,146.198830
4207,40.639911,6.264000,159.642401
4208,40.647046,7.135000,140.154170
4209,40.654425,7.379000,135.519718
4210,40.661249,6.824000,146.541618
4211,40.668158,6.909000,144.738747
4212,40.675076,6.918000,144.550448
4213,40.681943,6.867000,145.623999
4214,40.688877,6.934000,144.216902
4215,40.695729,6.852000,145.942790
4216,40.702685,6.956000,143.760782
4217,40.709536,6.851000,145.964093
4218,40.716439,6.903000,144.864552
4219,40.723358,6.919000,144.529556
4220,40.730227,6.869000,145.581598
4221,40.737158,6.931000,144.279325
4222,40.744045,6.887000,145.201104
4223,40.750822,6.777000,147.557916
4224,40.757885,7.063000,141.582897
4225,40.764726,6.841000,146.177459
4226,40.771663,6.937000,144.154534
4227,40.778535,6.872000,145.518044
4228,40.784687,6.152000,162.548765
4229,40.792456,7.769000,128.716695
4230,40.798791,6.335000,157.853197
4231,40.805591,6.800000,147.058824
4232,40.813103,7.512000,133.120341
4233,40.819297,6.194000,161.446561
4234,40.826930,7.633000,131.010088
4235,40.833688,6.758000,147.972773
4236,40.840665,6.977000,143.328078
4237,40.847583,6.918000,144.550448
4238,40.854471,6.888000,145.180023
4239,40.861355,6.884000,145.264381
4240,40.868252,6.897000,144.990576
4241,40.875160,6.908000,144.759699
4242,40.882043,6.883000,145.285486
4243,40.888949,6.906000,144.801622
4244,40.895649,6.700000,149.253731
4245,40.902784,7.135000,140.154170
4246,40.909638,6.854000,145.900204
4247,40.916489,6.851000,145.964093
4248,40.923455,6.966000,143.554407
4249,40.930325,6.870000,145.560408
4250,40.937245,6.920000,144.508671
4251,40.944134,6.889000,145.158949
4252,40.951031,6.897000,144.990576
4253,40.957943,6.912000,144.675926
4254,40.964832,6.889000,145.158949
4255,40.971748,6.916000,144.592250
4256,40.978629,6.881000,145.327714
4257,40.985536,6.907000,144.780657
4258,40.992453,6.917000,144.571346
4259,40.999323,6.870000,145.560408
4260,41.006276,6.953000,143.822810
4261,41.013118,6.842000,146.156095
4262,41.020066,6.948000,143.926310
4263,41.026925,6.859000,145.793847
4264,41.033679,6.754000,148.060409
4265,41.040790,7.111000,140.627197
4266,41.047009,6.219000,160.797556
4267,41.054660,7.651000,130.701869
4268,41.061426,6.766000,147.797813
4269,41.068362,6.936000,144.175317
4270,41.075256,6.894000,145.053670
4271,41.082147,6.891000,145.116819
4272,41.088858,6.711000,149.009090
4273,41.095710,6.852000,145.942790
4274,41.102320,6.610000,151.285930
4275,41.109791,7.471000,133.850890
4276,41.116623,6.832000,146.370023
4277,41.123544,6.921000,144.487791
4278,41.130419,6.875000,145.454545
4279,41.136849,6.430000,155.520995
4280,41.144286,7.437000,134.462821
4281,41.151128,6.842000,146.156095
4282,41.158063,6.935000,144.196107
4283,41.164928,6.865000,145.666424
4284,41.171834,6.906000,144.801622
4285,41.178720,6.886000,145.222190
4286,41.185625,6.905000,144.822592
4287,41.192519,6.894000,145.053670
4288,41.199410,6.891000,145.116819
4289,41.206209,6.799000,147.080453
4290,41.213260,7.051000,141.823855
4291,41.220146,6.886000,145.222190
4292,41.227024,6.878000,145.391102
4293,41.233609,6.585000,151.860289
4294,41.240890,7.281000,137.343771
4295,41.247737,6.847000,146.049365
4296,41.254650,6.913000,144.654998
4297,41.261513,6.863000,145.708874
4298,41.268425,6.912000,144.675926
4299,41.275330,6.905000,144.822592
4300,41.282266,6.936000,144.175317
4301,41.289130,6.864000,145.687646
4302,41.296027,6.897000,144.990576
4303,41.302938,6.911000,144.696860
4304,41.309834,6.896000,145.011601
4305,41.316739,6.905000,144.822592
4306,41.323638,6.899000,144.948543
4307,41.330515,6.877000,145.412244
4308,41.337430,6.915000,144.613160
4309,41.344319,6.889000,145.158949
4310,41.351227,6.908000,144.759699
4311,41.358139,6.912000,144.675926
4312,41.365030,6.891000,145.116819
4313,41.371959,6.929000,144.320970
4314,41.378840,6.881000,145.327714
4315,41.385746,6.906000,144.801622
4316,41.392649,6.903000,144.864552
4317,41.399542,6.893000,145.074713
4318,41.406453,6.911000,144.696860
4319,41.413328,6.875000,145.454545
4320,41.420257,6.929000,144.320970
4321,41.427123,6.866000,145.645208
4322,41.433581,6.458000,154.846702
4323,41.441015,7.434000,134.517084
4324,41.447824,6.809000,146.864444
4325,41.454765,6.941000,144.071459
4326,41.461631,6.866000,145.645208
4327,41.468530,6.899000,144.948543
4328,41.475445,6.915000,144.613160
4329,41.482328,6.883000,145.285486
4330,41.489256,6.928000,144.341801
4331,41.496130,6.874000,145.475706
4332,41.503043,6.913000,144.654998
4333,41.509922,6.879000,145.369967
4334,41.516836,6.914000,144.634076
4335,41.523523,6.687000,149.543891
4336,41.530644,7.121000,140.429715
4337,41.537543,6.899000,144.948543
4338,41.544434,6.891000,145.116819
4339,41.550596,6.162000,162.284972
4340,41.558173,7.577000,131.978356
4341,41.565154,6.981000,143.245953
4342,41.572085,6.931000,144.279325
4343,41.578940,6.855000,145.878920
4344,41.585837,6.897000,144.990576
4345,41.592717,6.880000,145.348837
4346,41.599607,6.890000,145.137881
4347,41.606512,6.905000,144.822592
4348,41.613406,6.894000,145.053670
4349,41.620309,6.903000,144.864552
4350,41.627201,6.892000,145.095763
4351,41.634103,6.902000,144.885540
4352,41.641009,6.906000,144.801622
4353,41.647898,6.889000,145.158949
4354,41.654813,6.915000,144.613160
4355,41.661707,6.894000,145.053670
4356,41.668619,6.912000,144.675926
4357,41.675496,6.877000,145.412244
4358,41.682406,6.910000,144.717800
4359,41.689309,6.903000,144.864552
4360,41.696203,6.894000,145.053670
4361,41.703156,6.953000,143.822810
4362,41.710010,6.854000,145.900204
4363,41.716909,6.899000,144.948543
4364,41.723473,6.564000,152.346130
4365,41.730744,7.271000,137.532664
4366,41.737602,6.858000,145.815106
4367,41.744520,6.918000,144.550448
4368,41.751486,6.966000,143.554407
4369,41.758426,6.940000,144.092219
4370,41.764607,6.181000,161.786119
4371,41.772290,7.683000,130.157491
4372,41.778832,6.542000,152.858453
4373,41.786079,7.247000,137.988133
4374,41.792888,6.809000,146.864444
4375,41.799814,6.926000,144.383483
4376,41.806253,6.439000,155.303619
4377,41.813646,7.393000,135.263087
4378,41.820516,6.870000,145.560408
4379,41.827373,6.857000,145.836372
4380,41.833908,6.535000,153.022188
4381,41.841296,7.388000,135.354629
4382,41.848109,6.813000,146.778218
4383,41.855009,6.900000,144.927536
4384,41.861907,6.898000,144.969556
4385,41.868796,6.889000,145.158949
4386,41.875560,6.764000,147.841514
4387,41.882600,7.040000,142.045455
4388,41.889608,7.008000,142.694064
4389,41.896374,6.766000,147.797813
4390,41.903358,6.984000,143.184422
4391,41.910223,6.865000,145.666424
4392,41.917160,6.937000,144.154534
4393,41.923770,6.610000,151.285930
4394,41.931048,7.278000,137.400385
4395,41.937793,6.745000,148.257969
4396,41.944651,6.858000,145.815106
4397,41.951631,6.980000,143.266476
4398,41.958362,6.731000,148.566335
4399,41.965477,7.115000,140.548138
4400,41.971598,6.121000,163.371998
4401,41.979290,7.692000,130.005200
4402,41.986147,6.857000,145.836372
4403,41.992980,6.833000,146.348602
4404,41.999823,6.843000,146.134736
4405,42.006971,7.148000,139.899273
4406,42.013712,6.741000,148.345943
4407,42.020944,7.232000,138.274336
4408,42.027002,6.058000,165.070981
4409,42.033946,6.944000,144.009217
4410,42.041470,7.524000,132.908028
4411,42.048226,6.756000,148.016578
4412,42.055134,6.908000,144.759699
4413,42.061908,6.774000,147.623265
4414,42.068894,6.986000,143.143430
4415,42.075897,7.003000,142.795945
4416,42.082479,6.582000,151.929505
4417,42.089714,7.235000,138.217001
4418,42.096508,6.794000,147.188696
4419,42.103513,7.005000,142.755175
4420,42.110308,6.795000,147.167035
4421,42.117184,6.876000,145.433392
4422,42.123570,6.386000,156.592546
4423,42.131009,7.439000,134.426670
4424,42.137907,6.898000,144.969556
4425,42.144745,6.838000,146.241591
4426,42.151648,6.903000,144.864552
4427,42.158592,6.944000,144.009217
4428,42.165428,6.836000,146.284377
4429,42.172337,6.909000,144.738747
4430,42.179250,6.913000,144.654998
4431,42.186142,6.892000,145.095763
4432,42.193023,6.881000,145.327714
4433,42.199958,6.935000,144.196107
4434,42.206833,6.875000,145.454545
4435,42.213743,6.910000,144.717800
4436,42.220655,6.912000,144.675926
4437,42.227535,6.880000,145.348837
4438,42.234426,6.891000,145.116819
4439,42.241381,6.955000,143.781452
4440,42.248251,6.870000,145.560408
4441,42.255150,6.899000,144.948543
4442,42.262023,6.873000,145.496872
4443,42.268950,6.927000,144.362639
4444,42.275871,6.921000,144.487791
4445,42.282744,6.873000,145.496872
4446,42.289704,6.960000,143.678161
4447,42.296555,6.851000,145.964093
4448,42.303415,6.860000,145.772595
4449,42.310149,6.734000,148.500149
4450,42.317279,7.130000,140.252454
4451,42.324173,6.894000,145.053670
4452,42.331052,6.879000,145.369967
4453,42.337954,6.902000,144.885540
4454,42.344806,6.852000,145.942790
4455,42.351743,6.937000,144.154534
4456,42.358658,6.915000,144.613160
4457,42.365530,6.872000,145.518044
4458,42.372400,6.870000,145.560408
4459,42.379343,6.943000,144.029958
4460,42.386239,6.896000,145.011601
4461,42.393106,6.867000,145.623999
4462,42.400001,6.895000,145.032632
4463,42.406911,6.910000,144.717800
4464,42.413806,6.895000,145.032632
4465,42.420753,6.947000,143.947027
4466,42.427613,6.860000,145.772595
4467,42.434514,6.901000,144.906535
4468,42.441426,6.912000,144.675926
4469,42.448320,6.894000,145.053670
4470,42.455269,6.949000,143.905598
4471,42.462108,6.839000,146.220208
4472,42.469025,6.917000,144.571346
4473,42.475512,6.487000,154.154463
4474,42.482892,7.380000,135.501355
4475,42.489746,6.854000,145.900204
4476,42.496609,6.863000,145.708874
4477,42.503559,6.950000,143.884892
4478,42.510453,6.894000,145.053670
4479,42.517345,6.892000,145.095763
4480,42.524217,6.872000,145.518044
4481,42.531145,6.928000,144.341801
4482,42.538056,6.911000,144.696860
4483,42.544812,6.756000,148.016578
4484,42.551817,7.005000,142.755175
4485,42.558726,6.909000,144.738747
4486,42.565601,6.875000,145.454545
4487,42.572517,6.916000,144.592250
4488,42.579438,6.921000,144.487791
4489,42.586363,6.925000,144.404332
4490,42.593212,6.849000,146.006716
4491,42.600142,6.930000,144.300144
4492,42.607044,6.902000,144.885540
4493,42.613952,6.908000,144.759699
4494,42.620100,6.148000,162.654522
4495,42.627875,7.775000,128.617363
4496,42.634615,6.740000,148.367953
4497,42.641567,6.952000,143.843498
4498,42.648410,6.843000,146.134736
4499,42.655366,6.956000,143.760782
4500,42.662221,6.855000,145.878920
4501,42.669162,6.941000,144.071459
4502,42.676018,6.856000,145.857643
4503,42.682923,6.905000,144.822592
4504,42.689864,6.941000,144.071459
4505,42.696717,6.853000,145.921494
4506,42.703645,6.928000,144.341801
4507,42.710515,6.870000,145.560408
4508,42.717454,6.939000,144.112985
4509,42.724350,6.896000,145.011601
4510,42.731237,6.887000,145.201104
4511,42.738151,6.914000,144.634076
4512,42.745054,6.903000,144.864552
4513,42.751918,6.864000,145.687646
4514,42.758859,6.941000,144.071459
4515,42.765720,6.861000,145.751348
4516,42.772669,6.949000,143.905598
4517,42.779534,6.865000,145.666424
4518,42.786463,6.929000,144.320970
4519,42.793310,6.847000,146.049365
4520,42.800269,6.959000,143.698807
4521,42.807160,6.891000,145.116819
4522,42.814020,6.860000,145.772595
4523,42.821042,7.022000,142.409570
4524,42.827830,6.788000,147.318798
4525,42.834845,7.015000,142.551675
4526,42.841654,6.809000,146.864444
4527,42.848650,6.996000,142.938822
4528,42.855474,6.824000,146.541618
4529,42.862419,6.945000,143.988481
4530,42.869383,6.964000,143.595635
4531,42.876139,6.756000,148.016578
4532,42.883108,6.969000,143.492610
4533,42.890048,6.940000,144.092219
4534,42.896297,6.249000,160.025604
4535,42.903988,7.691000,130.022104
4536,42.910736,6.748000,148.192057
4537,42.917543,6.807000,146.907595
4538,42.924580,7.037000,142.106011
4539,42.931395,6.815000,146.735143
4540,42.938374,6.979000,143.287004
4541,42.945230,6.856000,145.857643
4542,42.951647,6.417000,155.836060
4543,42.959041,7.394000,135.244793
4544,42.965867,6.826000,146.498682
4545,42.972848,6.981000,143.245953
4546,42.979719,6.871000,145.539223
4547,42.986620,6.901000,144.906535
4548,42.993471,6.851000,145.964093
4549,43.000371,6.900000,144.927536
4550,43.007264,6.893000,145.074713
4551,43.014174,6.910000,144.717800
4552,43.021046,6.872000,145.518044
4553,43.027918,6.872000,145.518044
4554,43.034822,6.904000,144.843569
4555,43.041776,6.954000,143.802128
4556,43.048667,6.891000,145.116819
4557,43.055528,6.861000,145.751348
4558,43.062460,6.932000,144.258511
4559,43.069383,6.923000,144.446049
4560,43.076242,6.859000,145.793847
4561,43.083110,6.868000,145.602796
4562,43.090048,6.938000,144.133756
4563,43.096948,6.900000,144.927536
4564,43.103810,6.862000,145.730108
4565,43.110725,6.915000,144.613160
4566,43.117640,6.915000,144.613160
4567,43.124561,6.921000,144.487791
4568,43.131418,6.857000,145.836372
4569,43.138321,6.903000,144.864552
4570,43.145252,6.931000,144.279325
4571,43.152099,6.847000,146.049365
4572,43.159089,6.990000,143.061516
4573,43.165938,6.849000,146.006716
4574,43.172813,6.875000,145.454545
4575,43.179501,6.688000,149.521531
4576,43.186687,7.186000,139.159477
4577,43.193302,6.615000,151.171580
4578,43.200437,7.135000,140.154170
4579,43.207346,6.909000,144.738747
4580,43.213551,6.205000,161.160355
4581,43.221210,7.659000,130.565348
4582,43.228001,6.791000,147.253718
4583,43.234903,6.902000,144.885540
4584,43.241818,6.915000,144.613160
4585,43.248724,6.906000,144.801622
4586,43.255616,6.892000,145.095763
4587,43.262499,6.883000,145.285486
4588,43.269405,6.906000,144.801622
4589,43.276818,7.413000,134.898152
4590,43.283216,6.398000,156.298843
4591,43.290313,7.097000,140.904608
4592,43.297049,6.736000,148.456057
4593,43.303994,6.945000,143.988481
4594,43.310842,6.848000,146.028037
4595,43.317775,6.933000,144.237704
4596,43.324644,6.869000,145.581598
4597,43.331556,6.912000,144.675926
4598,43.338470,6.914000,144.634076
4599,43.345368,6.898000,144.969556
4600,43.351807,6.439000,155.303619
4601,43.359207,7.400000,135.135135
4602,43.366081,6.874000,145.475706
4603,43.373041,6.960000,143.678161
4604,43.379888,6.847000,146.049365
4605,43.386833,6.945000,143.988481
4606,43.393688,6.855000,145.878920
4607,43.400616,6.928000,144.341801
4608,43.407405,6.789000,147.297098
4609,43.414368,6.963000,143.616257
4610,43.421302,6.934000,144.216902
4611,43.428161,6.859000,145.793847
4612,43.435071,6.910000,144.717800
4613,43.442054,6.983000,143.204926
4614,43.448910,6.856000,145.857643
4615,43.455753,6.843000,146.134736
4616,43.462610,6.857000,145.836372
4617,43.469645,7.035000,142.146411
4618,43.476434,6.789000,147.297098
4619,43.483328,6.894000,145.053670
4620,43.490366,7.038000,142.085820
4621,43.497180,6.814000,146.756677
4622,43.504181,7.001000,142.836738
4623,43.511023,6.842000,146.156095
4624,43.517930,6.907000,144.780657
4625,43.524805,6.875000,145.454545
4626,43.531693,6.888000,145.180023
4627,43.537836,6.143000,162.786912
4628,43.545550,7.714000,129.634431
4629,43.552348,6.798000,147.102089
4630,43.559216,6.868000,145.602796
4631,43.566214,6.998000,142.897971
4632,43.573053,6.839000,146.220208
4633,43.580100,7.047000,141.904356
4634,43.586927,6.827000,146.477223
4635,43.593767,6.840000,146.198830
4636,43.600270,6.503000,153.775181
4637,43.607699,7.429000,134.607619
4638,43.614498,6.799000,147.080453
4639,43.621370,6.872000,145.518044
4640,43.628238,6.868000,145.602796
4641,43.634779,6.541000,152.881822
4642,43.642155,7.376000,135.574837
4643,43.648928,6.773000,147.645061
4644,43.655901,6.973000,143.410297
4645,43.662802,6.901000,144.906535
4646,43.669758,6.956000,143.760782
4647,43.676586,6.828000,146.455770
4648,43.683466,6.880000,145.348837
4649,43.689765,6.299000,158.755358
4650,43.696930,7.165000,139.567341
4651,43.704248,7.318000,136.649358
4652,43.711044,6.796000,147.145380
4653,43.717953,6.909000,144.738747
4654,43.724986,7.033000,142.186833
4655,43.731772,6.786000,147.362216
4656,43.737933,6.161000,162.311313
4657,43.745649,7.716000,129.600829
4658,43.752447,6.798000,147.102089
4659,43.759341,6.894000,145.053670
4660,43.766255,6.914000,144.634076
4661,43.772778,6.523000,153.303695
4662,43.780098,7.320000,136.612022
4663,43.786983,6.885000,145.243282
4664,43.793333,6.350000,157.480315
4665,43.800837,7.504000,133.262260
4666,43.807766,6.929000,144.320970
4667,43.814536,6.770000,147.710487
4668,43.821461,6.925000,144.404332
4669,43.828316,6.855000,145.878920
4670,43.834536,6.220000,160.771704
4671,43.842289,7.753000,128.982329
4672,43.849037,6.748000,148.192057
4673,43.855968,6.931000,144.279325
4674,43.862858,6.890000,145.137881
4675,43.869780,6.922000,144.466917
4676,43.876639,6.859000,145.793847
4677,43.883555,6.916000,144.592250
4678,43.890468,6.913000,144.654998
4679,43.897344,6.876000,145.433392
4680,43.904270,6.926000,144.383483
4681,43.911120,6.850000,145.985401
4682,43.917278,6.158000,162.390386
4683,43.925059,7.781000,128.518185
4684,43.931810,6.751000,148.126204
4685,43.938736,6.926000,144.383483
4686,43.945627,6.891000,145.116819
4687,43.952514,6.887000,145.201104
4688,43.959407,6.893000,145.074713
4689,43.966308,6.901000,144.906535
4690,43.973278,6.970000,143.472023
4691,43.980093,6.815000,146.735143
4692,43.987024,6.931000,144.279325
4693,43.993953,6.929000,144.320970
4694,44.000455,6.502000,153.798831
4695,44.007782,7.327000,136.481507
4696,44.014601,6.819000,146.649069
4697,44.021531,6.930000,144.300144
4698,44.028398,6.867000,145.623999
4699,44.035324,6.926000,144.383483
4700,44.042214,6.890000,145.137881
4701,44.048842,6.628000,150.875075
4702,44.056071,7.229000,138.331719
4703,44.062907,6.836000,146.284377
4704,44.069817,6.910000,144.717800
4705,44.076700,6.883000,145.285486
4706,44.083601,6.901000,144.906535
4707,44.090533,6.932000,144.258511
4708,44.097415,6.882000,145.306597
4709,44.104330,6.915000,144.613160
4710,44.111235,6.905000,144.822592
4711,44.118136,6.901000,144.906535
4712,44.125046,6.910000,144.717800
4713,44.131931,6.885000,145.243282
4714,44.138803,6.872000,145.518044
4715,44.145711,6.908000,144.759699
4716,44.152639,6.928000,144.341801
4717,44.159533,6.894000,145.053670
4718,44.166402,6.869000,145.581598
4719,44.173319,6.917000,144.571346
4720,44.180270,6.951000,143.864192
4721,44.187209,6.939000,144.112985
4722,44.194075,6.866000,145.645208
4723,44.200957,6.882000,145.306597
4724,44.207864,6.907000,144.780657
4725,44.214797,6.933000,144.237704
4726,44.221729,6.932000,144.258511
4727,44.227920,6.191000,161.524794
4728,44.235546,7.626000,131.130344
4729,44.242342,6.796000,147.145380
4730,44.249232,6.890000,145.137881
4731,44.256117,6.885000,145.243282
4732,44.263040,6.923000,144.446049
4733,44.269958,6.918000,144.550448
4734,44.276719,6.761000,147.907114
4735,44.283790,7.071000,141.422712
4736,44.290596,6.806000,146.929180
4737,44.297626,7.030000,142.247511
4738,44.304533,6.907000,144.780657
4739,44.311424,6.891000,145.116819
4740,44.318293,6.869000,145.581598
4741,44.325202,6.909000,144.738747
4742,44.331415,6.213000,160.952841
4743,44.339098,7.683000,130.157491
4744,44.345495,6.397000,156.323277
4745,44.352566,7.071000,141.422712
4746,44.359265,6.699000,149.276011
4747,44.366583,7.318000,136.649358
4748,44.373539,6.956000,143.760782
4749,44.380110,6.571000,152.183838
4750,44.387358,7.248000,137.969095
4751,44.394158,6.800000,147.058824
4752,44.400411,6.253000,159.923237
4753,44.408081,7.670000,130.378096
4754,44.414420,6.339000,157.753589
4755,44.421888,7.468000,133.904660
4756,44.428445,6.557000,152.508769
4757,44.435599,7.154000,139.781940
4758,44.442557,6.958000,143.719460
4759,44.449368,6.811000,146.821318
4760,44.456302,6.934000,144.216902
4761,44.462705,6.403000,156.176792
4762,44.470234,7.529000,132.819764
4763,44.476949,6.715000,148.920328
4764,44.483876,6.927000,144.362639
4765,44.490735,6.859000,145.793847
4766,44.497669,6.934000,144.216902
4767,44.504613,6.944000,144.009217
4768,44.511247,6.634000,150.738619
4769,44.518480,7.233000,138.255219
4770,44.525309,6.829000,146.434324
4771,44.532240,6.931000,144.279325
4772,44.538925,6.685000,149.588631
4773,44.546091,7.166000,139.547865
4774,44.552977,6.886000,145.222190
4775,44.559844,6.867000,145.623999
4776,44.566621,6.777000,147.557916
4777,44.573701,7.080000,141.242938
4778,44.579897,6.196000,161.394448
4779,44.587526,7.629000,131.078778
4780,44.593828,6.302000,158.679784
4781,44.601278,7.450000,134.228188
4782,44.607818,6.540000,152.905199
4783,44.614998,7.180000,139.275766
4784,44.621887,6.889000,145.158949
4785,44.628777,6.890000,145.137881
4786,44.635669,6.892000,145.095763
4787,44.642564,6.895000,145.032632
4788,44.649467,6.903000,144.864552
4789,44.656371,6.904000,144.843569
4790,44.663106,6.735000,148.478099
4791,44.670188,7.082000,141.203050
4792,44.677039,6.851000,145.964093
4793,44.683952,6.913000,144.654998
4794,44.690869,6.917000,144.571346
4795,44.696984,6.115000,163.532298
4796,44.704773,7.789000,128.386186
4797,44.711530,6.757000,147.994672
4798,44.718436,6.906000,144.801622
4799,44.725414,6.978000,143.307538
4800,44.731548,6.134000,163.025758
4801,44.739214,7.666000,130.446126
4802,44.746023,6.809000,146.864444
4803,44.752915,6.892000,145.095763
4804,44.759825,6.910000,144.717800
4805,44.766722,6.897000,144.990576
4806,44.773678,6.956000,143.760782
4807,44.780537,6.859000,145.793847
4808,44.787459,6.922000,144.466917
4809,44.794332,6.873000,145.496872
4810,44.800831,6.499000,153.869826
4811,44.808216,7.385000,135.409614
4812,44.815028,6.812000,146.799765
4813,44.821931,6.903000,144.864552
4814,44.828825,6.894000,145.053670
4815,44.835747,6.922000,144.466917
4816,44.842624,6.877000,145.412244
4817,44.849553,6.929000,144.320970
4818,44.856450,6.897000,144.990576
4819,44.863309,6.859000,145.793847
4820,44.870178,6.869000,145.581598
4821,44.877132,6.954000,143.802128
4822,44.884038,6.906000,144.801622
4823,44.890992,6.954000,143.802128
4824,44.897811,6.819000,146.649069
4825,44.904773,6.962000,143.636886
4826,44.911637,6.864000,145.687646
4827,44.918511,6.874000,145.475706
4828,44.925456,6.945000,143.988481
4829,44.932326,6.870000,145.560408
4830,44.939264,6.938000,144.133756
4831,44.946139,6.875000,145.454545
4832,44.953159,7.020000,142.450142
4833,44.959974,6.815000,146.735143
4834,44.966876,6.902000,144.885540
4835,44.973596,6.720000,148.809524
4836,44.980722,7.126000,140.331182
4837,44.987610,6.888000,145.180023
4838,44.994159,6.549000,152.695068
4839,45.001392,7.233000,138.255219
