frame,time_s,frame_ms,fps
1,0.072528,72.528000,13.787779
2,0.121501,48.973000,20.419415
3,0.161135,39.634000,25.230862
4,0.161730,0.595000,1680.672269
5,0.165115,3.385000,295.420975
6,0.175982,10.867000,92.021717
7,0.187634,11.652000,85.822176
8,0.200974,13.340000,74.962519
9,0.222294,21.320000,46.904315
10,0.270227,47.933000,20.862454
11,0.271035,0.808000,1237.623762
12,0.275217,4.182000,239.120038
13,0.288372,13.155000,76.016724
14,0.306666,18.294000,54.662731
15,0.315291,8.625000,115.942029
16,0.320061,4.770000,209.643606
17,0.322716,2.655000,376.647834
18,0.333858,11.142000,89.750494
19,0.347500,13.642000,73.303035
20,0.363005,15.505000,64.495324
21,0.373815,10.810000,92.506938
22,0.387171,13.356000,74.872716
23,0.401714,14.543000,68.761604
24,0.413948,12.234000,81.739415
25,0.427360,13.412000,74.560095
26,0.440516,13.156000,76.010946
27,0.453930,13.414000,74.548979
28,0.469666,15.736000,63.548551
29,0.480746,11.080000,90.252708
30,0.493993,13.247000,75.488790
31,0.508345,14.352000,69.676700
32,0.521607,13.262000,75.403408
33,0.534421,12.814000,78.039644
34,0.547678,13.257000,75.431847
35,0.560889,13.211000,75.694497
36,0.575262,14.373000,69.574897
37,0.587943,12.681000,78.858134
38,0.601321,13.378000,74.749589
39,0.614007,12.686000,78.827053
40,0.627797,13.790000,72.516316
41,0.640592,12.795000,78.155530
42,0.655517,14.925000,67.001675
43,0.667887,12.370000,80.840744
44,0.680459,12.572000,79.541839
45,0.694736,14.277000,70.042726
46,0.707978,13.242000,75.517293
47,0.721622,13.644000,73.292290
48,0.734097,12.475000,80.160321
49,0.740832,6.735000,148.478099
50,0.761365,20.533000,48.702089
51,0.774230,12.865000,77.730276
52,0.787781,13.551000,73.795292
53,0.800646,12.865000,77.730276
54,0.814925,14.279000,70.032915
55,0.827796,12.871000,77.694041
56,0.840783,12.987000,77.000077
57,0.854752,13.969000,71.587086
58,0.867366,12.614000,79.276994
59,0.882064,14.698000,68.036468
60,0.894139,12.075000,82.815735
61,0.907491,13.352000,74.895147
62,0.920938,13.447000,74.366030
63,0.934149,13.211000,75.694497
64,0.949583,15.434000,64.792018
65,0.960972,11.389000,87.804021
66,0.974348,13.376000,74.760766
67,0.988736,14.388000,69.502363
68,1.000835,12.099000,82.651459
69,1.014718,13.883000,72.030541
70,1.027612,12.894000,77.555452
71,1.047346,19.734000,50.673964
72,1.054944,7.598000,131.613583
73,1.067971,13.027000,76.763645
74,1.080592,12.621000,79.233024
75,1.093868,13.276000,75.323893
76,1.107247,13.379000,74.744002
77,1.120923,13.676000,73.120796
78,1.135125,14.202000,70.412618
79,1.147487,12.362000,80.893059
80,1.160883,13.396000,74.649149
81,1.177701,16.818000,59.460102
82,1.187788,10.087000,99.137504
83,1.200776,12.988000,76.994148
84,1.214289,13.513000,74.002812
85,1.229603,15.314000,65.299726
86,1.241610,12.007000,83.284751
87,1.253899,12.289000,81.373586
88,1.267607,13.708000,72.950102
89,1.282434,14.827000,67.444527
90,1.294249,11.815000,84.638172
91,1.307969,13.720000,72.886297
92,1.320846,12.877000,77.657840
93,1.334212,13.366000,74.816699
94,1.350610,16.398000,60.983047
95,1.360719,10.109000,98.921753
96,1.374178,13.459000,74.299725
97,1.388032,13.854000,72.181319
98,1.402071,14.039000,71.230145
99,1.414026,11.955000,83.647010
100,1.427328,13.302000,75.176665
101,1.440715,13.387000,74.699335
102,1.455616,14.901000,67.109590
103,1.467325,11.709000,85.404390
104,1.481181,13.856000,72.170901
105,1.494538,13.357000,74.867111
106,1.507580,13.042000,76.675357
107,1.520744,13.164000,75.964752
108,1.534316,13.572000,73.681108
109,1.547497,13.181000,75.866778
110,1.561045,13.548000,73.811633
111,1.573932,12.887000,77.597579
112,1.589457,15.525000,64.412238
113,1.600733,11.276000,88.683930
114,1.614153,13.420000,74.515648
115,1.627148,12.995000,76.952674
116,1.640611,13.463000,74.277650
117,1.656427,15.816000,63.227112
118,1.668583,12.156000,82.263903
119,1.681004,12.421000,80.508816
120,1.694792,13.788000,72.526835
121,1.701982,7.190000,139.082058
122,1.722688,20.706000,48.295180
123,1.734734,12.046000,83.015109
124,1.749736,15.002000,66.657779
125,1.761357,11.621000,86.051114
126,1.776412,15.055000,66.423115
127,1.787955,11.543000,86.632591
128,1.807707,19.752000,50.627785
129,1.821117,13.410000,74.571216
130,1.829260,8.143000,122.804863
131,1.842374,13.114000,76.254385
132,1.854823,12.449000,80.327737
133,1.867982,13.159000,75.993617
134,1.881934,13.952000,71.674312
135,1.895133,13.199000,75.763315
136,1.901469,6.336000,157.828283
137,1.922590,21.121000,47.346243
138,1.934069,11.479000,87.115602
139,1.948679,14.610000,68.446270
140,1.967713,19.034000,52.537564
141,1.968174,0.461000,2169.197397
142,1.988455,20.281000,49.307233
143,2.001061,12.606000,79.327304
144,2.015062,14.001000,71.423470
145,2.027397,12.335000,81.070126
146,2.032517,5.120000,195.312500
147,2.056007,23.490000,42.571307
148,2.067414,11.407000,87.665469
149,2.081086,13.672000,73.142188
150,2.094094,13.008000,76.875769
151,2.100944,6.850000,145.985401
152,2.121518,20.574000,48.605035
153,2.134501,12.983000,77.023800
154,2.148695,14.194000,70.452304
155,2.161383,12.688000,78.814628
156,2.165704,4.321000,231.427910
157,2.188686,22.982000,43.512314
158,2.201490,12.804000,78.100594
159,2.217249,15.759000,63.455803
160,2.228112,10.863000,92.055602
161,2.241339,13.227000,75.602933
162,2.258818,17.479000,57.211511
163,2.268680,9.862000,101.399310
164,2.282050,13.370000,74.794316
165,2.307207,25.157000,39.750368
166,2.313476,6.269000,159.515074
167,2.320116,6.640000,150.602410
168,2.333810,13.694000,73.024682
169,2.347138,13.328000,75.030012
170,2.360675,13.537000,73.871611
171,2.374002,13.327000,75.035642
172,2.387241,13.239000,75.534406
173,2.390880,3.639000,274.800769
174,2.404430,13.550000,73.800738
175,2.405125,0.695000,1438.848921
176,2.414419,9.294000,107.596299
177,2.427196,12.777000,78.265634
178,2.440505,13.309000,75.137125
179,2.453954,13.449000,74.354971
180,2.467418,13.464000,74.272133
181,2.481365,13.947000,71.700007
182,2.493988,12.623000,79.220471
183,2.507062,13.074000,76.487685
184,2.520491,13.429000,74.465709
185,2.533885,13.394000,74.660296
186,2.547616,13.731000,72.827908
187,2.560895,13.279000,75.306876
188,2.574491,13.596000,73.551044
189,2.587267,12.776000,78.271760
190,2.600813,13.546000,73.822531
191,2.613864,13.051000,76.622481
192,2.628904,15.040000,66.489362
193,2.640602,11.698000,85.484698
194,2.646965,6.363000,157.158573
195,2.653421,6.456000,154.894672
196,2.667285,13.864000,72.129256
197,2.680426,13.141000,76.097709
198,2.694108,13.682000,73.088730
199,2.707485,13.377000,74.755177
200,2.720678,13.193000,75.797772
201,2.733880,13.202000,75.746099
202,2.746984,13.104000,76.312576
203,2.760118,13.134000,76.138267
204,2.773673,13.555000,73.773515
205,2.786877,13.204000,75.734626
206,2.800316,13.439000,74.410298
207,2.813360,13.044000,76.663600
208,2.827025,13.665000,73.179656
209,2.840230,13.205000,75.728891
210,2.853667,13.437000,74.421374
211,2.866550,12.883000,77.621672
212,2.879933,13.383000,74.721662
213,2.893335,13.402000,74.615729
214,2.906633,13.298000,75.199278
215,2.919944,13.311000,75.125836
216,2.933067,13.123000,76.202088
217,2.946818,13.751000,72.721984
218,2.960083,13.265000,75.386355
219,2.973259,13.176000,75.895568
220,2.986482,13.223000,75.625804
221,2.999852,13.370000,74.794316
222,3.013292,13.440000,74.404762
223,3.026639,13.347000,74.923204
224,3.039719,13.080000,76.452599
225,3.053166,13.447000,74.366030
226,3.066409,13.243000,75.511591
227,3.079715,13.306000,75.154066
228,3.093408,13.693000,73.030015
229,3.106539,13.131000,76.155662
230,3.119944,13.405000,74.599030
231,3.133475,13.531000,73.904368
232,3.146585,13.110000,76.277651
233,3.160194,13.609000,73.480785
234,3.173134,12.940000,77.279753
235,3.186491,13.357000,74.867111
236,3.199715,13.224000,75.620085
237,3.213181,13.466000,74.261102
238,3.226720,13.539000,73.860699
239,3.240039,13.319000,75.080712
240,3.253370,13.331000,75.013127
241,3.266704,13.334000,74.996250
242,3.280130,13.426000,74.482348
243,3.293464,13.334000,74.996250
244,3.306354,12.890000,77.579519
245,3.319762,13.408000,74.582339
246,3.333134,13.372000,74.783129
247,3.346417,13.283000,75.284198
248,3.359946,13.529000,73.915293
249,3.373231,13.285000,75.272864
250,3.386470,13.239000,75.534406
251,3.399750,13.280000,75.301205
252,3.413282,13.532000,73.898906
253,3.426560,13.278000,75.312547
254,3.439741,13.181000,75.866778
255,3.453357,13.616000,73.443008
256,3.466406,13.049000,76.634225
257,3.479610,13.204000,75.734626
258,3.493133,13.523000,73.948088
259,3.506546,13.413000,74.554537
260,3.519589,13.043000,76.669478
261,3.533537,13.948000,71.694867
262,3.546675,13.138000,76.115086
263,3.559711,13.036000,76.710647
264,3.573252,13.541000,73.849790
265,3.586732,13.480000,74.183976
266,3.593897,7.165000,139.567341
267,3.600104,6.207000,161.108426
268,3.613054,12.950000,77.220077
269,3.626246,13.192000,75.803517
270,3.639697,13.451000,74.343915
271,3.653101,13.404000,74.604596
272,3.658959,5.858000,170.706726
273,3.666439,7.480000,133.689840
274,3.673263,6.824000,146.541618
275,3.680199,6.936000,144.175317
276,3.694338,14.139000,70.726360
277,3.707550,13.212000,75.688768
278,3.721307,13.757000,72.690267
279,3.734079,12.772000,78.296273
280,3.747331,13.252000,75.460308
281,3.761870,14.539000,68.780521
282,3.773878,12.008000,83.277815
283,3.787396,13.518000,73.975440
284,3.800576,13.180000,75.872534
285,3.814042,13.466000,74.261102
286,3.827235,13.193000,75.797772
287,3.840729,13.494000,74.107011
288,3.854293,13.564000,73.724565
289,3.867235,12.942000,77.267810
290,3.880603,13.368000,74.805506
291,3.894274,13.671000,73.147539
292,3.907243,12.969000,77.106947
293,3.920859,13.616000,73.443008
294,3.933914,13.055000,76.599004
295,3.947171,13.257000,75.431847
296,3.960560,13.389000,74.688177
297,3.974026,13.466000,74.261102
298,3.987187,13.161000,75.982068
299,4.000718,13.531000,73.904368
300,4.014038,13.320000,75.075075
301,4.027599,13.561000,73.740875
302,4.040663,13.064000,76.546234
303,4.054028,13.365000,74.822297
304,4.067170,13.142000,76.091919
305,4.080564,13.394000,74.660296
306,4.093964,13.400000,74.626866
307,4.107308,13.344000,74.940048
308,4.120609,13.301000,75.182317
309,4.134058,13.449000,74.354971
310,4.147336,13.278000,75.312547
311,4.168971,21.635000,46.221401
312,4.186328,17.357000,57.613643
313,4.191738,5.410000,184.842884
314,4.199521,7.783000,128.485160
315,4.205814,6.293000,158.906722
316,4.212801,6.987000,143.122943
317,4.218190,5.389000,185.563184
318,4.226331,8.141000,122.835033
319,4.239580,13.249000,75.477395
320,4.252847,13.267000,75.374991
321,4.266276,13.429000,74.465709
322,4.279571,13.295000,75.216247
323,4.292875,13.304000,75.165364
324,4.298997,6.122000,163.345312
325,4.306222,7.225000,138.408304
326,4.311508,5.286000,189.178963
327,4.319493,7.985000,125.234815
328,4.324823,5.330000,187.617261
329,4.332920,8.097000,123.502532
330,4.338939,6.019000,166.140555
331,4.346129,7.190000,139.082058
332,4.351382,5.253000,190.367409
333,4.359635,8.253000,121.168060
334,4.365951,6.316000,158.328056
335,4.372863,6.912000,144.675926
336,4.386283,13.420000,74.515648
337,4.391587,5.304000,188.536953
338,4.396451,4.864000,205.592105
339,4.400825,4.374000,228.623685
340,4.413918,13.093000,76.376690
341,4.428521,14.603000,68.479080
342,4.441679,13.158000,75.999392
343,4.455871,14.192000,70.462232
344,4.480044,24.173000,41.368469
345,4.484419,4.375000,228.571429
346,4.506735,22.316000,44.810898
347,4.519843,13.108000,76.289289
348,4.533283,13.440000,74.404762
349,4.546848,13.565000,73.719130
350,4.560042,13.194000,75.792027
351,4.573288,13.246000,75.494489
352,4.586418,13.130000,76.161462
353,4.600556,14.138000,70.731362
354,4.613985,13.429000,74.465709
355,4.627238,13.253000,75.454614
356,4.640707,13.469000,74.244562
357,4.653897,13.190000,75.815011
358,4.667194,13.297000,75.204933
359,4.680608,13.414000,74.548979
360,4.693987,13.379000,74.744002
361,4.707363,13.376000,74.760766
362,4.720598,13.235000,75.557235
363,4.733950,13.352000,74.895147
364,4.747637,13.687000,73.062030
365,4.760327,12.690000,78.802206
366,4.773888,13.561000,73.740875
367,4.787576,13.688000,73.056692
368,4.800748,13.172000,75.918615
369,4.814137,13.389000,74.688177
370,4.827357,13.220000,75.642965
371,4.840522,13.165000,75.958982
372,4.854115,13.593000,73.567277
373,4.866953,12.838000,77.893753
374,4.880161,13.208000,75.711690
375,4.893310,13.149000,76.051411
376,4.907016,13.706000,72.960747
377,4.919981,12.965000,77.130737
378,4.933358,13.377000,74.755177
379,4.946605,13.247000,75.488790
380,4.959860,13.255000,75.443229
381,4.967800,7.940000,125.944584
382,4.986943,19.143000,52.238416
383,5.000013,13.070000,76.511094
384,5.013539,13.526000,73.931687
385,5.026888,13.349000,74.911978
386,5.040046,13.158000,75.999392
387,5.053708,13.662000,73.195725
388,5.066652,12.944000,77.255871
389,5.079733,13.081000,76.446755
390,5.093184,13.451000,74.343915
391,5.106620,13.436000,74.426913
392,5.119891,13.271000,75.352272
393,5.133111,13.220000,75.642965
394,5.146574,13.463000,74.277650
395,5.159627,13.053000,76.610741
396,5.173571,13.944000,71.715433
397,5.186769,13.198000,75.769056
398,5.199859,13.090000,76.394194
399,5.213279,13.420000,74.515648
400,5.226731,13.452000,74.338388
401,5.240066,13.335000,74.990626
402,5.253137,13.071000,76.505241
403,5.266711,13.574000,73.670252
404,5.280334,13.623000,73.405270
405,5.293714,13.380000,74.738416
406,5.307086,13.372000,74.783129
407,5.320611,13.525000,73.937153
408,5.333952,13.341000,74.956900
409,5.347134,13.182000,75.861023
410,5.360302,13.168000,75.941677
411,5.373338,13.036000,76.710647
412,5.387311,13.973000,71.566593
413,5.399955,12.644000,79.088896
414,5.414043,14.088000,70.982396
415,5.426845,12.802000,78.112795
416,5.440482,13.637000,73.329911
417,5.454062,13.580000,73.637703
418,5.467269,13.207000,75.717423
419,5.480511,13.242000,75.517293
420,5.493938,13.427000,74.476800
421,5.507243,13.305000,75.159714
422,5.520485,13.242000,75.517293
423,5.533233,12.748000,78.443677
424,5.547110,13.877000,72.061685
425,5.559718,12.608000,79.314721
426,5.573552,13.834000,72.285673
427,5.587057,13.505000,74.046649
428,5.599869,12.812000,78.051826
429,5.613949,14.080000,71.022727
430,5.626746,12.797000,78.143315
431,5.640359,13.613000,73.459193
432,5.654053,13.694000,73.024682
433,5.667198,13.145000,76.074553
434,5.680010,12.812000,78.051826
435,5.693372,13.362000,74.839096
436,5.706857,13.485000,74.156470
437,5.720053,13.196000,75.780540
438,5.733389,13.336000,74.985003
439,5.746837,13.448000,74.360500
440,5.759851,13.014000,76.840326
441,5.773194,13.343000,74.945664
442,5.779495,6.301000,158.704967
443,5.786694,7.199000,138.908182
444,5.800046,13.352000,74.895147
445,5.803836,3.790000,263.852243
446,5.813636,9.800000,102.040816
447,5.826769,13.133000,76.144065
448,5.840011,13.242000,75.517293
449,5.853259,13.248000,75.483092
450,5.866642,13.383000,74.721662
451,5.879759,13.117000,76.236944
452,5.893010,13.251000,75.466003
453,5.898002,4.992000,200.320513
454,5.906320,8.318000,120.221207
455,5.919722,13.402000,74.615729
456,5.932893,13.171000,75.924379
457,5.946236,13.343000,74.945664
458,5.959611,13.375000,74.766355
459,5.972897,13.286000,75.267199
460,5.978845,5.948000,168.123739
461,5.986447,7.602000,131.544330
462,6.000033,13.586000,73.605182
463,6.015497,15.464000,64.666322
464,6.026350,10.853000,92.140422
465,6.041369,15.019000,66.582329
466,6.053213,11.844000,84.430935
467,6.067629,14.416000,69.367370
468,6.080193,12.564000,79.592486
469,6.093250,13.057000,76.587271
470,6.106547,13.297000,75.204933
471,6.119715,13.168000,75.941677
472,6.133290,13.575000,73.664825
473,6.146307,13.017000,76.822617
474,6.160036,13.729000,72.838517
475,6.173355,13.319000,75.080712
476,6.186431,13.076000,76.475987
477,6.200234,13.803000,72.448019
478,6.213391,13.157000,76.005168
479,6.226692,13.301000,75.182317
480,6.239774,13.082000,76.440911
481,6.253164,13.390000,74.682599
482,6.266378,13.214000,75.677312
483,6.280055,13.677000,73.115449
484,6.293176,13.121000,76.213703
485,6.306710,13.534000,73.887986
486,6.319770,13.060000,76.569678
487,6.333023,13.253000,75.454614
488,6.346939,13.916000,71.859730
489,6.359926,12.987000,77.000077
490,6.373510,13.584000,73.616019
491,6.386637,13.127000,76.178868
492,6.400615,13.978000,71.540993
493,6.413756,13.141000,76.097709
494,6.426770,13.014000,76.840326
495,6.440647,13.877000,72.061685
496,6.453727,13.080000,76.452599
497,6.466863,13.136000,76.126675
498,6.480371,13.508000,74.030204
499,6.493501,13.130000,76.161462
500,6.506621,13.120000,76.219512
501,6.519728,13.107000,76.295109
502,6.533435,13.707000,72.955424
503,6.546445,13.010000,76.863951
504,6.559930,13.485000,74.156470
505,6.573162,13.232000,75.574365
506,6.586664,13.502000,74.063102
507,6.593035,6.371000,156.961231
508,6.599712,6.677000,149.767860
509,6.613137,13.425000,74.487896
510,6.626435,13.298000,75.199278
511,6.639584,13.149000,76.051411
512,6.653119,13.535000,73.882527
513,6.666370,13.251000,75.466003
514,6.679803,13.433000,74.443535
515,6.692788,12.985000,77.011937
516,6.706280,13.492000,74.117996
517,6.719792,13.512000,74.008289
518,6.732828,13.036000,76.710647
519,6.746376,13.548000,73.811633
520,6.759688,13.312000,75.120192
521,6.772825,13.137000,76.120880
522,6.786562,13.737000,72.796098
523,6.799949,13.387000,74.699335
524,6.812784,12.835000,77.911959
525,6.826316,13.532000,73.898906
526,6.839651,13.335000,74.990626
527,6.853098,13.447000,74.366030
528,6.866650,13.552000,73.789847
529,6.879976,13.326000,75.041273
530,6.893021,13.045000,76.657723
531,6.906297,13.276000,75.323893
532,6.919627,13.330000,75.018755
533,6.933063,13.436000,74.426913
534,6.946373,13.310000,75.131480
535,6.960016,13.643000,73.297662
536,6.973515,13.499000,74.079561
537,6.986251,12.736000,78.517588
538,7.000029,13.778000,72.579475
539,7.013591,13.562000,73.735437
540,7.026866,13.275000,75.329567
541,7.040341,13.475000,74.211503
542,7.053678,13.337000,74.979381
543,7.067260,13.582000,73.626859
544,7.080424,13.164000,75.964752
545,7.094071,13.647000,73.276178
546,7.107415,13.344000,74.940048
547,7.120392,12.977000,77.059413
548,7.132814,12.422000,80.502335
549,7.146275,13.461000,74.288686
550,7.159969,13.694000,73.024682
551,7.173169,13.200000,75.757576
552,7.186615,13.446000,74.371560
553,7.199440,12.825000,77.972710
554,7.213146,13.706000,72.960747
555,7.226586,13.440000,74.404762
556,7.239925,13.339000,74.968139
557,7.253515,13.590000,73.583517
558,7.266481,12.966000,77.124788
559,7.279972,13.491000,74.123490
560,7.292818,12.846000,77.845244
561,7.306432,13.614000,73.453798
562,7.319471,13.039000,76.692998
563,7.332670,13.199000,75.763315
564,7.345941,13.271000,75.352272
565,7.359308,13.367000,74.811102
566,7.367060,7.752000,128.998968
567,7.386097,19.037000,52.529285
568,7.399259,13.162000,75.976295
569,7.412876,13.617000,73.437615
570,7.426918,14.042000,71.214927
571,7.440221,13.303000,75.171014
572,7.453565,13.344000,74.940048
573,7.466827,13.262000,75.403408
574,7.480316,13.489000,74.134480
575,7.493662,13.346000,74.928818
576,7.506856,13.194000,75.792027
577,7.520016,13.160000,75.987842
578,7.533466,13.450000,74.349442
579,7.559114,25.648000,38.989395
580,7.565095,5.981000,167.196121
581,7.572822,7.727000,129.416332
582,7.585777,12.955000,77.190274
583,7.599317,13.540000,73.855244
584,7.612522,13.205000,75.728891
585,7.625909,13.387000,74.699335
586,7.639220,13.311000,75.125836
587,7.652543,13.323000,75.058170
588,7.666028,13.485000,74.156470
589,7.679417,13.389000,74.688177
590,7.692756,13.339000,74.968139
591,7.706076,13.320000,75.075075
592,7.719123,13.047000,76.645972
593,7.732407,13.284000,75.278531
594,7.746104,13.697000,73.008688
595,7.759397,13.293000,75.227563
596,7.772833,13.436000,74.426913
597,7.786123,13.290000,75.244545
598,7.799746,13.623000,73.405270
599,7.812855,13.109000,76.283469
600,7.826248,13.393000,74.665870
601,7.840013,13.765000,72.648020
602,7.853399,13.386000,74.704916
603,7.866433,13.034000,76.722418
604,7.879352,12.919000,77.405372
605,7.892758,13.406000,74.593466
606,7.906043,13.285000,75.272864
607,7.918983,12.940000,77.279753
608,7.932655,13.672000,73.142188
609,7.946048,13.393000,74.665870
610,7.959400,13.352000,74.895147
611,7.972769,13.369000,74.799910
612,7.986337,13.568000,73.702830
613,7.999439,13.102000,76.324225
614,8.013348,13.909000,71.895895
615,8.026382,13.034000,76.722418
616,8.040505,14.123000,70.806486
617,8.053104,12.599000,79.371379
618,8.065713,12.609000,79.308430
619,8.079076,13.363000,74.833495
620,8.092382,13.306000,75.154066
621,8.106084,13.702000,72.982046
622,8.119088,13.004000,76.899416
623,8.132454,13.366000,74.816699
624,8.137881,5.427000,184.263866
625,8.146554,8.673000,115.300357
626,8.159030,12.476000,80.153895
627,8.163775,4.745000,210.748156
628,8.172835,9.060000,110.375276
629,8.186659,13.824000,72.337963
630,8.200049,13.390000,74.682599
631,8.213294,13.245000,75.500189
632,8.227253,13.959000,71.638370
633,8.240046,12.793000,78.167748
634,8.254259,14.213000,70.358123
635,8.266715,12.456000,80.282595
636,8.280075,13.360000,74.850299
637,8.293937,13.862000,72.139662
638,8.306696,12.759000,78.376048
639,8.319941,13.245000,75.500189
640,8.333508,13.567000,73.708263
641,8.346449,12.941000,77.273781
642,8.359676,13.227000,75.602933
643,8.373708,14.032000,71.265678
644,8.387897,14.189000,70.477130
645,8.400727,12.830000,77.942323
646,8.413508,12.781000,78.241139
647,8.427913,14.405000,69.420340
648,8.440373,12.460000,80.256822
649,8.454823,14.450000,69.204152
650,8.467304,12.481000,80.121785
651,8.481247,13.943000,71.720577
652,8.494459,13.212000,75.688768
653,8.507734,13.275000,75.329567
654,8.520807,13.073000,76.493536
655,8.534725,13.918000,71.849404
656,8.547387,12.662000,78.976465
657,8.560663,13.276000,75.323893
658,8.573711,13.048000,76.640098
659,8.587301,13.590000,73.583517
660,8.600678,13.377000,74.755177
661,8.613880,13.202000,75.746099
662,8.627327,13.447000,74.366030
663,8.640682,13.355000,74.878323
664,8.653878,13.196000,75.780540
665,8.667141,13.263000,75.397723
666,8.680097,12.956000,77.184316
667,8.693867,13.770000,72.621641
668,8.707049,13.182000,75.861023
669,8.720677,13.628000,73.378339
670,8.733758,13.081000,76.446755
671,8.747211,13.453000,74.332863
672,8.760653,13.442000,74.393691
673,8.773807,13.154000,76.022503
674,8.787605,13.798000,72.474272
675,8.800668,13.063000,76.552094
676,8.814044,13.376000,74.760766
677,8.827424,13.380000,74.738416
678,8.840576,13.152000,76.034063
679,8.853959,13.383000,74.721662
680,8.867175,13.216000,75.665860
681,8.880468,13.293000,75.227563
682,8.893699,13.231000,75.580077
683,8.907063,13.364000,74.827896
684,8.920261,13.198000,75.769056
685,8.936619,16.358000,61.132168
686,8.946442,9.823000,101.801894
687,8.960325,13.883000,72.030541
688,8.973619,13.294000,75.221905
689,8.986821,13.202000,75.746099
690,9.000330,13.509000,74.024724
691,9.013759,13.429000,74.465709
692,9.027002,13.243000,75.511591
693,9.040056,13.054000,76.604872
694,9.053241,13.185000,75.843762
695,9.066860,13.619000,73.426830
696,9.080076,13.216000,75.665860
697,9.093281,13.205000,75.728891
698,9.106549,13.268000,75.369310
699,9.119632,13.083000,76.435068
700,9.134212,14.580000,68.587106
701,9.146648,12.436000,80.411708
702,9.160795,14.147000,70.686365
703,9.173340,12.545000,79.713033
704,9.187445,14.105000,70.896845
705,9.201470,14.025000,71.301248
706,9.213783,12.313000,81.214976
707,9.227230,13.447000,74.366030
708,9.240560,13.330000,75.018755
709,9.253531,12.971000,77.095058
710,9.267353,13.822000,72.348430
711,9.280484,13.131000,76.155662
712,9.293685,13.201000,75.751837
713,9.307250,13.565000,73.719130
714,9.320214,12.964000,77.136686
715,9.333407,13.193000,75.797772
716,9.347434,14.027000,71.291081
717,9.360926,13.492000,74.117996
718,9.373756,12.830000,77.942323
719,9.386993,13.237000,75.545819
720,9.400921,13.928000,71.797817
721,9.413866,12.945000,77.249903
722,9.427866,14.000000,71.428571
723,9.441128,13.262000,75.403408
724,9.453839,12.711000,78.672016
725,9.467371,13.532000,73.898906
726,9.480642,13.271000,75.352272
727,9.494400,13.758000,72.684983
728,9.507302,12.902000,77.507363
729,9.521706,14.404000,69.425160
730,9.534320,12.614000,79.276994
731,9.547308,12.988000,76.994148
732,9.560574,13.266000,75.380672
733,9.573781,13.207000,75.717423
734,9.587842,14.061000,71.118697
735,9.600269,12.427000,80.469944
736,9.613920,13.651000,73.254707
737,9.627306,13.386000,74.704916
738,9.640428,13.122000,76.207895
739,9.653682,13.254000,75.448921
740,9.666926,13.244000,75.505889
741,9.680579,13.653000,73.243976
742,9.693487,12.908000,77.471336
743,9.707528,14.041000,71.219999
744,9.720025,12.497000,80.019205
745,9.744112,24.087000,41.516171
746,9.759254,15.142000,66.041474
747,9.766323,7.069000,141.462725
748,9.772219,5.896000,169.606513
749,9.786014,13.795000,72.490033
750,9.799293,13.279000,75.306876
751,9.812855,13.562000,73.735437
752,9.826044,13.189000,75.820760
753,9.839597,13.553000,73.784402
754,9.852686,13.089000,76.400031
755,9.865936,13.250000,75.471698
756,9.879333,13.397000,74.643577
757,9.892779,13.446000,74.371560
758,9.905719,12.940000,77.279753
759,9.919225,13.506000,74.041167
760,9.932562,13.337000,74.979381
761,9.945917,13.355000,74.878323
762,9.959436,13.519000,73.969968
763,9.966503,7.067000,141.502759
764,9.972562,6.059000,165.043737
765,9.975533,2.971000,336.587008
766,9.986507,10.974000,91.124476
767,9.989592,3.085000,324.149109
768,9.992457,2.865000,349.040140
769,9.995051,2.594000,385.505012
770,10.012811,17.760000,56.306306
771,10.027417,14.606000,68.465014
772,10.041517,14.100000,70.921986
773,10.055921,14.404000,69.425160
774,10.067948,12.027000,83.146254
775,10.081643,13.695000,73.019350
776,10.096122,14.479000,69.065543
777,10.107990,11.868000,84.260195
778,10.121632,13.642000,73.303035
779,10.135345,13.713000,72.923503
780,10.147773,12.428000,80.463470
781,10.161403,13.630000,73.367572
782,10.187178,25.775000,38.797284
783,10.201898,14.720000,67.934783
784,10.214048,12.150000,82.304527
785,10.227449,13.401000,74.621297
786,10.240703,13.254000,75.448921
787,10.254259,13.556000,73.768073
788,10.267487,13.228000,75.597218
789,10.280183,12.696000,78.764965
790,10.294413,14.230000,70.274069
791,10.307252,12.839000,77.887686
792,10.320545,13.293000,75.227563
793,10.334010,13.465000,74.266617
794,10.346484,12.474000,80.166747
795,10.360424,13.940000,71.736011
796,10.373772,13.348000,74.917591
797,10.387025,13.253000,75.454614
798,10.400216,13.191000,75.809264
799,10.413655,13.439000,74.410298
800,10.426758,13.103000,76.318400
801,10.440148,13.390000,74.682599
802,10.453554,13.406000,74.593466
803,10.466910,13.356000,74.872716
804,10.480459,13.549000,73.806185
805,10.493449,12.990000,76.982294
806,10.506777,13.328000,75.030012
807,10.520353,13.576000,73.659399
808,10.533694,13.341000,74.956900
809,10.546983,13.289000,75.250207
810,10.560659,13.676000,73.120796
811,10.582013,21.354000,46.829634
812,10.599303,17.290000,57.836900
813,10.606680,7.377000,135.556459
814,10.612186,5.506000,181.620051
815,10.625878,13.692000,73.035349
816,10.639322,13.444000,74.382624
817,10.652358,13.036000,76.710647
818,10.666064,13.706000,72.960747
819,10.679379,13.315000,75.103267
820,10.692576,13.197000,75.774797
821,10.706037,13.461000,74.288686
822,10.719285,13.248000,75.483092
823,10.732569,13.284000,75.278531
824,10.745836,13.267000,75.374991
825,10.759102,13.266000,75.380672
826,10.772253,13.151000,76.039845
827,10.778271,6.018000,166.168162
828,10.785477,7.206000,138.773245
829,10.799004,13.527000,73.926222
830,10.812101,13.097000,76.353363
831,10.825459,13.358000,74.861506
832,10.838829,13.370000,74.794316
833,10.852048,13.219000,75.648687
834,10.865595,13.547000,73.817081
835,10.878842,13.247000,75.488790
836,10.891962,13.120000,76.219512
837,10.905505,13.543000,73.838884
838,10.918882,13.377000,74.755177
839,10.932273,13.391000,74.677022
840,10.945546,13.273000,75.340918
841,10.958790,13.244000,75.505889
842,10.971948,13.158000,75.999392
843,10.985492,13.544000,73.833432
844,10.998936,13.444000,74.382624
845,11.012142,13.206000,75.723156
846,11.025377,13.235000,75.557235
847,11.038661,13.284000,75.278531
848,11.052259,13.598000,73.540227
849,11.065561,13.302000,75.176665
850,11.078770,13.209000,75.705958
851,11.092227,13.457000,74.310768
852,11.105498,13.271000,75.352272
853,11.118836,13.338000,74.973759
854,11.131789,12.953000,77.202193
855,11.145280,13.491000,74.123490
856,11.158865,13.585000,73.610600
857,11.172158,13.293000,75.227563
858,11.185457,13.299000,75.193624
859,11.198484,13.027000,76.763645
860,11.211931,13.447000,74.366030
861,11.225436,13.505000,74.046649
862,11.238764,13.328000,75.030012
863,11.252173,13.409000,74.576777
864,11.265404,13.231000,75.580077
865,11.278525,13.121000,76.213703
866,11.291936,13.411000,74.565655
867,11.305308,13.372000,74.783129
868,11.318460,13.152000,76.034063
869,11.331956,13.496000,74.096028
870,11.345195,13.239000,75.534406
871,11.351175,5.980000,167.224080
872,11.358695,7.520000,132.978723
873,11.371954,13.259000,75.420469
874,11.386155,14.201000,70.417576
875,11.399281,13.126000,76.184672
876,11.412355,13.074000,76.487685
877,11.425622,13.267000,75.374991
878,11.439230,13.608000,73.486185
879,11.453154,13.924000,71.818443
880,11.466239,13.085000,76.423386
881,11.480247,14.008000,71.387778
882,11.492972,12.725000,78.585462
883,11.506208,13.236000,75.551526
884,11.520033,13.825000,72.332731
885,11.532927,12.894000,77.555452
886,11.546168,13.241000,75.522997
887,11.559591,13.423000,74.498994
888,11.572772,13.181000,75.866778
889,11.586132,13.360000,74.850299
890,11.599782,13.650000,73.260073
891,11.613272,13.490000,74.128984
892,11.626494,13.222000,75.631523
893,11.639924,13.430000,74.460164
894,11.653356,13.432000,74.449077
895,11.666739,13.383000,74.721662
896,11.679762,13.023000,76.787223
897,11.693140,13.378000,74.749589
898,11.706325,13.185000,75.843762
899,11.719859,13.534000,73.887986
900,11.733114,13.255000,75.443229
901,11.746491,13.377000,74.755177
902,11.759932,13.441000,74.399226
903,11.773052,13.120000,76.219512
904,11.786411,13.359000,74.855902
905,11.799930,13.519000,73.969968
906,11.813129,13.199000,75.763315
907,11.826735,13.606000,73.496987
908,11.839535,12.800000,78.125000
909,11.852850,13.315000,75.103267
910,11.866172,13.322000,75.063804
911,11.879502,13.330000,75.018755
912,11.892782,13.280000,75.301205
913,11.906100,13.318000,75.086349
914,11.919388,13.288000,75.255870
915,11.932782,13.394000,74.660296
916,11.945980,13.198000,75.769056
917,11.959420,13.440000,74.404762
918,11.972695,13.275000,75.329567
919,11.985965,13.270000,75.357950
920,11.999723,13.758000,72.684983
921,12.013220,13.497000,74.090539
922,12.026604,13.384000,74.716079
923,12.039432,12.828000,77.954475
924,12.052790,13.358000,74.861506
925,12.066215,13.425000,74.487896
926,12.079766,13.551000,73.795292
927,12.093239,13.473000,74.222519
928,12.110771,17.532000,57.038558
929,12.120575,9.804000,101.999184
930,12.132977,12.402000,80.632156
931,12.146311,13.334000,74.996250
932,12.159413,13.102000,76.324225
933,12.172820,13.407000,74.587902
934,12.186325,13.505000,74.046649
935,12.199438,13.113000,76.260200
936,12.212947,13.509000,74.024724
937,12.226571,13.624000,73.399883
938,12.239632,13.061000,76.563816
939,12.253185,13.553000,73.784402
940,12.266439,13.254000,75.448921
941,12.280627,14.188000,70.482098
942,12.292782,12.155000,82.270671
943,12.306216,13.434000,74.437993
944,12.319548,13.332000,75.007501
945,12.332694,13.146000,76.068766
946,12.346017,13.323000,75.058170
947,12.359312,13.295000,75.216247
948,12.372674,13.362000,74.839096
949,12.386968,14.294000,69.959424
950,12.399743,12.775000,78.277886
951,12.413178,13.435000,74.432453
952,12.426398,13.220000,75.642965
953,12.439657,13.259000,75.420469
954,12.453088,13.431000,74.454620
955,12.466330,13.242000,75.517293
956,12.479838,13.508000,74.030204
957,12.493068,13.230000,75.585790
958,12.506385,13.317000,75.091988
959,12.519603,13.218000,75.654411
960,12.533114,13.511000,74.013767
961,12.546286,13.172000,75.918615
962,12.559714,13.428000,74.471254
963,12.572971,13.257000,75.431847
964,12.586296,13.325000,75.046904
965,12.599591,13.295000,75.216247
966,12.612913,13.322000,75.063804
967,12.626378,13.465000,74.266617
968,12.639270,12.892000,77.567484
969,12.652695,13.425000,74.487896
970,12.665959,13.264000,75.392039
971,12.679786,13.827000,72.322268
972,12.692973,13.187000,75.832259
973,12.706305,13.332000,75.007501
974,12.719740,13.435000,74.432453
975,12.733117,13.377000,74.755177
976,12.746496,13.379000,74.744002
977,12.759788,13.292000,75.233223
978,12.772950,13.162000,75.976295
979,12.786341,13.391000,74.677022
980,12.799321,12.980000,77.041602
981,12.812690,13.369000,74.799910
982,12.825970,13.280000,75.301205
983,12.839540,13.570000,73.691968
984,12.852937,13.397000,74.643577
985,12.867930,14.993000,66.697792
986,12.879795,11.865000,84.281500
987,12.892730,12.935000,77.309625
988,12.905563,12.833000,77.924102
989,12.919563,14.000000,71.428571
990,12.932796,13.233000,75.568654
991,12.945961,13.165000,75.958982
992,12.960088,14.127000,70.786437
993,12.972974,12.886000,77.603601
994,12.986814,13.840000,72.254335
995,12.999652,12.838000,77.893753
996,13.013348,13.696000,73.014019
997,13.026137,12.789000,78.192196
998,13.039982,13.845000,72.228241
999,13.054354,14.372000,69.579738
1000,13.066661,12.307000,81.254571
1001,13.079275,12.614000,79.276994
1002,13.093049,13.774000,72.600552
1003,13.106646,13.597000,73.545635
1004,13.120280,13.634000,73.346047
1005,13.133317,13.037000,76.704763
1006,13.146628,13.311000,75.125836
1007,13.160586,13.958000,71.643502
1008,13.173365,12.779000,78.253384
1009,13.186686,13.321000,75.069439
1010,13.199818,13.132000,76.149863
1011,13.213310,13.492000,74.117996
1012,13.226509,13.199000,75.763315
1013,13.239694,13.185000,75.843762
1014,13.252984,13.290000,75.244545
1015,13.265987,13.003000,76.905330
1016,13.279557,13.570000,73.691968
1017,13.292896,13.339000,74.968139
1018,13.306134,13.238000,75.540112
1019,13.319607,13.473000,74.222519
1020,13.332919,13.312000,75.120192
1021,13.345821,12.902000,77.507363
1022,13.359559,13.738000,72.790799
1023,13.372869,13.310000,75.131480
1024,13.387035,14.166000,70.591557
1025,13.399737,12.702000,78.727759
1026,13.412931,13.194000,75.792027
1027,13.426255,13.324000,75.052537
1028,13.439560,13.305000,75.159714
1029,13.453560,14.000000,71.428571
1030,13.466285,12.725000,78.585462
1031,13.479369,13.084000,76.429227
1032,13.492964,13.595000,73.556455
1033,13.506516,13.552000,73.789847
1034,13.519569,13.053000,76.610741
1035,13.533085,13.516000,73.986387
1036,13.546205,13.120000,76.219512
1037,13.559740,13.535000,73.882527
1038,13.572705,12.965000,77.130737
1039,13.585967,13.262000,75.403408
1040,13.599438,13.471000,74.233539
1041,13.612579,13.141000,76.097709
1042,13.631473,18.894000,52.926855
1043,13.651597,20.124000,49.691910
1044,13.657198,5.601000,178.539547
1045,13.664818,7.620000,131.233596
1046,13.678167,13.349000,74.911978
1047,13.691700,13.533000,73.893446
1048,13.704882,13.182000,75.861023
1049,13.718457,13.575000,73.664825
1050,13.724003,5.546000,180.310133
1051,13.731632,7.629000,131.078778
1052,13.744742,13.110000,76.277651
1053,13.758353,13.611000,73.469988
1054,13.771820,13.467000,74.255588
1055,13.785139,13.319000,75.080712
1056,13.798327,13.188000,75.826509
1057,13.804218,5.891000,169.750467
1058,13.811797,7.579000,131.943528
1059,13.824882,13.085000,76.423386
1060,13.838396,13.514000,73.997336
1061,13.851533,13.137000,76.120880
1062,13.865027,13.494000,74.107011
1063,13.878512,13.485000,74.156470
1064,13.891928,13.416000,74.537865
1065,13.905178,13.250000,75.471698
1066,13.918800,13.622000,73.410659
1067,13.932131,13.331000,75.013127
1068,13.945567,13.436000,74.426913
1069,13.958647,13.080000,76.452599
1070,13.972294,13.647000,73.276178
1071,13.985728,13.434000,74.437993
1072,13.998806,13.078000,76.464291
1073,14.012074,13.268000,75.369310
1074,14.025508,13.434000,74.437993
1075,14.038820,13.312000,75.120192
1076,14.052942,14.122000,70.811500
1077,14.065482,12.540000,79.744817
1078,14.079237,13.755000,72.700836
1079,14.092030,12.793000,78.167748
1080,14.105715,13.685000,73.072707
1081,14.119765,14.050000,71.174377
1082,14.131999,12.234000,81.739415
1083,14.145329,13.330000,75.018755
1084,14.159609,14.280000,70.028011
1085,14.171918,12.309000,81.241368
1086,14.186388,14.470000,69.108500
1087,14.198750,12.362000,80.893059
1088,14.212802,14.052000,71.164247
1089,14.225399,12.597000,79.383980
1090,14.239626,14.227000,70.288887
1091,14.252129,12.503000,79.980805
1092,14.265099,12.970000,77.101002
1093,14.278764,13.665000,73.179656
1094,14.291858,13.094000,76.370857
1095,14.305723,13.865000,72.124053
1096,14.319289,13.566000,73.713696
1097,14.331883,12.594000,79.402890
1098,14.344704,12.821000,77.997036
1099,14.358417,13.713000,72.923503
1100,14.371537,13.120000,76.219512
1101,14.384708,13.171000,75.924379
1102,14.398118,13.410000,74.571216
1103,14.405229,7.111000,140.627197
1104,14.411550,6.321000,158.202816
1105,14.424815,13.265000,75.386355
1106,14.438084,13.269000,75.363630
1107,14.451617,13.533000,73.893446
1108,14.464738,13.121000,76.213703
1109,14.478031,13.293000,75.227563
1110,14.491471,13.440000,74.404762
1111,14.504810,13.339000,74.968139
1112,14.518345,13.535000,73.882527
1113,14.531383,13.038000,76.698880
1114,14.544915,13.532000,73.898906
1115,14.558440,13.525000,73.937153
1116,14.571260,12.820000,78.003120
1117,14.584965,13.705000,72.966071
1118,14.598282,13.317000,75.091988
1119,14.611670,13.388000,74.693756
1120,14.624696,13.026000,76.769538
1121,14.638334,13.638000,73.324534
1122,14.651802,13.468000,74.250074
1123,14.665105,13.303000,75.171014
1124,14.678685,13.580000,73.637703
1125,14.692112,13.427000,74.476800
1126,14.705324,13.212000,75.688768
1127,14.719084,13.760000,72.674419
1128,14.732000,12.916000,77.423351
1129,14.745211,13.211000,75.694497
1130,14.758825,13.614000,73.453798
1131,14.772349,13.524000,73.942621
1132,14.786214,13.865000,72.124053
1133,14.798590,12.376000,80.801551
1134,14.812059,13.469000,74.244562
1135,14.825339,13.280000,75.301205
1136,14.839442,14.103000,70.906899
1137,14.852835,13.393000,74.665870
1138,14.865256,12.421000,80.508816
1139,14.878798,13.542000,73.844336
1140,14.891922,13.124000,76.196282
1141,14.905664,13.742000,72.769611
1142,14.919082,13.418000,74.526755
1143,14.931993,12.911000,77.453334
1144,14.946086,14.093000,70.957213
1145,14.959014,12.928000,77.351485
1146,14.971964,12.950000,77.220077
1147,14.985151,13.187000,75.832259
1148,14.998387,13.236000,75.551526
1149,15.011902,13.515000,73.991861
1150,15.026279,14.377000,69.555540
1151,15.038921,12.642000,79.101408
1152,15.052415,13.494000,74.107011
1153,15.065249,12.834000,77.918030
1154,15.079057,13.808000,72.421784
1155,15.091656,12.599000,79.371379
1156,15.104627,12.971000,77.095058
1157,15.118104,13.477000,74.200490
1158,15.131421,13.317000,75.091988
1159,15.144778,13.357000,74.867111
1160,15.157961,13.183000,75.855268
1161,15.171584,13.623000,73.405270
1162,15.176892,5.308000,188.394876
1163,15.184895,8.003000,124.953143
1164,15.198011,13.116000,76.242757
1165,15.204239,6.228000,160.565189
1166,15.211197,6.958000,143.719460
1167,15.224936,13.739000,72.785501
1168,15.237953,13.017000,76.822617
1169,15.251526,13.573000,73.675680
1170,15.264662,13.136000,76.126675
1171,15.280020,15.358000,65.112645
1172,15.291553,11.533000,86.707708
1173,15.304771,13.218000,75.654411
1174,15.318233,13.462000,74.283167
1175,15.331216,12.983000,77.023800
1176,15.344926,13.710000,72.939460
1177,15.358325,13.399000,74.632435
1178,15.371535,13.210000,75.700227
1179,15.384599,13.064000,76.546234
1180,15.397903,13.304000,75.165364
1181,15.411614,13.711000,72.934140
1182,15.425060,13.446000,74.371560
1183,15.438291,13.231000,75.580077
1184,15.451698,13.407000,74.587902
1185,15.465168,13.470000,74.239050
1186,15.478871,13.703000,72.976720
1187,15.491829,12.958000,77.172403
1188,15.505018,13.189000,75.820760
1189,15.518541,13.523000,73.948088
1190,15.531860,13.319000,75.080712
1191,15.545239,13.379000,74.744002
1192,15.558362,13.123000,76.202088
1193,15.571858,13.496000,74.096028
1194,15.585766,13.908000,71.901064
1195,15.598548,12.782000,78.235018
1196,15.611826,13.278000,75.312547
1197,15.625250,13.424000,74.493445
1198,15.638576,13.326000,75.041273
1199,15.652139,13.563000,73.730001
1200,15.665284,13.145000,76.074553
1201,15.678785,13.501000,74.068588
1202,15.691787,13.002000,76.911244
1203,15.705243,13.456000,74.316290
1204,15.718262,13.019000,76.810815
1205,15.731851,13.589000,73.588932
1206,15.745523,13.672000,73.142188
1207,15.758316,12.793000,78.167748
1208,15.771622,13.306000,75.154066
1209,15.784717,13.095000,76.365025
1210,15.798186,13.469000,74.244562
1211,15.811457,13.271000,75.352272
1212,15.824802,13.345000,74.934432
1213,15.837978,13.176000,75.895568
1214,15.851508,13.530000,73.909830
1215,15.864607,13.099000,76.341705
1216,15.877993,13.386000,74.704916
1217,15.891456,13.463000,74.277650
1218,15.904641,13.185000,75.843762
1219,15.918111,13.470000,74.239050
1220,15.931154,13.043000,76.669478
1221,15.940026,8.872000,112.714157
1222,15.958050,18.024000,55.481580
1223,15.971158,13.108000,76.289289
1224,15.984814,13.656000,73.227885
1225,15.997987,13.173000,75.912852
1226,16.011133,13.146000,76.068766
1227,16.024501,13.368000,74.805506
1228,16.037897,13.396000,74.649149
1229,16.051320,13.423000,74.498994
1230,16.064574,13.254000,75.448921
1231,16.077823,13.249000,75.477395
1232,16.091160,13.337000,74.979381
1233,16.104799,13.639000,73.319158
1234,16.117964,13.165000,75.958982
1235,16.131297,13.333000,75.001875
1236,16.144756,13.459000,74.299725
1237,16.158142,13.386000,74.704916
1238,16.171185,13.043000,76.669478
1239,16.184829,13.644000,73.292290
1240,16.197767,12.938000,77.291699
1241,16.211184,13.417000,74.532310
1242,16.224668,13.484000,74.161970
1243,16.238107,13.439000,74.410298
1244,16.251452,13.345000,74.934432
1245,16.264569,13.117000,76.236944
1246,16.277876,13.307000,75.148418
1247,16.291151,13.275000,75.329567
1248,16.304750,13.599000,73.534819
1249,16.318117,13.367000,74.811102
1250,16.331406,13.289000,75.250207
1251,16.344373,12.967000,77.118840
1252,16.357908,13.535000,73.882527
1253,16.371145,13.237000,75.545819
1254,16.384438,13.293000,75.227563
1255,16.397891,13.453000,74.332863
1256,16.411420,13.529000,73.915293
1257,16.424751,13.331000,75.013127
1258,16.437960,13.209000,75.705958
1259,16.451119,13.159000,75.993617
1260,16.464674,13.555000,73.773515
1261,16.478013,13.339000,74.968139
1262,16.491397,13.384000,74.716079
1263,16.504425,13.028000,76.757753
1264,16.517823,13.398000,74.638006
1265,16.531146,13.323000,75.058170
1266,16.544405,13.259000,75.420469
1267,16.557887,13.482000,74.172971
1268,16.571429,13.542000,73.844336
1269,16.577578,6.149000,162.628070
1270,16.584654,7.076000,141.322781
1271,16.598235,13.581000,73.632280
1272,16.611341,13.106000,76.300931
1273,16.624656,13.315000,75.103267
1274,16.638038,13.382000,74.727246
1275,16.651307,13.269000,75.363630
1276,16.664424,13.117000,76.236944
1277,16.678011,13.587000,73.599764
1278,16.691364,13.353000,74.889538
1279,16.700768,9.404000,106.337729
1280,16.717694,16.926000,59.080704
1281,16.731023,13.329000,75.024383
1282,16.744484,13.461000,74.288686
1283,16.757854,13.370000,74.794316
1284,16.771140,13.286000,75.267199
1285,16.784727,13.587000,73.599764
1286,16.797891,13.164000,75.964752
1287,16.811414,13.523000,73.948088
1288,16.824723,13.309000,75.137125
1289,16.837935,13.212000,75.688768
1290,16.851010,13.075000,76.481836
1291,16.864696,13.686000,73.067368
1292,16.877717,13.021000,76.799017
1293,16.891353,13.636000,73.335289
1294,16.904370,13.017000,76.822617
1295,16.917825,13.455000,74.321813
1296,16.931271,13.446000,74.371560
1297,16.944555,13.284000,75.278531
1298,16.957819,13.264000,75.392039
1299,16.971118,13.299000,75.193624
1300,16.984623,13.505000,74.046649
1301,16.998019,13.396000,74.649149
1302,17.011343,13.324000,75.052537
1303,17.024656,13.313000,75.114550
1304,17.037623,12.967000,77.118840
1305,17.051123,13.500000,74.074074
1306,17.064402,13.279000,75.306876
1307,17.077734,13.332000,75.007501
1308,17.090915,13.181000,75.866778
1309,17.104567,13.652000,73.249341
1310,17.117794,13.227000,75.602933
1311,17.132120,14.326000,69.803155
1312,17.144383,12.263000,81.546114
1313,17.157843,13.460000,74.294205
1314,17.171116,13.273000,75.340918
1315,17.184544,13.428000,74.471254
1316,17.197746,13.202000,75.746099
1317,17.211104,13.358000,74.861506
1318,17.224233,13.129000,76.167263
1319,17.230655,6.422000,155.714731
1320,17.237565,6.910000,144.717800
1321,17.251248,13.683000,73.083388
1322,17.264576,13.328000,75.030012
1323,17.277583,13.007000,76.881679
1324,17.291246,13.663000,73.190368
1325,17.304459,13.213000,75.683039
1326,17.317595,13.136000,76.126675
1327,17.331275,13.680000,73.099415
1328,17.344292,13.017000,76.822617
1329,17.357616,13.324000,75.052537
1330,17.371308,13.692000,73.035349
1331,17.384640,13.332000,75.007501
1332,17.397624,12.984000,77.017868
1333,17.411327,13.703000,72.976720
1334,17.424488,13.161000,75.982068
1335,17.437988,13.500000,74.074074
1336,17.451290,13.302000,75.176665
1337,17.464301,13.011000,76.858043
1338,17.473056,8.755000,114.220445
1339,17.490986,17.930000,55.772448
1340,17.504350,13.364000,74.827896
1341,17.509777,5.427000,184.263866
1342,17.530979,21.202000,47.165362
1343,17.536891,5.912000,169.147497
1344,17.544259,7.368000,135.722041
1345,17.557923,13.664000,73.185012
1346,17.571223,13.300000,75.187970
1347,17.584574,13.351000,74.900756
1348,17.597687,13.113000,76.260200
1349,17.611025,13.338000,74.973759
1350,17.624486,13.461000,74.288686
1351,17.637678,13.192000,75.803517
1352,17.650935,13.257000,75.431847
1353,17.664636,13.701000,72.987373
1354,17.677984,13.348000,74.917591
1355,17.691246,13.262000,75.403408
1356,17.704651,13.405000,74.599030
1357,17.717551,12.900000,77.519380
1358,17.731030,13.479000,74.189480
1359,17.744628,13.598000,73.540227
1360,17.757915,13.287000,75.261534
1361,17.771334,13.419000,74.521201
1362,17.784584,13.250000,75.471698
1363,17.798591,14.007000,71.392875
1364,17.811539,12.948000,77.232005
1365,17.824853,13.314000,75.108908
1366,17.838455,13.602000,73.518600
1367,17.852635,14.180000,70.521862
1368,17.865312,12.677000,78.883016
1369,17.878316,13.004000,76.899416
1370,17.891216,12.900000,77.519380
1371,17.904880,13.664000,73.185012
1372,17.917959,13.079000,76.458445
1373,17.931322,13.363000,74.833495
1374,17.944490,13.168000,75.941677
1375,17.971366,26.876000,37.207918
1376,17.984891,13.525000,73.937153
1377,17.998503,13.612000,73.464590
1378,18.012388,13.885000,72.020166
1379,18.024914,12.526000,79.833945
1380,18.038234,13.320000,75.075075
1381,18.051416,13.182000,75.861023
1382,18.064612,13.196000,75.780540
1383,18.077634,13.022000,76.793119
1384,18.090890,13.256000,75.437538
1385,18.104218,13.328000,75.030012
1386,18.117937,13.719000,72.891610
1387,18.130954,13.017000,76.822617
1388,18.144189,13.235000,75.557235
1389,18.157547,13.358000,74.861506
1390,18.170946,13.399000,74.632435
1391,18.184196,13.250000,75.471698
1392,18.197497,13.301000,75.182317
1393,18.210912,13.415000,74.543422
1394,18.224104,13.192000,75.803517
1395,18.237545,13.441000,74.399226
1396,18.251071,13.526000,73.931687
1397,18.256542,5.471000,182.781941
1398,18.264177,7.635000,130.975769
1399,18.277588,13.411000,74.565655
1400,18.290824,13.236000,75.551526
1401,18.304494,13.670000,73.152890
1402,18.317510,13.016000,76.828519
1403,18.330815,13.305000,75.159714
1404,18.344149,13.334000,74.996250
1405,18.357485,13.336000,74.985003
1406,18.371038,13.553000,73.784402
1407,18.384188,13.150000,76.045627
1408,18.397794,13.606000,73.496987
1409,18.410791,12.997000,76.940832
1410,18.416487,5.696000,175.561798
1411,18.424289,7.802000,128.172264
1412,18.437436,13.147000,76.062980
1413,18.451056,13.620000,73.421439
1414,18.456478,5.422000,184.433788
1415,18.464371,7.893000,126.694539
1416,18.477813,13.442000,74.393691
1417,18.490875,13.062000,76.557954
1418,18.504215,13.340000,74.962519
1419,18.517828,13.613000,73.459193
1420,18.531119,13.291000,75.238883
1421,18.544538,13.419000,74.521201
1422,18.557898,13.360000,74.850299
1423,18.571459,13.561000,73.740875
1424,18.584348,12.889000,77.585538
1425,18.597794,13.446000,74.371560
1426,18.611646,13.852000,72.191741
1427,18.624825,13.179000,75.878291
1428,18.637929,13.104000,76.312576
1429,18.651853,13.924000,71.818443
1430,18.664764,12.911000,77.453334
1431,18.678385,13.621000,73.416049
1432,18.691247,12.862000,77.748406
1433,18.704570,13.323000,75.058170
1434,18.718927,14.357000,69.652434
1435,18.731395,12.468000,80.205326
1436,18.745503,14.108000,70.881769
1437,18.758406,12.903000,77.501356
1438,18.771505,13.099000,76.341705
1439,18.784497,12.992000,76.970443
1440,18.797695,13.198000,75.769056
1441,18.811154,13.459000,74.299725
1442,18.824770,13.616000,73.443008
1443,18.837783,13.013000,76.846231
1444,18.851090,13.307000,75.148418
1445,18.864126,13.036000,76.710647
1446,18.877473,13.347000,74.923204
1447,18.891051,13.578000,73.648549
1448,18.904189,13.138000,76.115086
1449,18.917753,13.564000,73.724565
1450,18.930842,13.089000,76.400031
1451,18.944052,13.210000,75.700227
1452,18.957450,13.398000,74.638006
1453,18.970804,13.354000,74.883930
1454,18.984140,13.336000,74.985003
1455,18.997385,13.245000,75.500189
1456,19.010758,13.373000,74.777537
1457,19.024051,13.293000,75.227563
1458,19.037566,13.515000,73.991861
1459,19.050734,13.168000,75.941677
1460,19.056206,5.472000,182.748538
1461,19.064020,7.814000,127.975429
1462,19.077461,13.441000,74.399226
1463,19.090723,13.262000,75.403408
1464,19.104088,13.365000,74.822297
1465,19.117398,13.310000,75.131480
1466,19.131064,13.666000,73.174301
1467,19.144102,13.038000,76.698880
1468,19.157472,13.370000,74.794316
1469,19.170789,13.317000,75.091988
1470,19.184060,13.271000,75.352272
1471,19.197371,13.311000,75.125836
1472,19.210798,13.427000,74.476800
1473,19.224077,13.279000,75.306876
1474,19.237413,13.336000,74.985003
1475,19.251073,13.660000,73.206442
1476,19.264075,13.002000,76.911244
1477,19.277522,13.447000,74.366030
1478,19.290897,13.375000,74.766355
1479,19.304077,13.180000,75.872534
1480,19.317421,13.344000,74.940048
1481,19.330689,13.268000,75.369310
1482,19.344365,13.676000,73.120796
1483,19.357699,13.334000,74.996250
1484,19.370941,13.242000,75.517293
1485,19.384101,13.160000,75.987842
1486,19.397650,13.549000,73.806185
1487,19.410623,12.973000,77.083173
1488,19.423992,13.369000,74.799910
1489,19.437339,13.347000,74.923204
1490,19.450759,13.420000,74.515648
1491,19.464031,13.272000,75.346594
1492,19.477634,13.603000,73.513196
1493,19.491049,13.415000,74.543422
1494,19.504058,13.009000,76.869859
1495,19.517685,13.627000,73.383723
1496,19.530964,13.279000,75.306876
1497,19.544286,13.322000,75.063804
1498,19.557480,13.194000,75.792027
1499,19.570948,13.468000,74.250074
1500,19.584270,13.322000,75.063804
1501,19.597585,13.315000,75.103267
1502,19.610935,13.350000,74.906367
1503,19.624247,13.312000,75.120192
1504,19.637239,12.992000,76.970443
1505,19.650623,13.384000,74.716079
1506,19.663949,13.326000,75.041273
1507,19.677685,13.736000,72.801398
1508,19.690727,13.042000,76.675357
1509,19.703953,13.226000,75.608650
1510,19.717418,13.465000,74.266617
1511,19.730752,13.334000,74.996250
1512,19.744078,13.326000,75.041273
1513,19.757397,13.319000,75.080712
1514,19.770770,13.373000,74.777537
1515,19.784037,13.267000,75.374991
1516,19.797408,13.371000,74.788722
1517,19.810762,13.354000,74.883930
1518,19.824150,13.388000,74.693756
1519,19.830601,6.451000,155.014726
1520,19.837301,6.700000,149.253731
1521,19.850715,13.414000,74.548979
1522,19.865404,14.689000,68.078154
1523,19.877777,12.373000,80.821143
1524,19.891456,13.679000,73.104759
1525,19.905113,13.657000,73.222523
1526,19.918995,13.882000,72.035730
1527,19.931794,12.799000,78.131104
1528,19.945275,13.481000,74.178473
1529,19.958353,13.078000,76.464291
1530,19.971745,13.392000,74.671446
1531,19.997210,25.465000,39.269586
1532,20.004098,6.888000,145.180023
1533,20.010685,6.587000,151.814179
1534,20.024002,13.317000,75.091988
1535,20.037468,13.466000,74.261102
1536,20.050592,13.124000,76.196282
1537,20.063954,13.362000,74.839096
1538,20.070260,6.306000,158.579131
1539,20.077339,7.079000,141.262890
1540,20.083344,6.005000,166.527893
1541,20.090578,7.234000,138.236107
1542,20.103912,13.334000,74.996250
1543,20.117281,13.369000,74.799910
1544,20.130583,13.302000,75.176665
1545,20.143924,13.341000,74.956900
1546,20.157245,13.321000,75.069439
1547,20.170849,13.604000,73.507792
1548,20.184142,13.293000,75.227563
1549,20.197474,13.332000,75.007501
1550,20.210548,13.074000,76.487685
1551,20.223845,13.297000,75.204933
1552,20.237203,13.358000,74.861506
1553,20.250862,13.659000,73.211802
1554,20.263860,12.998000,76.934913
1555,20.277196,13.336000,74.985003
1556,20.290567,13.371000,74.788722
1557,20.304217,13.650000,73.260073
1558,20.317322,13.105000,76.306753
1559,20.330641,13.319000,75.080712
1560,20.343820,13.179000,75.878291
1561,20.357465,13.645000,73.286918
1562,20.370869,13.404000,74.604596
1563,20.384067,13.198000,75.769056
1564,20.389722,5.655000,176.834660
1565,20.397318,7.596000,131.648236
1566,20.404339,7.021000,142.429853
1567,20.410461,6.122000,163.345312
1568,20.423898,13.437000,74.421374
1569,20.437404,13.506000,74.041167
1570,20.450518,13.114000,76.254385
1571,20.463989,13.471000,74.233539
1572,20.477122,13.133000,76.144065
1573,20.490771,13.649000,73.265441
1574,20.503872,13.101000,76.330051
1575,20.517363,13.491000,74.123490
1576,20.530872,13.509000,74.024724
1577,20.543785,12.913000,77.441338
1578,20.557444,13.659000,73.211802
1579,20.570778,13.334000,74.996250
1580,20.583814,13.036000,76.710647
1581,20.597105,13.291000,75.238883
1582,20.610668,13.563000,73.730001
1583,20.616179,5.511000,181.455271
1584,20.624683,8.504000,117.591722
1585,20.637064,12.381000,80.768920
1586,20.650426,13.362000,74.839096
1587,20.663768,13.342000,74.951282
1588,20.677114,13.346000,74.928818
1589,20.690464,13.350000,74.906367
1590,20.704024,13.560000,73.746313
1591,20.717322,13.298000,75.199278
1592,20.730667,13.345000,74.934432
1593,20.744025,13.358000,74.861506
1594,20.756984,12.959000,77.166448
1595,20.770741,13.757000,72.690267
1596,20.783658,12.917000,77.417357
1597,20.797394,13.736000,72.801398
1598,20.810393,12.999000,76.928995
1599,20.823934,13.541000,73.849790
1600,20.837112,13.178000,75.884049
1601,20.850559,13.447000,74.366030
1602,20.863685,13.126000,76.184672
1603,20.877422,13.737000,72.796098
1604,20.890696,13.274000,75.335242
1605,20.904119,13.423000,74.498994
1606,20.917541,13.422000,74.504545
1607,20.930784,13.243000,75.511591
1608,20.944428,13.644000,73.292290
1609,20.957685,13.257000,75.431847
1610,20.970995,13.310000,75.131480
1611,20.985162,14.167000,70.586574
1612,20.997579,12.417000,80.534751
1613,21.011054,13.475000,74.211503
1614,21.024329,13.275000,75.329567
1615,21.037954,13.625000,73.394495
1616,21.051802,13.848000,72.212594
1617,21.064371,12.569000,79.560824
1618,21.077659,13.288000,75.255870
1619,21.090993,13.334000,74.996250
1620,21.105185,14.192000,70.462232
1621,21.118176,12.991000,76.976368
1622,21.131044,12.868000,77.712154
1623,21.144649,13.605000,73.502389
1624,21.157717,13.068000,76.522804
1625,21.171166,13.449000,74.354971
1626,21.184139,12.973000,77.083173
1627,21.197184,13.045000,76.657723
1628,21.210476,13.292000,75.233223
1629,21.223733,13.257000,75.431847
1630,21.237147,13.414000,74.548979
1631,21.250409,13.262000,75.403408
1632,21.263763,13.354000,74.883930
1633,21.277303,13.540000,73.855244
1634,21.290349,13.046000,76.651847
1635,21.303775,13.426000,74.482348
1636,21.317320,13.545000,73.827981
1637,21.330694,13.374000,74.771946
1638,21.343864,13.170000,75.930144
1639,21.357038,13.174000,75.907090
1640,21.370390,13.352000,74.895147
1641,21.383926,13.536000,73.877069
1642,21.397087,13.161000,75.982068
1643,21.410347,13.260000,75.414781
1644,21.415583,5.236000,190.985485
1645,21.423799,8.216000,121.713729
1646,21.429562,5.763000,173.520736
1647,21.437078,7.516000,133.049494
1648,21.442631,5.553000,180.082838
1649,21.451096,8.465000,118.133491
1650,21.456379,5.283000,189.286390
1651,21.464143,7.764000,128.799588
1652,21.479998,15.855000,63.071586
1653,21.490353,10.355000,96.571704
1654,21.496588,6.235000,160.384924
1655,21.504567,7.979000,125.328989
1656,21.517300,12.733000,78.536087
1657,21.531205,13.905000,71.916577
1658,21.543662,12.457000,80.276150
1659,21.556983,13.321000,75.069439
1660,21.570335,13.352000,74.895147
1661,21.583741,13.406000,74.593466
1662,21.597142,13.401000,74.621297
1663,21.610433,13.291000,75.238883
1664,21.623829,13.396000,74.649149
1665,21.637310,13.481000,74.178473
1666,21.650475,13.165000,75.958982
1667,21.663742,13.267000,75.374991
1668,21.677158,13.416000,74.537865
1669,21.690394,13.236000,75.551526
1670,21.703747,13.353000,74.889538
1671,21.717177,13.430000,74.460164
1672,21.730851,13.674000,73.131490
1673,21.743932,13.081000,76.446755
1674,21.757556,13.624000,73.399883
1675,21.770736,13.180000,75.872534
1676,21.784220,13.484000,74.161970
1677,21.798031,13.811000,72.406053
1678,21.810844,12.813000,78.045735
1679,21.817337,6.493000,154.012013
1680,21.824006,6.669000,149.947518
1681,21.837774,13.768000,72.632191
1682,21.850664,12.890000,77.579519
1683,21.864177,13.513000,74.002812
1684,21.877582,13.405000,74.599030
1685,21.881399,3.817000,261.985853
1686,21.890857,9.458000,105.730598
1687,21.904196,13.339000,74.968139
1688,21.917781,13.585000,73.610600
1689,21.930805,13.024000,76.781327
1690,21.944063,13.258000,75.426158
1691,21.957480,13.417000,74.532310
1692,21.971307,13.827000,72.322268
1693,21.984552,13.245000,75.500189
1694,21.997432,12.880000,77.639752
1695,22.011019,13.587000,73.599764
1696,22.024025,13.006000,76.887590
1697,22.037404,13.379000,74.744002
1698,22.050784,13.380000,74.738416
1699,22.064341,13.557000,73.762632
1700,22.077246,12.905000,77.489345
1701,22.090578,13.332000,75.007501
1702,22.104051,13.473000,74.222519
1703,22.117274,13.223000,75.625804
1704,22.130561,13.287000,75.261534
1705,22.143780,13.219000,75.648687
1706,22.157174,13.394000,74.660296
1707,22.170609,13.435000,74.432453
1708,22.183912,13.303000,75.171014
1709,22.197160,13.248000,75.483092
1710,22.210301,13.141000,76.097709
1711,22.216374,6.073000,164.663264
1712,22.223826,7.452000,134.192163
1713,22.237303,13.477000,74.200490
1714,22.251204,13.901000,71.937271
1715,22.264420,13.216000,75.665860
1716,22.278255,13.835000,72.280448
1717,22.290655,12.400000,80.645161
1718,22.304257,13.602000,73.518600
1719,22.317631,13.374000,74.771946
1720,22.331158,13.527000,73.926222
1721,22.344452,13.294000,75.221905
1722,22.358681,14.229000,70.279008
1723,22.371252,12.571000,79.548166
1724,22.384614,13.362000,74.839096
1725,22.397941,13.327000,75.035642
1726,22.411417,13.476000,74.205996
1727,22.425612,14.195000,70.447341
1728,22.438094,12.482000,80.115366
1729,22.451880,13.786000,72.537357
1730,22.465124,13.244000,75.505889
1731,22.478053,12.929000,77.345502
1732,22.491806,13.753000,72.711408
1733,22.505299,13.493000,74.112503
1734,22.518248,12.949000,77.226041
1735,22.531524,13.276000,75.323893
1736,22.544872,13.348000,74.917591
1737,22.558847,13.975000,71.556351
1738,22.572024,13.177000,75.889808
1739,22.585599,13.575000,73.664825
1740,22.599012,13.413000,74.554537
1741,22.611557,12.545000,79.713033
1742,22.625347,13.790000,72.516316
1743,22.638087,12.740000,78.492936
1744,22.652178,14.091000,70.967284
1745,22.665641,13.463000,74.277650
1746,22.678251,12.610000,79.302141
1747,22.692075,13.824000,72.337963
1748,22.705241,13.166000,75.953213
1749,22.718769,13.528000,73.920757
1750,22.731533,12.764000,78.345346
1751,22.744832,13.299000,75.193624
1752,22.758444,13.612000,73.464590
1753,22.771135,12.691000,78.795997
1754,22.784632,13.497000,74.090539
1755,22.797990,13.358000,74.861506
1756,22.811179,13.189000,75.820760
1757,22.825119,13.940000,71.736011
1758,22.838207,13.088000,76.405868
1759,22.851223,13.016000,76.828519
1760,22.864371,13.148000,76.057195
1761,22.878039,13.668000,73.163594
1762,22.891588,13.549000,73.806185
1763,22.905412,13.824000,72.337963
1764,22.918416,13.004000,76.899416
1765,22.931536,13.120000,76.219512
1766,22.945145,13.609000,73.480785
1767,22.958283,13.138000,76.115086
1768,22.972047,13.764000,72.653298
1769,22.985262,13.215000,75.671585
1770,23.005165,19.903000,50.243682
1771,23.023870,18.705000,53.461641
1772,23.030599,6.729000,148.610492
1773,23.036992,6.393000,156.421086
1774,23.050289,13.297000,75.204933
1775,23.063786,13.497000,74.090539
1776,23.076784,12.998000,76.934913
1777,23.080638,3.854000,259.470680
1778,23.090191,9.553000,104.679158
1779,23.094265,4.074000,245.459008
1780,23.103463,9.198000,108.719287
1781,23.116768,13.305000,75.159714
1782,23.130394,13.626000,73.389109
1783,23.143872,13.478000,74.194984
1784,23.157074,13.202000,75.746099
1785,23.170221,13.147000,76.062980
1786,23.183500,13.279000,75.306876
1787,23.196935,13.435000,74.432453
1788,23.210218,13.283000,75.284198
1789,23.216840,6.622000,151.011779
1790,23.225850,9.010000,110.987791
1791,23.237038,11.188000,89.381480
1792,23.250343,13.305000,75.159714
1793,23.263569,13.226000,75.608650
1794,23.277204,13.635000,73.340667
1795,23.290537,13.333000,75.001875
1796,23.304005,13.468000,74.250074
1797,23.317504,13.499000,74.079561
1798,23.330780,13.276000,75.323893
1799,23.343954,13.174000,75.907090
1800,23.357085,13.131000,76.155662
1801,23.370510,13.425000,74.487896
1802,23.383945,13.435000,74.432453
1803,23.397064,13.119000,76.225322
1804,23.410682,13.618000,73.432222
1805,23.424815,14.133000,70.756386
1806,23.437690,12.875000,77.669903
1807,23.450907,13.217000,75.660135
1808,23.464319,13.412000,74.560095
1809,23.477711,13.392000,74.671446
1810,23.491080,13.369000,74.799910
1811,23.504837,13.757000,72.690267
1812,23.517925,13.088000,76.405868
1813,23.531388,13.463000,74.277650
1814,23.544382,12.994000,76.958596
1815,23.557762,13.380000,74.738416
1816,23.571287,13.525000,73.937153
1817,23.584921,13.634000,73.346047
1818,23.597338,12.417000,80.534751
1819,23.610969,13.631000,73.362189
1820,23.624162,13.193000,75.797772
1821,23.637383,13.221000,75.637244
1822,23.644304,6.921000,144.487791
1823,23.650335,6.031000,165.809982
1824,23.664353,14.018000,71.336853
1825,23.677287,12.934000,77.315602
1826,23.690604,13.317000,75.091988
1827,23.703899,13.295000,75.216247
1828,23.717440,13.541000,73.849790
1829,23.730595,13.155000,76.016724
1830,23.743947,13.352000,74.895147
1831,23.757558,13.611000,73.469988
1832,23.770792,13.234000,75.562944
1833,23.784206,13.414000,74.548979
1834,23.790283,6.077000,164.554879
1835,23.797277,6.994000,142.979697
1836,23.810538,13.261000,75.409094
1837,23.817309,6.771000,147.688672
1838,23.823473,6.164000,162.232317
1839,23.837410,13.937000,71.751453
1840,23.844761,7.351000,136.035913
1841,23.851703,6.942000,144.050706
1842,23.868103,16.400000,60.975610
1843,23.877657,9.554000,104.668202
1844,23.890998,13.341000,74.956900
1845,23.904478,13.480000,74.183976
1846,23.918500,14.022000,71.316503
1847,23.930926,12.426000,80.476420
1848,23.943986,13.060000,76.569678
1849,23.958188,14.202000,70.412618
1850,23.970782,12.594000,79.402890
1851,23.985793,15.011000,66.617814
1852,23.997109,11.316000,88.370449
1853,24.010722,13.613000,73.459193
1854,24.026396,15.674000,63.799923
1855,24.037269,10.873000,91.970937
1856,24.050913,13.644000,73.292290
1857,24.064278,13.365000,74.822297
1858,24.077631,13.353000,74.889538
1859,24.091741,14.110000,70.871722
1860,24.104478,12.737000,78.511423
1861,24.117991,13.513000,74.002812
1862,24.131264,13.273000,75.340918
1863,24.144778,13.514000,73.997336
1864,24.158383,13.605000,73.502389
1865,24.172306,13.923000,71.823601
1866,24.185298,12.992000,76.970443
1867,24.198053,12.755000,78.400627
1868,24.211518,13.465000,74.266617
1869,24.225165,13.647000,73.276178
1870,24.240165,15.000000,66.666667
1871,24.251338,11.173000,89.501477
1872,24.265172,13.834000,72.285673
1873,24.278478,13.306000,75.154066
1874,24.291650,13.172000,75.918615
1875,24.304601,12.951000,77.214115
1876,24.318099,13.498000,74.085050
1877,24.332236,14.137000,70.736366
1878,24.344405,12.169000,82.176021
1879,24.358357,13.952000,71.674312
1880,24.371378,13.021000,76.799017
1881,24.384660,13.282000,75.289866
1882,24.398421,13.761000,72.669137
1883,24.411786,13.365000,74.822297
1884,24.424851,13.065000,76.540375
1885,24.437966,13.115000,76.248570
1886,24.452440,14.474000,69.089402
1887,24.465589,13.149000,76.051411
1888,24.479206,13.617000,73.437615
1889,24.491918,12.712000,78.665828
1890,24.504852,12.934000,77.315602
1891,24.518586,13.734000,72.811999
1892,24.531900,13.314000,75.108908
1893,24.545206,13.306000,75.154066
1894,24.557991,12.785000,78.216660
1895,24.571173,13.182000,75.861023
1896,24.584923,13.750000,72.727273
1897,24.600972,16.049000,62.309178
1898,24.611274,10.302000,97.068530
1899,24.624201,12.927000,77.357469
1900,24.637552,13.351000,74.900756
1901,24.650718,13.166000,75.953213
1902,24.664089,13.371000,74.788722
1903,24.678472,14.383000,69.526524
1904,24.690470,11.998000,83.347225
1905,24.703737,13.267000,75.374991
1906,24.717654,13.917000,71.854566
1907,24.730939,13.285000,75.272864
1908,24.744248,13.309000,75.137125
1909,24.758297,14.049000,71.179443
1910,24.770778,12.481000,80.121785
1911,24.784171,13.393000,74.665870
1912,24.797812,13.641000,73.308408
1913,24.811121,13.309000,75.137125
1914,24.824440,13.319000,75.080712
1915,24.837976,13.536000,73.877069
1916,24.851337,13.361000,74.844697
1917,24.865273,13.936000,71.756602
1918,24.878210,12.937000,77.297673
1919,24.891715,13.505000,74.046649
1920,24.906247,14.532000,68.813653
1921,24.918493,12.246000,81.659317
1922,24.933039,14.546000,68.747422
1923,24.944974,11.935000,83.787181
1924,24.959706,14.732000,67.879446
1925,24.971583,11.877000,84.196346
1926,24.985687,14.104000,70.901872
1927,24.998118,12.431000,80.444051
1928,25.012382,14.264000,70.106562
1929,25.025879,13.497000,74.090539
1930,25.038355,12.476000,80.153895
1931,25.052237,13.882000,72.035730
1932,25.065429,13.192000,75.803517
1933,25.079133,13.704000,72.971395
1934,25.092352,13.219000,75.648687
1935,25.105998,13.646000,73.281548
1936,25.119457,13.459000,74.299725
1937,25.132532,13.075000,76.481836
1938,25.145132,12.600000,79.365079
1939,25.158393,13.261000,75.409094
1940,25.172000,13.607000,73.491585
1941,25.185646,13.646000,73.281548
1942,25.199517,13.871000,72.092856
1943,25.212875,13.358000,74.861506
1944,25.226209,13.334000,74.996250
1945,25.239600,13.391000,74.677022
1946,25.252838,13.238000,75.540112
1947,25.265675,12.837000,77.899821
1948,25.279394,13.719000,72.891610
1949,25.292850,13.456000,74.316290
1950,25.305921,13.071000,76.505241
1951,25.318673,12.752000,78.419072
1952,25.331899,13.226000,75.608650
1953,25.344442,12.543000,79.725743
1954,25.358413,13.971000,71.576838
1955,25.371527,13.114000,76.254385
1956,25.384952,13.425000,74.487896
1957,25.398408,13.456000,74.316290
1958,25.417265,18.857000,53.030705
1959,25.425143,7.878000,126.935771
1960,25.437891,12.748000,78.443677
1961,25.451177,13.286000,75.267199
1962,25.464233,13.056000,76.593137
1963,25.477979,13.746000,72.748436
1964,25.491512,13.533000,73.893446
1965,25.504464,12.952000,77.208153
1966,25.518804,14.340000,69.735007
1967,25.531134,12.330000,81.103001
1968,25.543857,12.723000,78.597815
1969,25.558996,15.139000,66.054561
1970,25.571551,12.555000,79.649542
1971,25.586046,14.495000,68.989307
1972,25.598229,12.183000,82.081589
1973,25.611574,13.345000,74.934432
1974,25.629525,17.951000,55.707203
1975,25.650154,20.629000,48.475447
1976,25.656397,6.243000,160.179401
1977,25.663363,6.966000,143.554407
1978,25.677020,13.657000,73.222523
1979,25.690113,13.093000,76.376690
1980,25.703453,13.340000,74.962519
1981,25.716803,13.350000,74.906367
1982,25.730147,13.344000,74.940048
1983,25.744331,14.184000,70.501974
1984,25.757592,13.261000,75.409094
1985,25.771221,13.629000,73.372955
1986,25.784355,13.134000,76.138267
1987,25.797501,13.146000,76.068766
1988,25.811017,13.516000,73.986387
1989,25.823631,12.614000,79.276994
1990,25.837563,13.932000,71.777204
1991,25.850900,13.337000,74.979381
1992,25.864084,13.184000,75.849515
1993,25.877588,13.504000,74.052133
1994,25.890724,13.136000,76.126675
1995,25.904114,13.390000,74.682599
1996,25.917766,13.652000,73.249341
1997,25.931131,13.365000,74.822297
1998,25.944185,13.054000,76.604872
1999,25.957787,13.602000,73.518600
2000,25.970897,13.110000,76.277651
2001,25.984341,13.444000,74.382624
2002,25.997520,13.179000,75.878291
2003,26.010776,13.256000,75.437538
2004,26.024609,13.833000,72.290899
2005,26.037463,12.854000,77.796795
2006,26.050909,13.446000,74.371560
2007,26.064262,13.353000,74.889538
2008,26.077723,13.461000,74.288686
2009,26.090451,12.728000,78.566939
2010,26.104121,13.670000,73.152890
2011,26.117593,13.472000,74.228029
2012,26.130844,13.251000,75.466003
2013,26.143667,12.823000,77.984871
2014,26.156869,13.202000,75.746099
2015,26.164048,7.179000,139.295166
2016,26.169663,5.615000,178.094390
2017,26.183762,14.099000,70.927016
2018,26.197148,13.386000,74.704916
2019,26.210335,13.187000,75.832259
2020,26.223535,13.200000,75.757576
2021,26.236904,13.369000,74.799910
2022,26.241196,4.292000,232.991612
2023,26.250478,9.282000,107.735402
2024,26.263571,13.093000,76.376690
2025,26.276852,13.281000,75.295535
2026,26.290361,13.509000,74.024724
2027,26.303370,13.009000,76.869859
2028,26.316812,13.442000,74.393691
2029,26.330242,13.430000,74.460164
2030,26.343357,13.115000,76.248570
2031,26.356640,13.283000,75.284198
2032,26.369894,13.254000,75.448921
2033,26.383267,13.373000,74.777537
2034,26.396607,13.340000,74.962519
2035,26.409894,13.287000,75.261534
2036,26.423137,13.243000,75.511591
2037,26.429884,6.747000,148.214021
2038,26.437151,7.267000,137.608367
2039,26.449859,12.708000,78.690589
2040,26.465270,15.411000,64.888716
2041,26.476910,11.640000,85.910653
2042,26.490702,13.792000,72.505800
2043,26.504049,13.347000,74.923204
2044,26.518644,14.595000,68.516615
2045,26.530642,11.998000,83.347225
2046,26.544320,13.678000,73.110104
2047,26.557613,13.293000,75.227563
2048,26.571019,13.406000,74.593466
2049,26.584425,13.406000,74.593466
2050,26.597762,13.337000,74.979381
2051,26.611236,13.474000,74.217011
2052,26.625159,13.923000,71.823601
2053,26.639589,14.430000,69.300069
2054,26.651894,12.305000,81.267777
2055,26.664765,12.871000,77.694041
2056,26.678342,13.577000,73.653974
2057,26.693309,14.967000,66.813657
2058,26.705987,12.678000,78.876794
2059,26.719450,13.463000,74.277650
2060,26.731240,11.790000,84.817642
2061,26.744788,13.548000,73.811633
2062,26.759188,14.400000,69.444444
2063,26.771541,12.353000,80.951995
2064,26.784692,13.151000,76.039845
2065,26.798133,13.441000,74.399226
2066,26.806030,7.897000,126.630366
2067,26.825135,19.105000,52.342319
2068,26.838438,13.303000,75.171014
2069,26.852944,14.506000,68.936992
2070,26.865357,12.413000,80.560702
2071,26.879010,13.653000,73.243976
2072,26.892993,13.983000,71.515412
2073,26.905164,12.171000,82.162517
2074,26.918751,13.587000,73.599764
2075,26.932575,13.824000,72.337963
2076,26.944118,11.543000,86.632591
2077,26.958150,14.032000,71.265678
2078,26.971532,13.382000,74.727246
2079,26.984579,13.047000,76.645972
2080,26.998063,13.484000,74.161970
2081,27.011209,13.146000,76.068766
2082,27.028378,17.169000,58.244510
2083,27.037598,9.220000,108.459870
2084,27.050809,13.211000,75.694497
2085,27.063859,13.050000,76.628352
2086,27.077009,13.150000,76.045627
2087,27.090629,13.620000,73.421439
2088,27.103661,13.032000,76.734193
2089,27.118536,14.875000,67.226891
2090,27.130717,12.181000,82.095066
2091,27.143817,13.100000,76.335878
2092,27.157854,14.037000,71.240294
2093,27.170700,12.846000,77.845244
2094,27.184240,13.540000,73.855244
2095,27.197471,13.231000,75.580077
2096,27.211789,14.318000,69.842157
2097,27.224173,12.384000,80.749354
2098,27.237261,13.088000,76.405868
2099,27.250778,13.517000,73.980913
2100,27.264385,13.607000,73.491585
2101,27.277720,13.335000,74.990626
2102,27.291176,13.456000,74.316290
2103,27.304340,13.164000,75.964752
2104,27.317930,13.590000,73.583517
2105,27.331589,13.659000,73.211802
2106,27.345067,13.478000,74.194984
2107,27.358240,13.173000,75.912852
2108,27.371323,13.083000,76.435068
2109,27.384629,13.306000,75.154066
2110,27.398102,13.473000,74.222519
2111,27.411498,13.396000,74.649149
2112,27.424874,13.376000,74.760766
2113,27.437675,12.801000,78.118897
2114,27.451192,13.517000,73.980913
2115,27.464828,13.636000,73.335289
2116,27.477524,12.696000,78.764965
2117,27.491259,13.735000,72.806698
2118,27.505204,13.945000,71.710290
2119,27.518498,13.294000,75.221905
2120,27.531825,13.327000,75.035642
2121,27.544522,12.697000,78.758762
2122,27.558019,13.497000,74.090539
2123,27.571375,13.356000,74.872716
2124,27.583910,12.535000,79.776625
2125,27.597151,13.241000,75.522997
2126,27.615818,18.667000,53.570472
2127,27.623718,7.900000,126.582278
2128,27.637016,13.298000,75.199278
2129,27.650754,13.738000,72.790799
2130,27.664125,13.371000,74.788722
2131,27.677476,13.351000,74.900756
2132,27.690972,13.496000,74.096028
2133,27.704079,13.107000,76.295109
2134,27.716922,12.843000,77.863428
2135,27.730390,13.468000,74.250074
2136,27.743721,13.331000,75.013127
2137,27.756981,13.260000,75.414781
2138,27.770351,13.370000,74.794316
2139,27.783697,13.346000,74.928818
2140,27.801308,17.611000,56.782693
2141,27.812691,11.383000,87.850303
2142,27.823322,10.631000,94.064528
2143,27.836594,13.272000,75.346594
2144,27.849841,13.247000,75.488790
2145,27.863727,13.886000,72.014979
2146,27.877049,13.322000,75.063804
2147,27.890397,13.348000,74.917591
2148,27.903661,13.264000,75.392039
2149,27.916952,13.291000,75.238883
2150,27.930309,13.357000,74.867111
2151,27.944030,13.721000,72.880985
2152,27.957168,13.138000,76.115086
2153,27.970419,13.251000,75.466003
2154,27.983817,13.398000,74.638006
2155,27.997022,13.205000,75.728891
2156,28.010262,13.240000,75.528701
2157,28.023626,13.364000,74.827896
2158,28.036994,13.368000,74.805506
2159,28.050342,13.348000,74.917591
2160,28.063717,13.375000,74.766355
2161,28.077121,13.404000,74.604596
2162,28.090335,13.214000,75.677312
2163,28.103743,13.408000,74.582339
2164,28.117308,13.565000,73.719130
2165,28.130445,13.137000,76.120880
2166,28.143781,13.336000,74.985003
2167,28.157035,13.254000,75.448921
2168,28.170723,13.688000,73.056692
2169,28.183983,13.260000,75.414781
2170,28.197045,13.062000,76.557954
2171,28.210440,13.395000,74.654722
2172,28.224055,13.615000,73.448402
2173,28.236948,12.893000,77.561467
2174,28.250461,13.513000,74.002812
2175,28.263905,13.444000,74.382624
2176,28.277190,13.285000,75.272864
2177,28.290655,13.465000,74.266617
2178,28.304034,13.379000,74.744002
2179,28.317261,13.227000,75.602933
2180,28.330637,13.376000,74.760766
2181,28.343777,13.140000,76.103501
2182,28.356977,13.200000,75.757576
2183,28.370285,13.308000,75.142771
2184,28.383486,13.201000,75.751837
2185,28.396993,13.507000,74.035685
2186,28.410232,13.239000,75.534406
2187,28.423574,13.342000,74.951282
2188,28.437507,13.933000,71.772052
2189,28.450182,12.675000,78.895464
2190,28.463535,13.353000,74.889538
2191,28.476839,13.304000,75.165364
2192,28.490324,13.485000,74.156470
2193,28.503529,13.205000,75.728891
2194,28.516917,13.388000,74.693756
2195,28.530304,13.387000,74.699335
2196,28.543552,13.248000,75.483092
2197,28.556890,13.338000,74.973759
2198,28.575744,18.854000,53.039143
2199,28.584388,8.644000,115.687182
2200,28.597270,12.882000,77.627698
2201,28.610219,12.949000,77.226041
2202,28.623681,13.462000,74.283167
2203,28.636970,13.289000,75.250207
2204,28.650283,13.313000,75.114550
2205,28.663565,13.282000,75.289866
2206,28.676867,13.302000,75.176665
2207,28.690269,13.402000,74.615729
2208,28.703634,13.365000,74.822297
2209,28.716876,13.242000,75.517293
2210,28.730336,13.460000,74.294205
2211,28.743357,13.021000,76.799017
2212,28.756966,13.609000,73.480785
2213,28.769846,12.880000,77.639752
2214,28.783581,13.735000,72.806698
2215,28.796800,13.219000,75.648687
2216,28.810141,13.341000,74.956900
2217,28.823502,13.361000,74.844697
2218,28.836726,13.224000,75.620085
2219,28.850062,13.336000,74.985003
2220,28.863581,13.519000,73.969968
2221,28.876855,13.274000,75.335242
2222,28.890114,13.259000,75.420469
2223,28.903471,13.357000,74.867111
2224,28.916685,13.214000,75.677312
2225,28.930216,13.531000,73.904368
2226,28.943717,13.501000,74.068588
2227,28.957350,13.633000,73.351427
2228,28.970884,13.534000,73.887986
2229,28.984547,13.663000,73.190368
2230,28.997716,13.169000,75.935910
2231,29.010338,12.622000,79.226747
2232,29.023890,13.552000,73.789847
2233,29.038091,14.201000,70.417576
2234,29.051460,13.369000,74.799910
2235,29.064674,13.214000,75.677312
2236,29.077233,12.559000,79.624174
2237,29.091725,14.492000,69.003588
2238,29.104214,12.489000,80.070462
2239,29.118722,14.508000,68.927488
2240,29.130818,12.096000,82.671958
2241,29.144412,13.594000,73.561866
2242,29.158104,13.692000,73.035349
2243,29.171766,13.662000,73.195725
2244,29.184967,13.201000,75.751837
2245,29.197874,12.907000,77.477338
2246,29.210967,13.093000,76.376690
2247,29.224615,13.648000,73.270809
2248,29.238274,13.659000,73.211802
2249,29.251535,13.261000,75.409094
2250,29.264227,12.692000,78.789789
2251,29.277889,13.662000,73.195725
2252,29.291263,13.374000,74.771946
2253,29.304248,12.985000,77.011937
2254,29.317353,13.105000,76.306753
2255,29.331254,13.901000,71.937271
2256,29.344015,12.761000,78.363765
2257,29.365911,21.896000,45.670442
2258,29.382965,17.054000,58.637270
2259,29.396450,13.485000,74.156470
2260,29.409610,13.160000,75.987842
2261,29.423180,13.570000,73.691968
2262,29.436256,13.076000,76.475987
2263,29.449573,13.317000,75.091988
2264,29.463191,13.618000,73.432222
2265,29.476571,13.380000,74.738416
2266,29.489615,13.044000,76.663600
2267,29.503184,13.569000,73.697398
2268,29.516145,12.961000,77.154541
2269,29.529586,13.441000,74.399226
2270,29.543185,13.599000,73.534819
2271,29.556110,12.925000,77.369439
2272,29.569680,13.570000,73.691968
2273,29.578622,8.942000,111.831805
2274,29.596646,18.024000,55.481580
2275,29.610005,13.359000,74.855902
2276,29.625289,15.284000,65.427898
2277,29.638202,12.913000,77.441338
2278,29.652359,14.157000,70.636434
2279,29.665179,12.820000,78.003120
2280,29.678762,13.583000,73.621439
2281,29.693545,14.783000,67.645268
2282,29.717145,23.600000,42.372881
2283,29.732163,15.018000,66.586763
2284,29.744062,11.899000,84.040676
2285,29.758279,14.217000,70.338327
2286,29.771506,13.227000,75.602933
2287,29.784036,12.530000,79.808460
2288,29.797474,13.438000,74.415836
2289,29.811528,14.054000,71.154120
2290,29.824000,12.472000,80.179602
2291,29.841893,17.893000,55.887777
2292,29.850095,8.202000,121.921483
2293,29.864209,14.114000,70.851637
2294,29.877592,13.383000,74.721662
2295,29.890465,12.873000,77.681970
2296,29.904396,13.931000,71.782356
2297,29.919458,15.062000,66.392245
2298,29.931253,11.795000,84.781687
2299,29.957995,26.742000,37.394361
2300,29.983728,25.733000,38.860607
2301,29.996952,13.224000,75.620085
2302,30.010499,13.547000,73.817081
2303,30.023072,12.573000,79.535513
2304,30.037017,13.945000,71.710290
2305,30.050097,13.080000,76.452599
2306,30.063670,13.573000,73.675680
2307,30.076982,13.312000,75.120192
2308,30.089583,12.601000,79.358781
2309,30.103135,13.552000,73.789847
2310,30.116363,13.228000,75.597218
2311,30.129784,13.421000,74.510096
2312,30.143256,13.472000,74.228029
2313,30.156355,13.099000,76.341705
2314,30.169563,13.208000,75.711690
2315,30.183169,13.606000,73.496987
2316,30.189506,6.337000,157.803377
2317,30.195934,6.428000,155.569384
2318,30.209974,14.040000,71.225071
2319,30.222962,12.988000,76.994148
2320,30.236372,13.410000,74.571216
2321,30.249639,13.267000,75.374991
2322,30.262958,13.319000,75.080712
2323,30.276396,13.438000,74.415836
2324,30.289538,13.142000,76.091919
2325,30.302686,13.148000,76.057195
2326,30.315874,13.188000,75.826509
2327,30.329162,13.288000,75.255870
2328,30.342557,13.395000,74.654722
2329,30.355963,13.406000,74.593466
2330,30.369168,13.205000,75.728891
2331,30.382874,13.706000,72.960747
2332,30.390726,7.852000,127.356088
2333,30.396404,5.678000,176.118352
2334,30.409457,13.053000,76.610741
2335,30.422724,13.267000,75.374991
2336,30.435899,13.175000,75.901328
2337,30.449497,13.598000,73.540227
2338,30.462565,13.068000,76.522804
2339,30.476136,13.571000,73.686537
2340,30.489847,13.711000,72.934140
2341,30.502807,12.960000,77.160494
2342,30.516421,13.614000,73.453798
2343,30.529687,13.266000,75.380672
2344,30.542889,13.202000,75.746099
2345,30.556499,13.610000,73.475386
2346,30.569850,13.351000,74.900756
2347,30.583539,13.689000,73.051355
2348,30.596785,13.246000,75.494489
2349,30.609882,13.097000,76.353363
2350,30.623474,13.592000,73.572690
2351,30.636745,13.271000,75.352272
2352,30.650109,13.364000,74.827896
2353,30.663405,13.296000,75.210590
2354,30.677029,13.624000,73.399883
2355,30.690184,13.155000,76.016724
2356,30.703377,13.193000,75.797772
2357,30.716676,13.299000,75.193624
2358,30.729876,13.200000,75.757576
2359,30.743125,13.249000,75.477395
2360,30.756579,13.454000,74.327338
2361,30.769533,12.954000,77.196233
2362,30.783242,13.709000,72.944781
2363,30.796284,13.042000,76.675357
2364,30.809689,13.405000,74.599030
2365,30.822976,13.287000,75.261534
2366,30.836546,13.570000,73.691968
2367,30.850247,13.701000,72.987373
2368,30.863380,13.133000,76.144065
2369,30.876591,13.211000,75.694497
2370,30.890082,13.491000,74.123490
2371,30.902886,12.804000,78.100594
2372,30.916568,13.682000,73.088730
2373,30.929696,13.128000,76.173065
2374,30.943307,13.611000,73.469988
2375,30.956282,12.975000,77.071291
2376,30.969260,12.978000,77.053475
2377,30.983034,13.774000,72.600552
2378,30.991005,7.971000,125.454774
2379,31.009500,18.495000,54.068667
2380,31.022815,13.315000,75.103267
2381,31.036128,13.313000,75.114550
2382,31.049573,13.445000,74.377092
2383,31.062834,13.261000,75.409094
2384,31.076311,13.477000,74.200490
2385,31.089381,13.070000,76.511094
2386,31.102631,13.250000,75.471698
2387,31.116001,13.370000,74.794316
2388,31.129328,13.327000,75.035642
2389,31.142475,13.147000,76.062980
2390,31.156130,13.655000,73.233248
2391,31.169288,13.158000,75.999392
2392,31.182741,13.453000,74.332863
2393,31.188453,5.712000,175.070028
2394,31.196569,8.116000,123.213406
2395,31.209266,12.697000,78.758762
2396,31.222550,13.284000,75.278531
2397,31.236470,13.920000,71.839080
2398,31.249201,12.731000,78.548425
2399,31.252292,3.091000,323.519896
2400,31.262857,10.565000,94.652153
2401,31.277455,14.598000,68.502535
2402,31.289265,11.810000,84.674005
2403,31.302680,13.415000,74.543422
2404,31.315974,13.294000,75.221905
2405,31.329292,13.318000,75.086349
2406,31.342610,13.318000,75.086349
2407,31.355968,13.358000,74.861506
2408,31.369243,13.275000,75.329567
2409,31.382625,13.382000,74.727246
2410,31.395966,13.341000,74.956900
2411,31.409439,13.473000,74.222519
2412,31.422773,13.334000,74.996250
2413,31.436517,13.744000,72.759022
2414,31.449548,13.031000,76.740081
2415,31.463598,14.050000,71.174377
2416,31.477016,13.418000,74.526755
2417,31.490315,13.299000,75.193624
2418,31.503532,13.217000,75.660135
2419,31.516932,13.400000,74.626866
2420,31.530158,13.226000,75.608650
2421,31.543803,13.645000,73.286918
2422,31.556779,12.976000,77.065351
2423,31.570531,13.752000,72.716696
2424,31.583557,13.026000,76.769538
2425,31.596564,13.007000,76.881679
2426,31.609491,12.927000,77.357469
2427,31.623172,13.681000,73.094072
2428,31.636425,13.253000,75.454614
2429,31.649438,13.013000,76.846231
2430,31.662702,13.264000,75.392039
2431,31.676226,13.524000,73.942621
2432,31.689420,13.194000,75.792027
2433,31.702872,13.452000,74.338388
2434,31.716122,13.250000,75.471698
2435,31.729476,13.354000,74.883930
2436,31.743004,13.528000,73.920757
2437,31.756375,13.371000,74.788722
2438,31.769530,13.155000,76.016724
2439,31.782659,13.129000,76.167263
2440,31.788968,6.309000,158.503725
2441,31.797970,9.002000,111.086425
2442,31.809493,11.523000,86.782956
2443,31.822432,12.939000,77.285725
2444,31.835983,13.551000,73.795292
2445,31.849832,13.849000,72.207380
2446,31.863797,13.965000,71.607590
2447,31.875975,12.178000,82.115290
2448,31.889612,13.637000,73.329911
2449,31.902685,13.073000,76.493536
2450,31.915913,13.228000,75.597218
2451,31.929595,13.682000,73.088730
2452,31.942700,13.105000,76.306753
2453,31.955960,13.260000,75.414781
2454,31.969310,13.350000,74.906367
2455,31.982458,13.148000,76.057195
2456,31.995972,13.514000,73.997336
2457,32.002770,6.798000,147.102089
2458,32.011082,8.312000,120.307988
2459,32.022510,11.428000,87.504375
2460,32.039459,16.949000,59.000531
2461,32.062774,23.315000,42.890843
2462,32.066554,3.780000,264.550265
2463,32.077689,11.135000,89.806915
2464,32.090236,12.547000,79.700327
2465,32.104235,13.999000,71.433674
2466,32.117282,13.047000,76.645972
2467,32.142634,25.352000,39.444620
2468,32.147880,5.246000,190.621426
2469,32.155833,7.953000,125.738715
2470,32.169637,13.804000,72.442770
2471,32.182871,13.234000,75.562944
2472,32.196256,13.385000,74.710497
2473,32.209776,13.520000,73.964497
2474,32.223261,13.485000,74.156470
2475,32.236329,13.068000,76.522804
2476,32.249570,13.241000,75.522997
2477,32.262697,13.127000,76.178868
2478,32.276142,13.445000,74.377092
2479,32.289271,13.129000,76.167263
2480,32.302937,13.666000,73.174301
2481,32.316188,13.251000,75.466003
2482,32.329360,13.172000,75.918615
2483,32.342726,13.366000,74.816699
2484,32.355964,13.238000,75.540112
2485,32.369632,13.668000,73.163594
2486,32.382930,13.298000,75.199278
2487,32.396048,13.118000,76.231133
2488,32.409312,13.264000,75.392039
2489,32.422775,13.463000,74.277650
2490,32.435842,13.067000,76.528660
2491,32.449346,13.504000,74.052133
2492,32.462841,13.495000,74.101519
2493,32.469618,6.777000,147.557916
2494,32.475635,6.017000,166.195779
2495,32.489347,13.712000,72.928821
2496,32.502546,13.199000,75.763315
2497,32.516348,13.802000,72.453268
2498,32.529305,12.957000,77.178359
2499,32.534000,4.695000,212.992545
2500,32.542591,8.591000,116.400885
2501,32.555904,13.313000,75.114550
2502,32.569349,13.445000,74.377092
2503,32.582716,13.367000,74.811102
2504,32.595880,13.164000,75.964752
2505,32.601165,5.285000,189.214759
2506,32.609252,8.087000,123.655249
2507,32.622869,13.617000,73.437615
2508,32.638836,15.967000,62.629173
2509,32.650574,11.738000,85.193389
2510,32.664277,13.703000,72.976720
2511,32.690595,26.318000,37.996808
2512,32.696663,6.068000,164.798945
2513,32.702573,5.910000,169.204738
2514,32.715850,13.277000,75.318219
2515,32.729038,13.188000,75.826509
2516,32.742184,13.146000,76.068766
2517,32.755877,13.693000,73.030015
2518,32.769178,13.301000,75.182317
2519,32.782374,13.196000,75.780540
2520,32.795730,13.356000,74.872716
2521,32.803299,7.569000,132.117849
2522,32.822714,19.415000,51.506567
2523,32.835976,13.262000,75.403408
2524,32.849169,13.193000,75.797772
2525,32.862755,13.586000,73.605182
2526,32.875974,13.219000,75.648687
2527,32.889211,13.237000,75.545819
2528,32.902545,13.334000,74.996250
2529,32.916057,13.512000,74.008289
2530,32.929702,13.645000,73.286918
2531,32.943042,13.340000,74.962519
2532,32.956502,13.460000,74.294205
2533,32.970009,13.507000,74.035685
2534,32.983119,13.110000,76.277651
2535,32.996281,13.162000,75.976295
2536,33.009342,13.061000,76.563816
2537,33.022482,13.140000,76.103501
2538,33.035960,13.478000,74.194984
2539,33.049738,13.778000,72.579475
2540,33.062440,12.702000,78.727759
2541,33.075866,13.426000,74.482348
2542,33.089032,13.166000,75.953213
2543,33.102580,13.548000,73.811633
2544,33.115858,13.278000,75.312547
2545,33.129283,13.425000,74.487896
2546,33.142495,13.212000,75.688768
2547,33.155671,13.176000,75.895568
2548,33.170018,14.347000,69.700983
2549,33.182744,12.726000,78.579287
2550,33.196645,13.901000,71.937271
2551,33.209311,12.666000,78.951524
2552,33.222366,13.055000,76.599004
2553,33.235809,13.443000,74.388157
2554,33.249726,13.917000,71.854566
2555,33.263513,13.787000,72.532095
2556,33.276068,12.555000,79.649542
2557,33.289851,13.783000,72.553145
2558,33.303213,13.362000,74.839096
2559,33.316196,12.983000,77.023800
2560,33.329517,13.321000,75.069439
2561,33.342450,12.933000,77.321580
2562,33.355926,13.476000,74.205996
2563,33.369034,13.108000,76.289289
2564,33.382777,13.743000,72.764316
2565,33.396062,13.285000,75.272864
2566,33.409174,13.112000,76.266016
2567,33.415543,6.369000,157.010520
2568,33.422145,6.602000,151.469252
2569,33.436093,13.948000,71.694867
2570,33.449386,13.293000,75.227563
2571,33.462399,13.013000,76.846231
2572,33.475709,13.310000,75.131480
2573,33.479695,3.986000,250.878073
2574,33.488933,9.238000,108.248539
2575,33.502694,13.761000,72.669137
2576,33.515657,12.963000,77.142637
2577,33.529064,13.407000,74.587902
2578,33.542283,13.219000,75.648687
2579,33.556061,13.778000,72.579475
2580,33.569254,13.193000,75.797772
2581,33.582634,13.380000,74.738416
2582,33.595631,12.997000,76.940832
2583,33.608843,13.212000,75.688768
2584,33.614770,5.927000,168.719420
2585,33.622346,7.576000,131.995776
2586,33.635558,13.212000,75.688768
2587,33.649085,13.527000,73.926222
2588,33.662499,13.414000,74.548979
2589,33.675894,13.395000,74.654722
2590,33.689100,13.206000,75.723156
2591,33.702453,13.353000,74.889538
2592,33.716058,13.605000,73.502389
2593,33.729379,13.321000,75.069439
2594,33.742417,13.038000,76.698880
2595,33.756094,13.677000,73.115449
2596,33.769452,13.358000,74.861506
2597,33.782571,13.119000,76.225322
2598,33.795676,13.105000,76.306753
2599,33.809282,13.606000,73.496987
2600,33.822953,13.671000,73.147539
2601,33.836302,13.349000,74.911978
2602,33.849281,12.979000,77.047538
2603,33.862264,12.983000,77.023800
2604,33.876266,14.002000,71.418369
2605,33.889537,13.271000,75.352272
2606,33.902190,12.653000,79.032640
2607,33.916026,13.836000,72.275224
2608,33.929271,13.245000,75.500189
2609,33.942333,13.062000,76.557954
2610,33.955948,13.615000,73.448402
2611,33.969407,13.459000,74.299725
2612,33.982170,12.763000,78.351485
2613,33.995836,13.666000,73.174301
2614,34.009180,13.344000,74.940048
2615,34.022562,13.382000,74.727246
2616,34.035789,13.227000,75.602933
2617,34.049236,13.447000,74.366030
2618,34.062263,13.027000,76.763645
2619,34.075680,13.417000,74.532310
2620,34.089129,13.449000,74.354971
2621,34.102124,12.995000,76.952674
2622,34.115766,13.642000,73.303035
2623,34.129018,13.252000,75.460308
2624,34.142334,13.316000,75.097627
2625,34.155462,13.128000,76.173065
2626,34.168619,13.157000,76.005168
2627,34.181903,13.284000,75.278531
2628,34.195318,13.415000,74.543422
2629,34.200972,5.654000,176.865936
2630,34.209157,8.185000,122.174710
2631,34.222054,12.897000,77.537412
2632,34.236268,14.214000,70.353173
2633,34.248553,12.285000,81.400081
2634,34.262112,13.559000,73.751752
2635,34.275888,13.776000,72.590012
2636,34.288676,12.788000,78.198311
2637,34.301919,13.243000,75.511591
2638,34.315366,13.447000,74.366030
2639,34.328448,13.082000,76.440911
2640,34.342111,13.663000,73.190368
2641,34.355350,13.239000,75.534406
2642,34.368789,13.439000,74.410298
2643,34.381960,13.171000,75.924379
2644,34.395550,13.590000,73.583517
2645,34.408803,13.253000,75.454614
2646,34.422155,13.352000,74.895147
2647,34.435386,13.231000,75.580077
2648,34.448805,13.419000,74.521201
2649,34.461917,13.112000,76.266016
2650,34.475239,13.322000,75.063804
2651,34.488811,13.572000,73.681108
2652,34.502285,13.474000,74.217011
2653,34.515756,13.471000,74.233539
2654,34.529165,13.409000,74.576777
2655,34.542086,12.921000,77.393391
2656,34.555320,13.234000,75.562944
2657,34.569061,13.741000,72.774907
2658,34.582557,13.496000,74.096028
2659,34.596110,13.553000,73.784402
2660,34.609163,13.053000,76.610741
2661,34.622460,13.297000,75.204933
2662,34.635850,13.390000,74.682599
2663,34.649041,13.191000,75.809264
2664,34.662667,13.626000,73.389109
2665,34.675839,13.172000,75.918615
2666,34.689138,13.299000,75.193624
2667,34.702542,13.404000,74.604596
2668,34.715838,13.296000,75.210590
2669,34.729079,13.241000,75.522997
2670,34.742771,13.692000,73.035349
2671,34.756105,13.334000,74.996250
2672,34.768927,12.822000,77.990953
2673,34.782944,14.017000,71.341942
2674,34.796110,13.166000,75.953213
2675,34.809553,13.443000,74.388157
2676,34.822426,12.873000,77.681970
2677,34.835954,13.528000,73.920757
2678,34.849594,13.640000,73.313783
2679,34.862752,13.158000,75.999392
2680,34.876229,13.477000,74.200490
2681,34.889564,13.335000,74.990626
2682,34.902321,12.757000,78.388336
2683,34.915653,13.332000,75.007501
2684,34.929036,13.383000,74.721662
2685,34.942518,13.482000,74.172971
2686,34.955835,13.317000,75.091988
2687,34.968914,13.079000,76.458445
2688,34.982135,13.221000,75.637244
2689,34.988511,6.376000,156.838143
2690,34.999014,10.503000,95.210892
2691,35.009121,10.107000,98.941328
2692,35.022116,12.995000,76.952674
2693,35.037292,15.176000,65.893516
2694,35.049303,12.011000,83.257014
2695,35.053448,4.145000,241.254524
2696,35.062309,8.861000,112.854080
2697,35.077069,14.760000,67.750678
2698,35.088789,11.720000,85.324232
2699,35.102472,13.683000,73.083388
2700,35.115621,13.149000,76.051411
2701,35.129152,13.531000,73.904368
2702,35.142337,13.185000,75.843762
2703,35.155375,13.038000,76.698880
2704,35.169114,13.739000,72.785501
2705,35.182185,13.071000,76.505241
2706,35.195748,13.563000,73.730001
2707,35.203895,8.147000,122.744569
2708,35.222304,18.409000,54.321256
2709,35.235859,13.555000,73.773515
2710,35.251438,15.579000,64.188972
2711,35.263063,11.625000,86.021505
2712,35.275970,12.907000,77.477338
2713,35.290007,14.037000,71.240294
2714,35.302691,12.684000,78.839483
2715,35.316703,14.012000,71.367399
2716,35.329994,13.291000,75.238883
2717,35.343509,13.515000,73.991861
2718,35.356897,13.388000,74.693756
2719,35.371042,14.145000,70.696359
2720,35.383353,12.311000,81.228170
2721,35.396410,13.057000,76.587271
2722,35.409757,13.347000,74.923204
2723,35.424786,15.029000,66.538026
2724,35.436723,11.937000,83.773142
2725,35.450280,13.557000,73.762632
2726,35.462957,12.677000,78.883016
2727,35.479406,16.449000,60.793969
2728,35.490215,10.809000,92.515496
2729,35.503336,13.121000,76.213703
2730,35.516983,13.647000,73.276178
2731,35.529949,12.966000,77.124788
2732,35.543482,13.533000,73.893446
2733,35.556157,12.675000,78.895464
2734,35.571338,15.181000,65.871813
2735,35.584052,12.714000,78.653453
2736,35.596572,12.520000,79.872204
2737,35.610268,13.696000,73.014019
2738,35.623492,13.224000,75.620085
2739,35.636904,13.412000,74.560095
2740,35.662398,25.494000,39.224916
2741,35.675644,13.246000,75.494489
2742,35.689093,13.449000,74.354971
2743,35.702428,13.335000,74.990626
2744,35.715643,13.215000,75.671585
2745,35.728903,13.260000,75.414781
2746,35.742469,13.566000,73.713696
2747,35.755908,13.439000,74.410298
2748,35.768890,12.982000,77.029733
2749,35.782036,13.146000,76.068766
2750,35.795654,13.618000,73.432222
2751,35.801886,6.232000,160.462131
2752,35.810228,8.342000,119.875330
2753,35.822149,11.921000,83.885580
2754,35.835388,13.239000,75.534406
2755,35.848680,13.292000,75.233223
2756,35.862551,13.871000,72.092856
2757,35.875146,12.595000,79.396586
2758,35.888453,13.307000,75.148418
2759,35.901696,13.243000,75.511591
2760,35.915320,13.624000,73.399883
2761,35.928512,13.192000,75.803517
2762,35.942042,13.530000,73.909830
2763,35.955032,12.990000,76.982294
2764,35.968313,13.281000,75.295535
2765,35.981810,13.497000,74.090539
2766,35.995188,13.378000,74.749589
2767,36.008509,13.321000,75.069439
2768,36.015374,6.865000,145.666424
2769,36.022278,6.904000,144.843569
2770,36.035538,13.260000,75.414781
2771,36.050907,15.369000,65.066042
2772,36.063683,12.776000,78.271760
2773,36.076869,13.186000,75.838010
2774,36.091662,14.793000,67.599540
2775,36.103363,11.701000,85.462781
2776,36.117022,13.659000,73.211802
2777,36.130220,13.198000,75.769056
2778,36.143447,13.227000,75.602933
2779,36.156867,13.420000,74.515648
2780,36.170049,13.182000,75.861023
2781,36.183494,13.445000,74.377092
2782,36.196535,13.041000,76.681236
2783,36.210141,13.606000,73.496987
2784,36.223003,12.862000,77.748406
2785,36.236304,13.301000,75.182317
2786,36.249579,13.275000,75.329567
2787,36.263657,14.078000,71.032817
2788,36.276105,12.448000,80.334190
2789,36.290211,14.106000,70.891819
2790,36.302749,12.538000,79.757537
2791,36.316360,13.611000,73.469988
2792,36.330598,14.238000,70.234584
2793,36.343509,12.911000,77.453334
2794,36.356382,12.873000,77.681970
2795,36.370112,13.730000,72.833212
2796,36.383016,12.904000,77.495350
2797,36.396368,13.352000,74.895147
2798,36.409632,13.264000,75.392039
2799,36.422973,13.341000,74.956900
2800,36.436141,13.168000,75.941677
2801,36.449453,13.312000,75.120192
2802,36.462846,13.393000,74.665870
2803,36.476064,13.218000,75.654411
2804,36.489306,13.242000,75.517293
2805,36.502665,13.359000,74.855902
2806,36.515955,13.290000,75.244545
2807,36.529075,13.120000,76.219512
2808,36.542483,13.408000,74.582339
2809,36.555832,13.349000,74.911978
2810,36.569018,13.186000,75.838010
2811,36.587886,18.868000,52.999788
2812,36.596161,8.275000,120.845921
2813,36.609144,12.983000,77.023800
2814,36.622448,13.304000,75.165364
2815,36.635807,13.359000,74.855902
2816,36.649186,13.379000,74.744002
2817,36.662379,13.193000,75.797772
2818,36.675782,13.403000,74.610162
2819,36.689172,13.390000,74.682599
2820,36.702310,13.138000,76.115086
2821,36.715696,13.386000,74.704916
2822,36.729035,13.339000,74.968139
2823,36.742513,13.478000,74.194984
2824,36.755754,13.241000,75.522997
2825,36.769908,14.154000,70.651406
2826,36.782524,12.616000,79.264426
2827,36.795713,13.189000,75.820760
2828,36.809084,13.371000,74.788722
2829,36.822341,13.257000,75.431847
2830,36.835918,13.577000,73.653974
2831,36.849368,13.450000,74.349442
2832,36.862373,13.005000,76.893502
2833,36.875773,13.400000,74.626866
2834,36.889462,13.689000,73.051355
2835,36.902662,13.200000,75.757576
2836,36.915974,13.312000,75.120192
2837,36.929461,13.487000,74.145473
2838,36.943026,13.565000,73.719130
2839,36.956545,13.519000,73.969968
2840,36.969546,13.001000,76.917160
2841,36.983138,13.592000,73.572690
2842,36.996870,13.732000,72.822604
2843,37.009767,12.897000,77.537412
2844,37.023295,13.528000,73.920757
2845,37.036747,13.452000,74.338388
2846,37.049931,13.184000,75.849515
2847,37.063218,13.287000,75.261534
2848,37.076745,13.527000,73.926222
2849,37.089183,12.438000,80.398778
2850,37.102944,13.761000,72.669137
2851,37.116049,13.105000,76.306753
2852,37.129245,13.196000,75.780540
2853,37.143149,13.904000,71.921749
2854,37.155669,12.520000,79.872204
2855,37.169428,13.759000,72.679701
2856,37.183089,13.661000,73.201083
2857,37.196185,13.096000,76.359194
2858,37.209054,12.869000,77.706115
2859,37.222712,13.658000,73.217162
2860,37.235899,13.187000,75.832259
2861,37.249329,13.430000,74.460164
2862,37.262569,13.240000,75.528701
2863,37.275816,13.247000,75.488790
2864,37.289134,13.318000,75.086349
2865,37.302271,13.137000,76.120880
2866,37.315562,13.291000,75.238883
2867,37.328785,13.223000,75.625804
2868,37.344160,15.375000,65.040650
2869,37.355171,11.011000,90.818273
2870,37.368622,13.451000,74.343915
2871,37.381733,13.111000,76.271833
2872,37.395469,13.736000,72.801398
2873,37.409752,14.283000,70.013303
2874,37.422236,12.484000,80.102531
2875,37.435542,13.306000,75.154066
2876,37.448846,13.304000,75.165364
2877,37.462956,14.110000,70.871722
2878,37.475304,12.348000,80.984775
2879,37.489123,13.819000,72.364136
2880,37.502372,13.249000,75.477395
2881,37.515581,13.209000,75.705958
2882,37.529004,13.423000,74.498994
2883,37.542254,13.250000,75.471698
2884,37.555848,13.594000,73.561866
2885,37.569186,13.338000,74.973759
2886,37.582570,13.384000,74.716079
2887,37.595909,13.339000,74.968139
2888,37.609049,13.140000,76.103501
2889,37.622572,13.523000,73.948088
2890,37.635619,13.047000,76.645972
2891,37.648918,13.299000,75.193624
2892,37.662585,13.667000,73.168947
2893,37.675888,13.303000,75.171014
2894,37.689538,13.650000,73.260073
2895,37.702738,13.200000,75.757576
2896,37.716289,13.551000,73.795292
2897,37.729474,13.185000,75.843762
2898,37.742956,13.482000,74.172971
2899,37.756412,13.456000,74.316290
2900,37.769221,12.809000,78.070107
2901,37.782505,13.284000,75.278531
2902,37.796607,14.102000,70.911927
2903,37.809556,12.949000,77.226041
2904,37.823536,13.980000,71.530758
2905,37.836795,13.259000,75.420469
2906,37.849661,12.866000,77.724234
2907,37.862661,13.000000,76.923077
2908,37.876639,13.978000,71.540993
2909,37.890312,13.673000,73.136839
2910,37.903077,12.765000,78.339209
2911,37.916983,13.906000,71.911405
2912,37.929788,12.805000,78.094494
2913,37.943567,13.779000,72.574207
2914,37.956522,12.955000,77.190274
2915,37.969130,12.608000,79.314721
2916,37.982473,13.343000,74.945664
2917,37.996296,13.823000,72.343196
2918,38.009157,12.861000,77.754451
2919,38.022357,13.200000,75.757576
2920,38.035968,13.611000,73.469988
2921,38.049127,13.159000,75.993617
2922,38.062609,13.482000,74.172971
2923,38.075388,12.779000,78.253384
2924,38.089341,13.953000,71.669175
2925,38.102721,13.380000,74.738416
2926,38.115761,13.040000,76.687117
2927,38.132239,16.478000,60.686977
2928,38.142732,10.493000,95.301630
2929,38.155624,12.892000,77.567484
2930,38.168895,13.271000,75.352272
2931,38.181878,12.983000,77.023800
2932,38.195147,13.269000,75.363630
2933,38.208377,13.230000,75.585790
2934,38.222198,13.821000,72.353665
2935,38.235515,13.317000,75.091988
2936,38.249063,13.548000,73.811633
2937,38.262214,13.151000,76.039845
2938,38.275437,13.223000,75.625804
2939,38.289923,14.486000,69.032169
2940,38.302145,12.222000,81.819669
2941,38.315518,13.373000,74.777537
2942,38.328921,13.403000,74.610162
2943,38.342032,13.111000,76.271833
2944,38.355457,13.425000,74.487896
2945,38.368809,13.352000,74.895147
2946,38.382153,13.344000,74.940048
2947,38.395455,13.302000,75.176665
2948,38.408772,13.317000,75.091988
2949,38.422445,13.673000,73.136839
2950,38.436029,13.584000,73.616019
2951,38.449295,13.266000,75.380672
2952,38.463158,13.863000,72.134459
2953,38.475900,12.742000,78.480615
2954,38.489263,13.363000,74.833495
2955,38.502618,13.355000,74.878323
2956,38.515951,13.333000,75.001875
2957,38.529676,13.725000,72.859745
2958,38.542903,13.227000,75.602933
2959,38.556653,13.750000,72.727273
2960,38.569207,12.554000,79.655887
2961,38.582125,12.918000,77.411364
2962,38.595523,13.398000,74.638006
2963,38.609304,13.781000,72.563675
2964,38.622145,12.841000,77.875555
2965,38.635397,13.252000,75.460308
2966,38.648793,13.396000,74.649149
2967,38.662110,13.317000,75.091988
2968,38.675406,13.296000,75.210590
2969,38.688804,13.398000,74.638006
2970,38.702297,13.493000,74.112503
2971,38.715817,13.520000,73.964497
2972,38.729106,13.289000,75.250207
2973,38.742144,13.038000,76.698880
2974,38.755463,13.319000,75.080712
2975,38.768971,13.508000,74.030204
2976,38.782613,13.642000,73.303035
2977,38.795600,12.987000,77.000077
2978,38.808998,13.398000,74.638006
2979,38.822461,13.463000,74.277650
2980,38.835488,13.027000,76.763645
2981,38.849439,13.951000,71.679450
2982,38.862566,13.127000,76.178868
2983,38.875548,12.982000,77.029733
2984,38.893639,18.091000,55.276104
2985,38.902133,8.494000,117.730162
2986,38.915459,13.326000,75.041273
2987,38.928675,13.216000,75.665860
2988,38.942578,13.903000,71.926922
2989,38.955823,13.245000,75.500189
2990,38.968620,12.797000,78.143315
2991,38.982083,13.463000,74.277650
2992,38.995589,13.506000,74.041167
2993,39.008987,13.398000,74.638006
2994,39.022083,13.096000,76.359194
2995,39.035659,13.576000,73.659399
2996,39.048853,13.194000,75.792027
2997,39.062164,13.311000,75.125836
2998,39.079241,17.077000,58.558295
2999,39.088825,9.584000,104.340568
3000,39.102260,13.435000,74.432453
3001,39.115502,13.242000,75.517293
3002,39.128931,13.429000,74.465709
3003,39.133977,5.046000,198.176774
3004,39.142068,8.091000,123.594117
3005,39.155975,13.907000,71.906234
3006,39.169104,13.129000,76.167263
3007,39.182906,13.802000,72.453268
3008,39.195784,12.878000,77.651809
3009,39.209051,13.267000,75.374991
3010,39.224869,15.818000,63.219117
3011,39.247923,23.054000,43.376421
3012,39.254027,6.104000,163.826999
3013,39.263907,9.880000,101.214575
3014,39.277158,13.251000,75.466003
3015,39.288958,11.800000,84.745763
3016,39.302140,13.182000,75.861023
3017,39.315601,13.461000,74.288686
3018,39.329058,13.457000,74.310768
3019,39.342070,13.012000,76.852136
3020,39.356678,14.608000,68.455641
3021,39.369147,12.469000,80.198893
3022,39.382336,13.189000,75.820760
3023,39.396428,14.092000,70.962248
3024,39.403372,6.944000,144.009217
3025,39.423421,20.049000,49.877799
3026,39.435822,12.401000,80.638658
3027,39.449541,13.719000,72.891610
3028,39.461998,12.457000,80.276150
3029,39.475328,13.330000,75.018755
3030,39.488462,13.134000,76.138267
3031,39.501883,13.421000,74.510096
3032,39.515747,13.864000,72.129256
3033,39.528904,13.157000,76.005168
3034,39.544185,15.281000,65.440743
3035,39.568039,23.854000,41.921690
3036,39.574862,6.823000,146.563095
3037,39.581132,6.270000,159.489633
3038,39.595021,13.889000,71.999424
3039,39.608500,13.479000,74.189480
3040,39.621685,13.185000,75.843762
3041,39.634883,13.198000,75.769056
3042,39.648419,13.536000,73.877069
3043,39.661675,13.256000,75.437538
3044,39.674679,13.004000,76.899416
3045,39.679278,4.599000,217.438574
3046,39.683281,4.003000,249.812641
3047,39.688590,5.309000,188.359390
3048,39.702284,13.694000,73.024682
3049,39.716169,13.885000,72.020166
3050,39.728910,12.741000,78.486775
3051,39.742289,13.379000,74.744002
3052,39.756047,13.758000,72.684983
3053,39.768747,12.700000,78.740157
3054,39.782570,13.823000,72.343196
3055,39.796023,13.453000,74.332863
3056,39.809386,13.363000,74.833495
3057,39.822039,12.653000,79.032640
3058,39.835541,13.502000,74.063102
3059,39.848907,13.366000,74.816699
3060,39.862142,13.235000,75.557235
3061,39.875671,13.529000,73.915293
3062,39.888512,12.841000,77.875555
3063,39.901939,13.427000,74.476800
3064,39.915533,13.594000,73.561866
3065,39.929162,13.629000,73.372955
3066,39.942832,13.670000,73.152890
3067,39.956007,13.175000,75.901328
3068,39.968616,12.609000,79.308430
3069,39.982543,13.927000,71.802973
3070,39.996000,13.457000,74.310768
3071,40.009112,13.112000,76.266016
3072,40.022918,13.806000,72.432276
3073,40.035765,12.847000,77.839184
3074,40.049295,13.530000,73.909830
3075,40.062015,12.720000,78.616352
3076,40.080026,18.011000,55.521626
3077,40.088673,8.647000,115.647045
3078,40.102344,13.671000,73.147539
3079,40.115889,13.545000,73.827981
3080,40.129047,13.158000,75.999392
3081,40.142410,13.363000,74.833495
3082,40.155847,13.437000,74.421374
3083,40.169235,13.388000,74.693756
3084,40.182432,13.197000,75.774797
3085,40.195929,13.497000,74.090539
3086,40.209060,13.131000,76.155662
3087,40.222629,13.569000,73.697398
3088,40.236190,13.561000,73.740875
3089,40.249562,13.372000,74.783129
3090,40.262884,13.322000,75.063804
3091,40.275727,12.843000,77.863428
3092,40.289512,13.785000,72.542619
3093,40.302712,13.200000,75.757576
3094,40.316084,13.372000,74.783129
3095,40.329276,13.192000,75.803517
3096,40.342944,13.668000,73.163594
3097,40.356503,13.559000,73.751752
3098,40.368942,12.439000,80.392314
3099,40.382819,13.877000,72.061685
3100,40.396291,13.472000,74.228029
3101,40.409190,12.899000,77.525390
3102,40.422798,13.608000,73.486185
3103,40.435665,12.867000,77.718194
3104,40.449479,13.814000,72.390329
3105,40.468516,19.037000,52.529285
3106,40.487843,19.327000,51.741088
3107,40.494492,6.649000,150.398556
3108,40.500986,6.494000,153.988297
3109,40.514412,13.426000,74.482348
3110,40.528153,13.741000,72.774907
3111,40.541118,12.965000,77.130737
3112,40.554741,13.623000,73.405270
3113,40.567708,12.967000,77.118840
3114,40.581139,13.431000,74.454620
3115,40.594472,13.333000,75.001875
3116,40.608079,13.607000,73.491585
3117,40.621344,13.265000,75.386355
3118,40.634365,13.021000,76.799017
3119,40.647698,13.333000,75.001875
3120,40.661089,13.391000,74.677022
3121,40.674466,13.377000,74.755177
3122,40.680741,6.275000,159.362550
3123,40.688584,7.843000,127.502231
3124,40.701484,12.900000,77.519380
3125,40.716067,14.583000,68.572996
3126,40.729361,13.294000,75.221905
3127,40.743747,14.386000,69.512026
3128,40.756209,12.462000,80.243942
3129,40.783696,27.487000,36.380835
3130,40.808894,25.198000,39.685689
3131,40.821887,12.993000,76.964519
3132,40.834846,12.959000,77.166448
3133,40.848018,13.172000,75.918615
3134,40.861298,13.280000,75.301205
3135,40.874757,13.459000,74.299725
3136,40.888260,13.503000,74.057617
3137,40.901297,13.037000,76.704763
3138,40.914612,13.315000,75.103267
3139,40.928229,13.617000,73.437615
3140,40.941676,13.447000,74.366030
3141,40.954941,13.265000,75.386355
3142,40.968606,13.665000,73.179656
3143,40.981953,13.347000,74.923204
3144,40.995246,13.293000,75.227563
3145,41.008697,13.451000,74.343915
3146,41.021512,12.815000,78.033554
3147,41.035745,14.233000,70.259257
3148,41.048589,12.844000,77.857365
3149,41.062036,13.447000,74.366030
3150,41.075261,13.225000,75.614367
3151,41.088465,13.204000,75.734626
3152,41.101760,13.295000,75.216247
3153,41.115207,13.447000,74.366030
3154,41.128396,13.189000,75.820760
3155,41.141742,13.346000,74.928818
3156,41.155089,13.347000,74.923204
3157,41.168404,13.315000,75.103267
3158,41.181298,12.894000,77.555452
3159,41.194797,13.499000,74.079561
3160,41.208254,13.457000,74.310768
3161,41.221465,13.211000,75.694497
3162,41.234587,13.122000,76.207895
3163,41.247873,13.286000,75.267199
3164,41.261036,13.163000,75.970523
3165,41.268097,7.061000,141.623000
3166,41.275373,7.276000,137.438153
3167,41.278908,3.535000,282.885431
3168,41.288782,9.874000,101.276079
3169,41.292682,3.900000,256.410256
3170,41.315781,23.099000,43.291917
3171,41.328730,12.949000,77.226041
3172,41.332644,3.914000,255.493102
3173,41.356557,23.913000,41.818258
3174,41.368938,12.381000,80.768920
3175,41.383140,14.202000,70.412618
3176,41.396126,12.986000,77.006006
3177,41.422376,26.250000,38.095238
3178,41.427255,4.879000,204.960033
3179,41.447709,20.454000,48.890193
3180,41.461531,13.822000,72.348430
3181,41.470722,9.191000,108.802089
3182,41.477290,6.568000,152.253350
3183,41.488838,11.548000,86.595081
3184,41.502092,13.254000,75.448921
3185,41.515430,13.338000,74.973759
3186,41.528899,13.469000,74.244562
3187,41.542420,13.521000,73.959027
3188,41.555885,13.465000,74.266617
3189,41.569313,13.428000,74.471254
3190,41.584868,15.555000,64.288010
3191,41.608798,23.930000,41.788550
3192,41.621639,12.841000,77.875555
3193,41.634976,13.337000,74.979381
3194,41.648527,13.551000,73.795292
3195,41.661851,13.324000,75.052537
3196,41.675138,13.287000,75.261534
3197,41.688392,13.254000,75.448921
3198,41.701797,13.405000,74.599030
3199,41.715110,13.313000,75.114550
3200,41.728290,13.180000,75.872534
3201,41.741661,13.371000,74.788722
3202,41.755053,13.392000,74.671446
3203,41.768514,13.461000,74.288686
3204,41.781890,13.376000,74.760766
3205,41.795020,13.130000,76.161462
3206,41.808519,13.499000,74.079561
3207,41.821953,13.434000,74.437993
3208,41.835201,13.248000,75.483092
3209,41.848637,13.436000,74.426913
3210,41.861592,12.955000,77.190274
3211,41.875000,13.408000,74.582339
3212,41.888371,13.371000,74.788722
3213,41.901987,13.616000,73.443008
3214,41.915062,13.075000,76.481836
3215,41.928523,13.461000,74.288686
3216,41.941864,13.341000,74.956900
3217,41.955299,13.435000,74.432453
3218,41.967909,12.610000,79.302141
3219,41.981619,13.710000,72.939460
3220,41.994794,13.175000,75.901328
3221,42.007970,13.176000,75.895568
3222,42.021109,13.139000,76.109293
3223,42.034439,13.330000,75.018755
3224,42.048268,13.829000,72.311809
3225,42.061176,12.908000,77.471336
3226,42.074387,13.211000,75.694497
3227,42.080774,6.387000,156.568029
3228,42.087625,6.851000,145.964093
3229,42.101186,13.561000,73.740875
3230,42.114356,13.170000,75.930144
3231,42.127704,13.348000,74.917591
3232,42.141226,13.522000,73.953557
3233,42.154406,13.180000,75.872534
3234,42.167717,13.311000,75.125836
3235,42.181065,13.348000,74.917591
3236,42.194399,13.334000,74.996250
3237,42.207514,13.115000,76.248570
3238,42.221088,13.574000,73.670252
3239,42.234579,13.491000,74.123490
3240,42.247810,13.231000,75.580077
3241,42.261266,13.456000,74.316290
3242,42.274387,13.121000,76.213703
3243,42.287528,13.141000,76.097709
3244,42.300927,13.399000,74.632435
3245,42.313970,13.043000,76.669478
3246,42.327554,13.584000,73.616019
3247,42.340933,13.379000,74.744002
3248,42.354551,13.618000,73.432222
3249,42.367532,12.981000,77.035668
3250,42.381612,14.080000,71.022727
3251,42.394733,13.121000,76.213703
3252,42.408336,13.603000,73.513196
3253,42.421050,12.714000,78.653453
3254,42.435046,13.996000,71.448985
3255,42.448514,13.468000,74.250074
3256,42.461501,12.987000,77.000077
3257,42.474906,13.405000,74.599030
3258,42.488224,13.318000,75.086349
3259,42.501282,13.058000,76.581406
3260,42.514761,13.479000,74.189480
3261,42.527658,12.897000,77.537412
3262,42.541408,13.750000,72.727273
3263,42.554631,13.223000,75.625804
3264,42.567872,13.241000,75.522997
3265,42.581266,13.394000,74.660296
3266,42.594617,13.351000,74.900756
3267,42.607840,13.223000,75.625804
3268,42.620912,13.072000,76.499388
3269,42.634695,13.783000,72.553145
3270,42.647570,12.875000,77.669903
3271,42.661190,13.620000,73.421439
3272,42.674297,13.107000,76.295109
3273,42.687849,13.552000,73.789847
3274,42.701063,13.214000,75.677312
3275,42.714246,13.183000,75.855268
3276,42.727918,13.672000,73.142188
3277,42.741299,13.381000,74.732830
3278,42.754698,13.399000,74.632435
3279,42.767981,13.283000,75.284198
3280,42.781075,13.094000,76.370857
3281,42.794639,13.564000,73.724565
3282,42.807950,13.311000,75.125836
3283,42.821158,13.208000,75.711690
3284,42.834440,13.282000,75.289866
3285,42.847863,13.423000,74.498994
3286,42.861172,13.309000,75.137125
3287,42.874528,13.356000,74.872716
3288,42.887543,13.015000,76.834422
3289,42.895663,8.120000,123.152709
3290,42.914443,18.780000,53.248136
3291,42.927643,13.200000,75.757576
3292,42.941033,13.390000,74.682599
3293,42.954570,13.537000,73.871611
3294,42.967610,13.040000,76.687117
3295,42.981018,13.408000,74.582339
3296,42.994436,13.418000,74.526755
3297,43.007599,13.163000,75.970523
3298,43.020908,13.309000,75.137125
3299,43.034103,13.195000,75.786283
3300,43.047468,13.365000,74.822297
3301,43.060827,13.359000,74.855902
3302,43.074017,13.190000,75.815011
3303,43.087552,13.535000,73.882527
3304,43.100901,13.349000,74.911978
3305,43.114387,13.486000,74.150971
3306,43.127522,13.135000,76.132470
3307,43.141120,13.598000,73.540227
3308,43.154540,13.420000,74.515648
3309,43.168116,13.576000,73.659399
3310,43.181712,13.596000,73.551044
3311,43.194999,13.287000,75.261534
3312,43.208315,13.316000,75.097627
3313,43.221498,13.183000,75.855268
3314,43.234961,13.463000,74.277650
3315,43.248447,13.486000,74.150971
3316,43.261222,12.775000,78.277886
3317,43.274882,13.660000,73.206442
3318,43.287933,13.051000,76.622481
3319,43.301847,13.914000,71.870059
3320,43.314929,13.082000,76.440911
3321,43.327555,12.626000,79.201647
3322,43.340915,13.360000,74.850299
3323,43.354472,13.557000,73.762632
3324,43.368112,13.640000,73.313783
3325,43.381636,13.524000,73.942621
3326,43.394728,13.092000,76.382524
3327,43.407723,12.995000,76.952674
3328,43.421365,13.642000,73.303035
3329,43.434589,13.224000,75.620085
3330,43.447729,13.140000,76.103501
3331,43.460847,13.118000,76.231133
3332,43.474335,13.488000,74.139976
3333,43.487644,13.309000,75.137125
3334,43.494994,7.350000,136.054422
3335,43.500629,5.635000,177.462289
3336,43.514242,13.613000,73.459193
3337,43.527265,13.023000,76.787223
3338,43.540989,13.724000,72.865054
3339,43.554068,13.079000,76.458445
3340,43.567490,13.422000,74.504545
3341,43.580638,13.148000,76.057195
3342,43.593886,13.248000,75.483092
3343,43.607549,13.663000,73.190368
3344,43.620829,13.280000,75.301205
3345,43.634070,13.241000,75.522997
3346,43.647519,13.449000,74.354971
3347,43.660873,13.354000,74.883930
3348,43.674089,13.216000,75.665860
3349,43.680960,6.871000,145.539223
3350,43.688577,7.617000,131.285283
3351,43.700491,11.914000,83.934867
3352,43.714452,13.961000,71.628107
3353,43.727414,12.962000,77.148588
3354,43.740447,13.033000,76.728305
3355,43.753773,13.326000,75.041273
3356,43.767305,13.532000,73.898906
3357,43.780377,13.072000,76.499388
3358,43.793983,13.606000,73.496987
3359,43.807361,13.378000,74.749589
3360,43.820524,13.163000,75.970523
3361,43.833924,13.400000,74.626866
3362,43.847214,13.290000,75.244545
3363,43.860540,13.326000,75.041273
3364,43.873976,13.436000,74.426913
3365,43.880169,6.193000,161.472630
3366,43.887451,7.282000,137.324911
3367,43.900696,13.245000,75.500189
3368,43.913793,13.097000,76.353363
3369,43.927624,13.831000,72.301352
3370,43.940908,13.284000,75.278531
3371,43.954202,13.294000,75.221905
3372,43.967798,13.596000,73.551044
3373,43.980857,13.059000,76.575542
3374,43.994082,13.225000,75.614367
3375,44.007530,13.448000,74.360500
3376,44.020848,13.318000,75.086349
3377,44.034686,13.838000,72.264778
3378,44.047703,13.017000,76.822617
3379,44.061067,13.364000,74.827896
3380,44.074108,13.041000,76.681236
3381,44.087456,13.348000,74.917591
3382,44.100768,13.312000,75.120192
3383,44.114637,13.869000,72.103252
3384,44.127751,13.114000,76.254385
3385,44.140950,13.199000,75.763315
3386,44.154215,13.265000,75.386355
3387,44.168275,14.060000,71.123755
3388,44.181242,12.967000,77.118840
3389,44.194884,13.642000,73.303035
3390,44.208425,13.541000,73.849790
3391,44.221453,13.028000,76.757753
3392,44.234256,12.803000,78.106694
3393,44.247824,13.568000,73.702830
3394,44.260697,12.873000,77.681970
3395,44.274074,13.377000,74.755177
3396,44.287374,13.300000,75.187970
3397,44.300463,13.089000,76.400031
3398,44.313755,13.292000,75.233223
3399,44.327111,13.356000,74.872716
3400,44.340598,13.487000,74.145473
3401,44.353683,13.085000,76.423386
3402,44.366970,13.287000,75.261534
3403,44.380296,13.326000,75.041273
3404,44.393925,13.629000,73.372955
3405,44.407235,13.310000,75.131480
3406,44.412664,5.429000,184.195985
3407,44.420562,7.898000,126.614333
3408,44.433749,13.187000,75.832259
3409,44.447219,13.470000,74.239050
3410,44.455815,8.596000,116.333178
3411,44.473554,17.739000,56.372964
3412,44.486875,13.321000,75.069439
3413,44.500184,13.309000,75.137125
3414,44.513621,13.437000,74.421374
3415,44.526807,13.186000,75.838010
3416,44.540512,13.705000,72.966071
3417,44.553568,13.056000,76.593137
3418,44.566949,13.381000,74.732830
3419,44.580404,13.455000,74.321813
3420,44.593706,13.302000,75.176665
3421,44.607160,13.454000,74.327338
3422,44.620482,13.322000,75.063804
3423,44.633925,13.443000,74.388157
3424,44.640258,6.333000,157.903048
3425,44.647680,7.422000,134.734573
3426,44.650816,3.136000,318.877551
3427,44.660845,10.029000,99.710839
3428,44.664525,3.680000,271.739130
3429,44.687569,23.044000,43.395244
3430,44.700708,13.139000,76.109293
3431,44.714633,13.925000,71.813285
3432,44.727619,12.986000,77.006006
3433,44.731641,4.022000,248.632521
3434,44.755265,23.624000,42.329834
3435,44.767849,12.584000,79.465989
3436,44.781862,14.013000,71.362306
3437,44.794214,12.352000,80.958549
3438,44.807638,13.424000,74.493445
3439,44.821636,13.998000,71.438777
3440,44.835178,13.542000,73.844336
3441,44.848898,13.720000,72.886297
3442,44.862341,13.443000,74.388157
3443,44.875341,13.000000,76.923077
3444,44.890563,15.222000,65.694390
3445,44.902878,12.315000,81.201786
3446,44.928069,25.191000,39.696717
3447,44.941460,13.391000,74.677022
3448,44.955045,13.585000,73.610600
3449,44.968032,12.987000,77.000077
3450,44.981813,13.781000,72.563675
3451,44.994835,13.022000,76.793119
3452,45.008138,13.303000,75.171014
