frame,time_s,frame_ms,fps
1,0.008529,8.529000,117.247040
2,1.061867,1053.338000,0.949363
3,1.106475,44.608000,22.417504
4,1.107032,0.557000,1795.332136
5,1.116692,9.660000,103.519669
6,1.123602,6.910000,144.717800
7,1.128621,5.019000,199.242877
8,1.134010,5.389000,185.563184
9,1.148982,14.972000,66.791344
10,1.178852,29.870000,33.478406
11,1.179358,0.506000,1976.284585
12,1.242266,62.908000,15.896229
13,1.242809,0.543000,1841.620626
14,1.246960,4.151000,240.905806
15,1.252401,5.441000,183.789745
16,1.257595,5.194000,192.529842
17,1.270438,12.843000,77.863428
18,1.274081,3.643000,274.499039
19,1.285992,11.911000,83.956007
20,1.298406,12.414000,80.554213
21,1.311752,13.346000,74.928818
22,1.326047,14.295000,69.954530
23,1.337791,11.744000,85.149864
24,1.351064,13.273000,75.340918
25,1.366382,15.318000,65.282674
26,1.377563,11.181000,89.437439
27,1.391519,13.956000,71.653769
28,1.405465,13.946000,71.705148
29,1.418659,13.194000,75.792027
30,1.431169,12.510000,79.936051
31,1.444752,13.583000,73.621439
32,1.457864,13.112000,76.266016
33,1.472965,15.101000,66.220780
34,1.484330,11.365000,87.989441
35,1.497433,13.103000,76.318400
36,1.510744,13.311000,75.125836
37,1.524188,13.444000,74.382624
38,1.537266,13.078000,76.464291
39,1.551143,13.877000,72.061685
40,1.564046,12.903000,77.501356
41,1.577823,13.777000,72.584743
42,1.591127,13.304000,75.165364
43,1.604805,13.678000,73.110104
44,1.618548,13.743000,72.764316
45,1.631524,12.976000,77.065351
46,1.644609,13.085000,76.423386
47,1.658001,13.392000,74.671446
48,1.671174,13.173000,75.912852
49,1.684373,13.199000,75.763315
50,1.690011,5.638000,177.367861
51,1.695120,5.109000,195.733020
52,1.698853,3.733000,267.881061
53,1.701321,2.468000,405.186386
54,1.703888,2.567000,389.559797
55,1.706096,2.208000,452.898551
56,1.708589,2.493000,401.123145
57,1.710752,2.163000,462.320851
58,1.712888,2.136000,468.164794
59,1.714957,2.069000,483.325278
60,1.716951,1.994000,501.504514
61,1.718923,1.972000,507.099391
62,1.720991,2.068000,483.558994
63,1.723036,2.045000,488.997555
64,1.725926,2.890000,346.020761
65,1.728971,3.045000,328.407225
66,1.751871,22.900000,43.668122
67,1.764723,12.852000,77.808901
68,1.766900,2.177000,459.347726
69,1.770291,3.391000,294.898260
70,1.771977,1.686000,593.119810
71,1.774439,2.462000,406.173842
72,1.776485,2.046000,488.758553
73,1.780126,3.641000,274.649821
74,1.781389,1.263000,791.765637
75,1.783687,2.298000,435.161010
76,1.786302,2.615000,382.409178
77,1.789551,3.249000,307.787011
78,1.791755,2.204000,453.720508
79,1.795002,3.247000,307.976594
80,1.797410,2.408000,415.282392
81,1.801457,4.047000,247.096615
82,1.804236,2.779000,359.841670
83,1.812548,8.312000,120.307988
84,1.831907,19.359000,51.655561
85,1.845695,13.788000,72.526835
86,1.857615,11.920000,83.892617
87,1.871227,13.612000,73.464590
88,1.884398,13.171000,75.924379
89,1.900672,16.274000,61.447708
90,1.911446,10.774000,92.816039
91,1.925120,13.674000,73.131490
92,1.938402,13.282000,75.289866
93,1.954963,16.561000,60.382827
94,1.964403,9.440000,105.932203
95,1.978193,13.790000,72.516316
96,1.991114,12.921000,77.393391
97,2.005454,14.340000,69.735007
98,2.018196,12.742000,78.480615
99,2.032023,13.827000,72.322268
100,2.044667,12.644000,79.088896
101,2.058578,13.911000,71.885558
102,2.071601,13.023000,76.787223
103,2.085069,13.468000,74.250074
104,2.098055,12.986000,77.006006
105,2.112341,14.286000,69.998600
106,2.126119,13.778000,72.579475
107,2.138768,12.649000,79.057633
108,2.151955,13.187000,75.832259
109,2.166208,14.253000,70.160668
110,2.178316,12.108000,82.590023
111,2.191346,13.030000,76.745971
112,2.205825,14.479000,69.065543
113,2.218234,12.409000,80.586671
114,2.231872,13.638000,73.324534
115,2.245145,13.273000,75.340918
116,2.258407,13.262000,75.403408
117,2.272324,13.917000,71.854566
118,2.284526,12.202000,81.953778
119,2.298434,13.908000,71.901064
120,2.313922,15.488000,64.566116
121,2.324221,10.299000,97.096806
122,2.338116,13.895000,71.968334
123,2.351277,13.161000,75.982068
124,2.364751,13.474000,74.217011
125,2.377644,12.893000,77.561467
126,2.391163,13.519000,73.969968
127,2.404843,13.680000,73.099415
128,2.417967,13.124000,76.196282
129,2.431044,13.077000,76.470138
130,2.444511,13.467000,74.255588
131,2.457994,13.483000,74.167470
132,2.471286,13.292000,75.233223
133,2.486804,15.518000,64.441294
134,2.498375,11.571000,86.422954
135,2.511212,12.837000,77.899821
136,2.524340,13.128000,76.173065
137,2.538227,13.887000,72.009793
138,2.550940,12.713000,78.659640
139,2.564268,13.328000,75.030012
140,2.579188,14.920000,67.024129
141,2.591132,11.944000,83.724046
142,2.604815,13.683000,73.083388
143,2.618086,13.271000,75.352272
144,2.623279,5.193000,192.566917
145,2.628218,4.939000,202.470136
146,2.631351,3.133000,319.182892
147,2.636024,4.673000,213.995292
148,2.638284,2.260000,442.477876
149,2.658982,20.698000,48.313847
150,2.671174,12.192000,82.020997
151,2.674273,3.099000,322.684737
152,2.676650,2.377000,420.698359
153,2.679097,2.447000,408.663670
154,2.681447,2.350000,425.531915
155,2.683950,2.503000,399.520575
156,2.686513,2.563000,390.167772
157,2.689213,2.700000,370.370370
158,2.691497,2.284000,437.828371
159,2.693938,2.441000,409.668169
160,2.696186,2.248000,444.839858
161,2.699651,3.465000,288.600289
162,2.701300,1.649000,606.428138
163,2.725068,23.768000,42.073376
164,2.737956,12.888000,77.591558
165,2.751804,13.848000,72.212594
166,2.764892,13.088000,76.405868
167,2.767929,3.037000,329.272308
168,2.770454,2.525000,396.039604
169,2.772679,2.225000,449.438202
170,2.775153,2.474000,404.203719
171,2.778700,3.547000,281.928390
172,2.781399,2.699000,370.507595
173,2.789063,7.664000,130.480167
174,2.789820,0.757000,1321.003963
175,2.792742,2.922000,342.231348
176,2.794639,1.897000,527.148129
177,2.796734,2.095000,477.326969
178,2.798774,2.040000,490.196078
179,2.801189,2.415000,414.078675
180,2.804477,3.288000,304.136253
181,2.806906,2.429000,411.692054
182,2.809311,2.405000,415.800416
183,2.812209,2.898000,345.065562
184,2.814986,2.777000,360.100828
185,2.817839,2.853000,350.508237
186,2.821399,3.560000,280.898876
187,2.825324,3.925000,254.777070
188,2.828528,3.204000,312.109863
189,2.831825,3.297000,303.306036
190,2.857654,25.829000,38.716172
191,2.867719,10.065000,99.354198
192,2.871708,3.989000,250.689396
193,2.876084,4.376000,228.519196
194,2.879129,3.045000,328.407225
195,2.886282,7.153000,139.801482
196,2.915058,28.776000,34.751182
197,2.925092,10.034000,99.661152
198,2.938494,13.402000,74.615729
199,2.952178,13.684000,73.078047
200,2.955398,3.220000,310.559006
201,2.958316,2.918000,342.700480
202,2.961452,3.136000,318.877551
203,2.964283,2.831000,353.232073
204,2.967754,3.471000,288.101412
205,2.970906,3.152000,317.258883
206,2.973769,2.863000,349.283968
207,2.976528,2.759000,362.450163
208,2.979784,3.256000,307.125307
209,2.982750,2.966000,337.154417
210,2.985747,2.997000,333.667000
211,2.988931,3.184000,314.070352
212,2.992806,3.875000,258.064516
213,2.996532,3.726000,268.384326
214,3.000143,3.611000,276.931598
215,3.004789,4.646000,215.238915
216,3.018019,13.230000,75.585790
217,3.032410,14.391000,69.487874
218,3.037856,5.446000,183.621006
219,3.044987,7.131000,140.232786
220,3.048276,3.289000,304.043782
221,3.051485,3.209000,311.623559
222,3.054488,3.003000,333.000333
223,3.057306,2.818000,354.861604
224,3.060581,3.275000,305.343511
225,3.063767,3.186000,313.873195
226,3.066880,3.113000,321.233537
227,3.069822,2.942000,339.904827
228,3.073196,3.374000,296.384114
229,3.085365,12.169000,82.176021
230,3.089086,3.721000,268.744961
231,3.092156,3.070000,325.732899
232,3.095023,2.867000,348.796652
233,3.098435,3.412000,293.083236
234,3.101589,3.154000,317.057705
235,3.105305,3.716000,269.106566
236,3.107838,2.533000,394.788788
237,3.110674,2.836000,352.609309
238,3.113332,2.658000,376.222724
239,3.125265,11.933000,83.801223
240,3.152192,26.927000,37.137446
241,3.159698,7.506000,133.226752
242,3.165844,6.146000,162.707452
243,3.172275,6.431000,155.496812
244,3.175387,3.112000,321.336761
245,3.178676,3.289000,304.043782
246,3.182206,3.530000,283.286119
247,3.185737,3.531000,283.205891
248,3.188229,2.492000,401.284109
249,3.192017,3.788000,263.991552
250,3.194387,2.370000,421.940928
251,3.196739,2.352000,425.170068
252,3.199519,2.780000,359.712230
253,3.202405,2.886000,346.500347
254,3.205066,2.661000,375.798572
255,3.208461,3.395000,294.550810
256,3.211092,2.631000,380.083618
257,3.214139,3.047000,328.191664
258,3.217806,3.667000,272.702482
259,3.221979,4.173000,239.635754
260,3.224659,2.680000,373.134328
261,3.228283,3.624000,275.938190
262,3.230708,2.425000,412.371134
263,3.258243,27.535000,36.317414
264,3.270649,12.406000,80.606158
265,3.274025,3.376000,296.208531
266,3.276273,2.248000,444.839858
267,3.278930,2.657000,376.364321
268,3.281460,2.530000,395.256917
269,3.283810,2.350000,425.531915
270,3.287111,3.301000,302.938503
271,3.290231,3.120000,320.512821
272,3.293877,3.646000,274.273176
273,3.296953,3.076000,325.097529
274,3.300521,3.568000,280.269058
275,3.303445,2.924000,341.997264
276,3.306852,3.407000,293.513355
277,3.309973,3.121000,320.410125
278,3.313309,3.336000,299.760192
279,3.316292,2.983000,335.232987
280,3.319599,3.307000,302.388872
281,3.323475,3.876000,257.997936
282,3.351383,27.908000,35.832019
283,3.364676,13.293000,75.227563
284,3.367768,3.092000,323.415265
285,3.370239,2.471000,404.694456
286,3.372676,2.437000,410.340583
287,3.376176,3.500000,285.714286
288,3.379170,2.994000,334.001336
289,3.382795,3.625000,275.862069
290,3.385409,2.614000,382.555471
291,3.387974,2.565000,389.863548
292,3.390735,2.761000,362.187613
293,3.394257,3.522000,283.929585
294,3.397390,3.133000,319.182892
295,3.399756,2.366000,422.654269
296,3.402165,2.409000,415.110004
297,3.405449,3.284000,304.506699
298,3.408178,2.729000,366.434591
299,3.410844,2.666000,375.093773
300,3.413845,3.001000,333.222259
301,3.444380,30.535000,32.749304
302,3.457014,12.634000,79.151496
303,3.460331,3.317000,301.477238
304,3.462570,2.239000,446.627959
305,3.465012,2.442000,409.500410
306,3.467300,2.288000,437.062937
307,3.469626,2.326000,429.922614
308,3.472660,3.034000,329.597891
309,3.475360,2.700000,370.370370
310,3.477663,2.303000,434.216240
311,3.480996,3.333000,300.030003
312,3.483470,2.474000,404.203719
313,3.486268,2.798000,357.398142
314,3.488919,2.651000,377.216145
315,3.491399,2.480000,403.225806
316,3.493741,2.342000,426.985482
317,3.497860,4.119000,242.777373
318,3.500861,3.001000,333.222259
319,3.504545,3.684000,271.444083
320,3.507673,3.128000,319.693095
321,3.512121,4.448000,224.820144
322,3.515255,3.134000,319.081047
323,3.518962,3.707000,269.759914
324,3.522176,3.214000,311.138768
325,3.551228,29.052000,34.421038
326,3.563984,12.756000,78.394481
327,3.567085,3.101000,322.476620
328,3.569237,2.152000,464.684015
329,3.571371,2.134000,468.603561
330,3.573626,2.255000,443.458980
331,3.576223,2.597000,385.059684
332,3.578681,2.458000,406.834825
333,3.581794,3.113000,321.233537
334,3.584547,2.753000,363.240102
335,3.597877,13.330000,75.018755
336,3.618887,21.010000,47.596383
337,3.631154,12.267000,81.519524
338,3.641741,10.587000,94.455464
339,3.659812,18.071000,55.337281
340,3.672306,12.494000,80.038418
341,3.676047,3.741000,267.308206
342,3.679283,3.236000,309.023486
343,3.682293,3.010000,332.225914
344,3.685053,2.760000,362.318841
345,3.688165,3.112000,321.336761
346,3.691030,2.865000,349.040140
347,3.695189,4.159000,240.442414
348,3.698948,3.759000,266.028199
349,3.701829,2.881000,347.101701
350,3.706177,4.348000,229.990800
351,3.710895,4.718000,211.954218
352,3.714726,3.831000,261.028452
353,3.717519,2.793000,358.037952
354,3.721047,3.528000,283.446712
355,3.723931,2.884000,346.740638
356,3.750747,26.816000,37.291169
357,3.763532,12.785000,78.216660
358,3.767862,4.330000,230.946882
359,3.770491,2.629000,380.372765
360,3.773123,2.632000,379.939210
361,3.775682,2.559000,390.777648
362,3.779076,3.394000,294.637596
363,3.781654,2.578000,387.897595
364,3.784192,2.538000,394.011032
365,3.787121,2.929000,341.413452
366,3.790521,3.400000,294.117647
367,3.793228,2.707000,369.412634
368,3.795949,2.721000,367.511944
369,3.798869,2.920000,342.465753
370,3.801621,2.752000,363.372093
371,3.804607,2.986000,334.896182
372,3.807235,2.628000,380.517504
373,3.810319,3.084000,324.254215
374,3.812922,2.603000,384.172109
375,3.816013,3.091000,323.519896
376,3.818683,2.670000,374.531835
377,3.822140,3.457000,289.268152
378,3.825165,3.025000,330.578512
379,3.828641,3.476000,287.686997
380,3.831480,2.839000,352.236703
381,3.858071,26.591000,37.606709
382,3.863064,4.993000,200.280393
383,3.871799,8.735000,114.481969
384,3.875276,3.477000,287.604257
385,3.877998,2.722000,367.376929
386,3.880628,2.630000,380.228137
387,3.884041,3.413000,292.997363
388,3.887684,3.643000,274.499039
389,3.891201,3.517000,284.333239
390,3.894551,3.350000,298.507463
391,3.899198,4.647000,215.192597
392,3.902211,3.013000,331.895121
393,3.904880,2.669000,374.672162
394,3.908955,4.075000,245.398773
395,3.912661,3.706000,269.832704
396,3.924317,11.656000,85.792725
397,3.934288,9.971000,100.290843
398,3.952025,17.737000,56.379320
399,3.964939,12.914000,77.435341
400,3.968266,3.327000,300.571085
401,3.970902,2.636000,379.362671
402,3.974378,3.476000,287.686997
403,3.977112,2.734000,365.764448
404,3.980368,3.256000,307.125307
405,3.983062,2.694000,371.195249
406,3.986279,3.217000,310.848617
407,3.988926,2.647000,377.786173
408,3.993174,4.248000,235.404896
409,3.996066,2.892000,345.781466
410,3.999142,3.076000,325.097529
411,4.002014,2.872000,348.189415
412,4.006301,4.287000,233.263354
413,4.018119,11.818000,84.616686
414,4.021535,3.416000,292.740047
415,4.024454,2.919000,342.583076
416,4.028187,3.733000,267.881061
417,4.031709,3.522000,283.929585
418,4.057724,26.015000,38.439362
419,4.062648,4.924000,203.086921
420,4.071710,9.062000,110.350916
421,4.075489,3.779000,264.620270
422,4.078925,3.436000,291.036088
423,4.081568,2.643000,378.357927
424,4.084713,3.145000,317.965024
425,4.087565,2.852000,350.631136
426,4.090732,3.167000,315.756236
427,4.093702,2.970000,336.700337
428,4.096356,2.654000,376.789751
429,4.099701,3.345000,298.953662
430,4.102623,2.922000,342.231348
431,4.105927,3.304000,302.663438
432,4.108784,2.857000,350.017501
433,4.117095,8.311000,120.322464
434,4.139472,22.377000,44.688743
435,4.152081,12.609000,79.308430
436,4.155958,3.877000,257.931390
437,4.160217,4.259000,234.796901
438,4.165051,4.834000,206.868018
439,4.179024,13.973000,71.566593
440,4.183482,4.458000,224.315837
441,4.188231,4.749000,210.570646
442,4.192197,3.966000,252.143217
443,4.196696,4.499000,222.271616
444,4.201261,4.565000,219.058050
445,4.206265,5.004000,199.840128
446,4.219506,13.241000,75.522997
447,4.224425,4.919000,203.293352
448,4.228980,4.555000,219.538968
449,4.246493,17.513000,57.100440
450,4.250600,4.107000,243.486730
451,4.271422,20.822000,48.026126
452,4.275943,4.521000,221.190002
453,4.279260,3.317000,301.477238
454,4.281945,2.685000,372.439479
455,4.286945,5.000000,200.000000
456,4.291441,4.496000,222.419929
457,4.294474,3.033000,329.706561
458,4.298393,3.919000,255.167134
459,4.301947,3.554000,281.373101
460,4.306049,4.102000,243.783520
461,4.309205,3.156000,316.856781
462,4.312027,2.822000,354.358611
463,4.320592,8.565000,116.754232
464,4.339408,18.816000,53.146259
465,4.352257,12.849000,77.827068
466,4.356304,4.047000,247.096615
467,4.359123,2.819000,354.735722
468,4.362195,3.072000,325.520833
469,4.365369,3.174000,315.059861
470,4.368469,3.100000,322.580645
471,4.371282,2.813000,355.492357
472,4.374213,2.931000,341.180484
473,4.377183,2.970000,336.700337
474,4.380463,3.280000,304.878049
475,4.383521,3.058000,327.011118
476,4.386310,2.789000,358.551452
477,4.388730,2.420000,413.223140
478,4.393430,4.700000,212.765957
479,4.396858,3.428000,291.715286
480,4.400030,3.172000,315.258512
481,4.404183,4.153000,240.789791
482,4.408058,3.875000,258.064516
483,4.410721,2.663000,375.516335
484,4.413460,2.739000,365.096751
485,4.415647,2.187000,457.247371
486,4.419782,4.135000,241.837969
487,4.423806,4.024000,248.508946
488,4.426598,2.792000,358.166189
489,4.431390,4.792000,208.681135
490,4.446001,14.611000,68.441585
491,4.459579,13.578000,73.648549
492,4.472162,12.583000,79.472304
493,4.475785,3.623000,276.014353
494,4.479909,4.124000,242.483026
495,4.484059,4.150000,240.963855
496,4.487177,3.118000,320.718409
497,4.490284,3.107000,321.853878
498,4.493773,3.489000,286.615076
499,4.498167,4.394000,227.583068
500,4.501493,3.326000,300.661455
501,4.504118,2.625000,380.952381
502,4.506739,2.621000,381.533766
503,4.509863,3.124000,320.102433
504,4.512432,2.569000,389.256520
505,4.516074,3.642000,274.574410
506,4.518743,2.669000,374.672162
507,4.522298,3.555000,281.293952
508,4.525029,2.731000,366.166239
509,4.551438,26.409000,37.865879
510,4.564378,12.940000,77.279753
511,4.568116,3.738000,267.522739
512,4.570642,2.526000,395.882819
513,4.573741,3.099000,322.684737
514,4.576859,3.118000,320.718409
515,4.580327,3.468000,288.350634
516,4.583290,2.963000,337.495781
517,4.586512,3.222000,310.366232
518,4.589140,2.628000,380.517504
519,4.593271,4.131000,242.072137
520,4.596317,3.046000,328.299409
521,4.599411,3.094000,323.206206
522,4.602243,2.832000,353.107345
523,4.606774,4.531000,220.701832
524,4.610094,3.320000,301.204819
525,4.613210,3.116000,320.924262
526,4.615861,2.651000,377.216145
527,4.619721,3.860000,259.067358
528,4.622828,3.107000,321.853878
529,4.625917,3.089000,323.729362
530,4.628862,2.945000,339.558574
531,4.657418,28.556000,35.018910
532,4.662160,4.742000,210.881485
533,4.671557,9.397000,106.416942
534,4.675026,3.469000,288.267512
535,4.678065,3.039000,329.055610
536,4.680987,2.922000,342.231348
537,4.684073,3.086000,324.044070
538,4.687359,3.286000,304.321363
539,4.691218,3.859000,259.134491
540,4.694880,3.662000,273.074823
541,4.699562,4.682000,213.583938
542,4.702639,3.077000,324.991875
543,4.706005,3.366000,297.088532
544,4.709082,3.077000,324.991875
545,4.713011,3.929000,254.517689
546,4.715945,2.934000,340.831629
547,4.719306,3.361000,297.530497
548,4.722158,2.852000,350.631136
549,4.750469,28.311000,35.321960
550,4.763429,12.960000,77.160494
551,4.767037,3.608000,277.161863
552,4.770032,2.995000,333.889816
553,4.772997,2.965000,337.268128
554,4.775961,2.964000,337.381916
555,4.779056,3.095000,323.101777
556,4.782320,3.264000,306.372549
557,4.785406,3.086000,324.044070
558,4.788353,2.947000,339.328130
559,4.790806,2.453000,407.664085
560,4.793889,3.083000,324.359390
561,4.796696,2.807000,356.252227
562,4.799387,2.691000,371.609067
563,4.801915,2.528000,395.569620
564,4.804272,2.357000,424.268137
565,4.817834,13.562000,73.735437
566,4.827963,10.129000,98.726429
567,4.843427,15.464000,64.666322
568,4.846219,2.792000,358.166189
569,4.848430,2.211000,452.284034
570,4.850663,2.233000,447.828034
571,4.853138,2.475000,404.040404
572,4.856143,3.005000,332.778702
573,4.859656,3.513000,284.656988
574,4.862146,2.490000,401.606426
575,4.864827,2.681000,372.995151
576,4.867388,2.561000,390.472472
577,4.870735,3.347000,298.775022
578,4.884295,13.560000,73.746313
579,4.897332,13.037000,76.704763
580,4.900128,2.796000,357.653791
581,4.902694,2.566000,389.711613
582,4.910845,8.151000,122.684333
583,4.924391,13.546000,73.822531
584,4.932357,7.966000,125.533517
585,4.951490,19.133000,52.265719
586,4.964463,12.973000,77.083173
587,4.967941,3.478000,287.521564
588,4.970713,2.772000,360.750361
589,4.972940,2.227000,449.034576
590,4.976801,3.861000,259.000259
591,4.980222,3.421000,292.312189
592,4.983313,3.091000,323.519896
593,4.986522,3.209000,311.623559
594,4.989629,3.107000,321.853878
595,4.993283,3.654000,273.672687
596,4.996467,3.184000,314.070352
597,5.000011,3.544000,282.167043
598,5.003340,3.329000,300.390508
599,5.007258,3.918000,255.232261
600,5.010476,3.218000,310.752020
601,5.013934,3.458000,289.184500
602,5.017097,3.163000,316.155549
603,5.020896,3.799000,263.227165
604,5.024103,3.207000,311.817898
605,5.027805,3.702000,270.124257
606,5.030881,3.076000,325.097529
607,5.057170,26.289000,38.038723
608,5.070086,12.916000,77.423351
609,5.073064,2.978000,335.795836
610,5.075372,2.308000,433.275563
611,5.078026,2.654000,376.789751
612,5.080652,2.626000,380.807312
613,5.083825,3.173000,315.159155
614,5.087608,3.783000,264.340471
615,5.090222,2.614000,382.555471
616,5.092729,2.507000,398.883127
617,5.095988,3.259000,306.842590
618,5.099777,3.789000,263.921879
619,5.102774,2.997000,333.667000
620,5.105166,2.392000,418.060201
621,5.108489,3.323000,300.932892
622,5.112563,4.074000,245.459008
623,5.115675,3.112000,321.336761
624,5.118236,2.561000,390.472472
625,5.120690,2.454000,407.497963
626,5.150711,30.021000,33.310016
627,5.163450,12.739000,78.499097
628,5.166500,3.050000,327.868852
629,5.169001,2.501000,399.840064
630,5.171462,2.461000,406.338887
631,5.175090,3.628000,275.633958
632,5.179218,4.128000,242.248062
633,5.182241,3.023000,330.797221
634,5.184836,2.595000,385.356455
635,5.187722,2.886000,346.500347
636,5.190946,3.224000,310.173697
637,5.193821,2.875000,347.826087
638,5.196940,3.119000,320.615582
639,5.199959,3.019000,331.235508
640,5.204150,4.191000,238.606538
641,5.217460,13.310000,75.131480
642,5.227995,10.535000,94.921690
643,5.243241,15.246000,65.590975
644,5.246746,3.505000,285.306705
645,5.249704,2.958000,338.066261
646,5.252642,2.938000,340.367597
647,5.255141,2.499000,400.160064
648,5.257970,2.829000,353.481796
649,5.260840,2.870000,348.432056
650,5.263682,2.842000,351.864884
651,5.266192,2.510000,398.406375
652,5.268694,2.502000,399.680256
653,5.271984,3.290000,303.951368
654,5.274544,2.560000,390.625000
655,5.276871,2.327000,429.737860
656,5.279225,2.354000,424.808836
657,5.281559,2.334000,428.449015
658,5.283853,2.294000,435.919791
659,5.286099,2.246000,445.235975
660,5.288611,2.512000,398.089172
661,5.290763,2.152000,464.684015
662,5.292960,2.197000,455.166136
663,5.295220,2.260000,442.477876
664,5.297542,2.322000,430.663221
665,5.300859,3.317000,301.477238
666,5.303149,2.290000,436.681223
667,5.305797,2.648000,377.643505
668,5.308076,2.279000,438.788943
669,5.311279,3.203000,312.207306
670,5.313575,2.296000,435.540070
671,5.316475,2.900000,344.827586
672,5.318677,2.202000,454.132607
673,5.321398,2.721000,367.511944
674,5.323681,2.283000,438.020149
675,5.337006,13.325000,75.046904
676,5.349885,12.879000,77.645780
677,5.352375,2.490000,401.606426
678,5.354353,1.978000,505.561173
679,5.357760,3.407000,293.513355
680,5.360874,3.114000,321.130379
681,5.363918,3.044000,328.515112
682,5.367276,3.358000,297.796307
683,5.369917,2.641000,378.644453
684,5.372874,2.957000,338.180588
685,5.375517,2.643000,378.357927
686,5.379363,3.846000,260.010400
687,5.382230,2.867000,348.796652
688,5.385284,3.054000,327.439424
689,5.388025,2.741000,364.830354
690,5.392495,4.470000,223.713647
691,5.395291,2.796000,357.653791
692,5.398406,3.115000,321.027287
693,5.401041,2.635000,379.506641
694,5.405632,4.591000,217.817469
695,5.408203,2.571000,388.953715
696,5.411369,3.166000,315.855970
697,5.414273,2.904000,344.352617
698,5.419465,5.192000,192.604006
699,5.421910,2.445000,408.997955
700,5.423743,1.833000,545.553737
701,5.426005,2.262000,442.086649
702,5.430618,4.613000,216.778669
703,5.433121,2.503000,399.520575
704,5.457109,23.988000,41.687510
705,5.470234,13.125000,76.190476
706,5.472854,2.620000,381.679389
707,5.475451,2.597000,385.059684
708,5.478794,3.343000,299.132516
709,5.481200,2.406000,415.627598
710,5.485675,4.475000,223.463687
711,5.488137,2.462000,406.173842
712,5.491625,3.488000,286.697248
713,5.494162,2.537000,394.166338
714,5.497809,3.647000,274.197971
715,5.501654,3.845000,260.078023
716,5.504372,2.718000,367.917586
717,5.507045,2.673000,374.111485
718,5.509901,2.856000,350.140056
719,5.513687,3.786000,264.131009
720,5.516384,2.697000,370.782351
721,5.519522,3.138000,318.674315
722,5.522001,2.479000,403.388463
723,5.551510,29.509000,33.887966
724,5.555366,3.856000,259.336100
725,5.565089,9.723000,102.848915
726,5.568718,3.629000,275.558005
727,5.572693,3.975000,251.572327
728,5.576423,3.730000,268.096515
729,5.580571,4.148000,241.080039
730,5.583201,2.630000,380.228137
731,5.586884,3.683000,271.517784
732,5.589740,2.856000,350.140056
733,5.593859,4.119000,242.777373
734,5.596548,2.689000,371.885459
735,5.600300,3.752000,266.524520
736,5.603132,2.832000,353.107345
737,5.607349,4.217000,237.135404
738,5.609932,2.583000,387.146729
739,5.613956,4.024000,248.508946
740,5.616761,2.805000,356.506239
741,5.620780,4.019000,248.818114
742,5.623526,2.746000,364.166060
743,5.627699,4.173000,239.635754
744,5.630023,2.324000,430.292599
745,5.657894,27.871000,35.879588
746,5.663148,5.254000,190.331176
747,5.671211,8.063000,124.023316
748,5.674798,3.587000,278.784500
749,5.677387,2.589000,386.249517
750,5.681386,3.999000,250.062516
751,5.684208,2.822000,354.358611
752,5.688253,4.045000,247.218789
753,5.691145,2.892000,345.781466
754,5.694884,3.739000,267.451190
755,5.697568,2.684000,372.578241
756,5.701713,4.145000,241.254524
757,5.704678,2.965000,337.268128
758,5.708388,3.710000,269.541779
759,5.711168,2.780000,359.712230
760,5.714688,3.520000,284.090909
761,5.717234,2.546000,392.772977
762,5.720619,3.385000,295.420975
763,5.723422,2.803000,356.760614
764,5.750852,27.430000,36.456435
765,5.763739,12.887000,77.597579
766,5.766380,2.641000,378.644453
767,5.768442,2.062000,484.966052
768,5.770854,2.412000,414.593698
769,5.774524,3.670000,272.479564
770,5.778780,4.256000,234.962406
771,5.782105,3.325000,300.751880
772,5.785125,3.020000,331.125828
773,5.788451,3.326000,300.661455
774,5.792470,4.019000,248.818114
775,5.795853,3.383000,295.595625
776,5.799007,3.154000,317.057705
777,5.801409,2.402000,416.319734
778,5.805595,4.186000,238.891543
779,5.808351,2.756000,362.844702
780,5.810845,2.494000,400.962310
781,5.813344,2.499000,400.160064
782,5.817482,4.138000,241.662639
783,5.820213,2.731000,366.166239
784,5.822972,2.759000,362.450163
785,5.825663,2.691000,371.609067
786,5.828932,3.269000,305.903946
787,5.831738,2.806000,356.379187
788,5.857463,25.725000,38.872692
789,5.870384,12.921000,77.393391
790,5.873528,3.144000,318.066158
791,5.875890,2.362000,423.370025
792,5.878869,2.979000,335.683115
793,5.881803,2.934000,340.831629
794,5.886058,4.255000,235.017626
795,5.889112,3.054000,327.439424
796,5.891946,2.834000,352.858151
797,5.894750,2.804000,356.633381
798,5.899038,4.288000,233.208955
799,5.902152,3.114000,321.130379
800,5.904857,2.705000,369.685767
801,5.907802,2.945000,339.558574
802,5.911221,3.419000,292.483182
803,5.915360,4.139000,241.604252
804,5.918326,2.966000,337.154417
805,5.921366,3.040000,328.947368
806,5.924960,3.594000,278.241514
807,5.950805,25.845000,38.692204
808,5.955411,4.606000,217.108120
809,5.965085,9.674000,103.369857
810,5.968813,3.728000,268.240343
811,5.972656,3.843000,260.213375
812,5.976361,3.705000,269.905533
813,5.981412,5.051000,197.980598
814,5.984536,3.124000,320.102433
815,5.987418,2.882000,346.981263
816,5.990343,2.925000,341.880342
817,5.993153,2.810000,355.871886
818,5.996650,3.497000,285.959394
819,5.999644,2.994000,334.001336
820,6.002198,2.554000,391.542678
821,6.006028,3.830000,261.096606
822,6.008992,2.964000,337.381916
823,6.012333,3.341000,299.311583
824,6.015264,2.931000,341.180484
825,6.044116,28.852000,34.659642
826,6.057241,13.125000,76.190476
827,6.060247,3.006000,332.667997
828,6.064345,4.098000,244.021474
829,6.067244,2.899000,344.946533
830,6.071446,4.202000,237.981913
831,6.074073,2.627000,380.662352
832,6.077642,3.569000,280.190530
833,6.080349,2.707000,369.412634
834,6.084440,4.091000,244.439012
835,6.087106,2.666000,375.093773
836,6.090332,3.226000,309.981401
837,6.092970,2.638000,379.075057
838,6.096322,3.352000,298.329356
839,6.099120,2.798000,357.398142
840,6.102358,3.238000,308.832613
841,6.105280,2.922000,342.231348
842,6.108423,3.143000,318.167356
843,6.111169,2.746000,364.166060
844,6.137451,26.282000,38.048855
845,6.142608,5.157000,193.911189
846,6.151653,9.045000,110.558320
847,6.155256,3.603000,277.546489
848,6.157936,2.680000,373.134328
849,6.161775,3.839000,260.484501
850,6.164392,2.617000,382.116928
851,6.168379,3.987000,250.815149
852,6.171395,3.016000,331.564987
853,6.175008,3.613000,276.778301
854,6.179804,4.796000,208.507089
855,6.183308,3.504000,285.388128
856,6.187135,3.827000,261.301280
857,6.189842,2.707000,369.412634
858,6.193258,3.416000,292.740047
859,6.195858,2.600000,384.615385
860,6.199100,3.242000,308.451573
861,6.202185,3.085000,324.149109
862,6.206177,3.992000,250.501002
863,6.208781,2.604000,384.024578
864,6.212165,3.384000,295.508274
865,6.214956,2.791000,358.294518
866,6.219567,4.611000,216.872696
867,6.222444,2.877000,347.584289
868,6.257754,35.310000,28.320589
869,6.264696,6.942000,144.050706
870,6.271685,6.989000,143.081986
871,6.275376,3.691000,270.929287
872,6.278136,2.760000,362.318841
873,6.281761,3.625000,275.862069
874,6.284624,2.863000,349.283968
875,6.287802,3.178000,314.663310
876,6.290405,2.603000,384.172109
877,6.293889,3.484000,287.026406
878,6.296485,2.596000,385.208012
879,6.300165,3.680000,271.739130
880,6.303157,2.992000,334.224599
881,6.306272,3.115000,321.027287
882,6.309105,2.833000,352.982704
883,6.312698,3.593000,278.318954
884,6.315617,2.919000,342.583076
885,6.324812,9.195000,108.754758
886,6.352247,27.435000,36.449790
887,6.365017,12.770000,78.308536
888,6.368857,3.840000,260.416667
889,6.371650,2.793000,358.037952
890,6.375342,3.692000,270.855905
891,6.378733,3.391000,294.898260
892,6.382100,3.367000,297.000297
893,6.385208,3.108000,321.750322
894,6.388381,3.173000,315.159155
895,6.393004,4.623000,216.309756
896,6.396713,3.709000,269.614451
897,6.400609,3.896000,256.673511
898,6.403690,3.081000,324.569945
899,6.407541,3.851000,259.672812
900,6.411044,3.503000,285.469597
901,6.414182,3.138000,318.674315
902,6.417304,3.122000,320.307495
903,6.443997,26.693000,37.463005
904,6.456504,12.507000,79.955225
905,6.460531,4.027000,248.323814
906,6.463462,2.931000,341.180484
907,6.466476,3.014000,331.785003
908,6.469547,3.071000,325.626832
909,6.472718,3.171000,315.357931
910,6.475656,2.938000,340.367597
911,6.478698,3.042000,328.731098
912,6.481620,2.922000,342.231348
913,6.484266,2.646000,377.928949
914,6.486772,2.506000,399.042298
915,6.489308,2.536000,394.321767
916,6.492041,2.733000,365.898280
917,6.495999,3.958000,252.652855
918,6.498858,2.859000,349.772648
919,6.501902,3.044000,328.515112
920,6.504636,2.734000,365.764448
921,6.506872,2.236000,447.227191
922,6.509660,2.788000,358.680057
923,6.512804,3.144000,318.066158
924,6.515497,2.693000,371.333086
925,6.518802,3.305000,302.571861
926,6.521592,2.790000,358.422939
927,6.551126,29.534000,33.859281
928,6.556678,5.552000,180.115274
929,6.564953,8.275000,120.845921
930,6.568575,3.622000,276.090558
931,6.571345,2.770000,361.010830
932,6.575084,3.739000,267.451190
933,6.577639,2.555000,391.389432
934,6.581517,3.878000,257.864879
935,6.585891,4.374000,228.623685
936,6.590514,4.623000,216.309756
937,6.594224,3.710000,269.541779
938,6.596904,2.680000,373.134328
939,6.600684,3.780000,264.550265
940,6.603979,3.295000,303.490137
941,6.608227,4.248000,235.404896
942,6.610993,2.766000,361.532899
943,6.614480,3.487000,286.779467
944,6.617757,3.277000,305.157156
945,6.621889,4.132000,242.013553
946,6.624864,2.975000,336.134454
947,6.629114,4.250000,235.294118
948,6.632282,3.168000,315.656566
949,6.657831,25.549000,39.140475
950,6.663341,5.510000,181.488203
951,6.671533,8.192000,122.070313
952,6.675320,3.787000,264.061262
953,6.677932,2.612000,382.848392
954,6.681635,3.703000,270.051310
955,6.684257,2.622000,381.388253
956,6.688272,4.015000,249.066002
957,6.691356,3.084000,324.254215
958,6.695144,3.788000,263.991552
959,6.697775,2.631000,380.083618
960,6.701455,3.680000,271.739130
961,6.704140,2.685000,372.439479
962,6.708070,3.930000,254.452926
963,6.710915,2.845000,351.493849
964,6.721495,10.580000,94.517958
965,6.738986,17.491000,57.172260
966,6.751587,12.601000,79.358781
967,6.755435,3.848000,259.875260
968,6.757999,2.564000,390.015601
969,6.761906,3.907000,255.950857
970,6.764402,2.496000,400.641026
971,6.768576,4.174000,239.578342
972,6.771195,2.619000,381.825124
973,6.775215,4.020000,248.756219
974,6.780207,4.992000,200.320513
975,6.784326,4.119000,242.777373
976,6.788182,3.856000,259.336100
977,6.792338,4.156000,240.615977
978,6.796014,3.676000,272.034820
979,6.799966,3.952000,253.036437
980,6.817529,17.563000,56.937881
981,6.831988,14.459000,69.161076
982,6.844150,12.162000,82.223319
983,6.857253,13.103000,76.318400
984,6.870657,13.404000,74.604596
985,6.883567,12.910000,77.459334
986,6.896849,13.282000,75.289866
987,6.910918,14.069000,71.078257
988,6.923845,12.927000,77.357469
989,6.937709,13.864000,72.129256
990,6.952240,14.531000,68.818388
991,6.963784,11.544000,86.625087
992,6.978956,15.172000,65.910888
993,6.990568,11.612000,86.117809
994,7.003822,13.254000,75.448921
995,7.017189,13.367000,74.811102
996,7.030546,13.357000,74.867111
997,7.043933,13.387000,74.699335
998,7.057421,13.488000,74.139976
999,7.070620,13.199000,75.763315
1000,7.083929,13.309000,75.137125
1001,7.097259,13.330000,75.018755
1002,7.110852,13.593000,73.567277
1003,7.124242,13.390000,74.682599
1004,7.137748,13.506000,74.041167
1005,7.150509,12.761000,78.363765
1006,7.163715,13.206000,75.723156
1007,7.177020,13.305000,75.159714
1008,7.190603,13.583000,73.621439
1009,7.204290,13.687000,73.062030
1010,7.217124,12.834000,77.918030
1011,7.230895,13.771000,72.616368
1012,7.244307,13.412000,74.560095
1013,7.257554,13.247000,75.488790
1014,7.270868,13.314000,75.108908
1015,7.284151,13.283000,75.284198
1016,7.297477,13.326000,75.041273
1017,7.310659,13.182000,75.861023
1018,7.324008,13.349000,74.911978
1019,7.337582,13.574000,73.670252
1020,7.350652,13.070000,76.511094
1021,7.364272,13.620000,73.421439
1022,7.377416,13.144000,76.080341
1023,7.390576,13.160000,75.987842
1024,7.404239,13.663000,73.190368
1025,7.417373,13.134000,76.138267
1026,7.430663,13.290000,75.244545
1027,7.443835,13.172000,75.918615
1028,7.457694,13.859000,72.155278
1029,7.470873,13.179000,75.878291
1030,7.484336,13.463000,74.277650
1031,7.497593,13.257000,75.431847
1032,7.511385,13.792000,72.505800
1033,7.524017,12.632000,79.164028
1034,7.537333,13.316000,75.097627
1035,7.551484,14.151000,70.666384
1036,7.564018,12.534000,79.782990
1037,7.578257,14.239000,70.229651
1038,7.590543,12.286000,81.393456
1039,7.604385,13.842000,72.243895
1040,7.618075,13.690000,73.046019
1041,7.631483,13.408000,74.582339
1042,7.644912,13.429000,74.465709
1043,7.657669,12.757000,78.388336
1044,7.662803,5.134000,194.779899
1045,7.667664,4.861000,205.718988
1046,7.672300,4.636000,215.703192
1047,7.677081,4.781000,209.161263
1048,7.681574,4.493000,222.568440
1049,7.685143,3.569000,280.190530
1050,7.688122,2.979000,335.683115
1051,7.691148,3.026000,330.469266
1052,7.694111,2.963000,337.495781
1053,7.696920,2.809000,355.998576
1054,7.699456,2.536000,394.321767
1055,7.702037,2.581000,387.446726
1056,7.704581,2.544000,393.081761
1057,7.707174,2.593000,385.653683
1058,7.709390,2.216000,451.263538
1059,7.712155,2.765000,361.663653
1060,7.715428,3.273000,305.530095
1061,7.724087,8.659000,115.486777
1062,7.733753,9.666000,103.455411
1063,7.751418,17.665000,56.609114
1064,7.764284,12.866000,77.724234
1065,7.767573,3.289000,304.043782
1066,7.770101,2.528000,395.569620
1067,7.773256,3.155000,316.957211
1068,7.775884,2.628000,380.517504
1069,7.779300,3.416000,292.740047
1070,7.781967,2.667000,374.953131
1071,7.785397,3.430000,291.545190
1072,7.787960,2.563000,390.167772
1073,7.792265,4.305000,232.288037
1074,7.794932,2.667000,374.953131
1075,7.798105,3.173000,315.159155
1076,7.800753,2.648000,377.643505
1077,7.804386,3.633000,275.254611
1078,7.806868,2.482000,402.900886
1079,7.810351,3.483000,287.108814
1080,7.813054,2.703000,369.959304
1081,7.817485,4.431000,225.682690
1082,7.843656,26.171000,38.210233
1083,7.848548,4.892000,204.415372
1084,7.857608,9.060000,110.375276
1085,7.860817,3.209000,311.623559
1086,7.863341,2.524000,396.196513
1087,7.866603,3.262000,306.560392
1088,7.869208,2.605000,383.877159
1089,7.872829,3.621000,276.166805
1090,7.884199,11.370000,87.950748
1091,7.887673,3.474000,287.852619
1092,7.890628,2.955000,338.409475
1093,7.894142,3.514000,284.575982
1094,7.896372,2.230000,448.430493
1095,7.899830,3.458000,289.184500
1096,7.903183,3.353000,298.240382
1097,7.906708,3.525000,283.687943
1098,7.910491,3.783000,264.340471
1099,7.913859,3.368000,296.912114
1100,7.917304,3.445000,290.275762
1101,7.920545,3.241000,308.546745
1102,7.950247,29.702000,33.667766
1103,7.962925,12.678000,78.876794
1104,7.965429,2.504000,399.361022
1105,7.967386,1.957000,510.986203
1106,7.969644,2.258000,442.869796
1107,7.972381,2.737000,365.363537
1108,7.975466,3.085000,324.149109
1109,7.979125,3.659000,273.298715
1110,7.982124,2.999000,333.444481
1111,7.985482,3.358000,297.796307
1112,7.988576,3.094000,323.206206
1113,7.991970,3.394000,294.637596
1114,7.994250,2.280000,438.596491
1115,7.996903,2.653000,376.931775
1116,7.999528,2.625000,380.952381
1117,8.003668,4.140000,241.545894
1118,8.006197,2.529000,395.413207
1119,8.009185,2.988000,334.672021
1120,8.011750,2.565000,389.863548
1121,8.014872,3.122000,320.307495
1122,8.017180,2.308000,433.275563
1123,8.043409,26.229000,38.125739
1124,8.056218,12.809000,78.070107
1125,8.058793,2.575000,388.349515
1126,8.060606,1.813000,551.571980
1127,8.062941,2.335000,428.265525
1128,8.065561,2.620000,381.679389
1129,8.068115,2.554000,391.542678
1130,8.072251,4.136000,241.779497
1131,8.083700,11.449000,87.343873
1132,8.087088,3.388000,295.159386
1133,8.089363,2.275000,439.560440
1134,8.092284,2.921000,342.348511
1135,8.096985,4.701000,212.720698
1136,8.100410,3.425000,291.970803
1137,8.102667,2.257000,443.066017
1138,8.105710,3.043000,328.623069
1139,8.108191,2.481000,403.063281
1140,8.110500,2.309000,433.087917
1141,8.137033,26.533000,37.688916
1142,8.142581,5.548000,180.245133
1143,8.150923,8.342000,119.875330
1144,8.154202,3.279000,304.971028
1145,8.156881,2.679000,373.273610
1146,8.160260,3.379000,295.945546
1147,8.162700,2.440000,409.836066
1148,8.166643,3.943000,253.613999
1149,8.169123,2.480000,403.225806
1150,8.172325,3.202000,312.304809
1151,8.174653,2.328000,429.553265
1152,8.178975,4.322000,231.374364
1153,8.181430,2.455000,407.331976
1154,8.184697,3.267000,306.091215
1155,8.187114,2.417000,413.736036
1156,8.190584,3.470000,288.184438
1157,8.193011,2.427000,412.031314
1158,8.196520,3.509000,284.981476
1159,8.199074,2.554000,391.542678
1160,8.202377,3.303000,302.755071
1161,8.205835,3.458000,289.184500
1162,8.209297,3.462000,288.850376
1163,8.211882,2.585000,386.847195
1164,8.215439,3.557000,281.135789
1165,8.218063,2.624000,381.097561
1166,8.221833,3.770000,265.251989
1167,8.224773,2.940000,340.136054
1168,8.228775,4.002000,249.875062
1169,8.231279,2.504000,399.361022
1170,8.257002,25.723000,38.875714
1171,8.270210,13.208000,75.711690
1172,8.272840,2.630000,380.228137
1173,8.274823,1.983000,504.286435
1174,8.276797,1.974000,506.585613
1175,8.279436,2.639000,378.931413
1176,8.282125,2.689000,371.885459
1177,8.285324,3.199000,312.597687
1178,8.287548,2.224000,449.640288
1179,8.290378,2.830000,353.356890
1180,8.292915,2.537000,394.166338
1181,8.296420,3.505000,285.306705
1182,8.299501,3.081000,324.569945
1183,8.302668,3.167000,315.756236
1184,8.306106,3.438000,290.866783
1185,8.310569,4.463000,224.064531
1186,8.313162,2.593000,385.653683
1187,8.337116,23.954000,41.746681
1188,8.343880,6.764000,147.841514
1189,8.351388,7.508000,133.191263
1190,8.355410,4.022000,248.632521
1191,8.358294,2.884000,346.740638
1192,8.361516,3.222000,310.366232
1193,8.364235,2.719000,367.782273
1194,8.367278,3.043000,328.623069
1195,8.369684,2.406000,415.627598
1196,8.373047,3.363000,297.353553
1197,8.375621,2.574000,388.500389
1198,8.379339,3.718000,268.961807
1199,8.381889,2.550000,392.156863
1200,8.384868,2.979000,335.683115
1201,8.387214,2.346000,426.257460
1202,8.391645,4.431000,225.682690
1203,8.394445,2.800000,357.142857
1204,8.396952,2.507000,398.883127
1205,8.399591,2.639000,378.931413
1206,8.403659,4.068000,245.821042
1207,8.406347,2.688000,372.023810
1208,8.408477,2.130000,469.483568
1209,8.410814,2.337000,427.899016
1210,8.413305,2.491000,401.445203
1211,8.415740,2.435000,410.677618
1212,8.419196,3.456000,289.351852
1213,8.421768,2.572000,388.802488
1214,8.424792,3.024000,330.687831
1215,8.427597,2.805000,356.506239
1216,8.457745,30.148000,33.169696
1217,8.462748,5.003000,199.880072
1218,8.471267,8.519000,117.384670
1219,8.475081,3.814000,262.191924
1220,8.479551,4.470000,223.713647
1221,8.482561,3.010000,332.225914
1222,8.486290,3.729000,268.168410
1223,8.489381,3.091000,323.519896
1224,8.493245,3.864000,258.799172
1225,8.496445,3.200000,312.500000
1226,8.500690,4.245000,235.571260
1227,8.503571,2.881000,347.101701
1228,8.507515,3.944000,253.549696
1229,8.510772,3.257000,307.031010
1230,8.514306,3.534000,282.965478
1231,8.524422,10.116000,98.853302
1232,8.536247,11.825000,84.566596
1233,8.551903,15.656000,63.873275
1234,8.564813,12.910000,77.459334
1235,8.570209,5.396000,185.322461
1236,8.573938,3.729000,268.168410
1237,8.577531,3.593000,278.318954
1238,8.582320,4.789000,208.811861
1239,8.587109,4.789000,208.811861
1240,8.591624,4.515000,221.483942
1241,8.594828,3.204000,312.109863
1242,8.597802,2.974000,336.247478
1243,8.600695,2.893000,345.661943
1244,8.604057,3.362000,297.441999
1245,8.606910,2.853000,350.508237
1246,8.610157,3.247000,307.976594
1247,8.622314,12.157000,82.257136
1248,8.645078,22.764000,43.929011
1249,8.657607,12.529000,79.814830
1250,8.671261,13.654000,73.238611
1251,8.684730,13.469000,74.244562
1252,8.688226,3.496000,286.041190
1253,8.692134,3.908000,255.885363
1254,8.697180,5.046000,198.176774
1255,8.700643,3.463000,288.766965
1256,8.703426,2.783000,359.324470
1257,8.707525,4.099000,243.961942
1258,8.710376,2.851000,350.754121
1259,8.720880,10.504000,95.201828
1260,8.739235,18.355000,54.481068
1261,8.751125,11.890000,84.104289
1262,8.755441,4.316000,231.696015
1263,8.758598,3.157000,316.756414
1264,8.761401,2.803000,356.760614
1265,8.764314,2.913000,343.288706
1266,8.767480,3.166000,315.855970
1267,8.770723,3.243000,308.356460
1268,8.773560,2.837000,352.485019
1269,8.776350,2.790000,358.422939
1270,8.779787,3.437000,290.951411
1271,8.782614,2.827000,353.731871
1272,8.785861,3.247000,307.976594
1273,8.788588,2.727000,366.703337
1274,8.792705,4.117000,242.895312
1275,8.795613,2.908000,343.878955
1276,8.798568,2.955000,338.409475
1277,8.801445,2.877000,347.584289
1278,8.805457,4.012000,249.252243
1279,8.808300,2.843000,351.741119
1280,8.811817,3.517000,284.333239
1281,8.814430,2.613000,382.701875
1282,8.818773,4.343000,230.255584
1283,8.821875,3.102000,322.372663
1284,8.824726,2.851000,350.754121
1285,8.827405,2.679000,373.273610
1286,8.832047,4.642000,215.424386
1287,8.835307,3.260000,306.748466
1288,8.870268,34.961000,28.603301
1289,8.876224,5.956000,167.897918
1290,8.884986,8.762000,114.129194
1291,8.888601,3.615000,276.625173
1292,8.892652,4.051000,246.852629
1293,8.897328,4.676000,213.857998
1294,8.910738,13.410000,74.571216
1295,8.919753,9.015000,110.926234
1296,8.924780,5.027000,198.925801
1297,8.937344,12.564000,79.592486
1298,8.940878,3.534000,282.965478
1299,8.945182,4.304000,232.342007
1300,8.948963,3.781000,264.480296
1301,8.953251,4.288000,233.208955
1302,8.957277,4.026000,248.385494
1303,8.960899,3.622000,276.090558
1304,8.964325,3.426000,291.885581
1305,8.967850,3.525000,283.687943
1306,8.971219,3.369000,296.823983
1307,8.974639,3.420000,292.397661
1308,8.978016,3.377000,296.120817
1309,8.981471,3.455000,289.435601
1310,8.984898,3.427000,291.800409
1311,8.988041,3.143000,318.167356
1312,8.991578,3.537000,282.725474
1313,8.994519,2.941000,340.020401
1314,8.997786,3.267000,306.091215
1315,9.000259,2.473000,404.367165
1316,9.003298,3.039000,329.055610
1317,9.006308,3.010000,332.225914
1318,9.009240,2.932000,341.064120
1319,9.012555,3.315000,301.659125
1320,9.015239,2.684000,372.578241
1321,9.019023,3.784000,264.270613
1322,9.021879,2.856000,350.140056
1323,9.025374,3.495000,286.123033
1324,9.028303,2.929000,341.413452
1325,9.057249,28.946000,34.547088
1326,9.062681,5.432000,184.094256
1327,9.071294,8.613000,116.103564
1328,9.075305,4.011000,249.314385
1329,9.078221,2.916000,342.935528
1330,9.081708,3.487000,286.779467
1331,9.084456,2.748000,363.901019
1332,9.088033,3.577000,279.563880
1333,9.091056,3.023000,330.797221
1334,9.094789,3.733000,267.881061
1335,9.097503,2.714000,368.459838
1336,9.101381,3.878000,257.864879
1337,9.104154,2.773000,360.620267
1338,9.107885,3.731000,268.024658
1339,9.110474,2.589000,386.249517
1340,9.114312,3.838000,260.552371
1341,9.116944,2.632000,379.939210
1342,9.120700,3.756000,266.240682
1343,9.123458,2.758000,362.581581
1344,9.150658,27.200000,36.764706
1345,9.154929,4.271000,234.137204
1346,9.164693,9.764000,102.417042
1347,9.168447,3.754000,266.382525
1348,9.172679,4.232000,236.294896
1349,9.176412,3.733000,267.881061
1350,9.179737,3.325000,300.751880
1351,9.183161,3.424000,292.056075
1352,9.186661,3.500000,285.714286
1353,9.189417,2.756000,362.844702
1354,9.193063,3.646000,274.273176
1355,9.195991,2.928000,341.530055
1356,9.199438,3.447000,290.107340
1357,9.203340,3.902000,256.278831
1358,9.207120,3.780000,264.550265
1359,9.209872,2.752000,363.372093
1360,9.213180,3.308000,302.297461
1361,9.216911,3.731000,268.024658
1362,9.243551,26.640000,37.537538
1363,9.249297,5.746000,174.034111
1364,9.257688,8.391000,119.175307
1365,9.260953,3.265000,306.278714
1366,9.263842,2.889000,346.140533
1367,9.266832,2.990000,334.448161
1368,9.269638,2.806000,356.379187
1369,9.273467,3.829000,261.164795
1370,9.276267,2.800000,357.142857
1371,9.279954,3.687000,271.223217
1372,9.284300,4.346000,230.096641
1373,9.292879,8.579000,116.563702
1374,9.312031,19.152000,52.213868
1375,9.324862,12.831000,77.936248
1376,9.338799,13.937000,71.751453
1377,9.352276,13.477000,74.200490
1378,9.356860,4.584000,218.150087
1379,9.359988,3.128000,319.693095
1380,9.364197,4.209000,237.586125
1381,9.369467,5.270000,189.753321
1382,9.373557,4.090000,244.498778
1383,9.377789,4.232000,236.294896
1384,9.383143,5.354000,186.776242
1385,9.387257,4.114000,243.072436
1386,9.391471,4.214000,237.304224
1387,9.396469,4.998000,200.080032
1388,9.400502,4.033000,247.954376
1389,9.404687,4.185000,238.948626
1390,9.409499,4.812000,207.813799
1391,9.413606,4.107000,243.486730
1392,9.417759,4.153000,240.789791
1393,9.445311,27.552000,36.295006
1394,9.450952,5.641000,177.273533
1395,9.457619,6.667000,149.992500
1396,9.462050,4.431000,225.682690
1397,9.465898,3.848000,259.875260
1398,9.469505,3.607000,277.238703
1399,9.474294,4.789000,208.811861
1400,9.477968,3.674000,272.182907
1401,9.481506,3.538000,282.645562
1402,9.485190,3.684000,271.444083
1403,9.488021,2.831000,353.232073
1404,9.490957,2.936000,340.599455
1405,9.493631,2.674000,373.971578
1406,9.497532,3.901000,256.344527
1407,9.512179,14.647000,68.273367
1408,9.516507,4.328000,231.053604
1409,9.519626,3.119000,320.615582
1410,9.531325,11.699000,85.477391
1411,9.537741,6.416000,155.860349
1412,9.551746,14.005000,71.403070
1413,9.554915,3.169000,315.556958
1414,9.557686,2.771000,360.880549
1415,9.560497,2.811000,355.745286
1416,9.562844,2.347000,426.075841
1417,9.566364,3.520000,284.090909
1418,9.568696,2.332000,428.816467
1419,9.571822,3.126000,319.897633
1420,9.574137,2.315000,431.965443
1421,9.578755,4.618000,216.543958
1422,9.581717,2.962000,337.609723
1423,9.584544,2.827000,353.731871
1424,9.587078,2.534000,394.632991
1425,9.590496,3.418000,292.568754
1426,9.592982,2.486000,402.252615
1427,9.596377,3.395000,294.550810
1428,9.599132,2.755000,362.976407
1429,9.602341,3.209000,311.623559
1430,9.604830,2.489000,401.767778
1431,9.608177,3.347000,298.775022
1432,9.611008,2.831000,353.232073
1433,9.614487,3.479000,287.438919
1434,9.617299,2.812000,355.618777
1435,9.645007,27.708000,36.090660
1436,9.651662,6.655000,150.262960
1437,9.657253,5.591000,178.858880
1438,9.660272,3.019000,331.235508
1439,9.664078,3.806000,262.743037
1440,9.667796,3.718000,268.961807
1441,9.671251,3.455000,289.435601
1442,9.685212,13.961000,71.628107
1443,9.689047,3.835000,260.756193
1444,9.693204,4.157000,240.558095
1445,9.696669,3.465000,288.600289
1446,9.699825,3.156000,316.856781
1447,9.702637,2.812000,355.618777
1448,9.705370,2.733000,365.898280
1449,9.708130,2.760000,362.318841
1450,9.712948,4.818000,207.555002
1451,9.716886,3.938000,253.936008
1452,9.720909,4.023000,248.570718
1453,9.739924,19.015000,52.590060
1454,9.751758,11.834000,84.502282
1455,9.754759,3.001000,333.222259
1456,9.759570,4.811000,207.856994
1457,9.762385,2.815000,355.239787
1458,9.766923,4.538000,220.361393
1459,9.769953,3.030000,330.033003
1460,9.772157,2.204000,453.720508
1461,9.774294,2.137000,467.945718
1462,9.776828,2.534000,394.632991
1463,9.780276,3.448000,290.023202
1464,9.782875,2.599000,384.763371
1465,9.786143,3.268000,305.997552
1466,9.788796,2.653000,376.931775
1467,9.792309,3.513000,284.656988
1468,9.795008,2.699000,370.507595
1469,9.798269,3.261000,306.654400
1470,9.801727,3.458000,289.184500
1471,9.805291,3.564000,280.583614
1472,9.807854,2.563000,390.167772
1473,9.810456,2.602000,384.319754
1474,9.813545,3.089000,323.729362
1475,9.817045,3.500000,285.714286
1476,9.846983,29.938000,33.402365
1477,9.857291,10.308000,97.012029
1478,9.860322,3.031000,329.924117
1479,9.862350,2.028000,493.096647
1480,9.865532,3.182000,314.267756
1481,9.869841,4.309000,232.072407
1482,9.885555,15.714000,63.637521
1483,9.889789,4.234000,236.183278
1484,9.893654,3.865000,258.732212
1485,9.898345,4.691000,213.174163
1486,9.911833,13.488000,74.139976
1487,9.915905,4.072000,245.579568
1488,9.920713,4.808000,207.986689
1489,9.938482,17.769000,56.277787
1490,9.942438,3.956000,252.780586
1491,9.951189,8.751000,114.272655
1492,9.955018,3.829000,261.164795
1493,9.959400,4.382000,228.206298
1494,9.963690,4.290000,233.100233
1495,9.967411,3.721000,268.744961
1496,9.970070,2.659000,376.081234
1497,9.972891,2.821000,354.484225
1498,9.975518,2.627000,380.662352
1499,9.978444,2.926000,341.763500
1500,9.981050,2.606000,383.729854
1501,9.983397,2.347000,426.075841
1502,9.985746,2.349000,425.713069
1503,9.988248,2.502000,399.680256
1504,9.990488,2.240000,446.428571
1505,9.992781,2.293000,436.109900
1506,9.994996,2.215000,451.467269
1507,9.997287,2.291000,436.490615
1508,9.999541,2.254000,443.655723
1509,10.001770,2.229000,448.631673
1510,10.003856,2.086000,479.386385
1511,10.005922,2.066000,484.027106
1512,10.008352,2.430000,411.522634
1513,10.010711,2.359000,423.908436
1514,10.012772,2.061000,485.201359
1515,10.014895,2.123000,471.031559
1516,10.016900,2.005000,498.753117
1517,10.031883,14.983000,66.742308
1518,10.037737,5.854000,170.823369
1519,10.044106,6.369000,157.010520
1520,10.057586,13.480000,74.183976
1521,10.061089,3.503000,285.469597
1522,10.067040,5.951000,168.038985
1523,10.098004,30.964000,32.295569
1524,10.110972,12.968000,77.112893
1525,10.122060,11.088000,90.187590
1526,10.137750,15.690000,63.734863
1527,10.151158,13.408000,74.582339
1528,10.154796,3.638000,274.876306
1529,10.159009,4.213000,237.360551
1530,10.163059,4.050000,246.913580
1531,10.166358,3.299000,303.122158
1532,10.169034,2.676000,373.692078
1533,10.172296,3.262000,306.560392
1534,10.174927,2.631000,380.083618
1535,10.178891,3.964000,252.270434
1536,10.181490,2.599000,384.763371
1537,10.184932,3.442000,290.528762
1538,10.187488,2.556000,391.236307
1539,10.192022,4.534000,220.555801
1540,10.194497,2.475000,404.040404
1541,10.198035,3.538000,282.645562
1542,10.200661,2.626000,380.807312
1543,10.205231,4.570000,218.818381
1544,10.207719,2.488000,401.929260
1545,10.211025,3.306000,302.480339
1546,10.213561,2.536000,394.321767
1547,10.216961,3.400000,294.117647
1548,10.219500,2.539000,393.855849
1549,10.222651,3.151000,317.359568
1550,10.225328,2.677000,373.552484
1551,10.228784,3.456000,289.351852
1552,10.231265,2.481000,403.063281
1553,10.257386,26.121000,38.283374
1554,10.264111,6.725000,148.698885
1555,10.271085,6.974000,143.389733
1556,10.274236,3.151000,317.359568
1557,10.276771,2.535000,394.477318
1558,10.279753,2.982000,335.345406
1559,10.282338,2.585000,386.847195
1560,10.285761,3.423000,292.141396
1561,10.288123,2.362000,423.370025
1562,10.291359,3.236000,309.023486
1563,10.293663,2.304000,434.027778
1564,10.297127,3.464000,288.683603
1565,10.299533,2.406000,415.627598
1566,10.302631,3.098000,322.788896
1567,10.305176,2.545000,392.927308
1568,10.308474,3.298000,303.214069
1569,10.310917,2.443000,409.332788
1570,10.318069,7.152000,139.821029
1571,10.338835,20.766000,48.155639
1572,10.351390,12.555000,79.649542
1573,10.354674,3.284000,304.506699
1574,10.358165,3.491000,286.450874
1575,10.361514,3.349000,298.596596
1576,10.363977,2.463000,406.008932
1577,10.367251,3.274000,305.436775
1578,10.370667,3.416000,292.740047
1579,10.374014,3.347000,298.775022
1580,10.378780,4.766000,209.819555
1581,10.381659,2.879000,347.342827
1582,10.384914,3.255000,307.219662
1583,10.388445,3.531000,283.205891
1584,10.391992,3.547000,281.928390
1585,10.394683,2.691000,371.609067
1586,10.397954,3.271000,305.716906
1587,10.400501,2.547000,392.618767
1588,10.405262,4.761000,210.039908
1589,10.408265,3.003000,333.000333
1590,10.410977,2.712000,368.731563
1591,10.413391,2.414000,414.250207
1592,10.417171,3.780000,264.550265
1593,10.420022,2.851000,350.754121
1594,10.423039,3.017000,331.455088
1595,10.426013,2.974000,336.247478
1596,10.430331,4.318000,231.588698
1597,10.433253,2.922000,342.231348
1598,10.457961,24.708000,40.472721
1599,10.464875,6.914000,144.634076
1600,10.471464,6.589000,151.768098
1601,10.474563,3.099000,322.684737
1602,10.477119,2.556000,391.236307
1603,10.480271,3.152000,317.258883
1604,10.482870,2.599000,384.763371
1605,10.486297,3.427000,291.800409
1606,10.488777,2.480000,403.225806
1607,10.492120,3.343000,299.132516
1608,10.494765,2.645000,378.071834
1609,10.498846,4.081000,245.037981
1610,10.501479,2.633000,379.794911
1611,10.504783,3.304000,302.663438
1612,10.507585,2.802000,356.887937
1613,10.512496,4.911000,203.624516
1614,10.515830,3.334000,299.940012
1615,10.528337,12.507000,79.955225
1616,10.553239,24.902000,40.157417
1617,10.565854,12.615000,79.270709
1618,10.570130,4.276000,233.863424
1619,10.573682,3.552000,281.531532
1620,10.579773,6.091000,164.176654
1621,10.584186,4.413000,226.603218
1622,10.587484,3.298000,303.214069
1623,10.590528,3.044000,328.515112
1624,10.594016,3.488000,286.697248
1625,10.597409,3.393000,294.724433
1626,10.600093,2.684000,372.578241
1627,10.606152,6.059000,165.043737
1628,10.610190,4.038000,247.647350
1629,10.613263,3.073000,325.414904
1630,10.616232,2.969000,336.813742
1631,10.619312,3.080000,324.675325
1632,10.622268,2.956000,338.294993
1633,10.624639,2.371000,421.762969
1634,10.631223,6.584000,151.883354
1635,10.639667,8.444000,118.427286
1636,10.660106,20.439000,48.926073
1637,10.671781,11.675000,85.653105
1638,10.676177,4.396000,227.479527
1639,10.679137,2.960000,337.837838
1640,10.682226,3.089000,323.729362
1641,10.685282,3.056000,327.225131
1642,10.688432,3.150000,317.460317
1643,10.691925,3.493000,286.286859
1644,10.695130,3.205000,312.012480
1645,10.698086,2.956000,338.294993
1646,10.702220,4.134000,241.896468
1647,10.705593,3.373000,296.471983
1648,10.710428,4.835000,206.825233
1649,10.714174,3.746000,266.951415
1650,10.717218,3.044000,328.515112
1651,10.719924,2.706000,369.549150
1652,10.722546,2.622000,381.388253
1653,10.751403,28.857000,34.653637
1654,10.758495,7.092000,141.003948
1655,10.764194,5.699000,175.469381
1656,10.768510,4.316000,231.696015
1657,10.771503,2.993000,334.112930
1658,10.774226,2.723000,367.242012
1659,10.777540,3.314000,301.750151
1660,10.781085,3.545000,282.087447
1661,10.784408,3.323000,300.932892
1662,10.787209,2.801000,357.015352
1663,10.790499,3.290000,303.951368
1664,10.793193,2.694000,371.195249
1665,10.797367,4.174000,239.578342
1666,10.801599,4.232000,236.294896
1667,10.804296,2.697000,370.782351
1668,10.807285,2.989000,334.560054
1669,10.810071,2.786000,358.937545
1670,10.812436,2.365000,422.832981
1671,10.814790,2.354000,424.808836
1672,10.816908,2.118000,472.143532
1673,10.819293,2.385000,419.287212
1674,10.844524,25.231000,39.633784
1675,10.857101,12.577000,79.510217
1676,10.860257,3.156000,316.856781
1677,10.863540,3.283000,304.599452
1678,10.866150,2.610000,383.141762
1679,10.870026,3.876000,257.997936
1680,10.872783,2.757000,362.713094
1681,10.875594,2.811000,355.745286
1682,10.879436,3.842000,260.281104
1683,10.882016,2.580000,387.596899
1684,10.885832,3.816000,262.054507
1685,10.899939,14.107000,70.886794
1686,10.924658,24.719000,40.454711
1687,10.936867,12.209000,81.906790
1688,10.950529,13.662000,73.195725
1689,10.963974,13.445000,74.377092
1690,10.966379,2.405000,415.800416
1691,10.968497,2.118000,472.143532
1692,10.971108,2.611000,382.995021
1693,10.973178,2.070000,483.091787
1694,10.976013,2.835000,352.733686
1695,10.979063,3.050000,327.868852
1696,10.981775,2.712000,368.731563
1697,10.984621,2.846000,351.370344
1698,10.986987,2.366000,422.654269
1699,10.989479,2.492000,401.284109
1700,10.992712,3.233000,309.310238
1701,10.995169,2.457000,407.000407
1702,10.998127,2.958000,338.066261
1703,11.000527,2.400000,416.666667
1704,11.003535,3.008000,332.446809
1705,11.006606,3.071000,325.626832
1706,11.010385,3.779000,264.620270
1707,11.014028,3.643000,274.499039
1708,11.018274,4.246000,235.515780
1709,11.031070,12.796000,78.149422
1710,11.058038,26.968000,37.080985
1711,11.062056,4.018000,248.880040
1712,11.070922,8.866000,112.790435
1713,11.074721,3.799000,263.227165
1714,11.077754,3.033000,329.706561
1715,11.080952,3.198000,312.695435
1716,11.083640,2.688000,372.023810
1717,11.087379,3.739000,267.451190
1718,11.089916,2.537000,394.166338
1719,11.093506,3.590000,278.551532
1720,11.096252,2.746000,364.166060
1721,11.100311,4.059000,246.366100
1722,11.103216,2.905000,344.234079
1723,11.106582,3.366000,297.088532
1724,11.109242,2.660000,375.939850
1725,11.112785,3.543000,282.246684
1726,11.115481,2.696000,370.919881
1727,11.118972,3.491000,286.450874
1728,11.121701,2.729000,366.434591
1729,11.150707,29.006000,34.475626
1730,11.155507,4.800000,208.333333
1731,11.164280,8.773000,113.986094
1732,11.168191,3.911000,255.689082
1733,11.171116,2.925000,341.880342
1734,11.173969,2.853000,350.508237
1735,11.176700,2.731000,366.166239
1736,11.180592,3.892000,256.937307
1737,11.184100,3.508000,285.062714
1738,11.187525,3.425000,291.970803
1739,11.191430,3.905000,256.081946
1740,11.194234,2.804000,356.633381
1741,11.197048,2.814000,355.366027
1742,11.199674,2.626000,380.807312
1743,11.205191,5.517000,181.257930
1744,11.208638,3.447000,290.107340
1745,11.212403,3.765000,265.604250
1746,11.214973,2.570000,389.105058
1747,11.218341,3.368000,296.912114
1748,11.230446,12.105000,82.610492
1749,11.256452,26.006000,38.452665
1750,11.269565,13.113000,76.260200
1751,11.272569,3.004000,332.889481
1752,11.274968,2.399000,416.840350
1753,11.277396,2.428000,411.861614
1754,11.280206,2.810000,355.871886
1755,11.285500,5.294000,188.893087
1756,11.288908,3.408000,293.427230
1757,11.292733,3.825000,261.437908
1758,11.295330,2.597000,385.059684
1759,11.299716,4.386000,227.998176
1760,11.303094,3.378000,296.033156
1761,11.307101,4.007000,249.563264
1762,11.310012,2.911000,343.524562
1763,11.312915,2.903000,344.471237
1764,11.316631,3.716000,269.106566
1765,11.319315,2.684000,372.578241
1766,11.323238,3.923000,254.906959
1767,11.329842,6.604000,151.423380
1768,11.351841,21.999000,45.456612
1769,11.364059,12.218000,81.846456
1770,11.369109,5.050000,198.019802
1771,11.372531,3.422000,292.226768
1772,11.376812,4.281000,233.590283
1773,11.380241,3.429000,291.630213
1774,11.382548,2.307000,433.463372
1775,11.387209,4.661000,214.546235
1776,11.392258,5.049000,198.059022
1777,11.396208,3.950000,253.164557
1778,11.399023,2.815000,355.239787
1779,11.404101,5.078000,196.927924
1780,11.408786,4.685000,213.447172
1781,11.411694,2.908000,343.878955
1782,11.414069,2.375000,421.052632
1783,11.416511,2.442000,409.500410
1784,11.444095,27.584000,36.252900
1785,11.450610,6.515000,153.491942
1786,11.457807,7.197000,138.946783
1787,11.462352,4.545000,220.022002
1788,11.465524,3.172000,315.258512
1789,11.468843,3.319000,301.295571
1790,11.472824,3.981000,251.193168
1791,11.475812,2.988000,334.672021
1792,11.478971,3.159000,316.555872
1793,11.488299,9.328000,107.204117
1794,11.512284,23.985000,41.692725
1795,11.524910,12.626000,79.201647
1796,11.538914,14.004000,71.408169
1797,11.551032,12.118000,82.521868
1798,11.564229,13.197000,75.774797
1799,11.568272,4.043000,247.341083
1800,11.572042,3.770000,265.251989
1801,11.574647,2.605000,383.877159
1802,11.577824,3.177000,314.762354
1803,11.581338,3.514000,284.575982
1804,11.585124,3.786000,264.131009
1805,11.588753,3.629000,275.558005
1806,11.592315,3.562000,280.741157
1807,11.596334,4.019000,248.818114
1808,11.600374,4.040000,247.524752
1809,11.605478,5.104000,195.924765
1810,11.617333,11.855000,84.352594
1811,11.626198,8.865000,112.803158
1812,11.644837,18.639000,53.650947
1813,11.658055,13.218000,75.654411
1814,11.662833,4.778000,209.292591
1815,11.666393,3.560000,280.898876
1816,11.670480,4.087000,244.678248
1817,11.683838,13.358000,74.861506
1818,11.688055,4.217000,237.135404
1819,11.692059,4.004000,249.750250
1820,11.694603,2.544000,393.081761
1821,11.698384,3.781000,264.480296
1822,11.701696,3.312000,301.932367
1823,11.705045,3.349000,298.596596
1824,11.708322,3.277000,305.157156
1825,11.710920,2.598000,384.911470
1826,11.719959,9.039000,110.631707
1827,11.725742,5.783000,172.920629
1828,11.737017,11.275000,88.691796
1829,11.740500,3.483000,287.108814
1830,11.743149,2.649000,377.500944
1831,11.746358,3.209000,311.623559
1832,11.749031,2.673000,374.111485
1833,11.752381,3.350000,298.507463
1834,11.755058,2.677000,373.552484
1835,11.758420,3.362000,297.441999
1836,11.761174,2.754000,363.108206
1837,11.765266,4.092000,244.379277
1838,11.768322,3.056000,327.225131
1839,11.771407,3.085000,324.149109
1840,11.774182,2.775000,360.360360
1841,11.779040,4.858000,205.846027
1842,11.782030,2.990000,334.448161
1843,11.785528,3.498000,285.877644
1844,11.788130,2.602000,384.319754
1845,11.791998,3.868000,258.531541
1846,11.794700,2.702000,370.096225
1847,11.797819,3.119000,320.615582
1848,11.800838,3.019000,331.235508
1849,11.805553,4.715000,212.089077
1850,11.808826,3.273000,305.530095
1851,11.811847,3.021000,331.016220
1852,11.814431,2.584000,386.996904
1853,11.843867,29.436000,33.972007
1854,11.855977,12.110000,82.576383
1855,11.870406,14.429000,69.304872
1856,11.883796,13.390000,74.682599
1857,11.896857,13.061000,76.563816
1858,11.910586,13.729000,72.838517
1859,11.923728,13.142000,76.091919
1860,11.936966,13.238000,75.540112
1861,11.950437,13.471000,74.233539
1862,11.963556,13.119000,76.225322
1863,11.977117,13.561000,73.740875
1864,11.990503,13.386000,74.704916
1865,12.003646,13.143000,76.086129
1866,12.017047,13.401000,74.621297
1867,12.030257,13.210000,75.700227
1868,12.043631,13.374000,74.771946
1869,12.056958,13.327000,75.035642
1870,12.070253,13.295000,75.216247
1871,12.083530,13.277000,75.318219
1872,12.096868,13.338000,74.973759
1873,12.110485,13.617000,73.437615
1874,12.123803,13.318000,75.086349
1875,12.137196,13.393000,74.665870
1876,12.151239,14.043000,71.209855
1877,12.163654,12.415000,80.547725
1878,12.177289,13.635000,73.340667
1879,12.190006,12.717000,78.634898
1880,12.203195,13.189000,75.820760
1881,12.216486,13.291000,75.238883
1882,12.229808,13.322000,75.063804
1883,12.243673,13.865000,72.124053
1884,12.256828,13.155000,76.016724
1885,12.270138,13.310000,75.131480
1886,12.283316,13.178000,75.884049
1887,12.296444,13.128000,76.173065
1888,12.310207,13.763000,72.658577
1889,12.323465,13.258000,75.426158
1890,12.337204,13.739000,72.785501
1891,12.350210,13.006000,76.887590
1892,12.363721,13.511000,74.013767
1893,12.377069,13.348000,74.917591
1894,12.390320,13.251000,75.466003
1895,12.403891,13.571000,73.686537
1896,12.417050,13.159000,75.993617
1897,12.429759,12.709000,78.684397
1898,12.443647,13.888000,72.004608
1899,12.457580,13.933000,71.772052
1900,12.470254,12.674000,78.901688
1901,12.483883,13.629000,73.372955
1902,12.496831,12.948000,77.232005
1903,12.510158,13.327000,75.035642
1904,12.524230,14.072000,71.063104
1905,12.536593,12.363000,80.886516
1906,12.549717,13.124000,76.196282
1907,12.563174,13.457000,74.310768
1908,12.577008,13.834000,72.285673
1909,12.590408,13.400000,74.626866
1910,12.603731,13.323000,75.058170
1911,12.617009,13.278000,75.312547
1912,12.630804,13.795000,72.490033
1913,12.643204,12.400000,80.645161
1914,12.656951,13.747000,72.743144
1915,12.662390,5.439000,183.857327
1916,12.667022,4.632000,215.889465
1917,12.671749,4.727000,211.550666
1918,12.676592,4.843000,206.483585
1919,12.681057,4.465000,223.964166
1920,12.684629,3.572000,279.955207
1921,12.687586,2.957000,338.180588
1922,12.690673,3.087000,323.939099
1923,12.693722,3.049000,327.976386
1924,12.696461,2.739000,365.096751
1925,12.699158,2.697000,370.782351
1926,12.701719,2.561000,390.472472
1927,12.704204,2.485000,402.414487
1928,12.707621,3.417000,292.654375
1929,12.710474,2.853000,350.508237
1930,12.723244,12.770000,78.308536
1931,12.728165,4.921000,203.210730
1932,12.738220,10.055000,99.453008
1933,12.750362,12.142000,82.358755
1934,12.753561,3.199000,312.597687
1935,12.756078,2.517000,397.298371
1936,12.758407,2.329000,429.368828
1937,12.760608,2.201000,454.338937
1938,12.762694,2.086000,479.386385
1939,12.764650,1.956000,511.247444
1940,12.766901,2.251000,444.247001
1941,12.776584,9.683000,103.273779
1942,12.779865,3.281000,304.785126
1943,12.783626,3.761000,265.886732
1944,12.787053,3.427000,291.800409
1945,12.791553,4.500000,222.222222
1946,12.794089,2.536000,394.321767
1947,12.797415,3.326000,300.661455
1948,12.800348,2.933000,340.947835
1949,12.804588,4.240000,235.849057
1950,12.816640,12.052000,82.973780
1951,12.826203,9.563000,104.569696
1952,12.844217,18.014000,55.512379
1953,12.856989,12.772000,78.296273
1954,12.860524,3.535000,282.885431
1955,12.863465,2.941000,340.020401
1956,12.867132,3.667000,272.702482
1957,12.869775,2.643000,378.357927
1958,12.873214,3.439000,290.782204
1959,12.875968,2.754000,363.108206
1960,12.879457,3.489000,286.615076
1961,12.882132,2.675000,373.831776
1962,12.886015,3.883000,257.532835
1963,12.888652,2.637000,379.218809
1964,12.892138,3.486000,286.861733
1965,12.894878,2.740000,364.963504
1966,12.898739,3.861000,259.000259
1967,12.901456,2.717000,368.053000
1968,12.904822,3.366000,297.088532
1969,12.907700,2.878000,347.463516
1970,12.911844,4.144000,241.312741
1971,12.914547,2.703000,369.959304
1972,12.949833,35.286000,28.339851
1973,12.955596,5.763000,173.520736
1974,12.963636,8.040000,124.378109
1975,12.967121,3.485000,286.944046
1976,12.969739,2.618000,381.970970
1977,12.973159,3.420000,292.397661
1978,12.975748,2.589000,386.249517
1979,12.979407,3.659000,273.298715
1980,12.982039,2.632000,379.939210
1981,12.985613,3.574000,279.798545
1982,12.988411,2.798000,357.398142
1983,12.992145,3.734000,267.809320
1984,12.994706,2.561000,390.472472
1985,12.998427,3.721000,268.744961
1986,13.002270,3.843000,260.213375
1987,13.005571,3.301000,302.938503
1988,13.009069,3.498000,285.877644
1989,13.012673,3.604000,277.469478
1990,13.016915,4.242000,235.737860
1991,13.019668,2.753000,363.240102
1992,13.023539,3.871000,258.331181
1993,13.027187,3.648000,274.122807
1994,13.032143,4.956000,201.775626
1995,13.043487,11.344000,88.152327
1996,13.055351,11.864000,84.288604
1997,13.070652,15.301000,65.355206
1998,13.084814,14.162000,70.611496
1999,13.089655,4.841000,206.568891
2000,13.092227,2.572000,388.802488
2001,13.096971,4.744000,210.792580
2002,13.110594,13.623000,73.405270
2003,13.114674,4.080000,245.098039
2004,13.117538,2.864000,349.162011
2005,13.121239,3.701000,270.197244
2006,13.124114,2.875000,347.826087
2007,13.135052,10.938000,91.424392
2008,13.143611,8.559000,116.836079
2009,13.150335,6.724000,148.720999
2010,13.154003,3.668000,272.628135
2011,13.156717,2.714000,368.459838
2012,13.159914,3.197000,312.793244
2013,13.162654,2.740000,364.963504
2014,13.166399,3.745000,267.022697
2015,13.169372,2.973000,336.360579
2016,13.173003,3.631000,275.406224
2017,13.175910,2.907000,343.997248
2018,13.179901,3.991000,250.563768
2019,13.183047,3.146000,317.863954
2020,13.186836,3.789000,263.921879
2021,13.191327,4.491000,222.667557
2022,13.195204,3.877000,257.931390
2023,13.199176,3.972000,251.762336
2024,13.202186,3.010000,332.225914
2025,13.205901,3.715000,269.179004
2026,13.216539,10.638000,94.002632
2027,13.232608,16.069000,62.231626
2028,13.242565,9.957000,100.431857
2029,13.245529,2.964000,337.381916
2030,13.247882,2.353000,424.989375
2031,13.251476,3.594000,278.241514
2032,13.254872,3.396000,294.464075
2033,13.257849,2.977000,335.908633
2034,13.261352,3.503000,285.469597
2035,13.264094,2.742000,364.697301
2036,13.267330,3.236000,309.023486
2037,13.270214,2.884000,346.740638
2038,13.273444,3.230000,309.597523
2039,13.276458,3.014000,331.785003
2040,13.279762,3.304000,302.663438
2041,13.283182,3.420000,292.397661
2042,13.286428,3.246000,308.071473
2043,13.292263,5.835000,171.379606
2044,13.296148,3.885000,257.400257
2045,13.299858,3.710000,269.541779
2046,13.302781,2.923000,342.114266
2047,13.305747,2.966000,337.154417
2048,13.308732,2.985000,335.008375
2049,13.323066,14.334000,69.764197
2050,13.327387,4.321000,231.427910
2051,13.336683,9.296000,107.573150
2052,13.342097,5.414000,184.706317
2053,13.345753,3.656000,273.522976
2054,13.348826,3.073000,325.414904
2055,13.353463,4.637000,215.656675
2056,13.356419,2.956000,338.294993
2057,13.359378,2.959000,337.952011
2058,13.362339,2.961000,337.723742
2059,13.365309,2.970000,336.700337
2060,13.368032,2.723000,367.242012
2061,13.370599,2.567000,389.559797
2062,13.376680,6.081000,164.446637
2063,13.380062,3.382000,295.683028
2064,13.383912,3.850000,259.740260
2065,13.387580,3.668000,272.628135
2066,13.391414,3.834000,260.824204
2067,13.395122,3.708000,269.687163
2068,13.398436,3.314000,301.750151
2069,13.401315,2.879000,347.342827
2070,13.404714,3.399000,294.204178
2071,13.408515,3.801000,263.088661
2072,13.411932,3.417000,292.654375
2073,13.414960,3.028000,330.250991
2074,13.418206,3.246000,308.071473
2075,13.421130,2.924000,341.997264
2076,13.424046,2.916000,342.935528
2077,13.427017,2.971000,336.587008
2078,13.456214,29.197000,34.250094
2079,13.462313,6.099000,163.961305
2080,13.470165,7.852000,127.356088
2081,13.473395,3.230000,309.597523
2082,13.476514,3.119000,320.615582
2083,13.479348,2.834000,352.858151
2084,13.482408,3.060000,326.797386
2085,13.485661,3.253000,307.408546
2086,13.488564,2.903000,344.471237
2087,13.491732,3.168000,315.656566
2088,13.494636,2.904000,344.352617
2089,13.498442,3.806000,262.743037
2090,13.501468,3.026000,330.469266
2091,13.504488,3.020000,331.125828
2092,13.507331,2.843000,351.741119
2093,13.511772,4.441000,225.174510
2094,13.514955,3.183000,314.169023
2095,13.518194,3.239000,308.737265
2096,13.521617,3.423000,292.141396
2097,13.549763,28.146000,35.529027
2098,13.554403,4.640000,215.517241
2099,13.563963,9.560000,104.602510
2100,13.567635,3.672000,272.331155
2101,13.570520,2.885000,346.620451
2102,13.574142,3.622000,276.090558
2103,13.577401,3.259000,306.842590
2104,13.580464,3.063000,326.477310
2105,13.583373,2.909000,343.760743
2106,13.587041,3.668000,272.628135
2107,13.591546,4.505000,221.975583
2108,13.594831,3.285000,304.414003
2109,13.598257,3.426000,291.885581
2110,13.601066,2.809000,355.998576
2111,13.605050,3.984000,251.004016
2112,13.608290,3.240000,308.641975
2113,13.611535,3.245000,308.166410
2114,13.614703,3.168000,315.656566
2115,13.645845,31.142000,32.110976
2116,13.649358,3.513000,284.656988
2117,13.656427,7.069000,141.462725
2118,13.670162,13.735000,72.806698
2119,13.677925,7.763000,128.816179
2120,13.698583,20.658000,48.407397
2121,13.710407,11.824000,84.573748
2122,13.724132,13.725000,72.859745
2123,13.736591,12.459000,80.263264
2124,13.750143,13.552000,73.789847
2125,13.755272,5.129000,194.969780
2126,13.760011,4.739000,211.014982
2127,13.764723,4.712000,212.224109
2128,13.769397,4.674000,213.949508
2129,13.773984,4.587000,218.007412
2130,13.777594,3.610000,277.008310
2131,13.780520,2.926000,341.763500
2132,13.783597,3.077000,324.991875
2133,13.786680,3.083000,324.359390
2134,13.790099,3.419000,292.483182
2135,13.794561,4.462000,224.114747
2136,13.797723,3.162000,316.255534
2137,13.800561,2.838000,352.360817
2138,13.804714,4.153000,240.789791
2139,13.808306,3.592000,278.396437
2140,13.811955,3.649000,274.047684
2141,13.814852,2.897000,345.184674
2142,13.818150,3.298000,303.214069
2143,13.821718,3.568000,280.269058
2144,13.825115,3.397000,294.377392
2145,13.828239,3.124000,320.102433
2146,13.856266,28.027000,35.679880
2147,13.862588,6.322000,158.177792
2148,13.870223,7.635000,130.975769
2149,13.874912,4.689000,213.265089
2150,13.877647,2.735000,365.630713
2151,13.881044,3.397000,294.377392
2152,13.883796,2.752000,363.372093
2153,13.887224,3.428000,291.715286
2154,13.890106,2.882000,346.981263
2155,13.893468,3.362000,297.441999
2156,13.896123,2.655000,376.647834
2157,13.899602,3.479000,287.438919
2158,13.902225,2.623000,381.242852
2159,13.905449,3.224000,310.173697
2160,13.907931,2.482000,402.900886
2161,13.911545,3.614000,276.701716
2162,13.914201,2.656000,376.506024
2163,13.917531,3.330000,300.300300
2164,13.920219,2.688000,372.023810
2165,13.924681,4.462000,224.114747
2166,13.927364,2.683000,372.717108
2167,13.962989,35.625000,28.070175
2168,13.967871,4.882000,204.834084
2169,13.976909,9.038000,110.643948
2170,13.980182,3.273000,305.530095
2171,13.983025,2.843000,351.741119
2172,13.987148,4.123000,242.541838
2173,13.990260,3.112000,321.336761
2174,13.994436,4.176000,239.463602
2175,13.997291,2.855000,350.262697
2176,14.000830,3.539000,282.565697
2177,14.003637,2.807000,356.252227
2178,14.007314,3.677000,271.960838
2179,14.010182,2.868000,348.675035
2180,14.013548,3.366000,297.088532
2181,14.030199,16.651000,60.056453
2182,14.044567,14.368000,69.599109
2183,14.056736,12.169000,82.176021
2184,14.060188,3.452000,289.687138
2185,14.064010,3.822000,261.643119
2186,14.068343,4.333000,230.786984
2187,14.070901,2.558000,390.930414
2188,14.074672,3.771000,265.181649
2189,14.079507,4.835000,206.825233
2190,14.083192,3.685000,271.370421
2191,14.086753,3.561000,280.819994
2192,14.090372,3.619000,276.319425
2193,14.094421,4.049000,246.974562
2194,14.097283,2.862000,349.406010
2195,14.100881,3.598000,277.932185
2196,14.103642,2.761000,362.187613
2197,14.107149,3.507000,285.143998
2198,14.109810,2.661000,375.798572
2199,14.136269,26.459000,37.794323
2200,14.142221,5.952000,168.010753
2201,14.150597,8.376000,119.388730
2202,14.154232,3.635000,275.103164
2203,14.157188,2.956000,338.294993
2204,14.161176,3.988000,250.752257
2205,14.163972,2.796000,357.653791
2206,14.168041,4.069000,245.760629
2207,14.170975,2.934000,340.831629
2208,14.174787,3.812000,262.329486
2209,14.177515,2.728000,366.568915
2210,14.180950,3.435000,291.120815
2211,14.183698,2.748000,363.901019
2212,14.187244,3.546000,282.007896
2213,14.190227,2.983000,335.232987
2214,14.193814,3.587000,278.784500
2215,14.196833,3.019000,331.235508
2216,14.200800,3.967000,252.079657
2217,14.203760,2.960000,337.837838
2218,14.207208,3.448000,290.023202
2219,14.210120,2.912000,343.406593
2220,14.213162,3.042000,328.731098
2221,14.215871,2.709000,369.139904
2222,14.242924,27.053000,36.964477
2223,14.247899,4.975000,201.005025
2224,14.256666,8.767000,114.064104
2225,14.259962,3.296000,303.398058
2226,14.263317,3.355000,298.062593
2227,14.266706,3.389000,295.072293
2228,14.271263,4.557000,219.442616
2229,14.274067,2.804000,356.633381
2230,14.277396,3.329000,300.390508
2231,14.281076,3.680000,271.739130
2232,14.284956,3.880000,257.731959
2233,14.287558,2.602000,384.319754
2234,14.290983,3.425000,291.970803
2235,14.293743,2.760000,362.318841
2236,14.298346,4.603000,217.249620
2237,14.301051,2.705000,369.685767
2238,14.304547,3.496000,286.041190
2239,14.307332,2.785000,359.066427
2240,14.311749,4.417000,226.398008
2241,14.314524,2.775000,360.360360
2242,14.318051,3.527000,283.527077
2243,14.320851,2.800000,357.142857
2244,14.349583,28.732000,34.804399
2245,14.362452,12.869000,77.706115
2246,14.365246,2.794000,357.909807
2247,14.368142,2.896000,345.303867
2248,14.371584,3.442000,290.528762
2249,14.374268,2.684000,372.578241
2250,14.378301,4.033000,247.954376
2251,14.380942,2.641000,378.644453
2252,14.384224,3.282000,304.692261
2253,14.386847,2.623000,381.242852
2254,14.391869,5.022000,199.123855
2255,14.394818,2.949000,339.097999
2256,14.398088,3.270000,305.810398
2257,14.400674,2.586000,386.697602
2258,14.405142,4.468000,223.813787
2259,14.408023,2.881000,347.101701
2260,14.411189,3.166000,315.855970
2261,14.413955,2.766000,361.532899
2262,14.422644,8.689000,115.088042
2263,14.443853,21.209000,47.149795
2264,14.456560,12.707000,78.696781
2265,14.459786,3.226000,309.981401
2266,14.463485,3.699000,270.343336
2267,14.467404,3.919000,255.167134
2268,14.470521,3.117000,320.821303
2269,14.474811,4.290000,233.100233
2270,14.478964,4.153000,240.789791
2271,14.482128,3.164000,316.055626
2272,14.484987,2.859000,349.772648
2273,14.488016,3.029000,330.141961
2274,14.490998,2.982000,335.345406
2275,14.493504,2.506000,399.042298
2276,14.496544,3.040000,328.947368
2277,14.499546,3.002000,333.111259
2278,14.502448,2.902000,344.589938
2279,14.505490,3.042000,328.731098
2280,14.508382,2.892000,345.781466
2281,14.511650,3.268000,305.997552
2282,14.514417,2.767000,361.402241
2283,14.517346,2.929000,341.413452
2284,14.520305,2.959000,337.952011
2285,14.530440,10.135000,98.667982
2286,14.551709,21.269000,47.016785
2287,14.563368,11.659000,85.770649
2288,14.567509,4.141000,241.487563
2289,14.570365,2.856000,350.140056
2290,14.573531,3.166000,315.855970
2291,14.576745,3.214000,311.138768
2292,14.579626,2.881000,347.101701
2293,14.582706,3.080000,324.675325
2294,14.585200,2.494000,400.962310
2295,14.588223,3.023000,330.797221
2296,14.591048,2.825000,353.982301
2297,14.593901,2.853000,350.508237
2298,14.596218,2.317000,431.592577
2299,14.598872,2.654000,376.789751
2300,14.602551,3.679000,271.812993
2301,14.605939,3.388000,295.159386
2302,14.608510,2.571000,388.953715
2303,14.610881,2.371000,421.762969
2304,14.615947,5.066000,197.394394
2305,14.642580,26.633000,37.547404
2306,14.655359,12.779000,78.253384
2307,14.658158,2.799000,357.270454
2308,14.660294,2.136000,468.164794
2309,14.662753,2.459000,406.669378
2310,14.665277,2.524000,396.196513
2311,14.668271,2.994000,334.001336
2312,14.672065,3.794000,263.574064
2313,14.674844,2.779000,359.841670
2314,14.677102,2.258000,442.869796
2315,14.679527,2.425000,412.371134
2316,14.682749,3.222000,310.366232
2317,14.686435,3.686000,271.296799
2318,14.688792,2.357000,424.268137
2319,14.690876,2.084000,479.846449
2320,14.693965,3.089000,323.729362
2321,14.697737,3.772000,265.111347
2322,14.700609,2.872000,348.189415
2323,14.703555,2.946000,339.443313
2324,14.706346,2.791000,358.294518
2325,14.710800,4.454000,224.517288
2326,14.713762,2.962000,337.609723
2327,14.717270,3.508000,285.062714
2328,14.720329,3.059000,326.904217
2329,14.749296,28.967000,34.522042
2330,14.762057,12.761000,78.363765
2331,14.764734,2.677000,373.552484
2332,14.767069,2.335000,428.265525
2333,14.770093,3.024000,330.687831
2334,14.773157,3.064000,326.370757
2335,14.776203,3.046000,328.299409
2336,14.779781,3.578000,279.485746
2337,14.782855,3.074000,325.309044
2338,14.786192,3.337000,299.670363
2339,14.788853,2.661000,375.798572
2340,14.791455,2.602000,384.319754
2341,14.793873,2.418000,413.564930
2342,14.796402,2.529000,395.413207
2343,14.798925,2.523000,396.353547
2344,14.802420,3.495000,286.123033
2345,14.805762,3.342000,299.222023
2346,14.808209,2.447000,408.663670
2347,14.810596,2.387000,418.935903
2348,14.812970,2.374000,421.229992
2349,14.816100,3.130000,319.488818
2350,14.818490,2.390000,418.410042
2351,14.820493,2.003000,499.251123
2352,14.822763,2.270000,440.528634
2353,14.825335,2.572000,388.802488
2354,14.828292,2.957000,338.180588
2355,14.855807,27.515000,36.343812
2356,14.868616,12.809000,78.070107
2357,14.871169,2.553000,391.696044
2358,14.873865,2.696000,370.919881
2359,14.876191,2.326000,429.922614
2360,14.888431,12.240000,81.699346
2361,14.910183,21.752000,45.972784
2362,14.922771,12.588000,79.440737
2363,14.932017,9.246000,108.154878
2364,14.950051,18.034000,55.450815
2365,14.963107,13.056000,76.593137
2366,14.966604,3.497000,285.959394
2367,14.969858,3.254000,307.314075
2368,14.973188,3.330000,300.300300
2369,14.976321,3.133000,319.182892
2370,14.979629,3.308000,302.297461
2371,14.982709,3.080000,324.675325
2372,14.985928,3.219000,310.655483
2373,14.989104,3.176000,314.861461
2374,14.992736,3.632000,275.330396
2375,14.995249,2.513000,397.930760
2376,14.997594,2.345000,426.439232
2377,15.000334,2.740000,364.963504
2378,15.002772,2.438000,410.172272
2379,15.005513,2.741000,364.830354
2380,15.007900,2.387000,418.935903
2381,15.010144,2.244000,445.632799
2382,15.012521,2.377000,420.698359
2383,15.015072,2.551000,392.003136
2384,15.042220,27.148000,36.835126
2385,15.055360,13.140000,76.103501
2386,15.058235,2.875000,347.826087
2387,15.060361,2.126000,470.366886
2388,15.062881,2.520000,396.825397
2389,15.065416,2.535000,394.477318
2390,15.068877,3.461000,288.933834
2391,15.073168,4.291000,233.045910
2392,15.076160,2.992000,334.224599
2393,15.079203,3.043000,328.623069
2394,15.081914,2.711000,368.867577
2395,15.085683,3.769000,265.322367
2396,15.088614,2.931000,341.180484
2397,15.091564,2.950000,338.983051
2398,15.094106,2.542000,393.391031
2399,15.098184,4.078000,245.218244
2400,15.102274,4.090000,244.498778
2401,15.106513,4.239000,235.904695
2402,15.109144,2.631000,380.083618
2403,15.136236,27.092000,36.911265
2404,15.140213,3.977000,251.445813
2405,15.149821,9.608000,104.079933
2406,15.153451,3.630000,275.482094
2407,15.157666,4.215000,237.247924
2408,15.161248,3.582000,279.173646
2409,15.164163,2.915000,343.053173
2410,15.167188,3.025000,330.578512
2411,15.171313,4.125000,242.424242
2412,15.176105,4.792000,208.681135
2413,15.179274,3.169000,315.556958
2414,15.182090,2.816000,355.113636
2415,15.185958,3.868000,258.531541
2416,15.189567,3.609000,277.085065
2417,15.203287,13.720000,72.886297
2418,15.207009,3.722000,268.672757
2419,15.209965,2.956000,338.294993
2420,15.212910,2.945000,339.558574
2421,15.215997,3.087000,323.939099
2422,15.219204,3.207000,311.817898
2423,15.222575,3.371000,296.647879
2424,15.225330,2.755000,362.976407
2425,15.228114,2.784000,359.195402
2426,15.243183,15.069000,66.361404
2427,15.255528,12.345000,81.004455
2428,15.258894,3.366000,297.088532
2429,15.261387,2.493000,401.123145
2430,15.264210,2.823000,354.233085
2431,15.267264,3.054000,327.439424
2432,15.270425,3.161000,316.355584
2433,15.273316,2.891000,345.901072
2434,15.275938,2.622000,381.388253
2435,15.278960,3.022000,330.906684
2436,15.281388,2.428000,411.861614
2437,15.284160,2.772000,360.750361
2438,15.286745,2.585000,386.847195
2439,15.289357,2.612000,382.848392
2440,15.291933,2.576000,388.198758
2441,15.295068,3.135000,318.979266
2442,15.298807,3.739000,267.451190
2443,15.301323,2.516000,397.456280
2444,15.304065,2.742000,364.697301
2445,15.306658,2.593000,385.653683
2446,15.323137,16.479000,60.683294
2447,15.335626,12.489000,80.070462
2448,15.338525,2.899000,344.946533
2449,15.341260,2.735000,365.630713
2450,15.344648,3.388000,295.159386
2451,15.348991,4.343000,230.255584
2452,15.352423,3.432000,291.375291
2453,15.356142,3.719000,268.889486
2454,15.359376,3.234000,309.214595
2455,15.363457,4.081000,245.037981
2456,15.376274,12.817000,78.021378
2457,15.379871,3.597000,278.009452
2458,15.383754,3.883000,257.532835
2459,15.387198,3.444000,290.360046
2460,15.390445,3.247000,307.976594
2461,15.394035,3.590000,278.551532
2462,15.396493,2.458000,406.834825
2463,15.399581,3.088000,323.834197
2464,15.402605,3.024000,330.687831
2465,15.406144,3.539000,282.565697
2466,15.409630,3.486000,286.861733
2467,15.412843,3.213000,311.235605
2468,15.415579,2.736000,365.497076
2469,15.429192,13.613000,73.459193
2470,15.442136,12.944000,77.255871
2471,15.444882,2.746000,364.166060
2472,15.456793,11.911000,83.956007
2473,15.470033,13.240000,75.528701
2474,15.473647,3.614000,276.701716
2475,15.476407,2.760000,362.318841
2476,15.479770,3.363000,297.353553
2477,15.482530,2.760000,362.318841
2478,15.486425,3.895000,256.739409
2479,15.489816,3.391000,294.898260
2480,15.495609,5.793000,172.622130
2481,15.498750,3.141000,318.369946
2482,15.502793,4.043000,247.341083
2483,15.505491,2.698000,370.644922
2484,15.509694,4.203000,237.925291
2485,15.513772,4.078000,245.218244
2486,15.516498,2.726000,366.837858
2487,15.519689,3.191000,313.381385
2488,15.522478,2.789000,358.551452
2489,15.549410,26.932000,37.130551
2490,15.553660,4.250000,235.294118
2491,15.563177,9.517000,105.075129
2492,15.566509,3.332000,300.120048
2493,15.570166,3.657000,273.448182
2494,15.573329,3.163000,316.155549
2495,15.577647,4.318000,231.588698
2496,15.580640,2.993000,334.112930
2497,15.583931,3.291000,303.859009
2498,15.586954,3.023000,330.797221
2499,15.591066,4.112000,243.190661
2500,15.594819,3.753000,266.453504
2501,15.597953,3.134000,319.081047
2502,15.600753,2.800000,357.142857
2503,15.604832,4.079000,245.158127
2504,15.607755,2.923000,342.114266
2505,15.610425,2.670000,374.531835
2506,15.616150,5.725000,174.672489
2507,15.619540,3.390000,294.985251
2508,15.622391,2.851000,350.754121
2509,15.625647,3.256000,307.125307
2510,15.629458,3.811000,262.398321
2511,15.656012,26.554000,37.659110
2512,15.668882,12.870000,77.700078
2513,15.672499,3.617000,276.472215
2514,15.675518,3.019000,331.235508
2515,15.678432,2.914000,343.170899
2516,15.681374,2.942000,339.904827
2517,15.685169,3.795000,263.504611
2518,15.688206,3.037000,329.272308
2519,15.691095,2.889000,346.140533
2520,15.694050,2.955000,338.409475
2521,15.696708,2.658000,376.222724
2522,15.699615,2.907000,343.997248
2523,15.702563,2.948000,339.213026
2524,15.705635,3.072000,325.520833
2525,15.708519,2.884000,346.740638
2526,15.712043,3.524000,283.768445
2527,15.714954,2.911000,343.524562
2528,15.718306,3.352000,298.329356
2529,15.721202,2.896000,345.303867
2530,15.749717,28.515000,35.069262
2531,15.755314,5.597000,178.667143
2532,15.763309,7.995000,125.078174
2533,15.766860,3.551000,281.610814
2534,15.769811,2.951000,338.868180
2535,15.773790,3.979000,251.319427
2536,15.776826,3.036000,329.380764
2537,15.780414,3.588000,278.706800
2538,15.784677,4.263000,234.576589
2539,15.788984,4.307000,232.180172
2540,15.792255,3.271000,305.716906
2541,15.795071,2.816000,355.113636
2542,15.798453,3.382000,295.683028
2543,15.802260,3.807000,262.674022
2544,15.805963,3.703000,270.051310
2545,15.809011,3.048000,328.083990
2546,15.812030,3.019000,331.235508
2547,15.814738,2.708000,369.276219
2548,15.817979,3.241000,308.546745
2549,15.820974,2.995000,333.889816
2550,15.824017,3.043000,328.623069
2551,15.826891,2.874000,347.947112
2552,15.855937,29.046000,34.428148
2553,15.868767,12.830000,77.942323
2554,15.871979,3.212000,311.332503
2555,15.879946,7.967000,125.517761
2556,15.897035,17.089000,58.517175
2557,15.911151,14.116000,70.841598
2558,15.923614,12.463000,80.237503
2559,15.937144,13.530000,73.909830
2560,15.951011,13.867000,72.113651
2561,15.963353,12.342000,81.024145
2562,15.966922,3.569000,280.190530
2563,15.971262,4.340000,230.414747
2564,15.973759,2.497000,400.480577
2565,15.978690,4.931000,202.798621
2566,15.981875,3.185000,313.971743
2567,15.986003,4.128000,242.248062
2568,15.990671,4.668000,214.224507
2569,15.993855,3.184000,314.070352
2570,15.996841,2.986000,334.896182
2571,16.000063,3.222000,310.366232
2572,16.003572,3.509000,284.981476
2573,16.006847,3.275000,305.343511
2574,16.011042,4.195000,238.379023
2575,16.016140,5.098000,196.155355
2576,16.019619,3.479000,287.438919
2577,16.023083,3.464000,288.683603
2578,16.025722,2.639000,378.931413
2579,16.028721,2.999000,333.444481
2580,16.055932,27.211000,36.749844
2581,16.068893,12.961000,77.154541
2582,16.072592,3.699000,270.343336
2583,16.075623,3.031000,329.924117
2584,16.078527,2.904000,344.352617
2585,16.081496,2.969000,336.813742
2586,16.084909,3.413000,292.997363
2587,16.088029,3.120000,320.512821
2588,16.091515,3.486000,286.861733
2589,16.094015,2.500000,400.000000
2590,16.097478,3.463000,288.766965
2591,16.100368,2.890000,346.020761
2592,16.102896,2.528000,395.569620
2593,16.106116,3.220000,310.559006
2594,16.109243,3.127000,319.795331
2595,16.122982,13.739000,72.785501
2596,16.136878,13.896000,71.963155
2597,16.150221,13.343000,74.945664
2598,16.153589,3.368000,296.912114
2599,16.156324,2.735000,365.630713
2600,16.159779,3.455000,289.435601
2601,16.162492,2.713000,368.595651
2602,16.165970,3.478000,287.521564
2603,16.168587,2.617000,382.116928
2604,16.171946,3.359000,297.707651
2605,16.174528,2.582000,387.296669
2606,16.178076,3.548000,281.848929
2607,16.180691,2.615000,382.409178
2608,16.183908,3.217000,310.848617
2609,16.186487,2.579000,387.747189
2610,16.190990,4.503000,222.074173
2611,16.193921,2.931000,341.180484
2612,16.196940,3.019000,331.235508
2613,16.199662,2.722000,367.376929
2614,16.204305,4.643000,215.377988
2615,16.207268,2.963000,337.495781
2616,16.216952,9.684000,103.263114
2617,16.217792,0.840000,1190.476190
2618,16.220757,2.965000,337.268128
2619,16.223146,2.389000,418.585182
2620,16.225458,2.312000,432.525952
2621,16.255913,30.455000,32.835331
2622,16.259538,3.625000,275.862069
2623,16.269661,10.123000,98.784945
2624,16.273250,3.589000,278.629145
2625,16.276697,3.447000,290.107340
2626,16.280433,3.736000,267.665953
2627,16.284561,4.128000,242.248062
2628,16.287973,3.412000,293.083236
2629,16.291771,3.798000,263.296472
2630,16.295373,3.602000,277.623542
2631,16.298057,2.684000,372.578241
2632,16.301461,3.404000,293.772033
2633,16.305443,3.982000,251.130085
2634,16.309642,4.199000,238.151941
2635,16.312302,2.660000,375.939850
2636,16.315536,3.234000,309.214595
2637,16.318481,2.945000,339.558574
2638,16.322785,4.304000,232.342007
2639,16.336557,13.772000,72.611095
2640,16.351160,14.603000,68.479080
2641,16.362009,10.849000,92.174394
2642,16.365198,3.189000,313.577924
2643,16.367876,2.678000,373.412995
2644,16.370955,3.079000,324.780773
2645,16.374103,3.148000,317.662008
2646,16.377029,2.926000,341.763500
2647,16.380006,2.977000,335.908633
2648,16.382750,2.744000,364.431487
2649,16.385938,3.188000,313.676286
2650,16.389135,3.197000,312.793244
2651,16.391926,2.791000,358.294518
2652,16.395023,3.097000,322.893122
2653,16.397712,2.689000,371.885459
2654,16.400839,3.127000,319.795331
2655,16.403705,2.866000,348.918353
2656,16.406646,2.941000,340.020401
2657,16.409548,2.902000,344.589938
2658,16.412414,2.866000,348.918353
2659,16.415033,2.619000,381.825124
2660,16.418331,3.298000,303.214069
2661,16.421155,2.824000,354.107649
2662,16.424393,3.238000,308.832613
2663,16.427365,2.972000,336.473755
2664,16.442592,15.227000,65.672818
2665,16.455372,12.780000,78.247261
2666,16.458682,3.310000,302.114804
2667,16.461072,2.390000,418.410042
2668,16.463870,2.798000,357.398142
2669,16.467368,3.498000,285.877644
2670,16.471203,3.835000,260.756193
2671,16.474629,3.426000,291.885581
2672,16.477496,2.867000,348.796652
2673,16.480633,3.137000,318.775901
2674,16.483657,3.024000,330.687831
2675,16.486397,2.740000,364.963504
2676,16.490242,3.845000,260.078023
2677,16.493408,3.166000,315.855970
2678,16.496096,2.688000,372.023810
2679,16.498488,2.392000,418.060201
2680,16.501606,3.118000,320.718409
2681,16.504504,2.898000,345.065562
2682,16.509003,4.499000,222.271616
2683,16.513180,4.177000,239.406272
2684,16.516118,2.938000,340.367597
2685,16.518391,2.273000,439.947206
2686,16.537462,19.071000,52.435635
2687,16.548672,11.210000,89.206066
2688,16.551836,3.164000,316.055626
2689,16.554388,2.552000,391.849530
2690,16.557371,2.983000,335.232987
2691,16.560604,3.233000,309.310238
2692,16.563567,2.963000,337.495781
2693,16.566252,2.685000,372.439479
2694,16.569176,2.924000,341.997264
2695,16.571987,2.811000,355.745286
2696,16.574587,2.600000,384.615385
2697,16.577949,3.362000,297.441999
2698,16.580560,2.611000,382.995021
2699,16.583569,3.009000,332.336324
2700,16.586389,2.820000,354.609929
2701,16.589245,2.856000,350.140056
2702,16.591915,2.670000,374.531835
2703,16.594972,3.057000,327.118090
2704,16.597609,2.637000,379.218809
2705,16.600592,2.983000,335.232987
2706,16.603273,2.681000,372.995151
2707,16.606611,3.338000,299.580587
2708,16.609429,2.818000,354.861604
2709,16.612136,2.707000,369.412634
2710,16.614594,2.458000,406.834825
2711,16.618083,3.489000,286.615076
2712,16.620815,2.732000,366.032211
2713,16.623990,3.175000,314.960630
2714,16.626862,2.872000,348.189415
2715,16.642584,15.722000,63.605139
2716,16.655317,12.733000,78.536087
2717,16.658291,2.974000,336.247478
2718,16.660606,2.315000,431.965443
2719,16.662876,2.270000,440.528634
2720,16.665865,2.989000,334.560054
2721,16.669536,3.671000,272.405339
2722,16.672732,3.196000,312.891114
2723,16.677088,4.356000,229.568411
2724,16.680360,3.272000,305.623472
2725,16.683092,2.732000,366.032211
2726,16.685820,2.728000,366.568915
2727,16.688648,2.828000,353.606789
2728,16.691630,2.982000,335.345406
2729,16.694279,2.649000,377.500944
2730,16.697535,3.256000,307.125307
2731,16.701018,3.483000,287.108814
2732,16.704688,3.670000,272.479564
2733,16.707791,3.103000,322.268772
2734,16.712273,4.482000,223.114681
2735,16.716885,4.612000,216.825672
2736,16.723294,6.409000,156.030582
2737,16.736315,13.021000,76.799017
2738,16.739442,3.127000,319.795331
2739,16.742419,2.977000,335.908633
2740,16.745511,3.092000,323.415265
2741,16.748194,2.683000,372.717108
2742,16.751430,3.236000,309.023486
2743,16.754032,2.602000,384.319754
2744,16.757195,3.163000,316.155549
2745,16.759888,2.693000,371.333086
2746,16.764091,4.203000,237.925291
2747,16.767002,2.911000,343.524562
2748,16.769968,2.966000,337.154417
2749,16.772756,2.788000,358.680057
2750,16.776281,3.525000,283.687943
2751,16.779077,2.796000,357.653791
2752,16.782414,3.337000,299.670363
2753,16.785089,2.675000,373.831776
2754,16.789265,4.176000,239.463602
2755,16.793111,3.846000,260.010400
2756,16.795851,2.740000,364.963504
2757,16.799151,3.300000,303.030303
2758,16.802128,2.977000,335.908633
2759,16.805792,3.664000,272.925764
2760,16.808732,2.940000,340.136054
2761,16.812372,3.640000,274.725275
2762,16.814371,1.999000,500.250125
2763,16.842629,28.258000,35.388209
2764,16.848901,6.272000,159.438776
2765,16.863842,14.941000,66.929924
2766,16.869722,5.880000,170.068027
2767,16.882923,13.201000,75.751837
2768,16.896207,13.284000,75.278531
2769,16.909774,13.567000,73.708263
2770,16.923511,13.737000,72.796098
2771,16.936603,13.092000,76.382524
2772,16.949539,12.936000,77.303649
2773,16.963301,13.762000,72.663857
2774,16.976776,13.475000,74.211503
2775,16.990270,13.494000,74.107011
2776,17.003733,13.463000,74.277650
2777,17.016718,12.985000,77.011937
2778,17.029439,12.721000,78.610172
2779,17.042877,13.438000,74.415836
2780,17.057143,14.266000,70.096733
2781,17.069402,12.259000,81.572722
2782,17.083639,14.237000,70.239517
2783,17.096111,12.472000,80.179602
2784,17.109491,13.380000,74.738416
2785,17.122726,13.235000,75.557235
2786,17.136920,14.194000,70.452304
2787,17.149658,12.738000,78.505260
2788,17.163715,14.057000,71.138934
2789,17.176205,12.490000,80.064051
2790,17.190177,13.972000,71.571715
2791,17.202856,12.679000,78.870573
2792,17.216949,14.093000,70.957213
2793,17.229298,12.349000,80.978217
2794,17.242298,13.000000,76.923077
2795,17.256880,14.582000,68.577699
2796,17.269407,12.527000,79.827572
2797,17.282684,13.277000,75.318219
2798,17.296051,13.367000,74.811102
2799,17.309274,13.223000,75.625804
2800,17.323089,13.815000,72.385089
2801,17.336195,13.106000,76.300931
2802,17.349517,13.322000,75.063804
2803,17.362830,13.313000,75.114550
2804,17.376352,13.522000,73.953557
2805,17.390073,13.721000,72.880985
2806,17.402560,12.487000,80.083287
2807,17.416756,14.196000,70.442378
2808,17.429250,12.494000,80.038418
2809,17.443566,14.316000,69.851914
2810,17.456177,12.611000,79.295853
2811,17.469446,13.269000,75.363630
2812,17.483484,14.038000,71.235219
2813,17.496769,13.285000,75.272864
2814,17.509393,12.624000,79.214195
2815,17.523465,14.072000,71.063104
2816,17.535996,12.531000,79.802091
2817,17.549406,13.410000,74.571216
2818,17.566724,17.318000,57.743388
2819,17.575400,8.676000,115.260489
2820,17.589516,14.116000,70.841598
2821,17.602941,13.425000,74.487896
2822,17.616052,13.111000,76.271833
2823,17.629542,13.490000,74.128984
2824,17.642793,13.251000,75.466003
2825,17.656842,14.049000,71.179443
2826,17.669275,12.433000,80.431111
2827,17.674522,5.247000,190.585096
2828,17.679217,4.695000,212.992545
2829,17.682532,3.315000,301.659125
2830,17.685065,2.533000,394.788788
2831,17.687918,2.853000,350.508237
2832,17.689885,1.967000,508.388409
2833,17.692217,2.332000,428.816467
2834,17.694512,2.295000,435.729847
2835,17.696878,2.366000,422.654269
2836,17.699417,2.539000,393.855849
2837,17.703222,3.805000,262.812089
2838,17.706186,2.964000,337.381916
2839,17.709026,2.840000,352.112676
2840,17.712495,3.469000,288.267512
2841,17.715521,3.026000,330.469266
2842,17.719086,3.565000,280.504909
2843,17.722685,3.599000,277.854960
2844,17.733283,10.598000,94.357426
2845,17.750913,17.630000,56.721497
2846,17.762998,12.085000,82.747207
2847,17.767072,4.074000,245.459008
2848,17.769582,2.510000,398.406375
2849,17.772871,3.289000,304.043782
2850,17.775489,2.618000,381.970970
2851,17.779112,3.623000,276.014353
2852,17.782110,2.998000,333.555704
2853,17.785176,3.066000,326.157860
2854,17.788036,2.860000,349.650350
2855,17.791798,3.762000,265.816055
2856,17.794331,2.533000,394.788788
2857,17.797783,3.452000,289.687138
2858,17.800504,2.721000,367.511944
2859,17.804404,3.900000,256.410256
2860,17.806876,2.472000,404.530744
2861,17.810414,3.538000,282.645562
2862,17.812956,2.542000,393.391031
2863,17.817491,4.535000,220.507166
2864,17.820158,2.667000,374.953131
2865,17.823750,3.592000,278.396437
2866,17.827277,3.527000,283.527077
2867,17.855676,28.399000,35.212507
2868,17.860973,5.297000,188.786105
2869,17.869444,8.471000,118.049817
2870,17.872673,3.229000,309.693404
2871,17.875553,2.880000,347.222222
2872,17.879503,3.950000,253.164557
2873,17.882197,2.694000,371.195249
2874,17.886053,3.856000,259.336100
2875,17.888803,2.750000,363.636364
2876,17.892270,3.467000,288.433804
2877,17.897592,5.322000,187.899286
2878,17.909422,11.830000,84.530854
2879,17.912764,3.342000,299.222023
2880,17.916785,4.021000,248.694355
2881,17.921165,4.380000,228.310502
2882,17.933388,12.223000,81.812976
2883,17.951470,18.082000,55.303617
2884,17.963316,11.846000,84.416681
2885,17.967959,4.643000,215.377988
2886,17.970815,2.856000,350.140056
2887,17.974196,3.381000,295.770482
2888,17.976882,2.686000,372.300819
2889,17.981148,4.266000,234.411627
2890,17.987645,6.497000,153.917193
2891,17.990581,2.936000,340.599455
2892,17.993423,2.842000,351.864884
2893,17.996470,3.047000,328.191664
2894,17.999833,3.363000,297.353553
2895,18.002578,2.745000,364.298725
2896,18.006129,3.551000,281.610814
2897,18.008796,2.667000,374.953131
2898,18.012126,3.330000,300.300300
2899,18.014966,2.840000,352.112676
2900,18.042729,27.763000,36.019162
2901,18.049120,6.391000,156.470036
2902,18.056717,7.597000,131.630907
2903,18.060292,3.575000,279.720280
2904,18.063228,2.936000,340.599455
2905,18.066837,3.609000,277.085065
2906,18.070034,3.197000,312.793244
2907,18.074109,4.075000,245.398773
2908,18.077268,3.159000,316.555872
2909,18.081250,3.982000,251.130085
2910,18.084220,2.970000,336.700337
2911,18.088366,4.146000,241.196334
2912,18.091362,2.996000,333.778371
2913,18.094602,3.240000,308.641975
2914,18.098812,4.210000,237.529691
2915,18.102171,3.359000,297.707651
2916,18.111055,8.884000,112.561909
2917,18.136848,25.793000,38.770209
2918,18.150262,13.414000,74.548979
2919,18.163834,13.572000,73.681108
2920,18.176356,12.522000,79.859447
2921,18.181517,5.161000,193.760899
2922,18.186325,4.808000,207.986689
2923,18.190968,4.643000,215.377988
2924,18.195895,4.927000,202.963264
2925,18.200566,4.671000,214.086919
2926,18.203211,2.645000,378.071834
2927,18.205613,2.402000,416.319734
2928,18.208356,2.743000,364.564346
2929,18.211554,3.198000,312.695435
2930,18.215586,4.032000,248.015873
2931,18.219736,4.150000,240.963855
2932,18.222645,2.909000,343.760743
2933,18.226525,3.880000,257.731959
2934,18.229281,2.756000,362.844702
2935,18.241376,12.095000,82.678793
2936,18.257163,15.787000,63.343257
2937,18.270450,13.287000,75.261534
2938,18.275697,5.247000,190.585096
2939,18.278246,2.549000,392.310710
2940,18.282834,4.588000,217.959895
2941,18.286160,3.326000,300.661455
2942,18.291081,4.921000,203.210730
2943,18.294627,3.546000,282.007896
2944,18.299572,4.945000,202.224469
2945,18.302072,2.500000,400.000000
2946,18.305922,3.850000,259.740260
2947,18.308544,2.622000,381.388253
2948,18.312302,3.758000,266.098989
2949,18.314777,2.475000,404.040404
2950,18.318414,3.637000,274.951883
2951,18.320803,2.389000,418.585182
2952,18.330835,10.032000,99.681021
2953,18.362112,31.277000,31.972376
2954,18.364909,2.797000,357.525921
2955,18.367860,2.951000,338.868180
2956,18.371789,3.929000,254.517689
2957,18.374503,2.714000,368.459838
2958,18.378614,4.111000,243.249818
2959,18.381552,2.938000,340.367597
2960,18.385283,3.731000,268.024658
2961,18.390971,5.688000,175.808720
2962,18.394329,3.358000,297.796307
2963,18.398343,4.014000,249.128052
2964,18.401372,3.029000,330.141961
2965,18.405518,4.146000,241.196334
2966,18.408753,3.235000,309.119011
2967,18.412311,3.558000,281.056773
2968,18.415488,3.177000,314.762354
2969,18.426935,11.447000,87.359133
2970,18.444647,17.712000,56.458898
2971,18.457260,12.613000,79.283279
2972,18.461935,4.675000,213.903743
2973,18.465053,3.118000,320.718409
2974,18.469521,4.468000,223.813787
2975,18.473151,3.630000,275.482094
2976,18.476035,2.884000,346.740638
2977,18.479117,3.082000,324.464633
2978,18.482787,3.670000,272.479564
2979,18.487260,4.473000,223.563604
2980,18.490951,3.691000,270.929287
2981,18.493980,3.029000,330.141961
2982,18.498282,4.302000,232.450023
2983,18.501333,3.051000,327.761390
2984,18.504748,3.415000,292.825769
2985,18.508132,3.384000,295.508274
2986,18.511329,3.197000,312.793244
2987,18.514741,3.412000,293.083236
2988,18.517864,3.123000,320.204931
2989,18.520611,2.747000,364.033491
2990,18.549425,28.814000,34.705352
2991,18.555147,5.722000,174.764069
2992,18.563181,8.034000,124.470998
2993,18.566911,3.730000,268.096515
2994,18.569827,2.916000,342.935528
2995,18.573870,4.043000,247.341083
2996,18.577275,3.405000,293.685756
2997,18.580534,3.259000,306.842590
2998,18.583524,2.990000,334.448161
2999,18.587264,3.740000,267.379679
3000,18.591375,4.111000,243.249818
3001,18.594891,3.516000,284.414107
3002,18.599022,4.131000,242.072137
3003,18.602394,3.372000,296.559905
3004,18.605576,3.182000,314.267756
3005,18.608578,3.002000,333.111259
3006,18.611387,2.809000,355.998576
3007,18.614862,3.475000,287.769784
3008,18.642350,27.488000,36.379511
3009,18.655005,12.655000,79.020150
3010,18.660633,5.628000,177.683014
3011,18.669382,8.749000,114.298777
3012,18.672757,3.375000,296.296296
3013,18.675874,3.117000,320.821303
3014,18.678714,2.840000,352.112676
3015,18.682135,3.421000,292.312189
3016,18.684990,2.855000,350.262697
3017,18.687917,2.927000,341.646737
3018,18.690788,2.871000,348.310693
3019,18.693778,2.990000,334.448161
3020,18.697469,3.691000,270.929287
3021,18.700451,2.982000,335.345406
3022,18.703254,2.803000,356.760614
3023,18.706153,2.899000,344.946533
3024,18.715787,9.634000,103.799045
3025,18.736739,20.952000,47.728141
3026,18.749579,12.840000,77.881620
3027,18.753043,3.464000,288.683603
3028,18.755973,2.930000,341.296928
3029,18.759005,3.032000,329.815303
3030,18.761726,2.721000,367.511944
3031,18.765172,3.446000,290.191526
3032,18.768379,3.207000,311.817898
3033,18.771424,3.045000,328.407225
3034,18.774389,2.965000,337.268128
3035,18.777713,3.324000,300.842359
3036,18.780810,3.097000,322.893122
3037,18.784013,3.203000,312.207306
3038,18.786915,2.902000,344.589938
3039,18.790830,3.915000,255.427842
3040,18.794282,3.452000,289.687138
3041,18.797789,3.507000,285.143998
3042,18.802606,4.817000,207.598090
3043,18.805796,3.190000,313.479624
3044,18.808600,2.804000,356.633381
3045,18.812671,4.071000,245.639892
3046,18.817164,4.493000,222.568440
3047,18.829148,11.984000,83.444593
3048,18.855537,26.389000,37.894577
3049,18.868322,12.785000,78.216660
3050,18.871573,3.251000,307.597662
3051,18.874385,2.812000,355.618777
3052,18.877499,3.114000,321.130379
3053,18.880735,3.236000,309.023486
3054,18.884161,3.426000,291.885581
3055,18.887185,3.024000,330.687831
3056,18.890657,3.472000,288.018433
3057,18.908850,18.193000,54.966196
3058,18.923072,14.222000,70.313599
3059,18.935996,12.924000,77.375426
3060,18.949725,13.729000,72.838517
3061,18.962685,12.960000,77.160494
3062,18.966709,4.024000,248.508946
3063,18.970396,3.687000,271.223217
3064,18.973436,3.040000,328.947368
3065,18.978058,4.622000,216.356556
3066,18.981453,3.395000,294.550810
3067,18.984461,3.008000,332.446809
3068,18.987515,3.054000,327.439424
3069,18.990605,3.090000,323.624595
3070,18.993621,3.016000,331.564987
3071,18.996145,2.524000,396.196513
3072,18.999213,3.068000,325.945241
3073,19.002326,3.113000,321.233537
3074,19.004966,2.640000,378.787879
3075,19.007265,2.299000,434.971727
3076,19.009802,2.537000,394.166338
3077,19.012345,2.543000,393.236335
3078,19.042810,30.465000,32.824553
3079,19.046966,4.156000,240.615977
3080,19.056621,9.655000,103.573278
3081,19.061603,4.982000,200.722601
3082,19.065654,4.051000,246.852629
3083,19.071290,5.636000,177.430802
3084,19.075465,4.175000,239.520958
3085,19.079081,3.616000,276.548673
3086,19.081545,2.464000,405.844156
3087,19.084098,2.553000,391.696044
3088,19.087309,3.211000,311.429461
3089,19.090839,3.530000,283.286119
3090,19.094526,3.687000,271.223217
3091,19.098147,3.621000,276.166805
3092,19.100951,2.804000,356.633381
3093,19.104238,3.287000,304.228780
3094,19.107579,3.341000,299.311583
3095,19.111470,3.891000,257.003341
3096,19.122750,11.280000,88.652482
3097,19.149177,26.427000,37.840088
3098,19.155854,6.677000,149.767860
3099,19.163206,7.352000,136.017410
3100,19.166968,3.762000,265.816055
3101,19.169895,2.927000,341.646737
3102,19.173670,3.775000,264.900662
3103,19.176626,2.956000,338.294993
3104,19.180969,4.343000,230.255584
3105,19.183739,2.770000,361.010830
3106,19.187432,3.693000,270.782562
3107,19.190178,2.746000,364.166060
3108,19.194057,3.879000,257.798402
3109,19.196889,2.832000,353.107345
3110,19.200653,3.764000,265.674814
3111,19.203464,2.811000,355.745286
3112,19.206975,3.511000,284.819140
3113,19.209918,2.943000,339.789331
3114,19.213233,3.315000,301.659125
3115,19.216028,2.795000,357.781753
3116,19.219450,3.422000,292.226768
3117,19.222213,2.763000,361.925443
3118,19.225758,3.545000,282.087447
3119,19.228183,2.425000,412.371134
3120,19.255533,27.350000,36.563071
3121,19.259870,4.337000,230.574130
3122,19.269412,9.542000,104.799832
3123,19.273039,3.627000,275.709953
3124,19.282638,9.599000,104.177518
3125,19.286300,3.662000,273.074823
3126,19.296137,9.837000,101.657009
3127,19.299778,3.641000,274.649821
3128,19.303818,4.040000,247.524752
3129,19.308130,4.312000,231.910946
3130,19.311696,3.566000,280.426248
3131,19.315148,3.452000,289.687138
3132,19.318921,3.773000,265.041081
3133,19.321877,2.956000,338.294993
3134,19.332479,10.602000,94.321826
3135,19.351239,18.760000,53.304904
3136,19.363475,12.236000,81.726054
3137,19.368322,4.847000,206.313183
3138,19.371321,2.999000,333.444481
3139,19.376062,4.741000,210.925965
3140,19.379219,3.157000,316.756414
3141,19.383125,3.906000,256.016385
3142,19.386240,3.115000,321.027287
3143,19.391132,4.892000,204.415372
3144,19.394668,3.536000,282.805430
3145,19.397558,2.890000,346.020761
3146,19.400609,3.051000,327.761390
3147,19.404226,3.617000,276.472215
3148,19.415991,11.765000,84.997875
3149,19.422821,6.830000,146.412884
3150,19.443244,20.423000,48.964403
3151,19.456551,13.307000,75.148418
3152,19.462052,5.501000,181.785130
3153,19.466504,4.452000,224.618149
3154,19.470791,4.287000,233.263354
3155,19.475717,4.926000,203.004466
3156,19.480420,4.703000,212.630236
3157,19.483078,2.658000,376.222724
3158,19.485819,2.741000,364.830354
3159,19.490098,4.279000,233.699462
3160,19.492960,2.862000,349.406010
3161,19.497916,4.956000,201.775626
3162,19.509171,11.255000,88.849400
3163,19.512567,3.396000,294.464075
3164,19.517675,5.108000,195.771339
3165,19.522729,5.054000,197.863079
3166,19.536186,13.457000,74.310768
3167,19.549230,13.044000,76.663600
3168,19.561937,12.707000,78.696781
3169,19.565630,3.693000,270.782562
3170,19.569434,3.804000,262.881178
3171,19.573272,3.838000,260.552371
3172,19.577102,3.830000,261.096606
3173,19.580415,3.313000,301.841232
3174,19.583466,3.051000,327.761390
3175,19.587385,3.919000,255.167134
3176,19.590852,3.467000,288.433804
3177,19.594110,3.258000,306.936771
3178,19.597779,3.669000,272.553829
3179,19.600797,3.018000,331.345262
3180,19.604270,3.473000,287.935502
3181,19.607306,3.036000,329.380764
3182,19.610319,3.013000,331.895121
3183,19.613178,2.859000,349.772648
3184,19.616608,3.430000,291.545190
3185,19.619560,2.952000,338.753388
3186,19.622735,3.175000,314.960630
3187,19.625949,3.214000,311.138768
3188,19.629197,3.248000,307.881773
3189,19.655758,26.561000,37.649185
3190,19.660762,5.004000,199.840128
3191,19.669490,8.728000,114.573786
3192,19.673212,3.722000,268.672757
3193,19.676107,2.895000,345.423143
3194,19.679150,3.043000,328.623069
3195,19.681951,2.801000,357.015352
3196,19.684897,2.946000,339.443313
3197,19.687764,2.867000,348.796652
3198,19.690219,2.455000,407.331976
3199,19.692907,2.688000,372.023810
3200,19.696834,3.927000,254.647313
3201,19.699670,2.836000,352.609309
3202,19.702270,2.600000,384.615385
3203,19.705414,3.144000,318.066158
3204,19.709951,4.537000,220.409963
3205,19.718042,8.091000,123.594117
3206,19.749997,31.955000,31.294007
3207,19.762238,12.241000,81.692672
3208,19.764862,2.624000,381.097561
3209,19.767386,2.524000,396.196513
3210,19.770558,3.172000,315.258512
3211,19.773704,3.146000,317.863954
3212,19.777131,3.427000,291.800409
3213,19.780583,3.452000,289.687138
3214,19.783723,3.140000,318.471338
3215,19.786711,2.988000,334.672021
3216,19.789759,3.048000,328.083990
3217,19.793034,3.275000,305.343511
3218,19.796314,3.280000,304.878049
3219,19.800090,3.776000,264.830508
3220,19.803427,3.337000,299.670363
3221,19.807197,3.770000,265.251989
3222,19.810192,2.995000,333.889816
3223,19.813330,3.138000,318.674315
3224,19.816512,3.182000,314.267756
3225,19.820068,3.556000,281.214848
3226,19.822514,2.446000,408.830744
3227,19.824935,2.421000,413.052458
3228,19.827457,2.522000,396.510706
3229,19.855539,28.082000,35.609999
3230,19.867790,12.251000,81.625990
3231,19.870767,2.977000,335.908633
3232,19.873119,2.352000,425.170068
3233,19.875731,2.612000,382.848392
3234,19.878738,3.007000,332.557366
3235,19.881569,2.831000,353.232073
3236,19.885045,3.476000,287.686997
3237,19.887797,2.752000,363.372093
3238,19.890528,2.731000,366.166239
3239,19.893658,3.130000,319.488818
3240,19.897198,3.540000,282.485876
3241,19.899767,2.569000,389.256520
3242,19.902081,2.314000,432.152118
3243,19.905376,3.295000,303.490137
3244,19.910001,4.625000,216.216216
3245,19.912838,2.837000,352.485019
3246,19.915116,2.278000,438.981563
3247,19.917988,2.872000,348.189415
3248,19.922306,4.318000,231.588698
3249,19.949141,26.835000,37.264766
3250,19.953159,4.018000,248.880040
3251,19.962526,9.367000,106.757767
3252,19.966065,3.539000,282.565697
3253,19.970262,4.197000,238.265428
3254,19.974310,4.048000,247.035573
3255,19.978319,4.009000,249.438763
3256,19.981854,3.535000,282.885431
3257,19.985902,4.048000,247.035573
3258,19.989904,4.002000,249.875062
3259,19.993413,3.509000,284.981476
3260,19.996440,3.027000,330.360093
3261,19.998701,2.261000,442.282176
3262,20.001276,2.575000,388.349515
3263,20.003976,2.700000,370.370370
3264,20.006914,2.938000,340.367597
3265,20.009353,2.439000,410.004100
3266,20.011695,2.342000,426.985482
3267,20.014184,2.489000,401.767778
3268,20.016897,2.713000,368.595651
3269,20.019711,2.814000,355.366027
3270,20.023530,3.819000,261.848651
3271,20.026894,3.364000,297.265161
3272,20.029444,2.550000,392.156863
3273,20.055193,25.749000,38.836460
3274,20.059663,4.470000,223.713647
3275,20.069445,9.782000,102.228583
3276,20.072826,3.381000,295.770482
3277,20.075430,2.604000,384.024578
3278,20.078548,3.118000,320.718409
3279,20.081292,2.744000,364.431487
3280,20.084666,3.374000,296.384114
3281,20.087443,2.777000,360.100828
3282,20.090529,3.086000,324.044070
3283,20.093410,2.881000,347.101701
3284,20.096947,3.537000,282.725474
3285,20.099482,2.535000,394.477318
3286,20.102014,2.532000,394.944708
3287,20.104379,2.365000,422.832981
3288,20.107288,2.909000,343.760743
3289,20.109865,2.577000,388.048118
3290,20.112956,3.091000,323.519896
3291,20.115400,2.444000,409.165303
3292,20.118714,3.314000,301.750151
3293,20.121306,2.592000,385.802469
3294,20.148478,27.172000,36.802591
3295,20.152929,4.451000,224.668614
3296,20.162326,9.397000,106.416942
3297,20.165472,3.146000,317.863954
3298,20.169608,4.136000,241.779497
3299,20.173168,3.560000,280.898876
3300,20.177310,4.142000,241.429261
3301,20.179923,2.613000,382.701875
3302,20.183418,3.495000,286.123033
3303,20.186416,2.998000,333.555704
3304,20.190653,4.237000,236.016049
3305,20.193360,2.707000,369.412634
3306,20.196590,3.230000,309.597523
3307,20.199222,2.632000,379.939210
3308,20.204110,4.888000,204.582651
3309,20.216140,12.030000,83.125520
3310,20.229028,12.888000,77.591558
3311,20.255150,26.122000,38.281908
3312,20.258351,3.201000,312.402374
3313,20.261188,2.837000,352.485019
3314,20.265126,3.938000,253.936008
3315,20.268204,3.078000,324.886290
3316,20.272400,4.196000,238.322212
3317,20.275431,3.031000,329.924117
3318,20.278830,3.399000,294.204178
3319,20.281920,3.090000,323.624595
3320,20.284966,3.046000,328.299409
3321,20.287818,2.852000,350.631136
3322,20.290431,2.613000,382.701875
3323,20.293510,3.079000,324.780773
3324,20.296800,3.290000,303.951368
3325,20.300284,3.484000,287.026406
3326,20.308822,8.538000,117.123448
3327,20.337109,28.287000,35.351928
3328,20.349580,12.471000,80.186032
3329,20.363037,13.457000,74.310768
3330,20.375848,12.811000,78.057919
3331,20.379410,3.562000,280.741157
3332,20.382901,3.491000,286.450874
3333,20.385320,2.419000,413.393964
3334,20.388323,3.003000,333.000333
3335,20.391320,2.997000,333.667000
3336,20.394323,3.003000,333.000333
3337,20.397343,3.020000,331.125828
3338,20.402392,5.049000,198.059022
3339,20.406288,3.896000,256.673511
3340,20.410723,4.435000,225.479143
3341,20.413458,2.735000,365.630713
3342,20.417733,4.275000,233.918129
3343,20.420766,3.033000,329.706561
3344,20.424181,3.415000,292.825769
3345,20.427101,2.920000,342.465753
3346,20.455915,28.814000,34.705352
3347,20.462615,6.700000,149.253731
3348,20.469580,6.965000,143.575018
3349,20.473273,3.693000,270.782562
3350,20.476423,3.150000,317.460317
3351,20.479510,3.087000,323.939099
3352,20.482274,2.764000,361.794501
3353,20.485980,3.706000,269.832704
3354,20.488903,2.923000,342.114266
3355,20.492776,3.873000,258.197779
3356,20.495796,3.020000,331.125828
3357,20.499466,3.670000,272.479564
3358,20.502414,2.948000,339.213026
3359,20.506025,3.611000,276.931598
3360,20.509012,2.987000,334.784064
3361,20.512337,3.325000,300.751880
3362,20.515267,2.930000,341.296928
3363,20.518685,3.418000,292.568754
3364,20.521890,3.205000,312.012480
3365,20.549034,27.144000,36.840554
3366,20.553106,4.072000,245.579568
3367,20.562870,9.764000,102.417042
3368,20.566480,3.610000,277.008310
3369,20.569470,2.990000,334.448161
3370,20.572449,2.979000,335.683115
3371,20.575702,3.253000,307.408546
3372,20.579107,3.405000,293.685756
3373,20.582049,2.942000,339.904827
3374,20.585113,3.064000,326.370757
3375,20.588108,2.995000,333.889816
3376,20.591298,3.190000,313.479624
3377,20.594237,2.939000,340.251786
3378,20.597192,2.955000,338.409475
3379,20.600020,2.828000,353.606789
3380,20.603861,3.841000,260.348867
3381,20.607372,3.511000,284.819140
3382,20.611079,3.707000,269.759914
3383,20.642316,31.237000,32.013318
3384,20.646019,3.703000,270.051310
3385,20.655878,9.859000,101.430165
3386,20.659056,3.178000,314.663310
3387,20.662702,3.646000,274.273176
3388,20.666331,3.629000,275.558005
3389,20.670425,4.094000,244.259893
3390,20.673378,2.953000,338.638673
3391,20.676417,3.039000,329.055610
3392,20.679964,3.547000,281.928390
3393,20.684549,4.585000,218.102508
3394,20.687727,3.178000,314.663310
3395,20.690850,3.123000,320.204931
3396,20.694910,4.060000,246.305419
3397,20.698471,3.561000,280.819994
3398,20.701563,3.092000,323.415265
3399,20.704567,3.004000,332.889481
3400,20.708515,3.948000,253.292806
3401,20.735149,26.634000,37.545994
3402,20.738796,3.647000,274.197971
3403,20.749265,10.469000,95.520107
3404,20.752712,3.447000,290.107340
3405,20.755843,3.131000,319.386777
3406,20.758430,2.587000,386.548125
3407,20.761646,3.216000,310.945274
3408,20.764792,3.146000,317.863954
3409,20.775687,10.895000,91.785223
3410,20.779220,3.533000,283.045570
3411,20.782576,3.356000,297.973778
3412,20.785410,2.834000,352.858151
3413,20.788069,2.659000,376.081234
3414,20.791254,3.185000,313.971743
3415,20.794664,3.410000,293.255132
3416,20.797670,3.006000,332.667997
3417,20.800332,2.662000,375.657400
3418,20.803877,3.545000,282.087447
3419,20.806824,2.947000,339.328130
3420,20.810043,3.219000,310.655483
3421,20.813005,2.962000,337.609723
3422,20.817228,4.223000,236.798484
3423,20.820379,3.151000,317.359568
3424,20.823471,3.092000,323.415265
3425,20.826632,3.161000,316.355584
3426,20.855829,29.197000,34.250094
3427,20.862155,6.326000,158.077774
3428,20.869141,6.986000,143.143430
3429,20.872502,3.361000,297.530497
3430,20.876192,3.690000,271.002710
3431,20.880467,4.275000,233.918129
3432,20.884931,4.464000,224.014337
3433,20.887953,3.022000,330.906684
3434,20.891026,3.073000,325.414904
3435,20.894129,3.103000,322.268772
3436,20.897741,3.612000,276.854928
3437,20.900676,2.935000,340.715503
3438,20.903833,3.157000,316.756414
3439,20.906704,2.871000,348.310693
3440,20.916841,10.137000,98.648515
3441,20.936173,19.332000,51.727705
3442,20.949484,13.311000,75.125836
3443,20.952617,3.133000,319.182892
3444,20.957406,4.789000,208.811861
3445,20.960623,3.217000,310.848617
3446,20.964008,3.385000,295.420975
3447,20.967260,3.252000,307.503075
3448,20.970967,3.707000,269.759914
3449,20.974168,3.201000,312.402374
3450,20.977389,3.221000,310.462589
3451,20.980768,3.379000,295.945546
3452,20.983496,2.728000,366.568915
3453,20.986642,3.146000,317.863954
3454,20.991044,4.402000,227.169468
3455,20.994342,3.298000,303.214069
3456,20.997519,3.177000,314.762354
3457,21.000308,2.789000,358.551452
3458,21.003922,3.614000,276.701716
3459,21.007276,3.354000,298.151461
3460,21.011217,3.941000,253.742705
3461,21.014464,3.247000,307.976594
3462,21.041739,27.275000,36.663611
3463,21.047075,5.336000,187.406297
3464,21.056260,9.185000,108.873163
3465,21.060061,3.801000,263.088661
3466,21.063136,3.075000,325.203252
3467,21.066585,3.449000,289.939113
3468,21.069686,3.101000,322.476620
3469,21.072687,3.001000,333.222259
3470,21.076804,4.117000,242.895312
3471,21.080517,3.713000,269.323997
3472,21.084550,4.033000,247.954376
3473,21.087545,2.995000,333.889816
3474,21.091118,3.573000,279.876854
3475,21.094062,2.944000,339.673913
3476,21.097728,3.666000,272.776869
3477,21.100750,3.022000,330.906684
3478,21.104126,3.376000,296.208531
3479,21.107179,3.053000,327.546675
3480,21.110570,3.391000,294.898260
3481,21.113425,2.855000,350.262697
3482,21.116721,3.296000,303.398058
3483,21.119929,3.208000,311.720698
3484,21.148862,28.933000,34.562610
3485,21.161687,12.825000,77.972710
3486,21.165297,3.610000,277.008310
3487,21.167874,2.577000,388.048118
3488,21.171145,3.271000,305.716906
3489,21.174055,2.910000,343.642612
3490,21.178299,4.244000,235.626767
3491,21.181449,3.150000,317.460317
3492,21.184900,3.451000,289.771081
3493,21.187879,2.979000,335.683115
3494,21.191844,3.965000,252.206810
3495,21.195121,3.277000,305.157156
3496,21.198068,2.947000,339.328130
3497,21.201075,3.007000,332.557366
3498,21.204377,3.302000,302.846760
3499,21.207749,3.372000,296.559905
3500,21.210493,2.744000,364.431487
3501,21.213579,3.086000,324.044070
3502,21.217131,3.552000,281.531532
3503,21.220025,2.894000,345.542502
3504,21.255605,35.580000,28.105677
3505,21.260802,5.197000,192.418703
3506,21.269486,8.684000,115.154307
3507,21.273114,3.628000,275.633958
3508,21.276238,3.124000,320.102433
3509,21.279530,3.292000,303.766707
3510,21.282875,3.345000,298.953662
3511,21.285904,3.029000,330.141961
3512,21.288742,2.838000,352.360817
3513,21.292113,3.371000,296.647879
3514,21.297585,5.472000,182.748538
3515,21.301402,3.817000,261.985853
3516,21.305559,4.157000,240.558095
3517,21.309443,3.884000,257.466529
3518,21.313032,3.589000,278.629145
3519,21.316016,2.984000,335.120643
3520,21.319634,3.618000,276.395799
3521,21.322871,3.237000,308.928020
3522,21.348896,26.025000,38.424592
3523,21.361645,12.749000,78.437525
3524,21.365273,3.628000,275.633958
3525,21.367901,2.628000,380.517504
3526,21.371717,3.816000,262.054507
3527,21.375786,4.069000,245.760629
3528,21.379176,3.390000,294.985251
3529,21.382227,3.051000,327.761390
3530,21.385257,3.030000,330.033003
3531,21.389115,3.858000,259.201659
3532,21.392524,3.409000,293.341156
3533,21.395725,3.201000,312.402374
3534,21.398784,3.059000,326.904217
3535,21.402482,3.698000,270.416441
3536,21.407493,5.011000,199.560966
3537,21.410685,3.192000,313.283208
3538,21.413960,3.275000,305.343511
3539,21.417364,3.404000,293.772033
3540,21.420650,3.286000,304.321363
3541,21.423952,3.302000,302.846760
3542,21.427181,3.229000,309.693404
3543,21.430578,3.397000,294.377392
3544,21.455031,24.453000,40.894778
3545,21.459858,4.827000,207.168013
3546,21.469450,9.592000,104.253545
3547,21.473396,3.946000,253.421186
3548,21.476884,3.488000,286.697248
3549,21.480045,3.161000,316.355584
3550,21.483535,3.490000,286.532951
3551,21.486544,3.009000,332.336324
3552,21.490159,3.615000,276.625173
3553,21.493135,2.976000,336.021505
3554,21.497190,4.055000,246.609125
3555,21.500709,3.519000,284.171640
3556,21.504388,3.679000,271.812993
3557,21.507520,3.132000,319.284802
3558,21.510734,3.214000,311.138768
3559,21.513764,3.030000,330.033003
3560,21.516982,3.218000,310.752020
3561,21.520120,3.138000,318.674315
3562,21.548946,28.826000,34.690904
3563,21.555533,6.587000,151.814179
3564,21.563383,7.850000,127.388535
3565,21.567727,4.344000,230.202578
3566,21.570677,2.950000,338.983051
3567,21.573942,3.265000,306.278714
3568,21.576955,3.013000,331.895121
3569,21.580171,3.216000,310.945274
3570,21.583126,2.955000,338.409475
3571,21.586989,3.863000,258.866166
3572,21.589948,2.959000,337.952011
3573,21.593517,3.569000,280.190530
3574,21.596648,3.131000,319.386777
3575,21.600151,3.503000,285.469597
3576,21.603082,2.931000,341.180484
3577,21.606171,3.089000,323.729362
3578,21.609229,3.058000,327.011118
3579,21.612272,3.043000,328.623069
3580,21.615185,2.913000,343.288706
3581,21.642220,27.035000,36.989088
3582,21.647347,5.127000,195.045836
3583,21.655952,8.605000,116.211505
3584,21.660431,4.479000,223.264121
3585,21.665105,4.674000,213.949508
3586,21.668449,3.344000,299.043062
3587,21.671658,3.209000,311.623559
3588,21.676456,4.798000,208.420175
3589,21.682195,5.739000,174.246384
3590,21.686308,4.113000,243.131534
3591,21.689364,3.056000,327.225131
3592,21.692849,3.485000,286.944046
3593,21.697732,4.883000,204.792136
3594,21.701905,4.173000,239.635754
3595,21.705716,3.811000,262.398321
3596,21.708937,3.221000,310.462589
3597,21.712083,3.146000,317.863954
3598,21.715093,3.010000,332.225914
3599,21.718287,3.194000,313.087038
3600,21.721232,2.945000,339.558574
3601,21.748835,27.603000,36.227946
3602,21.755442,6.607000,151.354624
3603,21.763117,7.675000,130.293160
3604,21.768002,4.885000,204.708291
3605,21.771145,3.143000,318.167356
3606,21.775736,4.591000,217.817469
3607,21.781032,5.296000,188.821752
3608,21.784185,3.153000,317.158262
3609,21.787044,2.859000,349.772648
3610,21.790024,2.980000,335.570470
3611,21.793382,3.358000,297.796307
3612,21.796928,3.546000,282.007896
3613,21.799848,2.920000,342.465753
3614,21.802911,3.063000,326.477310
3615,21.805918,3.007000,332.557366
3616,21.809566,3.648000,274.122807
3617,21.812882,3.316000,301.568154
3618,21.815768,2.886000,346.500347
3619,21.818516,2.748000,363.901019
3620,21.821603,3.087000,323.939099
3621,21.824360,2.757000,362.713094
3622,21.827211,2.851000,350.754121
3623,21.855800,28.589000,34.978488
3624,21.880339,24.539000,40.751457
3625,21.883015,2.676000,373.692078
3626,21.898485,15.470000,64.641241
3627,21.909823,11.338000,88.198977
3628,21.922770,12.947000,77.237970
3629,21.935682,12.912000,77.447336
3630,21.948811,13.129000,76.167263
3631,21.963154,14.343000,69.720421
3632,21.975506,12.352000,80.958549
3633,21.988975,13.469000,74.244562
3634,22.002808,13.833000,72.290899
3635,22.015577,12.769000,78.314668
3636,22.029522,13.945000,71.710290
3637,22.042417,12.895000,77.549438
3638,22.055978,13.561000,73.740875
3639,22.068994,13.016000,76.828519
3640,22.082424,13.430000,74.460164
3641,22.096623,14.199000,70.427495
3642,22.108902,12.279000,81.439857
3643,22.122490,13.588000,73.594348
3644,22.135785,13.295000,75.216247
3645,22.149936,14.151000,70.666384
3646,22.162271,12.335000,81.070126
3647,22.175706,13.435000,74.432453
3648,22.189885,14.179000,70.526835
3649,22.202654,12.769000,78.314668
3650,22.215934,13.280000,75.301205
3651,22.229621,13.687000,73.062030
3652,22.242640,13.019000,76.810815
3653,22.255766,13.126000,76.184672
3654,22.269187,13.421000,74.510096
3655,22.282433,13.246000,75.494489
3656,22.296528,14.095000,70.947144
3657,22.309475,12.947000,77.237970
3658,22.323114,13.639000,73.319158
3659,22.337093,13.979000,71.535875
3660,22.349471,12.378000,80.788496
3661,22.363532,14.061000,71.118697
3662,22.376783,13.251000,75.466003
3663,22.390002,13.219000,75.648687
3664,22.402809,12.807000,78.082299
3665,22.416060,13.251000,75.466003
3666,22.428718,12.658000,79.001422
3667,22.443387,14.669000,68.170973
3668,22.456243,12.856000,77.784692
3669,22.469622,13.379000,74.744002
3670,22.482715,13.093000,76.376690
3671,22.496291,13.576000,73.659399
3672,22.509301,13.010000,76.863951
3673,22.522445,13.144000,76.080341
3674,22.536110,13.665000,73.179656
3675,22.549050,12.940000,77.279753
3676,22.563036,13.986000,71.500072
3677,22.575860,12.824000,77.978790
3678,22.588586,12.726000,78.579287
3679,22.601877,13.291000,75.238883
3680,22.614980,13.103000,76.318400
3681,22.628137,13.157000,76.005168
3682,22.641910,13.773000,72.605823
3683,22.655373,13.463000,74.277650
3684,22.660834,5.461000,183.116645
3685,22.665695,4.861000,205.718988
3686,22.668953,3.258000,306.936771
3687,22.671628,2.675000,373.831776
3688,22.673991,2.363000,423.190859
3689,22.676389,2.398000,417.014178
3690,22.678771,2.382000,419.815281
3691,22.681075,2.304000,434.027778
3692,22.682992,1.917000,521.648409
3693,22.684965,1.973000,506.842372
3694,22.686930,1.965000,508.905852
3695,22.688976,2.046000,488.758553
3696,22.690994,2.018000,495.540139
3697,22.692918,1.924000,519.750520
3698,22.694927,2.009000,497.760080
3699,22.696990,2.063000,484.730974
3700,22.699018,2.028000,493.096647
3701,22.701004,1.986000,503.524673
3702,22.702900,1.896000,527.426160
3703,22.706507,3.607000,277.238703
3704,22.710782,4.275000,233.918129
3705,22.714362,3.580000,279.329609
3706,22.718086,3.724000,268.528464
3707,22.735290,17.204000,58.126017
3708,22.749603,14.313000,69.866555
3709,22.762334,12.731000,78.548425
3710,22.766835,4.501000,222.172850
3711,22.769824,2.989000,334.560054
3712,22.773067,3.243000,308.356460
3713,22.775719,2.652000,377.073906
3714,22.779049,3.330000,300.300300
3715,22.781720,2.671000,374.391614
3716,22.785220,3.500000,285.714286
3717,22.787754,2.534000,394.632991
3718,22.791215,3.461000,288.933834
3719,22.793853,2.638000,379.075057
3720,22.797359,3.506000,285.225328
3721,22.800001,2.642000,378.501136
3722,22.803603,3.602000,277.623542
3723,22.806219,2.616000,382.262997
3724,22.809789,3.570000,280.112045
3725,22.812430,2.641000,378.644453
3726,22.841967,29.537000,33.855842
3727,22.847206,5.239000,190.876121
3728,22.855562,8.356000,119.674485
3729,22.859016,3.454000,289.519398
3730,22.861915,2.899000,344.946533
3731,22.865279,3.364000,297.265161
3732,22.868038,2.759000,362.450163
3733,22.871810,3.772000,265.111347
3734,22.874645,2.835000,352.733686
3735,22.877785,3.140000,318.471338
3736,22.880114,2.329000,429.368828
3737,22.894830,14.716000,67.953248
3738,22.909140,14.310000,69.881202
3739,22.922163,13.023000,76.787223
3740,22.930532,8.369000,119.488589
3741,22.950053,19.521000,51.226884
3742,22.962179,12.126000,82.467425
3743,22.965554,3.375000,296.296296
3744,22.969362,3.808000,262.605042
3745,22.973313,3.951000,253.100481
3746,22.977370,4.057000,246.487552
3747,22.980684,3.314000,301.750151
3748,22.984542,3.858000,259.201659
3749,22.988514,3.972000,251.762336
3750,23.001721,13.207000,75.717423
3751,23.005254,3.533000,283.045570
3752,23.007949,2.695000,371.057514
3753,23.011072,3.123000,320.204931
3754,23.013810,2.738000,365.230095
3755,23.028359,14.549000,68.733246
3756,23.041077,12.718000,78.628715
3757,23.043974,2.897000,345.184674
3758,23.047182,3.208000,311.720698
3759,23.049880,2.698000,370.644922
3760,23.053448,3.568000,280.269058
3761,23.055838,2.390000,418.410042
3762,23.059473,3.635000,275.103164
3763,23.062323,2.850000,350.877193
3764,23.065961,3.638000,274.876306
3765,23.068767,2.806000,356.379187
3766,23.072316,3.549000,281.769513
3767,23.075087,2.771000,360.880549
3768,23.078496,3.409000,293.341156
3769,23.081343,2.847000,351.246927
3770,23.084376,3.033000,329.706561
3771,23.095202,10.826000,92.370220
3772,23.098525,3.323000,300.932892
3773,23.101166,2.641000,378.644453
3774,23.103591,2.425000,412.371134
3775,23.106066,2.475000,404.040404
3776,23.109575,3.509000,284.981476
3777,23.112163,2.588000,386.398764
3778,23.134898,22.735000,43.985045
3779,23.139810,4.912000,203.583062
3780,23.148674,8.864000,112.815884
3781,23.151976,3.302000,302.846760
3782,23.154645,2.669000,374.672162
3783,23.158015,3.370000,296.735905
3784,23.160795,2.780000,359.712230
3785,23.164228,3.433000,291.290417
3786,23.167179,2.951000,338.868180
3787,23.170192,3.013000,331.895121
3788,23.174976,4.784000,209.030100
3789,23.178226,3.250000,307.692308
3790,23.181395,3.169000,315.556958
3791,23.184358,2.963000,337.495781
3792,23.187592,3.234000,309.214595
3793,23.190698,3.106000,321.957502
3794,23.193532,2.834000,352.858151
3795,23.196565,3.033000,329.706561
3796,23.199237,2.672000,374.251497
3797,23.202624,3.387000,295.246531
3798,23.206092,3.468000,288.350634
3799,23.209595,3.503000,285.469597
3800,23.213150,3.555000,281.293952
3801,23.216612,3.462000,288.850376
3802,23.241054,24.442000,40.913182
3803,23.254098,13.044000,76.663600
3804,23.258854,4.756000,210.260723
3805,23.261894,3.040000,328.947368
3806,23.264926,3.032000,329.815303
3807,23.268456,3.530000,283.286119
3808,23.271863,3.407000,293.513355
3809,23.275169,3.306000,302.480339
3810,23.278403,3.234000,309.214595
3811,23.281724,3.321000,301.114122
3812,23.284705,2.981000,335.457900
3813,23.287269,2.564000,390.015601
3814,23.289891,2.622000,381.388253
3815,23.292452,2.561000,390.472472
3816,23.294830,2.378000,420.521447
3817,23.298631,3.801000,263.088661
3818,23.301220,2.589000,386.249517
3819,23.303613,2.393000,417.885499
3820,23.305767,2.154000,464.252553
3821,23.309022,3.255000,307.219662
3822,23.311492,2.470000,404.858300
3823,23.313737,2.245000,445.434298
3824,23.316408,2.671000,374.391614
3825,23.318775,2.367000,422.475708
3826,23.321349,2.574000,388.500389
3827,23.347758,26.409000,37.865879
3828,23.360802,13.044000,76.663600
3829,23.363539,2.737000,365.363537
3830,23.366345,2.806000,356.379187
3831,23.368817,2.472000,404.530744
3832,23.371381,2.564000,390.015601
3833,23.373842,2.461000,406.338887
3834,23.376557,2.715000,368.324125
3835,23.380399,3.842000,260.281104
3836,23.383782,3.383000,295.595625
3837,23.387924,4.142000,241.429261
3838,23.401378,13.454000,74.327338
3839,23.404699,3.321000,301.114122
3840,23.407835,3.136000,318.877551
3841,23.411556,3.721000,268.744961
3842,23.414788,3.232000,309.405941
3843,23.425398,10.610000,94.250707
3844,23.440034,14.636000,68.324679
3845,23.443063,3.029000,330.141961
3846,23.445699,2.636000,379.362671
3847,23.447591,1.892000,528.541226
3848,23.449911,2.320000,431.034483
3849,23.452113,2.202000,454.132607
3850,23.455271,3.158000,316.656111
3851,23.458801,3.530000,283.286119
3852,23.461688,2.887000,346.380326
3853,23.464873,3.185000,313.971743
3854,23.467157,2.284000,437.828371
3855,23.470300,3.143000,318.167356
3856,23.473340,3.040000,328.947368
3857,23.476543,3.203000,312.207306
3858,23.478821,2.278000,438.981563
3859,23.482148,3.327000,300.571085
3860,23.484480,2.332000,428.816467
3861,23.486964,2.484000,402.576490
3862,23.489582,2.618000,381.970970
3863,23.492528,2.946000,339.443313
3864,23.494876,2.348000,425.894378
3865,23.497590,2.714000,368.459838
3866,23.499951,2.361000,423.549343
3867,23.502740,2.789000,358.551452
3868,23.505029,2.289000,436.871997
3869,23.508519,3.490000,286.532951
3870,23.521452,12.933000,77.321580
3871,23.534292,12.840000,77.881620
3872,23.547292,13.000000,76.923077
3873,23.549955,2.663000,375.516335
3874,23.551949,1.994000,501.504514
3875,23.554166,2.217000,451.059991
3876,23.557192,3.026000,330.469266
3877,23.561187,3.995000,250.312891
3878,23.574867,13.680000,73.099415
3879,23.578336,3.469000,288.267512
3880,23.581548,3.212000,311.332503
3881,23.584903,3.355000,298.062593
3882,23.589016,4.113000,243.131534
3883,23.592455,3.439000,290.782204
3884,23.595667,3.212000,311.332503
3885,23.598728,3.061000,326.690624
3886,23.601525,2.797000,357.525921
3887,23.604676,3.151000,317.359568
3888,23.607724,3.048000,328.083990
3889,23.610928,3.204000,312.109863
3890,23.614463,3.535000,282.885431
3891,23.641835,27.372000,36.533684
3892,23.646438,4.603000,217.249620
3893,23.654387,7.949000,125.801988
3894,23.668253,13.866000,72.118852
3895,23.671760,3.507000,285.143998
3896,23.674504,2.744000,364.431487
3897,23.677718,3.214000,311.138768
3898,23.680346,2.628000,380.517504
3899,23.683005,2.659000,376.081234
3900,23.685900,2.895000,345.423143
3901,23.688889,2.989000,334.560054
3902,23.691243,2.354000,424.808836
3903,23.693580,2.337000,427.899016
3904,23.695880,2.300000,434.782609
3905,23.698172,2.292000,436.300175
3906,23.700678,2.506000,399.042298
3907,23.703121,2.443000,409.332788
3908,23.705825,2.704000,369.822485
3909,23.721107,15.282000,65.436461
3910,23.735328,14.221000,70.318543
3911,23.748165,12.837000,77.899821
3912,23.751293,3.128000,319.693095
3913,23.753966,2.673000,374.111485
3914,23.756446,2.480000,403.225806
3915,23.758829,2.383000,419.639110
3916,23.774823,15.994000,62.523446
3917,23.788835,14.012000,71.367399
3918,23.801808,12.973000,77.083173
3919,23.805515,3.707000,269.759914
3920,23.809308,3.793000,263.643554
3921,23.814374,5.066000,197.394394
3922,23.818161,3.787000,264.061262
3923,23.822278,4.117000,242.895312
3924,23.825798,3.520000,284.090909
3925,23.841516,15.718000,63.621326
3926,23.855502,13.986000,71.500072
3927,23.868492,12.990000,76.982294
3928,23.872205,3.713000,269.323997
3929,23.875902,3.697000,270.489586
3930,23.879361,3.459000,289.100896
3931,23.882758,3.397000,294.377392
3932,23.886603,3.845000,260.078023
3933,23.889929,3.326000,300.661455
3934,23.893133,3.204000,312.109863
3935,23.896454,3.321000,301.114122
3936,23.899697,3.243000,308.356460
3937,23.902846,3.149000,317.561131
3938,23.921407,18.561000,53.876408
3939,23.935759,14.352000,69.676700
3940,23.948280,12.521000,79.865825
3941,23.961609,13.329000,75.024383
3942,23.974861,13.252000,75.460308
3943,23.990216,15.355000,65.125366
3944,24.001519,11.303000,88.472087
3945,24.008100,6.581000,151.952591
3946,24.028749,20.649000,48.428495
3947,24.041466,12.717000,78.634898
3948,24.055339,13.873000,72.082462
3949,24.068204,12.865000,77.730276
3950,24.073284,5.080000,196.850394
3951,24.078117,4.833000,206.910821
3952,24.081572,3.455000,289.435601
3953,24.084199,2.627000,380.662352
3954,24.086793,2.594000,385.505012
3955,24.089104,2.311000,432.713111
3956,24.092643,3.539000,282.565697
3957,24.096274,3.631000,275.406224
3958,24.099311,3.037000,329.272308
3959,24.102640,3.329000,300.390508
3960,24.105687,3.047000,328.191664
3961,24.109581,3.894000,256.805342
3962,24.112734,3.153000,317.158262
3963,24.116071,3.337000,299.670363
3964,24.118955,2.884000,346.740638
3965,24.129432,10.477000,95.447170
3966,24.150822,21.390000,46.750818
3967,24.161420,10.598000,94.357426
3968,24.164163,2.743000,364.564346
3969,24.166780,2.617000,382.116928
3970,24.169784,3.004000,332.889481
3971,24.172835,3.051000,327.761390
3972,24.176292,3.457000,289.268152
3973,24.178545,2.253000,443.852641
3974,24.181164,2.619000,381.825124
3975,24.186745,5.581000,179.179359
3976,24.190618,3.873000,258.197779
3977,24.192958,2.340000,427.350427
3978,24.195857,2.899000,344.946533
3979,24.198184,2.327000,429.737860
3980,24.201424,3.240000,308.641975
3981,24.203702,2.278000,438.981563
3982,24.206835,3.133000,319.182892
3983,24.209537,2.702000,370.096225
3984,24.212167,2.630000,380.228137
3985,24.214850,2.683000,372.717108
3986,24.240813,25.963000,38.516350
3987,24.253737,12.924000,77.375426
3988,24.256372,2.635000,379.506641
3989,24.258425,2.053000,487.092060
3990,24.260681,2.256000,443.262411
3991,24.263434,2.753000,363.240102
3992,24.266952,3.518000,284.252416
3993,24.270097,3.145000,317.965024
3994,24.273057,2.960000,337.837838
3995,24.275986,2.929000,341.413452
3996,24.278846,2.860000,349.650350
3997,24.282878,4.032000,248.015873
3998,24.285808,2.930000,341.296928
3999,24.288908,3.100000,322.580645
4000,24.291812,2.904000,344.352617
4001,24.295985,4.173000,239.635754
4002,24.298808,2.823000,354.233085
4003,24.301704,2.896000,345.303867
4004,24.304566,2.862000,349.406010
4005,24.308954,4.388000,227.894257
4006,24.312232,3.278000,305.064063
4007,24.334714,22.482000,44.480028
4008,24.340517,5.803000,172.324660
4009,24.348506,7.989000,125.172112
4010,24.351673,3.167000,315.756236
4011,24.354249,2.576000,388.198758
4012,24.357566,3.317000,301.477238
4013,24.360480,2.914000,343.170899
4014,24.364487,4.007000,249.563264
4015,24.367075,2.588000,386.398764
4016,24.371068,3.993000,250.438267
4017,24.373979,2.911000,343.524562
4018,24.378427,4.448000,224.820144
4019,24.381354,2.927000,341.646737
4020,24.385534,4.180000,239.234450
4021,24.388481,2.947000,339.328130
4022,24.391872,3.391000,294.898260
4023,24.394694,2.822000,354.358611
4024,24.397775,3.081000,324.569945
4025,24.400577,2.802000,356.887937
4026,24.404642,4.065000,246.002460
4027,24.407854,3.212000,311.332503
4028,24.411068,3.214000,311.138768
4029,24.414498,3.430000,291.545190
4030,24.442198,27.700000,36.101083
4031,24.447207,5.009000,199.640647
4032,24.456118,8.911000,112.220851
4033,24.460449,4.331000,230.893558
4034,24.464620,4.171000,239.750659
4035,24.468809,4.189000,238.720458
4036,24.482817,14.008000,71.387778
4037,24.487567,4.750000,210.526316
4038,24.492002,4.435000,225.479143
4039,24.497352,5.350000,186.915888
4040,24.501920,4.568000,218.914186
4041,24.505245,3.325000,300.751880
4042,24.509001,3.756000,266.240682
4043,24.512359,3.358000,297.796307
4044,24.516634,4.275000,233.918129
4045,24.519364,2.730000,366.300366
4046,24.522169,2.805000,356.506239
4047,24.539395,17.226000,58.051782
4048,24.547630,8.235000,121.432908
4049,24.551637,4.007000,249.563264
4050,24.554360,2.723000,367.242012
4051,24.556987,2.627000,380.662352
4052,24.575646,18.659000,53.593440
4053,24.579192,3.546000,282.007896
4054,24.585271,6.079000,164.500740
4055,24.589990,4.719000,211.909303
4056,24.593318,3.328000,300.480769
4057,24.596390,3.072000,325.520833
4058,24.599141,2.751000,363.504180
4059,24.602670,3.529000,283.366393
4060,24.605742,3.072000,325.520833
4061,24.609150,3.408000,293.427230
4062,24.611945,2.795000,357.781753
4063,24.621042,9.097000,109.926349
4064,24.629282,8.240000,121.359223
4065,24.642520,13.238000,75.540112
4066,24.646368,3.848000,259.875260
4067,24.649271,2.903000,344.471237
4068,24.651817,2.546000,392.772977
4069,24.655444,3.627000,275.709953
4070,24.659046,3.602000,277.623542
4071,24.661827,2.781000,359.582884
4072,24.664474,2.647000,377.786173
4073,24.667123,2.649000,377.500944
4074,24.670286,3.163000,316.155549
4075,24.672937,2.651000,377.216145
4076,24.676303,3.366000,297.088532
4077,24.679034,2.731000,366.166239
4078,24.683316,4.282000,233.535731
4079,24.686701,3.385000,295.420975
4080,24.689213,2.512000,398.089172
4081,24.695109,5.896000,169.606513
4082,24.721756,26.647000,37.527677
4083,24.734762,13.006000,76.887590
4084,24.750421,15.659000,63.861038
4085,24.762180,11.759000,85.041245
4086,24.766342,4.162000,240.269101
4087,24.769779,3.437000,290.951411
4088,24.772409,2.630000,380.228137
4089,24.775929,3.520000,284.090909
4090,24.779501,3.572000,279.955207
4091,24.782682,3.181000,314.366551
4092,24.785295,2.613000,382.701875
4093,24.787956,2.661000,375.798572
4094,24.790578,2.622000,381.388253
4095,24.793510,2.932000,341.064120
4096,24.796805,3.295000,303.490137
4097,24.799887,3.082000,324.464633
4098,24.803433,3.546000,282.007896
4099,24.814762,11.329000,88.269044
4100,24.818821,4.059000,246.366100
4101,24.822556,3.735000,267.737617
4102,24.825575,3.019000,331.235508
4103,24.828043,2.468000,405.186386
4104,24.838124,10.081000,99.196508
4105,24.855531,17.407000,57.448153
4106,24.868849,13.318000,75.086349
4107,24.872626,3.777000,264.760392
4108,24.875553,2.927000,341.646737
4109,24.878273,2.720000,367.647059
4110,24.880793,2.520000,396.825397
4111,24.883807,3.014000,331.785003
4112,24.886286,2.479000,403.388463
4113,24.889086,2.800000,357.142857
4114,24.891533,2.447000,408.663670
4115,24.894584,3.051000,327.761390
4116,24.908376,13.792000,72.505800
4117,24.912201,3.825000,261.437908
4118,24.914720,2.519000,396.982930
4119,24.918012,3.292000,303.766707
4120,24.920709,2.697000,370.782351
4121,24.930458,9.749000,102.574623
4122,24.935537,5.079000,196.889151
4123,24.948784,13.247000,75.488790
4124,24.952554,3.770000,265.251989
4125,24.955187,2.633000,379.794911
4126,24.958237,3.050000,327.868852
4127,24.960724,2.487000,402.090873
4128,24.963788,3.064000,326.370757
4129,24.966482,2.694000,371.195249
4130,24.968772,2.290000,436.681223
4131,24.971416,2.644000,378.214826
4132,24.974300,2.884000,346.740638
4133,24.977627,3.327000,300.571085
4134,24.980778,3.151000,317.359568
4135,24.984244,3.466000,288.517023
4136,24.988226,3.982000,251.130085
4137,24.991142,2.916000,342.935528
4138,24.994263,3.121000,320.410125
4139,24.997732,3.469000,288.267512
4140,25.001439,3.707000,269.759914
4141,25.014607,13.168000,75.941677
4142,25.030991,16.384000,61.035156
4143,25.040849,9.858000,101.440454
4144,25.044111,3.262000,306.560392
4145,25.046330,2.219000,450.653447
4146,25.048510,2.180000,458.715596
4147,25.052730,4.220000,236.966825
4148,25.056479,3.749000,266.737797
4149,25.059762,3.283000,304.599452
4150,25.062594,2.832000,353.107345
4151,25.065685,3.091000,323.519896
4152,25.068303,2.618000,381.970970
4153,25.071637,3.334000,299.940012
4154,25.074200,2.563000,390.167772
4155,25.076873,2.673000,374.111485
4156,25.080039,3.166000,315.855970
4157,25.083448,3.409000,293.341156
4158,25.086086,2.638000,379.075057
4159,25.088816,2.730000,366.300366
4160,25.091387,2.571000,388.953715
4161,25.094539,3.152000,317.258883
4162,25.097100,2.561000,390.472472
4163,25.099793,2.693000,371.333086
4164,25.102353,2.560000,390.625000
4165,25.105098,2.745000,364.298725
4166,25.107652,2.554000,391.542678
4167,25.111170,3.518000,284.252416
4168,25.113862,2.692000,371.471025
4169,25.117195,3.333000,300.030003
4170,25.119856,2.661000,375.798572
4171,25.134793,14.937000,66.947848
4172,25.138609,3.816000,262.054507
4173,25.148581,9.972000,100.280786
4174,25.151828,3.247000,307.976594
4175,25.155664,3.836000,260.688217
4176,25.159292,3.628000,275.633958
4177,25.163191,3.899000,256.476019
4178,25.176003,12.812000,78.051826
4179,25.181190,5.187000,192.789666
4180,25.184144,2.954000,338.524035
4181,25.188189,4.045000,247.218789
4182,25.191332,3.143000,318.167356
4183,25.193688,2.356000,424.448217
4184,25.196654,2.966000,337.154417
4185,25.201898,5.244000,190.694127
4186,25.205094,3.196000,312.891114
4187,25.209248,4.154000,240.731825
4188,25.212439,3.191000,313.381385
4189,25.216947,4.508000,221.827862
4190,25.220291,3.344000,299.043062
4191,25.222808,2.517000,397.298371
4192,25.225844,3.036000,329.380764
4193,25.255398,29.554000,33.836367
4194,25.262819,7.421000,134.752729
4195,25.268168,5.349000,186.950832
4196,25.271891,3.723000,268.600591
4197,25.275547,3.656000,273.522976
4198,25.278099,2.552000,391.849530
4199,25.280878,2.779000,359.841670
4200,25.284351,3.473000,287.935502
4201,25.287243,2.892000,345.781466
4202,25.289965,2.722000,367.376929
4203,25.292638,2.673000,374.111485
4204,25.296217,3.579000,279.407656
4205,25.298914,2.697000,370.782351
4206,25.301246,2.332000,428.816467
4207,25.303934,2.688000,372.023810
4208,25.306228,2.294000,435.919791
4209,25.308710,2.482000,402.900886
4210,25.311024,2.314000,432.152118
4211,25.314529,3.505000,285.306705
4212,25.317355,2.826000,353.857042
4213,25.319996,2.641000,378.644453
4214,25.322947,2.951000,338.868180
4215,25.325513,2.566000,389.711613
4216,25.362288,36.775000,27.192386
4217,25.369896,7.608000,131.440589
4218,25.375511,5.615000,178.094390
4219,25.379300,3.789000,263.921879
4220,25.383088,3.788000,263.991552
4221,25.386627,3.539000,282.565697
4222,25.391161,4.534000,220.555801
4223,25.393864,2.703000,369.959304
4224,25.396446,2.582000,387.296669
4225,25.398646,2.200000,454.545455
4226,25.401291,2.645000,378.071834
4227,25.404165,2.874000,347.947112
4228,25.406651,2.486000,402.252615
4229,25.408878,2.227000,449.034576
4230,25.411026,2.148000,465.549348
4231,25.415870,4.844000,206.440958
4232,25.420225,4.355000,229.621125
4233,25.423304,3.079000,324.780773
4234,25.457436,34.132000,29.298019
4235,25.468543,11.107000,90.033312
4236,25.483309,14.766000,67.723148
4237,25.496056,12.747000,78.449831
4238,25.500056,4.000000,250.000000
4239,25.509590,9.534000,104.887770
4240,25.513415,3.825000,261.437908
4241,25.516162,2.747000,364.033491
4242,25.519730,3.568000,280.269058
4243,25.522412,2.682000,372.856078
4244,25.532365,9.953000,100.472219
4245,25.550269,17.904000,55.853441
4246,25.561985,11.716000,85.353363
4247,25.566264,4.279000,233.699462
4248,25.569148,2.884000,346.740638
4249,25.572975,3.827000,261.301280
4250,25.576104,3.129000,319.590924
4251,25.578982,2.878000,347.463516
4252,25.581732,2.750000,363.636364
4253,25.585243,3.511000,284.819140
4254,25.589971,4.728000,211.505922
4255,25.593523,3.552000,281.531532
4256,25.596871,3.348000,298.685783
4257,25.600057,3.186000,313.873195
4258,25.603235,3.178000,314.663310
4259,25.606214,2.979000,335.683115
4260,25.608785,2.571000,388.953715
4261,25.611841,3.056000,327.225131
4262,25.616508,4.667000,214.270409
4263,25.619956,3.448000,290.023202
4264,25.623442,3.486000,286.861733
4265,25.626489,3.047000,328.191664
4266,25.656182,29.693000,33.677971
4267,25.661817,5.635000,177.462289
4268,25.668941,7.124000,140.370578
4269,25.673279,4.338000,230.520977
4270,25.676740,3.461000,288.933834
4271,25.679892,3.152000,317.258883
4272,25.685240,5.348000,186.985789
4273,25.688850,3.610000,277.008310
4274,25.691324,2.474000,404.203719
4275,25.694937,3.613000,276.778301
4276,25.698535,3.598000,277.932185
4277,25.701991,3.456000,289.351852
4278,25.704829,2.838000,352.360817
4279,25.707488,2.659000,376.081234
4280,25.715618,8.130000,123.001230
4281,25.737079,21.461000,46.596151
4282,25.749806,12.727000,78.573112
4283,25.754209,4.403000,227.117874
4284,25.758338,4.129000,242.189392
4285,25.761221,2.883000,346.860909
4286,25.765091,3.870000,258.397933
4287,25.768964,3.873000,258.197779
4288,25.775962,6.998000,142.897971
4289,25.780354,4.392000,227.686703
4290,25.784566,4.212000,237.416904
4291,25.788581,4.015000,249.066002
4292,25.791948,3.367000,297.000297
4293,25.795713,3.765000,265.604250
4294,25.800663,4.950000,202.020202
4295,25.806081,5.418000,184.569952
4296,25.810271,4.190000,238.663484
4297,25.815302,5.031000,198.767641
4298,25.842888,27.586000,36.250272
4299,25.855106,12.218000,81.846456
4300,25.859858,4.752000,210.437710
4301,25.862588,2.730000,366.300366
4302,25.866462,3.874000,258.131131
4303,25.870379,3.917000,255.297421
4304,25.874544,4.165000,240.096038
4305,25.883111,8.567000,116.726976
4306,25.887967,4.856000,205.930807
4307,25.891517,3.550000,281.690141
4308,25.895473,3.956000,252.780586
4309,25.900662,5.189000,192.715359
4310,25.904734,4.072000,245.579568
4311,25.907434,2.700000,370.370370
4312,25.911110,3.676000,272.034820
4313,25.914596,3.486000,286.861733
4314,25.918435,3.839000,260.484501
4315,25.921367,2.932000,341.064120
4316,25.925863,4.496000,222.419929
4317,25.950172,24.309000,41.137027
4318,25.962528,12.356000,80.932341
4319,25.966872,4.344000,230.202578
4320,25.970062,3.190000,313.479624
4321,25.975163,5.101000,196.039992
4322,25.980256,5.093000,196.347929
4323,25.983467,3.211000,311.429461
4324,25.988682,5.215000,191.754554
4325,25.993885,5.203000,192.196810
4326,25.997464,3.579000,279.407656
4327,26.001909,4.445000,224.971879
4328,26.007209,5.300000,188.679245
4329,26.011213,4.004000,249.750250
4330,26.017007,5.794000,172.592337
4331,26.021100,4.093000,244.319570
4332,26.023881,2.781000,359.582884
4333,26.026405,2.524000,396.196513
4334,26.028867,2.462000,406.173842
4335,26.055522,26.655000,37.516413
4336,26.064075,8.553000,116.918040
4337,26.069649,5.574000,179.404377
4338,26.082989,13.340000,74.962519
4339,26.087177,4.188000,238.777459
4340,26.090562,3.385000,295.420975
4341,26.094411,3.849000,259.807742
4342,26.098553,4.142000,241.429261
4343,26.101515,2.962000,337.609723
4344,26.104521,3.006000,332.667997
4345,26.108031,3.510000,284.900285
4346,26.111055,3.024000,330.687831
4347,26.120759,9.704000,103.050289
4348,26.128271,7.512000,133.120341
4349,26.135539,7.268000,137.589433
4350,26.140088,4.549000,219.828534
4351,26.143688,3.600000,277.777778
4352,26.146293,2.605000,383.877159
4353,26.149941,3.648000,274.122807
4354,26.153127,3.186000,313.873195
4355,26.156268,3.141000,318.369946
4356,26.159283,3.015000,331.674959
4357,26.162579,3.296000,303.398058
4358,26.165590,3.011000,332.115576
4359,26.168801,3.211000,311.429461
4360,26.172840,4.039000,247.586036
4361,26.176177,3.337000,299.670363
4362,26.179256,3.079000,324.780773
4363,26.182479,3.223000,310.269935
4364,26.185533,3.054000,327.439424
4365,26.190748,5.215000,191.754554
4366,26.194292,3.544000,282.167043
4367,26.196880,2.588000,386.398764
4368,26.201486,4.606000,217.108120
4369,26.204882,3.396000,294.464075
4370,26.207495,2.613000,382.701875
4371,26.210138,2.643000,378.357927
4372,26.212433,2.295000,435.729847
4373,26.216209,3.776000,264.830508
4374,26.220501,4.292000,232.991612
4375,26.223535,3.034000,329.597891
4376,26.227540,4.005000,249.687890
4377,26.230479,2.939000,340.251786
4378,26.238984,8.505000,117.577895
4379,26.248028,9.044000,110.570544
4380,26.255501,7.473000,133.815068
4381,26.259708,4.207000,237.699073
4382,26.262645,2.937000,340.483487
4383,26.265911,3.266000,306.184936
4384,26.269362,3.451000,289.771081
4385,26.272717,3.355000,298.062593
4386,26.275637,2.920000,342.465753
4387,26.279251,3.614000,276.701716
4388,26.282652,3.401000,294.031167
4389,26.285943,3.291000,303.859009
4390,26.288874,2.931000,341.180484
4391,26.291792,2.918000,342.700480
4392,26.294673,2.881000,347.101701
4393,26.297547,2.874000,347.947112
4394,26.300564,3.017000,331.455088
4395,26.303370,2.806000,356.379187
4396,26.306148,2.778000,359.971202
4397,26.309175,3.027000,330.360093
4398,26.311836,2.661000,375.798572
4399,26.315280,3.444000,290.360046
4400,26.318166,2.886000,346.500347
4401,26.334391,16.225000,61.633282
4402,26.347385,12.994000,76.958596
4403,26.350421,3.036000,329.380764
4404,26.352855,2.434000,410.846343
4405,26.355235,2.380000,420.168067
4406,26.357532,2.297000,435.350457
4407,26.361549,4.017000,248.941997
4408,26.374856,13.307000,75.148418
4409,26.378354,3.498000,285.877644
4410,26.381113,2.759000,362.450163
4411,26.384413,3.300000,303.030303
4412,26.388857,4.444000,225.022502
4413,26.391931,3.074000,325.309044
4414,26.395219,3.288000,304.136253
4415,26.397958,2.739000,365.096751
4416,26.401406,3.448000,290.023202
4417,26.414962,13.556000,73.768073
4418,26.431572,16.610000,60.204696
4419,26.441087,9.515000,105.097215
4420,26.444758,3.671000,272.405339
4421,26.448313,3.555000,281.293952
4422,26.452291,3.978000,251.382604
4423,26.456266,3.975000,251.572327
4424,26.459055,2.789000,358.551452
4425,26.462634,3.579000,279.407656
4426,26.465639,3.005000,332.778702
4427,26.469238,3.599000,277.854960
4428,26.471945,2.707000,369.412634
4429,26.475059,3.114000,321.130379
4430,26.477554,2.495000,400.801603
4431,26.480232,2.678000,373.412995
4432,26.482814,2.582000,387.296669
4433,26.486130,3.316000,301.568154
4434,26.488917,2.787000,358.808755
4435,26.493054,4.137000,241.721054
4436,26.497555,4.501000,222.172850
4437,26.501324,3.769000,265.322367
4438,26.506288,4.964000,201.450443
4439,26.510473,4.185000,238.948626
4440,26.513420,2.947000,339.328130
4441,26.522744,9.324000,107.250107
4442,26.538988,16.244000,61.561192
4443,26.548078,9.090000,110.011001
4444,26.551289,3.211000,311.429461
4445,26.553495,2.206000,453.309157
4446,26.555780,2.285000,437.636761
4447,26.557893,2.113000,473.260767
4448,26.559981,2.088000,478.927203
4449,26.562358,2.377000,420.698359
4450,26.564635,2.277000,439.174352
4451,26.566880,2.245000,445.434298
4452,26.569022,2.142000,466.853408
4453,26.571562,2.540000,393.700787
4454,26.574294,2.732000,366.032211
4455,26.576772,2.478000,403.551251
4456,26.579221,2.449000,408.329931
4457,26.582979,3.758000,266.098989
4458,26.587135,4.156000,240.615977
4459,26.591570,4.435000,225.479143
4460,26.594127,2.557000,391.083301
4461,26.597634,3.507000,285.143998
4462,26.601223,3.589000,278.629145
4463,26.604582,3.359000,297.707651
4464,26.607318,2.736000,365.497076
4465,26.610714,3.396000,294.464075
4466,26.613297,2.583000,387.146729
4467,26.616699,3.402000,293.944738
4468,26.619217,2.518000,397.140588
4469,26.622796,3.579000,279.407656
4470,26.625125,2.329000,429.368828
4471,26.641995,16.870000,59.276823
4472,26.655184,13.189000,75.820760
4473,26.658071,2.887000,346.380326
4474,26.659864,1.793000,557.724484
4475,26.662350,2.486000,402.252615
4476,26.665261,2.911000,343.524562
4477,26.667634,2.373000,421.407501
4478,26.670172,2.538000,394.011032
4479,26.672799,2.627000,380.662352
4480,26.676493,3.694000,270.709258
4481,26.678849,2.356000,424.448217
4482,26.681346,2.497000,400.480577
4483,26.687150,5.804000,172.294969
4484,26.690008,2.858000,349.895031
4485,26.692277,2.269000,440.722785
4486,26.694694,2.417000,413.736036
4487,26.697003,2.309000,433.087917
4488,26.699176,2.173000,460.193281
4489,26.701453,2.277000,439.174352
4490,26.703584,2.131000,469.263257
4491,26.706472,2.888000,346.260388
4492,26.708671,2.199000,454.752160
4493,26.735423,26.752000,37.380383
4494,26.748133,12.710000,78.678206
4495,26.750942,2.809000,355.998576
4496,26.752915,1.973000,506.842372
4497,26.755290,2.375000,421.052632
4498,26.757654,2.364000,423.011844
4499,26.759501,1.847000,541.418517
4500,26.762000,2.499000,400.160064
4501,26.764039,2.039000,490.436488
4502,26.766376,2.337000,427.899016
4503,26.768328,1.952000,512.295082
4504,26.770416,2.088000,478.927203
4505,26.772886,2.470000,404.858300
4506,26.776420,3.534000,282.965478
4507,26.780039,3.619000,276.319425
4508,26.783279,3.240000,308.641975
4509,26.786022,2.743000,364.564346
4510,26.789968,3.946000,253.421186
4511,26.792522,2.554000,391.542678
4512,26.794735,2.213000,451.875282
4513,26.797810,3.075000,325.203252
4514,26.802659,4.849000,206.228088
4515,26.806039,3.380000,295.857988
4516,26.808780,2.741000,364.830354
4517,26.842572,33.792000,29.592803
4518,26.854825,12.253000,81.612666
4519,26.868951,14.126000,70.791448
4520,26.881613,12.662000,78.976465
4521,26.894958,13.345000,74.934432
4522,26.908828,13.870000,72.098053
4523,26.921237,12.409000,80.586671
4524,26.935400,14.163000,70.606510
4525,26.947905,12.505000,79.968013
4526,26.961459,13.554000,73.778958
4527,26.975586,14.127000,70.786437
4528,26.988833,13.247000,75.488790
4529,27.002384,13.551000,73.795292
4530,27.015058,12.674000,78.901688
4531,27.028739,13.681000,73.094072
4532,27.042008,13.269000,75.363630
4533,27.055558,13.550000,73.800738
4534,27.068247,12.689000,78.808417
4535,27.081468,13.221000,75.637244
4536,27.094941,13.473000,74.222519
4537,27.108307,13.366000,74.816699
4538,27.121594,13.287000,75.261534
4539,27.135111,13.517000,73.980913
4540,27.150265,15.154000,65.989178
4541,27.162122,11.857000,84.338366
4542,27.174697,12.575000,79.522863
4543,27.189249,14.552000,68.719076
4544,27.201798,12.549000,79.687625
4545,27.214968,13.170000,75.930144
4546,27.227897,12.929000,77.345502
4547,27.242577,14.680000,68.119891
4548,27.256438,13.861000,72.144867
4549,27.268098,11.660000,85.763293
4550,27.281646,13.548000,73.811633
4551,27.295679,14.033000,71.260600
4552,27.309447,13.768000,72.632191
4553,27.322750,13.303000,75.171014
4554,27.335644,12.894000,77.555452
4555,27.348982,13.338000,74.973759
4556,27.362665,13.683000,73.083388
4557,27.375721,13.056000,76.593137
4558,27.388683,12.962000,77.148588
4559,27.402582,13.899000,71.947622
4560,27.415731,13.149000,76.051411
4561,27.428824,13.093000,76.376690
4562,27.443181,14.357000,69.652434
4563,27.455445,12.264000,81.539465
4564,27.468743,13.298000,75.199278
4565,27.483215,14.472000,69.098950
4566,27.496681,13.466000,74.261102
4567,27.508909,12.228000,81.779522
4568,27.521569,12.660000,78.988942
4569,27.535948,14.379000,69.545865
4570,27.549800,13.852000,72.191741
4571,27.562590,12.790000,78.186083
4572,27.575217,12.627000,79.195375
4573,27.588007,12.790000,78.186083
4574,27.602677,14.670000,68.166326
4575,27.616263,13.586000,73.605182
4576,27.628518,12.255000,81.599347
4577,27.641718,13.200000,75.757576
4578,27.655336,13.618000,73.432222
4579,27.661375,6.039000,165.590330
4580,27.666362,4.987000,200.521356
4581,27.669040,2.678000,373.412995
4582,27.671537,2.497000,400.480577
4583,27.674264,2.727000,366.703337
4584,27.677130,2.866000,348.918353
4585,27.679879,2.749000,363.768643
4586,27.682130,2.251000,444.247001
4587,27.684406,2.276000,439.367311
4588,27.686230,1.824000,548.245614
4589,27.688779,2.549000,392.310710
4590,27.691174,2.395000,417.536534
4591,27.693161,1.987000,503.271263
4592,27.695427,2.266000,441.306267
4593,27.697636,2.209000,452.693526
4594,27.699993,2.357000,424.268137
4595,27.702617,2.624000,381.097561
4596,27.708235,5.618000,177.999288
4597,27.711099,2.864000,349.162011
4598,27.714214,3.115000,321.027287
4599,27.717089,2.875000,347.826087
4600,27.721122,4.033000,247.954376
4601,27.735184,14.062000,71.113640
4602,27.747480,12.296000,81.327261
4603,27.756299,8.819000,113.391541
4604,27.761121,4.822000,207.382829
4605,27.764260,3.139000,318.572794
4606,27.766815,2.555000,391.389432
4607,27.770347,3.532000,283.125708
4608,27.772880,2.533000,394.788788
4609,27.776283,3.403000,293.858360
4610,27.778876,2.593000,385.653683
4611,27.782196,3.320000,301.204819
4612,27.784775,2.579000,387.747189
4613,27.788727,3.952000,253.036437
4614,27.791428,2.701000,370.233247
4615,27.794583,3.155000,316.957211
4616,27.797137,2.554000,391.542678
4617,27.800561,3.424000,292.056075
4618,27.815549,14.988000,66.720043
4619,27.819377,3.828000,261.233020
4620,27.821959,2.582000,387.296669
4621,27.825677,3.718000,268.961807
4622,27.828424,2.747000,364.033491
4623,27.845400,16.976000,58.906692
4624,27.854523,9.123000,109.613066
4625,27.857352,2.829000,353.481796
4626,27.859742,2.390000,418.410042
4627,27.863225,3.483000,287.108814
4628,27.867907,4.682000,213.583938
4629,27.882309,14.402000,69.434801
4630,27.886117,3.808000,262.605042
4631,27.890121,4.004000,249.750250
4632,27.894134,4.013000,249.190132
4633,27.897734,3.600000,277.777778
4634,27.900711,2.977000,335.908633
4635,27.903517,2.806000,356.379187
4636,27.907165,3.648000,274.122807
4637,27.909651,2.486000,402.252615
4638,27.912905,3.254000,307.314075
4639,27.916693,3.788000,263.991552
4640,27.935962,19.269000,51.896829
4641,27.949040,13.078000,76.464291
4642,27.952159,3.119000,320.615582
4643,27.954397,2.238000,446.827525
4644,27.956605,2.208000,452.898551
4645,27.959054,2.449000,408.329931
4646,27.962373,3.319000,301.295571
4647,27.964871,2.498000,400.320256
4648,27.968418,3.547000,281.928390
4649,27.970937,2.519000,396.982930
4650,27.974176,3.239000,308.737265
4651,27.976832,2.656000,376.506024
4652,27.980159,3.327000,300.571085
4653,27.982640,2.481000,403.063281
4654,27.985849,3.209000,311.623559
4655,27.988612,2.763000,361.925443
4656,27.992373,3.761000,265.886732
4657,27.995459,3.086000,324.044070
4658,27.999725,4.266000,234.411627
4659,28.003300,3.575000,279.720280
4660,28.007972,4.672000,214.041096
4661,28.011824,3.852000,259.605400
4662,28.014617,2.793000,358.037952
4663,28.018744,4.127000,242.306760
4664,28.021639,2.895000,345.423143
4665,28.024913,3.274000,305.436775
4666,28.030852,5.939000,168.378515
4667,28.043180,12.328000,81.116158
4668,28.055934,12.754000,78.406774
4669,28.060493,4.559000,219.346348
4670,28.063791,3.298000,303.214069
4671,28.066505,2.714000,368.459838
4672,28.071032,4.527000,220.896841
4673,28.075152,4.120000,242.718447
4674,28.078326,3.174000,315.059861
4675,28.081366,3.040000,328.947368
4676,28.084869,3.503000,285.469597
4677,28.087763,2.894000,345.542502
4678,28.090425,2.662000,375.657400
4679,28.093083,2.658000,376.222724
4680,28.096499,3.416000,292.740047
4681,28.099408,2.909000,343.760743
4682,28.102162,2.754000,363.108206
4683,28.104868,2.706000,369.549150
4684,28.108265,3.397000,294.377392
4685,28.111318,3.053000,327.546675
4686,28.113876,2.558000,390.930414
4687,28.118700,4.824000,207.296849
4688,28.122588,3.888000,257.201646
4689,28.128242,5.654000,176.865936
4690,28.150146,21.904000,45.653762
4691,28.162550,12.404000,80.619155
4692,28.168535,5.985000,167.084378
4693,28.171478,2.943000,339.789331
4694,28.174687,3.209000,311.623559
4695,28.177480,2.793000,358.037952
4696,28.181569,4.089000,244.558572
4697,28.184484,2.915000,343.053173
4698,28.189337,4.853000,206.058108
4699,28.192320,2.983000,335.232987
4700,28.195694,3.374000,296.384114
4701,28.198424,2.730000,366.300366
4702,28.203236,4.812000,207.813799
4703,28.206368,3.132000,319.284802
4704,28.209798,3.430000,291.545190
4705,28.212399,2.601000,384.467512
4706,28.216106,3.707000,269.759914
4707,28.218594,2.488000,401.929260
4708,28.221975,3.381000,295.770482
4709,28.224865,2.890000,346.020761
4710,28.255330,30.465000,32.824553
4711,28.262636,7.306000,136.873802
4712,28.269032,6.396000,156.347717
4713,28.273277,4.245000,235.571260
4714,28.276291,3.014000,331.785003
4715,28.279408,3.117000,320.821303
4716,28.283499,4.091000,244.439012
4717,28.286369,2.870000,348.432056
4718,28.288607,2.238000,446.827525
4719,28.291090,2.483000,402.738623
4720,28.293716,2.626000,380.807312
4721,28.296375,2.659000,376.081234
4722,28.298997,2.622000,381.388253
4723,28.302807,3.810000,262.467192
4724,28.306476,3.669000,272.553829
4725,28.310606,4.130000,242.130751
4726,28.313303,2.697000,370.782351
4727,28.316609,3.306000,302.480339
4728,28.319399,2.790000,358.422939
4729,28.349160,29.761000,33.601021
4730,28.361240,12.080000,82.781457
4731,28.365028,3.788000,263.991552
4732,28.367369,2.341000,427.167877
4733,28.371417,4.048000,247.035573
4734,28.374370,2.953000,338.638673
4735,28.377605,3.235000,309.119011
4736,28.380560,2.955000,338.409475
4737,28.383713,3.153000,317.158262
4738,28.387597,3.884000,257.466529
4739,28.390936,3.339000,299.490866
4740,28.393869,2.933000,340.947835
4741,28.396425,2.556000,391.236307
4742,28.399195,2.770000,361.010830
4743,28.402957,3.762000,265.816055
4744,28.406459,3.502000,285.551114
4745,28.409308,2.849000,351.000351
4746,28.412107,2.799000,357.270454
4747,28.416467,4.360000,229.357798
4748,28.419805,3.338000,299.580587
4749,28.423271,3.466000,288.517023
4750,28.425932,2.661000,375.798572
4751,28.455631,29.699000,33.671167
4752,28.462826,7.195000,138.985407
4753,28.467951,5.125000,195.121951
4754,28.471886,3.935000,254.129606
4755,28.475645,3.759000,266.028199
4756,28.478715,3.070000,325.732899
4757,28.482119,3.404000,293.772033
4758,28.485722,3.603000,277.546489
4759,28.488338,2.616000,382.262997
4760,28.492552,4.214000,237.304224
4761,28.499287,6.735000,148.478099
4762,28.504179,4.892000,204.415372
4763,28.508031,3.852000,259.605400
4764,28.512542,4.511000,221.680337
4765,28.516834,4.292000,232.991612
4766,28.524203,7.369000,135.703623
4767,28.534894,10.691000,93.536620
4768,28.562430,27.536000,36.316095
4769,28.588236,25.806000,38.750678
4770,28.593137,4.901000,204.039992
4771,28.597384,4.247000,235.460325
4772,28.602216,4.832000,206.953642
4773,28.614785,12.569000,79.560824
4774,28.620921,6.136000,162.972621
4775,28.624698,3.777000,264.760392
4776,28.642998,18.300000,54.644809
4777,28.651452,8.454000,118.287201
4778,28.667288,15.836000,63.147259
4779,28.673659,6.371000,156.961231
4780,28.678880,5.221000,191.534189
4781,28.684246,5.366000,186.358554
4782,28.689635,5.389000,185.563184
4783,28.694155,4.520000,221.238938
4784,28.696967,2.812000,355.618777
4785,28.699313,2.346000,426.257460
4786,28.701779,2.466000,405.515004
4787,28.705308,3.529000,283.366393
4788,28.721647,16.339000,61.203256
4789,28.724462,2.815000,355.239787
4790,28.733656,9.194000,108.766587
4791,28.736442,2.786000,358.937545
4792,28.738485,2.043000,489.476260
4793,28.741172,2.687000,372.162263
4794,28.743730,2.558000,390.930414
4795,28.746017,2.287000,437.254045
4796,28.748255,2.238000,446.827525
4797,28.752285,4.030000,248.138958
4798,28.757773,5.488000,182.215743
4799,28.760117,2.344000,426.621160
4800,28.764479,4.362000,229.252636
4801,28.775021,10.542000,94.858661
4802,28.779797,4.776000,209.380235
4803,28.783939,4.142000,241.429261
4804,28.786532,2.593000,385.653683
4805,28.790360,3.828000,261.233020
4806,28.793177,2.817000,354.987575
4807,28.796279,3.102000,322.372663
4808,28.798609,2.330000,429.184549
4809,28.800577,1.968000,508.130081
4810,28.802799,2.222000,450.045005
4811,28.805747,2.948000,339.213026
4812,28.808684,2.937000,340.483487
4813,28.811657,2.973000,336.360579
4814,28.814195,2.538000,394.011032
4815,28.827889,13.694000,73.024682
4816,28.832362,4.473000,223.563604
4817,28.842022,9.660000,103.519669
4818,28.845583,3.561000,280.819994
4819,28.847867,2.284000,437.828371
4820,28.849803,1.936000,516.528926
4821,28.852192,2.389000,418.585182
4822,28.855542,3.350000,298.507463
4823,28.857732,2.190000,456.621005
4824,28.861532,3.800000,263.157895
4825,28.865745,4.213000,237.360551
4826,28.868062,2.317000,431.592577
4827,28.872517,4.455000,224.466891
4828,28.876704,4.187000,238.834488
4829,28.880713,4.009000,249.438763
4830,28.884940,4.227000,236.574403
4831,28.887294,2.354000,424.808836
4832,28.890311,3.017000,331.455088
4833,28.892513,2.202000,454.132607
4834,28.897049,4.536000,220.458554
4835,28.900024,2.975000,336.134454
4836,28.902160,2.136000,468.164794
4837,28.904190,2.030000,492.610837
4838,28.907080,2.890000,346.020761
4839,28.910191,3.111000,321.440051
4840,28.913192,3.001000,333.222259
4841,28.916390,3.198000,312.695435
4842,28.919242,2.852000,350.631136
4843,28.925728,6.486000,154.178230
4844,28.951133,25.405000,39.362330
4845,28.961968,10.835000,92.293493
4846,28.965731,3.763000,265.745416
4847,28.968599,2.868000,348.675035
4848,28.971598,2.999000,333.444481
4849,28.975046,3.448000,290.023202
4850,28.978841,3.795000,263.504611
4851,28.981621,2.780000,359.712230
4852,28.984671,3.050000,327.868852
4853,28.987965,3.294000,303.582271
4854,28.992005,4.040000,247.524752
4855,28.994982,2.977000,335.908633
4856,28.998473,3.491000,286.450874
4857,29.001487,3.014000,331.785003
4858,29.004752,3.265000,306.278714
4859,29.007931,3.179000,314.564328
4860,29.010935,3.004000,332.889481
4861,29.014353,3.418000,292.568754
4862,29.028289,13.936000,71.756602
4863,29.044610,16.321000,61.270755
4864,29.053737,9.127000,109.565027
4865,29.057570,3.833000,260.892252
4866,29.060378,2.808000,356.125356
4867,29.063645,3.267000,306.091215
4868,29.066354,2.709000,369.139904
4869,29.070170,3.816000,262.054507
4870,29.073161,2.991000,334.336342
4871,29.075684,2.523000,396.353547
4872,29.080230,4.546000,219.973603
4873,29.083760,3.530000,283.286119
4874,29.089652,5.892000,169.721656
4875,29.108347,18.695000,53.490238
4876,29.121495,13.148000,76.057195
4877,29.127367,5.872000,170.299728
4878,29.149557,22.190000,45.065345
4879,29.162069,12.512000,79.923274
4880,29.166320,4.251000,235.238767
4881,29.170687,4.367000,228.990153
4882,29.175705,5.018000,199.282583
4883,29.180119,4.414000,226.551880
4884,29.183806,3.687000,271.223217
4885,29.187815,4.009000,249.438763
4886,29.191882,4.067000,245.881485
4887,29.195272,3.390000,294.985251
4888,29.198583,3.311000,302.023558
4889,29.202437,3.854000,259.470680
4890,29.206040,3.603000,277.546489
4891,29.208875,2.835000,352.733686
4892,29.211629,2.754000,363.108206
4893,29.216161,4.532000,220.653133
4894,29.240922,24.761000,40.386091
4895,29.254348,13.426000,74.482348
4896,29.257889,3.541000,282.406100
4897,29.260321,2.432000,411.184211
4898,29.263363,3.042000,328.731098
4899,29.265965,2.602000,384.319754
4900,29.268931,2.966000,337.154417
4901,29.271635,2.704000,369.822485
4902,29.274031,2.396000,417.362270
4903,29.276616,2.585000,386.847195
4904,29.279808,3.192000,313.283208
4905,29.284113,4.305000,232.288037
4906,29.288495,4.382000,228.206298
4907,29.291063,2.568000,389.408100
4908,29.297114,6.051000,165.261940
4909,29.308423,11.309000,88.425148
4910,29.317469,9.046000,110.546098
4911,29.333494,16.025000,62.402496
4912,29.336028,2.534000,394.632991
4913,29.338114,2.086000,479.386385
4914,29.348025,9.911000,100.897992
4915,29.351732,3.707000,269.759914
4916,29.354064,2.332000,428.816467
4917,29.356733,2.669000,374.672162
4918,29.360853,4.120000,242.718447
4919,29.363835,2.982000,335.345406
4920,29.366705,2.870000,348.432056
4921,29.369865,3.160000,316.455696
4922,29.372883,3.018000,331.345262
4923,29.375945,3.062000,326.583932
4924,29.379378,3.433000,291.290417
4925,29.382186,2.808000,356.125356
4926,29.385149,2.963000,337.495781
4927,29.388394,3.245000,308.166410
4928,29.391563,3.169000,315.556958
4929,29.394437,2.874000,347.947112
4930,29.397072,2.635000,379.506641
4931,29.400311,3.239000,308.737265
4932,29.402634,2.323000,430.477830
4933,29.405081,2.447000,408.663670
4934,29.407373,2.292000,436.300175
4935,29.409612,2.239000,446.627959
4936,29.413189,3.577000,279.563880
4937,29.416290,3.101000,322.476620
4938,29.418909,2.619000,381.825124
4939,29.421883,2.974000,336.247478
4940,29.424318,2.435000,410.677618
4941,29.441298,16.980000,58.892815
4942,29.453669,12.371000,80.834209
4943,29.456685,3.016000,331.564987
4944,29.464083,7.398000,135.171668
4945,29.482663,18.580000,53.821313
4946,29.494924,12.261000,81.559416
4947,29.499038,4.114000,243.072436
4948,29.509145,10.107000,98.941328
4949,29.513385,4.240000,235.849057
4950,29.516472,3.087000,323.939099
4951,29.521542,5.070000,197.238659
4952,29.535439,13.897000,71.957977
4953,29.548939,13.500000,74.074074
4954,29.561895,12.956000,77.184316
4955,29.565924,4.029000,248.200546
4956,29.570012,4.088000,244.618395
4957,29.574153,4.141000,241.487563
4958,29.578153,4.000000,250.000000
4959,29.581807,3.654000,273.672687
4960,29.584261,2.454000,407.497963
4961,29.587768,3.507000,285.143998
4962,29.592306,4.538000,220.361393
4963,29.596084,3.778000,264.690312
4964,29.598682,2.598000,384.911470
4965,29.602231,3.549000,281.769513
4966,29.605420,3.189000,313.577924
4967,29.608086,2.666000,375.093773
4968,29.610692,2.606000,383.729854
4969,29.613285,2.593000,385.653683
4970,29.615825,2.540000,393.700787
4971,29.619066,3.241000,308.546745
4972,29.622930,3.864000,258.799172
4973,29.625639,2.709000,369.139904
4974,29.633849,8.210000,121.802680
4975,29.655808,21.959000,45.539414
4976,29.668681,12.873000,77.681970
4977,29.672347,3.666000,272.776869
4978,29.675072,2.725000,366.972477
4979,29.678275,3.203000,312.207306
4980,29.680858,2.583000,387.146729
4981,29.684358,3.500000,285.714286
4982,29.687110,2.752000,363.372093
4983,29.690598,3.488000,286.697248
4984,29.693632,3.034000,329.597891
4985,29.696981,3.349000,298.596596
4986,29.699644,2.663000,375.516335
4987,29.703017,3.373000,296.471983
4988,29.705986,2.969000,336.813742
4989,29.709590,3.604000,277.469478
4990,29.712455,2.865000,349.040140
4991,29.722867,10.412000,96.043027
4992,29.749662,26.795000,37.320396
4993,29.762607,12.945000,77.249903
4994,29.767031,4.424000,226.039783
4995,29.770478,3.447000,290.107340
4996,29.774707,4.229000,236.462521
4997,29.780339,5.632000,177.556818
4998,29.783755,3.416000,292.740047
4999,29.787763,4.008000,249.500998
5000,29.791877,4.114000,243.072436
5001,29.796153,4.276000,233.863424
5002,29.801402,5.249000,190.512479
5003,29.805022,3.620000,276.243094
5004,29.807994,2.972000,336.473755
5005,29.810316,2.322000,430.663221
5006,29.813167,2.851000,350.754121
5007,29.816256,3.089000,323.729362
5008,29.819268,3.012000,332.005312
5009,29.822396,3.128000,319.693095
5010,29.825569,3.173000,315.159155
5011,29.854450,28.881000,34.624840
5012,29.861005,6.555000,152.555301
5013,29.868580,7.575000,132.013201
5014,29.872635,4.055000,246.609125
5015,29.875560,2.925000,341.880342
5016,29.879051,3.491000,286.450874
5017,29.882080,3.029000,330.141961
5018,29.885581,3.501000,285.632676
5019,29.888580,2.999000,333.444481
5020,29.892222,3.642000,274.574410
5021,29.895438,3.216000,310.945274
5022,29.898619,3.181000,314.366551
5023,29.901952,3.333000,300.030003
5024,29.905145,3.193000,313.185092
5025,29.911896,6.751000,148.126204
5026,29.935170,23.274000,42.966400
5027,29.947712,12.542000,79.732100
5028,29.951224,3.512000,284.738041
5029,29.954196,2.972000,336.473755
5030,29.957013,2.817000,354.987575
5031,29.959618,2.605000,383.877159
5032,29.963082,3.464000,288.683603
5033,29.966477,3.395000,294.550810
5034,29.969134,2.657000,376.364321
5035,29.972012,2.878000,347.463516
5036,29.975774,3.762000,265.816055
5037,29.978632,2.858000,349.895031
5038,29.981441,2.809000,355.998576
5039,29.984158,2.717000,368.053000
5040,29.987189,3.031000,329.924117
5041,29.990093,2.904000,344.352617
5042,29.992526,2.433000,411.015208
5043,29.994980,2.454000,407.497963
5044,29.997446,2.466000,405.515004
5045,30.001352,3.906000,256.016385
5046,30.004036,2.684000,372.578241
5047,30.006369,2.333000,428.632662
5048,30.008655,2.286000,437.445319
5049,30.010960,2.305000,433.839479
5050,30.013976,3.016000,331.564987
5051,30.040249,26.273000,38.061889
5052,30.053149,12.900000,77.519380
5053,30.055993,2.844000,351.617440
5054,30.058419,2.426000,412.201154
5055,30.061589,3.170000,315.457413
5056,30.064856,3.267000,306.091215
5057,30.067704,2.848000,351.123596
5058,30.071055,3.351000,298.418383
5059,30.074052,2.997000,333.667000
5060,30.077214,3.162000,316.255534
5061,30.079942,2.728000,366.568915
5062,30.083348,3.406000,293.599530
5063,30.085778,2.430000,411.522634
5064,30.087843,2.065000,484.261501
5065,30.090237,2.394000,417.710944
5066,30.092235,1.998000,500.500501
5067,30.094781,2.546000,392.772977
5068,30.096872,2.091000,478.240077
5069,30.099246,2.374000,421.229992
5070,30.101389,2.143000,466.635558
5071,30.103835,2.446000,408.830744
5072,30.107058,3.223000,310.269935
5073,30.109335,2.277000,439.174352
5074,30.133422,24.087000,41.516171
5075,30.146643,13.221000,75.637244
5076,30.149185,2.542000,393.391031
5077,30.151314,2.129000,469.704086
5078,30.154568,3.254000,307.314075
5079,30.156747,2.179000,458.926113
5080,30.160418,3.671000,272.405339
5081,30.174021,13.603000,73.513196
5082,30.177437,3.416000,292.740047
5083,30.179866,2.429000,411.692054
5084,30.183246,3.380000,295.857988
5085,30.185781,2.535000,394.477318
5086,30.189379,3.598000,277.932185
5087,30.191874,2.495000,400.801603
5088,30.195267,3.393000,294.724433
5089,30.198981,3.714000,269.251481
5090,30.201521,2.540000,393.700787
5091,30.204597,3.076000,325.097529
5092,30.208232,3.635000,275.103164
5093,30.211653,3.421000,292.312189
5094,30.215515,3.862000,258.933195
5095,30.218969,3.454000,289.519398
5096,30.221697,2.728000,366.568915
5097,30.225466,3.769000,265.322367
5098,30.228479,3.013000,331.895121
5099,30.240133,11.654000,85.807448
5100,30.253652,13.519000,73.969968
5101,30.256287,2.635000,379.506641
5102,30.259405,3.118000,320.718409
5103,30.263089,3.684000,271.444083
5104,30.265843,2.754000,363.108206
5105,30.269302,3.459000,289.100896
5106,30.271787,2.485000,402.414487
5107,30.275084,3.297000,303.306036
5108,30.277226,2.142000,466.853408
5109,30.281040,3.814000,262.191924
5110,30.283456,2.416000,413.907285
5111,30.286410,2.954000,338.524035
5112,30.288686,2.276000,439.367311
5113,30.292195,3.509000,284.981476
5114,30.294430,2.235000,447.427293
5115,30.298268,3.838000,260.552371
5116,30.300895,2.627000,380.662352
5117,30.303748,2.853000,350.508237
5118,30.305836,2.088000,478.927203
5119,30.309292,3.456000,289.351852
5120,30.311912,2.620000,381.679389
5121,30.314891,2.979000,335.683115
5122,30.317411,2.520000,396.825397
5123,30.334298,16.887000,59.217149
5124,30.338262,3.964000,252.270434
5125,30.347785,9.523000,105.008926
5126,30.350772,2.987000,334.784064
5127,30.353192,2.420000,413.223140
5128,30.356215,3.023000,330.797221
5129,30.358626,2.411000,414.765657
5130,30.362233,3.607000,277.238703
5131,30.364363,2.130000,469.483568
5132,30.367043,2.680000,373.134328
5133,30.369832,2.789000,358.551452
5134,30.373431,3.599000,277.854960
5135,30.376105,2.674000,373.971578
5136,30.379385,3.280000,304.878049
5137,30.382943,3.558000,281.056773
5138,30.387576,4.633000,215.842866
5139,30.392109,4.533000,220.604456
5140,30.395349,3.240000,308.641975
5141,30.398803,3.454000,289.519398
5142,30.401889,3.086000,324.044070
5143,30.406317,4.428000,225.835592
5144,30.409178,2.861000,349.528137
5145,30.411024,1.846000,541.711809
5146,30.414346,3.322000,301.023480
5147,30.417219,2.873000,348.068221
5148,30.419633,2.414000,414.250207
5149,30.422865,3.232000,309.405941
5150,30.425098,2.233000,447.828034
5151,30.455336,30.238000,33.070970
5152,30.461839,6.503000,153.775181
5153,30.467428,5.589000,178.922884
5154,30.470892,3.464000,288.683603
5155,30.473776,2.884000,346.740638
5156,30.476784,3.008000,332.446809
5157,30.478947,2.163000,462.320851
5158,30.482883,3.936000,254.065041
5159,30.485847,2.964000,337.381916
5160,30.489054,3.207000,311.817898
5161,30.491502,2.448000,408.496732
5162,30.495454,3.952000,253.036437
5163,30.498449,2.995000,333.889816
5164,30.501295,2.846000,351.370344
5165,30.503890,2.595000,385.356455
5166,30.507463,3.573000,279.876854
5167,30.510029,2.566000,389.711613
5168,30.513436,3.407000,293.513355
5169,30.516264,2.828000,353.606789
5170,30.520560,4.296000,232.774674
5171,30.548378,27.818000,35.947947
5172,30.552760,4.382000,228.206298
5173,30.561704,8.944000,111.806798
5174,30.565229,3.525000,283.687943
5175,30.567957,2.728000,366.568915
5176,30.570432,2.475000,404.040404
5177,30.573121,2.689000,371.885459
5178,30.575485,2.364000,423.011844
5179,30.579678,4.193000,238.492726
5180,30.582773,3.095000,323.101777
5181,30.585360,2.587000,386.548125
5182,30.587738,2.378000,420.521447
5183,30.590600,2.862000,349.406010
5184,30.593404,2.804000,356.633381
5185,30.596196,2.792000,358.166189
5186,30.598493,2.297000,435.350457
5187,30.600659,2.166000,461.680517
5188,30.604643,3.984000,251.004016
5189,30.608416,3.773000,265.041081
5190,30.611282,2.866000,348.918353
5191,30.615859,4.577000,218.483723
5192,30.619046,3.187000,313.774710
5193,30.621097,2.051000,487.567040
5194,30.624082,2.985000,335.008375
5195,30.631480,7.398000,135.171668
5196,30.656927,25.447000,39.297363
5197,30.669160,12.233000,81.746097
5198,30.673335,4.175000,239.520958
5199,30.676378,3.043000,328.623069
5200,30.680956,4.578000,218.435998
5201,30.685338,4.382000,228.206298
5202,30.688206,2.868000,348.675035
5203,30.691446,3.240000,308.641975
5204,30.694306,2.860000,349.650350
5205,30.697361,3.055000,327.332242
5206,30.707960,10.599000,94.348523
5207,30.721762,13.802000,72.453268
5208,30.736247,14.485000,69.036935
5209,30.748613,12.366000,80.866893
5210,30.752631,4.018000,248.880040
5211,30.756321,3.690000,271.002710
5212,30.759331,3.010000,332.225914
5213,30.763377,4.046000,247.157687
5214,30.766255,2.878000,347.463516
5215,30.770389,4.134000,241.896468
5216,30.774879,4.490000,222.717149
5217,30.778328,3.449000,289.939113
5218,30.781537,3.209000,311.623559
5219,30.783997,2.460000,406.504065
5220,30.787365,3.368000,296.912114
5221,30.790612,3.247000,307.976594
5222,30.793334,2.722000,367.376929
5223,30.795669,2.335000,428.265525
5224,30.798627,2.958000,338.066261
5225,30.804490,5.863000,170.561146
5226,30.808082,3.592000,278.396437
5227,30.810538,2.456000,407.166124
5228,30.814173,3.635000,275.103164
5229,30.816880,2.707000,369.412634
5230,30.820359,3.479000,287.438919
5231,30.823110,2.751000,363.504180
5232,30.827663,4.553000,219.635405
5233,30.836993,9.330000,107.181136
5234,30.867275,30.282000,33.022918
5235,30.870670,3.395000,294.550810
5236,30.873136,2.466000,405.515004
5237,30.881567,8.431000,118.609892
5238,30.886366,4.799000,208.376745
5239,30.889027,2.661000,375.798572
5240,30.891957,2.930000,341.296928
5241,30.894707,2.750000,363.636364
5242,30.897661,2.954000,338.524035
5243,30.900343,2.682000,372.856078
5244,30.903327,2.984000,335.120643
5245,30.905782,2.455000,407.331976
5246,30.909350,3.568000,280.269058
5247,30.911977,2.627000,380.662352
5248,30.915308,3.331000,300.210147
5249,30.917865,2.557000,391.083301
5250,30.926219,8.354000,119.703136
5251,30.949028,22.809000,43.842343
5252,30.962113,13.085000,76.423386
5253,30.966226,4.113000,243.131534
5254,30.970768,4.542000,220.167327
5255,30.976171,5.403000,185.082362
5256,30.980312,4.141000,241.487563
5257,30.983350,3.038000,329.163924
5258,30.987627,4.277000,233.808744
5259,30.991461,3.834000,260.824204
5260,30.994110,2.649000,377.500944
5261,30.997139,3.029000,330.141961
5262,31.000954,3.815000,262.123198
5263,31.005634,4.680000,213.675214
5264,31.008752,3.118000,320.718409
5265,31.011895,3.143000,318.167356
5266,31.014840,2.945000,339.558574
5267,31.017581,2.741000,364.830354
5268,31.021610,4.029000,248.200546
5269,31.025128,3.518000,284.252416
5270,31.028494,3.366000,297.088532
5271,31.054523,26.029000,38.418687
5272,31.060251,5.728000,174.581006
5273,31.067964,7.713000,129.651238
5274,31.072072,4.108000,243.427459
5275,31.075629,3.557000,281.135789
5276,31.078443,2.814000,355.366027
5277,31.082479,4.036000,247.770069
5278,31.085479,3.000000,333.333333
5279,31.089957,4.478000,223.313979
5280,31.094325,4.368000,228.937729
5281,31.097776,3.451000,289.771081
5282,31.107883,10.107000,98.941328
5283,31.112488,4.605000,217.155266
5284,31.116290,3.802000,263.019463
5285,31.134500,18.210000,54.914882
5286,31.149486,14.986000,66.728947
5287,31.161595,12.109000,82.583203
5288,31.174490,12.895000,77.549438
5289,31.180338,5.848000,170.998632
5290,31.184512,4.174000,239.578342
5291,31.189120,4.608000,217.013889
5292,31.194327,5.207000,192.049165
5293,31.199302,4.975000,201.005025
5294,31.203405,4.103000,243.724104
5295,31.207007,3.602000,277.623542
5296,31.210891,3.884000,257.466529
5297,31.214115,3.224000,310.173697
5298,31.224104,9.989000,100.110121
5299,31.242735,18.631000,53.673984
5300,31.255324,12.589000,79.434427
5301,31.259173,3.849000,259.807742
5302,31.262251,3.078000,324.886290
5303,31.265541,3.290000,303.951368
5304,31.268285,2.744000,364.431487
5305,31.271497,3.212000,311.332503
5306,31.274329,2.832000,353.107345
5307,31.277662,3.333000,300.030003
5308,31.280268,2.606000,383.729854
5309,31.283828,3.560000,280.898876
5310,31.286564,2.736000,365.497076
5311,31.289860,3.296000,303.398058
5312,31.292313,2.453000,407.664085
5313,31.295782,3.469000,288.267512
5314,31.298497,2.715000,368.324125
5315,31.301581,3.084000,324.254215
5316,31.304387,2.806000,356.379187
5317,31.309679,5.292000,188.964475
5318,31.312743,3.064000,326.370757
5319,31.316273,3.530000,283.286119
5320,31.319114,2.841000,351.988736
5321,31.348376,29.262000,34.174014
5322,31.353278,4.902000,203.998368
5323,31.361511,8.233000,121.462407
5324,31.364914,3.403000,293.858360
5325,31.367554,2.640000,378.787879
5326,31.370585,3.031000,329.924117
5327,31.372890,2.305000,433.839479
5328,31.376336,3.446000,290.191526
5329,31.379034,2.698000,370.644922
5330,31.382188,3.154000,317.057705
5331,31.384965,2.777000,360.100828
5332,31.388723,3.758000,266.098989
5333,31.391879,3.156000,316.856781
5334,31.394720,2.841000,351.988736
5335,31.398216,3.496000,286.041190
5336,31.400687,2.471000,404.694456
5337,31.404005,3.318000,301.386377
5338,31.407096,3.091000,323.519896
5339,31.410580,3.484000,287.026406
5340,31.413044,2.464000,405.844156
5341,31.416083,3.039000,329.055610
5342,31.418559,2.476000,403.877221
5343,31.420739,2.180000,458.715596
5344,31.424302,3.563000,280.662363
5345,31.427809,3.507000,285.143998
5346,31.437150,9.341000,107.054919
5347,31.456343,19.193000,52.102329
5348,31.468889,12.546000,79.706679
5349,31.472268,3.379000,295.945546
5350,31.475170,2.902000,344.589938
5351,31.478120,2.950000,338.983051
5352,31.480552,2.432000,411.184211
5353,31.483821,3.269000,305.903946
5354,31.486115,2.294000,435.919791
5355,31.488581,2.466000,405.515004
5356,31.491348,2.767000,361.402241
5357,31.494951,3.603000,277.546489
5358,31.497407,2.456000,407.166124
5359,31.499675,2.268000,440.917108
5360,31.501987,2.312000,432.525952
5361,31.504629,2.642000,378.501136
5362,31.507625,2.996000,333.778371
5363,31.511056,3.431000,291.460216
5364,31.513498,2.442000,409.500410
5365,31.516673,3.175000,314.960630
5366,31.519469,2.796000,357.653791
5367,31.548356,28.887000,34.617648
5368,31.555219,6.863000,145.708874
5369,31.560652,5.433000,184.060372
5370,31.564116,3.464000,288.683603
5371,31.566568,2.452000,407.830343
5372,31.569775,3.207000,311.817898
5373,31.572388,2.613000,382.701875
5374,31.575596,3.208000,311.720698
5375,31.578131,2.535000,394.477318
5376,31.581608,3.477000,287.604257
5377,31.584218,2.610000,383.141762
5378,31.588625,4.407000,226.911731
5379,31.592226,3.601000,277.700639
5380,31.594878,2.652000,377.073906
5381,31.597238,2.360000,423.728814
5382,31.600756,3.518000,284.252416
5383,31.603402,2.646000,377.928949
5384,31.605500,2.098000,476.644423
5385,31.608953,3.453000,289.603244
5386,31.611976,3.023000,330.797221
5387,31.615623,3.647000,274.197971
5388,31.619449,3.826000,261.369577
5389,31.622881,3.432000,291.375291
5390,31.627061,4.180000,239.234450
5391,31.641068,14.007000,71.392875
5392,31.653006,11.938000,83.766125
5393,31.663127,10.121000,98.804466
5394,31.668498,5.371000,186.185068
5395,31.672904,4.406000,226.963232
5396,31.675612,2.708000,369.276219
5397,31.678156,2.544000,393.081761
5398,31.681693,3.537000,282.725474
5399,31.685242,3.549000,281.769513
5400,31.688868,3.626000,275.785990
5401,31.696157,7.289000,137.193031
5402,31.699979,3.822000,261.643119
5403,31.702614,2.635000,379.506641
5404,31.705222,2.608000,383.435583
5405,31.708762,3.540000,282.485876
5406,31.711660,2.898000,345.065562
5407,31.714791,3.131000,319.386777
5408,31.717979,3.188000,313.676286
5409,31.735452,17.473000,57.231157
5410,31.739580,4.128000,242.248062
5411,31.748458,8.878000,112.637982
5412,31.752821,4.363000,229.200092
5413,31.755755,2.934000,340.831629
5414,31.760731,4.976000,200.964630
5415,31.764917,4.186000,238.891543
5416,31.768424,3.507000,285.143998
5417,31.771418,2.994000,334.001336
5418,31.774564,3.146000,317.863954
5419,31.777438,2.874000,347.947112
5420,31.780859,3.421000,292.312189
5421,31.783689,2.830000,353.356890
5422,31.786371,2.682000,372.856078
5423,31.788629,2.258000,442.869796
5424,31.790995,2.366000,422.654269
5425,31.795179,4.184000,239.005736
5426,31.798823,3.644000,274.423710
5427,31.801631,2.808000,356.125356
5428,31.803973,2.342000,426.985482
5429,31.806695,2.722000,367.376929
5430,31.810011,3.316000,301.568154
5431,31.812717,2.706000,369.549150
5432,31.816505,3.788000,263.991552
5433,31.819398,2.893000,345.661943
5434,31.832134,12.736000,78.517588
5435,31.855646,23.512000,42.531473
5436,31.868649,13.003000,76.905330
5437,31.881545,12.896000,77.543424
5438,31.894403,12.858000,77.772593
5439,31.908017,13.614000,73.453798
5440,31.920949,12.932000,77.327560
5441,31.933716,12.767000,78.326937
5442,31.948406,14.690000,68.073519
5443,31.961551,13.145000,76.074553
5444,31.974209,12.658000,79.001422
5445,31.987784,13.575000,73.664825
5446,32.000910,13.126000,76.184672
5447,32.014549,13.639000,73.319158
5448,32.027775,13.226000,75.608650
5449,32.041486,13.711000,72.934140
5450,32.054313,12.827000,77.960552
5451,32.067895,13.582000,73.626859
5452,32.080900,13.005000,76.893502
5453,32.094222,13.322000,75.063804
5454,32.107715,13.493000,74.112503
5455,32.122095,14.380000,69.541029
5456,32.134266,12.171000,82.162517
5457,32.147644,13.378000,74.749589
5458,32.161025,13.381000,74.732830
5459,32.174331,13.306000,75.154066
5460,32.187681,13.350000,74.906367
5461,32.201435,13.754000,72.706122
5462,32.214778,13.343000,74.945664
5463,32.227507,12.729000,78.560767
5464,32.242227,14.720000,67.934783
5465,32.255627,13.400000,74.626866
5466,32.267811,12.184000,82.074852
5467,32.280852,13.041000,76.681236
5468,32.294809,13.957000,71.648635
5469,32.307327,12.518000,79.884966
5470,32.321736,14.409000,69.401069
5471,32.334678,12.942000,77.267810
5472,32.351049,16.371000,61.083623
5473,32.361032,9.983000,100.170289
5474,32.374480,13.448000,74.360500
5475,32.387964,13.484000,74.161970
5476,32.402071,14.107000,70.886794
5477,32.414902,12.831000,77.936248
5478,32.427789,12.887000,77.597579
5479,32.440730,12.941000,77.273781
5480,32.454540,13.810000,72.411296
5481,32.468730,14.190000,70.472163
5482,32.482021,13.291000,75.238883
5483,32.493889,11.868000,84.260195
5484,32.508356,14.467000,69.122831
5485,32.522032,13.676000,73.120796
5486,32.533966,11.934000,83.794201
5487,32.547288,13.322000,75.063804
5488,32.561143,13.855000,72.176110
5489,32.573723,12.580000,79.491256
5490,32.587574,13.851000,72.196953
5491,32.600843,13.269000,75.363630
5492,32.614153,13.310000,75.131480
5493,32.627174,13.021000,76.799017
5494,32.642442,15.268000,65.496463
5495,32.654020,11.578000,86.370703
5496,32.667313,13.293000,75.227563
5497,32.672837,5.524000,181.028240
5498,32.678263,5.426000,184.297825
5499,32.683428,5.165000,193.610842
5500,32.688646,5.218000,191.644308
5501,32.693498,4.852000,206.100577
5502,32.696070,2.572000,388.802488
5503,32.699105,3.035000,329.489292
5504,32.706668,7.563000,132.222663
5505,32.710290,3.622000,276.090558
5506,32.712698,2.408000,415.282392
5507,32.715089,2.391000,418.235048
5508,32.717505,2.416000,413.907285
5509,32.720417,2.912000,343.406593
5510,32.732982,12.565000,79.586152
5511,32.738881,5.899000,169.520258
5512,32.748364,9.483000,105.451861
5513,32.760830,12.466000,80.218193
5514,32.764007,3.177000,314.762354
5515,32.767082,3.075000,325.203252
5516,32.770387,3.305000,302.571861
5517,32.775667,5.280000,189.393939
5518,32.787865,12.198000,81.980653
5519,32.792370,4.505000,221.975583
5520,32.796366,3.996000,250.250250
5521,32.800501,4.135000,241.837969
5522,32.814067,13.566000,73.713696
5523,32.818530,4.463000,224.064531
5524,32.822661,4.131000,242.072137
5525,32.826678,4.017000,248.941997
5526,32.840735,14.057000,71.138934
5527,32.854060,13.325000,75.046904
5528,32.858615,4.555000,219.538968
5529,32.867753,9.138000,109.433136
5530,32.872254,4.501000,222.172850
5531,32.881938,9.684000,103.263114
5532,32.886988,5.050000,198.019802
5533,32.890711,3.723000,268.600591
5534,32.895240,4.529000,220.799293
5535,32.900414,5.174000,193.274063
5536,32.904020,3.606000,277.315585
5537,32.907645,3.625000,275.862069
5538,32.911301,3.656000,273.522976
5539,32.914966,3.665000,272.851296
5540,32.917555,2.589000,386.249517
5541,32.933861,16.306000,61.327119
5542,32.938712,4.851000,206.143063
5543,32.947879,9.167000,109.086942
5544,32.951397,3.518000,284.252416
5545,32.954131,2.734000,365.764448
5546,32.956819,2.688000,372.023810
5547,32.959410,2.591000,385.951370
5548,32.962062,2.652000,377.073906
5549,32.964509,2.447000,408.663670
5550,32.967985,3.476000,287.686997
5551,32.970732,2.747000,364.033491
5552,32.975143,4.411000,226.705962
5553,32.978275,3.132000,319.284802
5554,32.981262,2.987000,334.784064
5555,32.983883,2.621000,381.533766
5556,32.988642,4.759000,210.128178
5557,32.991670,3.028000,330.250991
5558,32.994741,3.071000,325.626832
5559,32.997345,2.604000,384.024578
5560,33.002689,5.344000,187.125749
5561,33.007030,4.341000,230.361668
5562,33.011322,4.292000,232.991612
5563,33.041159,29.837000,33.515434
5564,33.048837,7.678000,130.242251
5565,33.054061,5.224000,191.424196
5566,33.058919,4.858000,205.846027
5567,33.061822,2.903000,344.471237
5568,33.064331,2.509000,398.565165
5569,33.067527,3.196000,312.891114
5570,33.070807,3.280000,304.878049
5571,33.073564,2.757000,362.713094
5572,33.076484,2.920000,342.465753
5573,33.079466,2.982000,335.345406
5574,33.083273,3.807000,262.674022
5575,33.086338,3.065000,326.264274
5576,33.089162,2.824000,354.107649
5577,33.091599,2.437000,410.340583
5578,33.094944,3.345000,298.953662
5579,33.107641,12.697000,78.758762
5580,33.110989,3.348000,298.685783
5581,33.113327,2.338000,427.715997
5582,33.116893,3.566000,280.426248
5583,33.119207,2.314000,432.152118
5584,33.147548,28.341000,35.284570
5585,33.152045,4.497000,222.370469
5586,33.161242,9.197000,108.731108
5587,33.164582,3.340000,299.401198
5588,33.167151,2.569000,389.256520
5589,33.170550,3.399000,294.204178
5590,33.173182,2.632000,379.939210
5591,33.176961,3.779000,264.620270
5592,33.179375,2.414000,414.250207
5593,33.182593,3.218000,310.752020
5594,33.184745,2.152000,464.684015
5595,33.188805,4.060000,246.305419
5596,33.191635,2.830000,353.356890
5597,33.194438,2.803000,356.760614
5598,33.197896,3.458000,289.184500
5599,33.203974,6.078000,164.527805
5600,33.207286,3.312000,301.932367
5601,33.210193,2.907000,343.997248
5602,33.241177,30.984000,32.274722
5603,33.248904,7.727000,129.416332
5604,33.254784,5.880000,170.068027
5605,33.259620,4.836000,206.782465
5606,33.262449,2.829000,353.481796
5607,33.265316,2.867000,348.796652
5608,33.267700,2.384000,419.463087
5609,33.271413,3.713000,269.323997
5610,33.274511,3.098000,322.788896
5611,33.277408,2.897000,345.184674
5612,33.279805,2.397000,417.188152
5613,33.283210,3.405000,293.685756
5614,33.294134,10.924000,91.541560
5615,33.304864,10.730000,93.196645
5616,33.321986,17.122000,58.404392
5617,33.334324,12.338000,81.050413
5618,33.349341,15.017000,66.591197
5619,33.361189,11.848000,84.402431
5620,33.365720,4.531000,220.701832
5621,33.369324,3.604000,277.469478
5622,33.371899,2.575000,388.349515
5623,33.375290,3.391000,294.898260
5624,33.378861,3.571000,280.033604
5625,33.382410,3.549000,281.769513
5626,33.385005,2.595000,385.356455
5627,33.387653,2.648000,377.643505
5628,33.390592,2.939000,340.251786
5629,33.393171,2.579000,387.747189
5630,33.395856,2.685000,372.439479
5631,33.398542,2.686000,372.300819
5632,33.400980,2.438000,410.172272
5633,33.403753,2.773000,360.620267
5634,33.405960,2.207000,453.103761
5635,33.408534,2.574000,388.500389
5636,33.413365,4.831000,206.996481
5637,33.426936,13.571000,73.686537
5638,33.438376,11.440000,87.412587
5639,33.446505,8.129000,123.016361
5640,33.454108,7.603000,131.527029
5641,33.456486,2.378000,420.521447
5642,33.463705,7.219000,138.523341
5643,33.473227,9.522000,105.019954
5644,33.480592,7.365000,135.777325
5645,33.483819,3.227000,309.885342
5646,33.486910,3.091000,323.519896
5647,33.490442,3.532000,283.125708
5648,33.493481,3.039000,329.055610
5649,33.497006,3.525000,283.687943
5650,33.499282,2.276000,439.367311
5651,33.502497,3.215000,311.041991
5652,33.505153,2.656000,376.506024
5653,33.508028,2.875000,347.826087
5654,33.510214,2.186000,457.456542
5655,33.512511,2.297000,435.350457
5656,33.514884,2.373000,421.407501
5657,33.517286,2.402000,416.319734
5658,33.520071,2.785000,359.066427
5659,33.526686,6.615000,151.171580
5660,33.533869,7.183000,139.217597
5661,33.547069,13.200000,75.757576
5662,33.550211,3.142000,318.268619
5663,33.552412,2.201000,454.338937
5664,33.555072,2.660000,375.939850
5665,33.557512,2.440000,409.836066
5666,33.559946,2.434000,410.846343
5667,33.562254,2.308000,433.275563
5668,33.564143,1.889000,529.380625
5669,33.566082,1.939000,515.729758
5670,33.568061,1.979000,505.305710
5671,33.570203,2.142000,466.853408
5672,33.572668,2.465000,405.679513
5673,33.575613,2.945000,339.558574
5674,33.578271,2.658000,376.222724
5675,33.581068,2.797000,357.525921
5676,33.584203,3.135000,318.979266
5677,33.586867,2.664000,375.375375
5678,33.590068,3.201000,312.402374
5679,33.592849,2.781000,359.582884
5680,33.595772,2.923000,342.114266
5681,33.598471,2.699000,370.507595
5682,33.601790,3.319000,301.295571
5683,33.604477,2.687000,372.162263
5684,33.607739,3.262000,306.560392
5685,33.610618,2.879000,347.342827
5686,33.640968,30.350000,32.948929
5687,33.652323,11.355000,88.066931
5688,33.655297,2.974000,336.247478
5689,33.666869,11.572000,86.415486
5690,33.669288,2.419000,413.393964
5691,33.671127,1.839000,543.773790
5692,33.674326,3.199000,312.597687
5693,33.677363,3.037000,329.272308
5694,33.680697,3.334000,299.940012
5695,33.683890,3.193000,313.185092
5696,33.687160,3.270000,305.810398
5697,33.690311,3.151000,317.359568
5698,33.692753,2.442000,409.500410
5699,33.696286,3.533000,283.045570
5700,33.699985,3.699000,270.343336
5701,33.702774,2.789000,358.551452
5702,33.705558,2.784000,359.195402
5703,33.709223,3.665000,272.851296
5704,33.711964,2.741000,364.830354
5705,33.715460,3.496000,286.041190
5706,33.718084,2.624000,381.097561
5707,33.746655,28.571000,35.000525
5708,33.751639,4.984000,200.642055
5709,33.760549,8.910000,112.233446
5710,33.764185,3.636000,275.027503
5711,33.767053,2.868000,348.675035
5712,33.770224,3.171000,315.357931
5713,33.772867,2.643000,378.357927
5714,33.776436,3.569000,280.190530
5715,33.779277,2.841000,351.988736
5716,33.782536,3.259000,306.842590
5717,33.785124,2.588000,386.398764
5718,33.788571,3.447000,290.107340
5719,33.791235,2.664000,375.375375
5720,33.794664,3.429000,291.630213
5721,33.797254,2.590000,386.100386
5722,33.801649,4.395000,227.531286
5723,33.813622,11.973000,83.521256
5724,33.816989,3.367000,297.000297
5725,33.819508,2.519000,396.982930
5726,33.823357,3.849000,259.807742
5727,33.826125,2.768000,361.271676
5728,33.853136,27.011000,37.021954
5729,33.856916,3.780000,264.550265
5730,33.867249,10.333000,96.777315
5731,33.870795,3.546000,282.007896
5732,33.875214,4.419000,226.295542
5733,33.879632,4.418000,226.346763
5734,33.883124,3.492000,286.368843
5735,33.885975,2.851000,350.754121
5736,33.889393,3.418000,292.568754
5737,33.892176,2.783000,359.324470
5738,33.895648,3.472000,288.018433
5739,33.899214,3.566000,280.426248
5740,33.902367,3.153000,317.158262
5741,33.904994,2.627000,380.662352
5742,33.908496,3.502000,285.551114
5743,33.911032,2.536000,394.321767
5744,33.914401,3.369000,296.823983
5745,33.917279,2.878000,347.463516
5746,33.946981,29.702000,33.667766
5747,33.959739,12.758000,78.382192
5748,33.962971,3.232000,309.405941
5749,33.965647,2.676000,373.692078
5750,33.969470,3.823000,261.574680
5751,33.972576,3.106000,321.957502
5752,33.976289,3.713000,269.323997
5753,33.979376,3.087000,323.939099
5754,33.982421,3.045000,328.407225
5755,33.985319,2.898000,345.065562
5756,33.989108,3.789000,263.921879
5757,33.993828,4.720000,211.864407
5758,33.997081,3.253000,307.408546
5759,34.000376,3.295000,303.490137
5760,34.004783,4.407000,226.911731
5761,34.007779,2.996000,333.778371
5762,34.010782,3.003000,333.000333
5763,34.014102,3.320000,301.204819
5764,34.017041,2.939000,340.251786
5765,34.020415,3.374000,296.384114
5766,34.023361,2.946000,339.443313
5767,34.025837,2.476000,403.877221
5768,34.053289,27.452000,36.427218
5769,34.057970,4.681000,213.629566
5770,34.067142,9.172000,109.027475
5771,34.070641,3.499000,285.795942
5772,34.074622,3.981000,251.193168
5773,34.078116,3.494000,286.204923
5774,34.081857,3.741000,267.308206
5775,34.084803,2.946000,339.443313
5776,34.087882,3.079000,324.780773
5777,34.091610,3.728000,268.240343
5778,34.095020,3.410000,293.255132
5779,34.098846,3.826000,261.369577
5780,34.102316,3.470000,288.184438
5781,34.105280,2.964000,337.381916
5782,34.120419,15.139000,66.054561
5783,34.134882,14.463000,69.141948
5784,34.147553,12.671000,78.920369
5785,34.151389,3.836000,260.688217
5786,34.154734,3.345000,298.953662
5787,34.157752,3.018000,331.345262
5788,34.161387,3.635000,275.103164
5789,34.164727,3.340000,299.401198
5790,34.168143,3.416000,292.740047
5791,34.170967,2.824000,354.107649
5792,34.174277,3.310000,302.114804
5793,34.177236,2.959000,337.952011
5794,34.180305,3.069000,325.839036
5795,34.183216,2.911000,343.524562
5796,34.186126,2.910000,343.642612
5797,34.189888,3.762000,265.816055
5798,34.192974,3.086000,324.044070
5799,34.196193,3.219000,310.655483
5800,34.198859,2.666000,375.093773
5801,34.202867,4.008000,249.500998
5802,34.205920,3.053000,327.546675
5803,34.209589,3.669000,272.553829
5804,34.212417,2.828000,353.606789
5805,34.216392,3.975000,251.572327
5806,34.219206,2.814000,355.366027
5807,34.223135,3.929000,254.517689
5808,34.225880,2.745000,364.298725
5809,34.253709,27.829000,35.933738
5810,34.259411,5.702000,175.377061
5811,34.267502,8.091000,123.594117
5812,34.271270,3.768000,265.392781
5813,34.275555,4.285000,233.372229
5814,34.280223,4.668000,214.224507
5815,34.283344,3.121000,320.410125
5816,34.286108,2.764000,361.794501
5817,34.289131,3.023000,330.797221
5818,34.293652,4.521000,221.190002
5819,34.296743,3.091000,323.519896
5820,34.299950,3.207000,311.817898
5821,34.302857,2.907000,343.997248
5822,34.306891,4.034000,247.892910
5823,34.310053,3.162000,316.255534
5824,34.313081,3.028000,330.250991
5825,34.316098,3.017000,331.455088
5826,34.320234,4.136000,241.779497
5827,34.323404,3.170000,315.457413
5828,34.346988,23.584000,42.401628
5829,34.352334,5.346000,187.055743
5830,34.361109,8.775000,113.960114
5831,34.364804,3.695000,270.635995
5832,34.367688,2.884000,346.740638
5833,34.371442,3.754000,266.382525
5834,34.374775,3.333000,300.030003
5835,34.377850,3.075000,325.203252
5836,34.380862,3.012000,332.005312
5837,34.384178,3.316000,301.568154
5838,34.387721,3.543000,282.246684
5839,34.390412,2.691000,371.609067
5840,34.393468,3.056000,327.225131
5841,34.396764,3.296000,303.398058
5842,34.400171,3.407000,293.513355
5843,34.403483,3.312000,301.932367
5844,34.406534,3.051000,327.761390
5845,34.410409,3.875000,258.064516
5846,34.413660,3.251000,307.597662
5847,34.439817,26.157000,38.230684
5848,34.453298,13.481000,74.178473
5849,34.456985,3.687000,271.223217
5850,34.459727,2.742000,364.697301
5851,34.462319,2.592000,385.802469
5852,34.465201,2.882000,346.981263
5853,34.469242,4.041000,247.463499
5854,34.480560,11.318000,88.354833
5855,34.484856,4.296000,232.774674
5856,34.489346,4.490000,222.717149
5857,34.495391,6.045000,165.425972
5858,34.499816,4.425000,225.988701
5859,34.503303,3.487000,286.779467
5860,34.506802,3.499000,285.795942
5861,34.521675,14.873000,67.235931
5862,34.535516,13.841000,72.249115
5863,34.548412,12.896000,77.543424
5864,34.553769,5.357000,186.671645
5865,34.558062,4.293000,232.937340
5866,34.563055,4.993000,200.280393
5867,34.568005,4.950000,202.020202
5868,34.571526,3.521000,284.010224
5869,34.575017,3.491000,286.450874
5870,34.588081,13.064000,76.546234
5871,34.592736,4.655000,214.822771
5872,34.596600,3.864000,258.799172
5873,34.599878,3.278000,305.064063
5874,34.604669,4.791000,208.724692
5875,34.608994,4.325000,231.213873
5876,34.611743,2.749000,363.768643
5877,34.615605,3.862000,258.933195
5878,34.619111,3.506000,285.225328
5879,34.621888,2.777000,360.100828
5880,34.624615,2.727000,366.703337
5881,34.627999,3.384000,295.508274
5882,34.644194,16.195000,61.747453
5883,34.653437,9.243000,108.189982
5884,34.656816,3.379000,295.945546
5885,34.659141,2.325000,430.107527
5886,34.661907,2.766000,361.532899
5887,34.666303,4.396000,227.479527
5888,34.669219,2.916000,342.935528
5889,34.677471,8.252000,121.182744
5890,34.680760,3.289000,304.043782
5891,34.683139,2.379000,420.344683
5892,34.685436,2.297000,435.350457
5893,34.687778,2.342000,426.985482
5894,34.689867,2.089000,478.697942
5895,34.691955,2.088000,478.927203
5896,34.693992,2.037000,490.918017
5897,34.696003,2.011000,497.265042
5898,34.698074,2.071000,482.858522
5899,34.700385,2.311000,432.713111
5900,34.702865,2.480000,403.225806
5901,34.704824,1.959000,510.464523
5902,34.707107,2.283000,438.020149
5903,34.711535,4.428000,225.835592
5904,34.720738,9.203000,108.660219
5905,34.733630,12.892000,77.567484
5906,34.736047,2.417000,413.736036
5907,34.738196,2.149000,465.332713
5908,34.740247,2.051000,487.567040
5909,34.742340,2.093000,477.783086
5910,34.744480,2.140000,467.289720
5911,34.746398,1.918000,521.376434
5912,34.748473,2.075000,481.927711
5913,34.750646,2.173000,460.193281
5914,34.752934,2.288000,437.062937
5915,34.756598,3.664000,272.925764
5916,34.760237,3.639000,274.800769
5917,34.762476,2.239000,446.627959
5918,34.764884,2.408000,415.282392
5919,34.767648,2.764000,361.794501
5920,34.770922,3.274000,305.436775
5921,34.773157,2.235000,447.427293
5922,34.775372,2.215000,451.467269
5923,34.777619,2.247000,445.037828
5924,34.779631,2.012000,497.017893
5925,34.783297,3.666000,272.776869
5926,34.786881,3.584000,279.017857
5927,34.789254,2.373000,421.407501
5928,34.793004,3.750000,266.666667
5929,34.795370,2.366000,422.654269
5930,34.800279,4.909000,203.707476
5931,34.804861,4.582000,218.245308
5932,34.807735,2.874000,347.947112
5933,34.810480,2.745000,364.298725
5934,34.812609,2.129000,469.704086
5935,34.815472,2.863000,349.283968
5936,34.818268,2.796000,357.653791
5937,34.820914,2.646000,377.928949
5938,34.824412,3.498000,285.877644
5939,34.826519,2.107000,474.608448
5940,34.853600,27.081000,36.926258
5941,34.866144,12.544000,79.719388
5942,34.869095,2.951000,338.868180
5943,34.871612,2.517000,397.298371
5944,34.873746,2.134000,468.603561
5945,34.877170,3.424000,292.056075
5946,34.879294,2.124000,470.809793
5947,34.882931,3.637000,274.951883
5948,34.885671,2.740000,364.963504
5949,34.888553,2.882000,346.981263
5950,34.890670,2.117000,472.366556
5951,34.894589,3.919000,255.167134
5952,34.897413,2.824000,354.107649
5953,34.900679,3.266000,306.184936
5954,34.902800,2.121000,471.475719
5955,34.906100,3.300000,303.030303
5956,34.908571,2.471000,404.694456
5957,34.911828,3.257000,307.031010
5958,34.914387,2.559000,390.777648
5959,34.917782,3.395000,294.550810
5960,34.947088,29.306000,34.122705
5961,34.960346,13.258000,75.426158
5962,34.963211,2.865000,349.040140
5963,34.965145,1.934000,517.063082
5964,34.968724,3.579000,279.407656
5965,34.973220,4.496000,222.419929
5966,34.976758,3.538000,282.645562
5967,34.980380,3.622000,276.090558
5968,34.983137,2.757000,362.713094
5969,34.985005,1.868000,535.331906
5970,34.987089,2.084000,479.846449
5971,34.989157,2.068000,483.558994
5972,34.991698,2.541000,393.545848
5973,34.994990,3.292000,303.766707
5974,34.998571,3.581000,279.251606
5975,35.002045,3.474000,287.852619
5976,35.004622,2.577000,388.048118
5977,35.007843,3.221000,310.462589
5978,35.011343,3.500000,285.714286
5979,35.014861,3.518000,284.252416
5980,35.018259,3.398000,294.290759
5981,35.021581,3.322000,301.023480
5982,35.024316,2.735000,365.630713
5983,35.034828,10.512000,95.129376
5984,35.054478,19.650000,50.890585
5985,35.067450,12.972000,77.089115
5986,35.070483,3.033000,329.706561
5987,35.073057,2.574000,388.500389
5988,35.076297,3.240000,308.641975
5989,35.078805,2.508000,398.724083
5990,35.082279,3.474000,287.852619
5991,35.084866,2.587000,386.548125
5992,35.087951,3.085000,324.149109
5993,35.090567,2.616000,382.262997
5994,35.094823,4.256000,234.962406
5995,35.097406,2.583000,387.146729
5996,35.100639,3.233000,309.310238
5997,35.103343,2.704000,369.822485
5998,35.108073,4.730000,211.416490
5999,35.110672,2.599000,384.763371
6000,35.119861,9.189000,108.825770
6001,35.148250,28.389000,35.224911
6002,35.161178,12.928000,77.351485
6003,35.165312,4.134000,241.896468
6004,35.168009,2.697000,370.782351
6005,35.171877,3.868000,258.531541
6006,35.174389,2.512000,398.089172
6007,35.178016,3.627000,275.709953
6008,35.180620,2.604000,384.024578
6009,35.183768,3.148000,317.662008
6010,35.188569,4.801000,208.289940
6011,35.191701,3.132000,319.284802
6012,35.195008,3.307000,302.388872
6013,35.198292,3.284000,304.506699
6014,35.201673,3.381000,295.770482
6015,35.204146,2.473000,404.367165
6016,35.207474,3.328000,300.480769
6017,35.210402,2.928000,341.530055
6018,35.214850,4.448000,224.820144
6019,35.217395,2.545000,392.927308
6020,35.220765,3.370000,296.735905
6021,35.223246,2.481000,403.063281
6022,35.253833,30.587000,32.693628
6023,35.260726,6.893000,145.074713
6024,35.267234,6.508000,153.657037
6025,35.270349,3.115000,321.027287
6026,35.273152,2.803000,356.760614
6027,35.275924,2.772000,360.750361
6028,35.278649,2.725000,366.972477
6029,35.282441,3.792000,263.713080
6030,35.285050,2.609000,383.288616
6031,35.288522,3.472000,288.018433
6032,35.291084,2.562000,390.320062
6033,35.295332,4.248000,235.404896
6034,35.298292,2.960000,337.837838
6035,35.301400,3.108000,321.750322
6036,35.303872,2.472000,404.530744
6037,35.308518,4.646000,215.238915
6038,35.311482,2.964000,337.381916
6039,35.314692,3.210000,311.526480
6040,35.317375,2.683000,372.717108
6041,35.347181,29.806000,33.550292
6042,35.359335,12.154000,82.277440
6043,35.362620,3.285000,304.414003
6044,35.364960,2.340000,427.350427
6045,35.367304,2.344000,426.621160
6046,35.369494,2.190000,456.621005
6047,35.371935,2.441000,409.668169
6048,35.374658,2.723000,367.242012
6049,35.377374,2.716000,368.188513
6050,35.379893,2.519000,396.982930
6051,35.383952,4.059000,246.366100
6052,35.388038,4.086000,244.738130
6053,35.391354,3.316000,301.568154
6054,35.394439,3.085000,324.149109
6055,35.397446,3.007000,332.557366
6056,35.400683,3.237000,308.928020
6057,35.403896,3.213000,311.235605
6058,35.407151,3.255000,307.219662
6059,35.409980,2.829000,353.481796
6060,35.412617,2.637000,379.218809
6061,35.439778,27.161000,36.817496
6062,35.452309,12.531000,79.802091
6063,35.456704,4.395000,227.531286
6064,35.459609,2.905000,344.234079
6065,35.462229,2.620000,381.679389
6066,35.464784,2.555000,391.389432
6067,35.468330,3.546000,282.007896
6068,35.471612,3.282000,304.692261
6069,35.474304,2.692000,371.471025
6070,35.477610,3.306000,302.480339
6071,35.480920,3.310000,302.114804
6072,35.483639,2.719000,367.782273
6073,35.486244,2.605000,383.877159
6074,35.493680,7.436000,134.480904
6075,35.504442,10.762000,92.919532
6076,35.520746,16.304000,61.334642
6077,35.534196,13.450000,74.349442
6078,35.548054,13.858000,72.160485
6079,35.560605,12.551000,79.674926
6080,35.564432,3.827000,261.301280
6081,35.567243,2.811000,355.745286
6082,35.569543,2.300000,434.782609
6083,35.572128,2.585000,386.847195
6084,35.574910,2.782000,359.453630
6085,35.577765,2.855000,350.262697
6086,35.580337,2.572000,388.802488
6087,35.582880,2.543000,393.236335
6088,35.586352,3.472000,288.018433
6089,35.589411,3.059000,326.904217
6090,35.592502,3.091000,323.519896
6091,35.595360,2.858000,349.895031
6092,35.599720,4.360000,229.357798
6093,35.603046,3.326000,300.661455
6094,35.605502,2.456000,407.166124
6095,35.608002,2.500000,400.000000
6096,35.611384,3.382000,295.683028
6097,35.614214,2.830000,353.356890
6098,35.621988,7.774000,128.633908
6099,35.641349,19.361000,51.650225
6100,35.654696,13.347000,74.923204
6101,35.659241,4.545000,220.022002
6102,35.661669,2.428000,411.861614
6103,35.664431,2.762000,362.056481
6104,35.667118,2.687000,372.162263
6105,35.669928,2.810000,355.871886
6106,35.672554,2.626000,380.807312
6107,35.674909,2.355000,424.628450
6108,35.677387,2.478000,403.551251
6109,35.680996,3.609000,277.085065
6110,35.683519,2.523000,396.353547
6111,35.686813,3.294000,303.582271
6112,35.689304,2.491000,401.445203
6113,35.694057,4.753000,210.393436
6114,35.708060,14.003000,71.413269
6115,35.711612,3.552000,281.531532
6116,35.714121,2.509000,398.565165
6117,35.717373,3.252000,307.503075
6118,35.719800,2.427000,412.031314
6119,35.734624,14.824000,67.458176
6120,35.746444,11.820000,84.602369
6121,35.751761,5.317000,188.075983
6122,35.755032,3.271000,305.716906
6123,35.758165,3.133000,319.182892
6124,35.760734,2.569000,389.256520
6125,35.764375,3.641000,274.649821
6126,35.767006,2.631000,380.083618
6127,35.769906,2.900000,344.827586
6128,35.774388,4.482000,223.114681
6129,35.777825,3.437000,290.951411
6130,35.781134,3.309000,302.206105
6131,35.784721,3.587000,278.784500
6132,35.788248,3.527000,283.527077
6133,35.790679,2.431000,411.353353
6134,35.794164,3.485000,286.944046
6135,35.797712,3.548000,281.848929
6136,35.801437,3.725000,268.456376
6137,35.803885,2.448000,408.496732
6138,35.807296,3.411000,293.169159
6139,35.810041,2.745000,364.298725
6140,35.827375,17.334000,57.690089
6141,35.840268,12.893000,77.561467
6142,35.846540,6.272000,159.438776
6143,35.849772,3.232000,309.405941
6144,35.852876,3.104000,322.164948
6145,35.855907,3.031000,329.924117
6146,35.860259,4.352000,229.779412
6147,35.863723,3.464000,288.683603
6148,35.868865,5.142000,194.476857
6149,35.872239,3.374000,296.384114
6150,35.876468,4.229000,236.462521
6151,35.879964,3.496000,286.041190
6152,35.884299,4.335000,230.680507
6153,35.887484,3.185000,313.971743
6154,35.891411,3.927000,254.647313
6155,35.894574,3.163000,316.155549
6156,35.897951,3.377000,296.120817
6157,35.901042,3.091000,323.519896
6158,35.904597,3.555000,281.293952
6159,35.908056,3.459000,289.100896
6160,35.911704,3.648000,274.122807
6161,35.915396,3.692000,270.855905
6162,35.919534,4.138000,241.662639
6163,35.934059,14.525000,68.846816
6164,35.937871,3.812000,262.329486
6165,35.947925,10.054000,99.462900
6166,35.952371,4.446000,224.921278
6167,35.956904,4.533000,220.604456
6168,35.961832,4.928000,202.922078
6169,35.965585,3.753000,266.453504
6170,35.969373,3.788000,263.991552
6171,35.971848,2.475000,404.040404
6172,35.975840,3.992000,250.501002
6173,35.979541,3.701000,270.197244
6174,35.984060,4.519000,221.287896
6175,35.987893,3.833000,260.892252
6176,35.991146,3.253000,307.408546
6177,35.995202,4.056000,246.548323
6178,35.998111,2.909000,343.760743
6179,36.001578,3.467000,288.433804
6180,36.004268,2.690000,371.747212
6181,36.008578,4.310000,232.018561
6182,36.013177,4.599000,217.438574
6183,36.016619,3.442000,290.528762
6184,36.019350,2.731000,366.166239
6185,36.023136,3.786000,264.131009
6186,36.025865,2.729000,366.434591
6187,36.054306,28.441000,35.160508
6188,36.060489,6.183000,161.733786
6189,36.067061,6.572000,152.160682
6190,36.070927,3.866000,258.665287
6191,36.073738,2.811000,355.745286
6192,36.077015,3.277000,305.157156
6193,36.079743,2.728000,366.568915
6194,36.083508,3.765000,265.604250
6195,36.086254,2.746000,364.166060
6196,36.089951,3.697000,270.489586
6197,36.092762,2.811000,355.745286
6198,36.096803,4.041000,247.463499
6199,36.099604,2.801000,357.015352
6200,36.103211,3.607000,277.238703
6201,36.105821,2.610000,383.141762
6202,36.109465,3.644000,274.423710
6203,36.112109,2.644000,378.214826
6204,36.115714,3.605000,277.392510
6205,36.118461,2.747000,364.033491
6206,36.146738,28.277000,35.364430
6207,36.151355,4.617000,216.590860
6208,36.160942,9.587000,104.307917
6209,36.164679,3.737000,267.594327
6210,36.168812,4.133000,241.954996
6211,36.173014,4.202000,237.981913
6212,36.176401,3.387000,295.246531
6213,36.179085,2.684000,372.578241
6214,36.181994,2.909000,343.760743
6215,36.184645,2.651000,377.216145
6216,36.188482,3.837000,260.620276
6217,36.191197,2.715000,368.324125
6218,36.194706,3.509000,284.981476
6219,36.197420,2.714000,368.459838
6220,36.201731,4.311000,231.964741
6221,36.204830,3.099000,322.684737
6222,36.208094,3.264000,306.372549
6223,36.210639,2.545000,392.927308
6224,36.215247,4.608000,217.013889
6225,36.218588,3.341000,299.311583
6226,36.221877,3.289000,304.043782
6227,36.224767,2.890000,346.020761
6228,36.253848,29.081000,34.386713
6229,36.259476,5.628000,177.683014
6230,36.267558,8.082000,123.731750
6231,36.271237,3.679000,271.812993
6232,36.273864,2.627000,380.662352
6233,36.277995,4.131000,242.072137
6234,36.282648,4.653000,214.915109
6235,36.286040,3.392000,294.811321
6236,36.288738,2.698000,370.644922
6237,36.293313,4.575000,218.579235
6238,36.297193,3.880000,257.731959
6239,36.300292,3.099000,322.684737
6240,36.304537,4.245000,235.571260
6241,36.307816,3.279000,304.971028
6242,36.316684,8.868000,112.764998
6243,36.335692,19.008000,52.609428
6244,36.348116,12.424000,80.489375
6245,36.352512,4.396000,227.479527
6246,36.355994,3.482000,287.191269
6247,36.360260,4.266000,234.411627
6248,36.364225,3.965000,252.206810
6249,36.367797,3.572000,279.955207
6250,36.370350,2.553000,391.696044
6251,36.373444,3.094000,323.206206
6252,36.376978,3.534000,282.965478
6253,36.381485,4.507000,221.877080
6254,36.384770,3.285000,304.414003
6255,36.387922,3.152000,317.258883
6256,36.390682,2.760000,362.318841
6257,36.393719,3.037000,329.272308
6258,36.398485,4.766000,209.819555
6259,36.402551,4.066000,245.941958
6260,36.405262,2.711000,368.867577
6261,36.409489,4.227000,236.574403
6262,36.412996,3.507000,285.143998
6263,36.416557,3.561000,280.819994
6264,36.419888,3.331000,300.210147
6265,36.423493,3.605000,277.392510
6266,36.427087,3.594000,278.241514
6267,36.454448,27.361000,36.548372
6268,36.466609,12.161000,82.230080
6269,36.470706,4.097000,244.081035
6270,36.473274,2.568000,389.408100
6271,36.475904,2.630000,380.228137
6272,36.479993,4.089000,244.558572
6273,36.484532,4.539000,220.312844
6274,36.487577,3.045000,328.407225
6275,36.490402,2.825000,353.982301
6276,36.493875,3.473000,287.935502
6277,36.497211,3.336000,299.760192
6278,36.500489,3.278000,305.064063
6279,36.503230,2.741000,364.830354
6280,36.506244,3.014000,331.785003
6281,36.512465,6.221000,160.745861
6282,36.535521,23.056000,43.372658
6283,36.548410,12.889000,77.585538
6284,36.552255,3.845000,260.078023
6285,36.555036,2.781000,359.582884
6286,36.558549,3.513000,284.656988
6287,36.562261,3.712000,269.396552
6288,36.573892,11.631000,85.977130
6289,36.601998,28.106000,35.579592
6290,36.614181,12.183000,82.081589
6291,36.628044,13.863000,72.134459
6292,36.642313,14.269000,70.081996
6293,36.654649,12.336000,81.063554
6294,36.667509,12.860000,77.760498
6295,36.671738,4.229000,236.462521
6296,36.674638,2.900000,344.827586
6297,36.677509,2.871000,348.310693
6298,36.681020,3.511000,284.819140
6299,36.684086,3.066000,326.157860
6300,36.688629,4.543000,220.118864
6301,36.693117,4.488000,222.816399
6302,36.696235,3.118000,320.718409
6303,36.698941,2.706000,369.549150
6304,36.701904,2.963000,337.495781
6305,36.706351,4.447000,224.870699
6306,36.710580,4.229000,236.462521
6307,36.713884,3.304000,302.663438
6308,36.716626,2.742000,364.697301
6309,36.720169,3.543000,282.246684
6310,36.747569,27.400000,36.496350
6311,36.752763,5.194000,192.529842
6312,36.760691,7.928000,126.135217
6313,36.765051,4.360000,229.357798
6314,36.768297,3.246000,308.071473
6315,36.771138,2.841000,351.988736
6316,36.775122,3.984000,251.004016
6317,36.787343,12.221000,81.826364
6318,36.791780,4.437000,225.377507
6319,36.795991,4.211000,237.473284
6320,36.800560,4.569000,218.866273
6321,36.804246,3.686000,271.296799
6322,36.807896,3.650000,273.972603
6323,36.812283,4.387000,227.946205
6324,36.814858,2.575000,388.349515
6325,36.817365,2.507000,398.883127
6326,36.829771,12.406000,80.606158
6327,36.841697,11.926000,83.850411
6328,36.853367,11.670000,85.689803
6329,36.866391,13.024000,76.781327
6330,36.881063,14.672000,68.157034
6331,36.893608,12.545000,79.713033
6332,36.908288,14.680000,68.119891
6333,36.921196,12.908000,77.471336
6334,36.933643,12.447000,80.340644
6335,36.946390,12.747000,78.449831
6336,36.959696,13.306000,75.154066
6337,36.973437,13.741000,72.774907
6338,36.988168,14.731000,67.884054
6339,37.002001,13.833000,72.290899
6340,37.013309,11.308000,88.432968
6341,37.026001,12.692000,78.789789
6342,37.040629,14.628000,68.362045
6343,37.053798,13.169000,75.935910
6344,37.067090,13.292000,75.233223
6345,37.079978,12.888000,77.591558
6346,37.093635,13.657000,73.222523
6347,37.107019,13.384000,74.716079
6348,37.120682,13.663000,73.190368
6349,37.133384,12.702000,78.727759
6350,37.147659,14.275000,70.052539
6351,37.161237,13.578000,73.648549
6352,37.173123,11.886000,84.132593
6353,37.186351,13.228000,75.597218
6354,37.199771,13.420000,74.515648
6355,37.213246,13.475000,74.211503
6356,37.226158,12.912000,77.447336
6357,37.239728,13.570000,73.691968
6358,37.253663,13.935000,71.761751
6359,37.266605,12.942000,77.267810
6360,37.279538,12.933000,77.321580
6361,37.292814,13.276000,75.323893
6362,37.306312,13.498000,74.085050
6363,37.320272,13.960000,71.633238
6364,37.332666,12.394000,80.684202
6365,37.346514,13.848000,72.212594
6366,37.360581,14.067000,71.088363
6367,37.373785,13.204000,75.734626
6368,37.387889,14.104000,70.901872
6369,37.401350,13.461000,74.288686
6370,37.413679,12.329000,81.109579
6371,37.427319,13.640000,73.313783
6372,37.441273,13.954000,71.664039
6373,37.453845,12.572000,79.541839
6374,37.467107,13.262000,75.403408
6375,37.480222,13.115000,76.248570
6376,37.493721,13.499000,74.079561
6377,37.507875,14.154000,70.651406
6378,37.521357,13.482000,74.172971
6379,37.533402,12.045000,83.022001
6380,37.546864,13.462000,74.283167
6381,37.560108,13.244000,75.505889
6382,37.573069,12.961000,77.154541
6383,37.586990,13.921000,71.833920
6384,37.600780,13.790000,72.516316
6385,37.613373,12.593000,79.409196
6386,37.626189,12.816000,78.027466
6387,37.641763,15.574000,64.209580
6388,37.654439,12.676000,78.889240
6389,37.666706,12.267000,81.519524
6390,37.672320,5.614000,178.126113
6391,37.677476,5.156000,193.948798
6392,37.680582,3.106000,321.957502
6393,37.683060,2.478000,403.551251
6394,37.685517,2.457000,407.000407
6395,37.687764,2.247000,445.037828
6396,37.690003,2.239000,446.627959
6397,37.692175,2.172000,460.405157
6398,37.694514,2.339000,427.533134
6399,37.705623,11.109000,90.017103
6400,37.710237,4.614000,216.731686
6401,37.721190,10.953000,91.299187
6402,37.733278,12.088000,82.726671
6403,37.746977,13.699000,72.998029
6404,37.760196,13.219000,75.648687
6405,37.763105,2.909000,343.760743
6406,37.767261,4.156000,240.615977
6407,37.771125,3.864000,258.799172
6408,37.774631,3.506000,285.225328
6409,37.777420,2.789000,358.551452
6410,37.780755,3.335000,299.850075
6411,37.783758,3.003000,333.000333
6412,37.787225,3.467000,288.433804
6413,37.790494,3.269000,305.903946
6414,37.794002,3.508000,285.062714
6415,37.797373,3.371000,296.647879
6416,37.799807,2.434000,410.846343
6417,37.803069,3.262000,306.560392
6418,37.805493,2.424000,412.541254
6419,37.809051,3.558000,281.056773
6420,37.811860,2.809000,355.998576
6421,37.815541,3.681000,271.665308
6422,37.818039,2.498000,400.320256
6423,37.821549,3.510000,284.900285
6424,37.824221,2.672000,374.251497
6425,37.854524,30.303000,33.000033
6426,37.861617,7.093000,140.984069
6427,37.866937,5.320000,187.969925
6428,37.871900,4.963000,201.491034
6429,37.874419,2.519000,396.982930
6430,37.877940,3.521000,284.010224
6431,37.880611,2.671000,374.391614
6432,37.884164,3.553000,281.452294
6433,37.886989,2.825000,353.982301
6434,37.890474,3.485000,286.944046
6435,37.893042,2.568000,389.408100
6436,37.896546,3.504000,285.388128
6437,37.899624,3.078000,324.886290
6438,37.903187,3.563000,280.662363
6439,37.905806,2.619000,381.825124
6440,37.909197,3.391000,294.898260
6441,37.911799,2.602000,384.319754
6442,37.915370,3.571000,280.033604
6443,37.917578,2.208000,452.898551
6444,37.947312,29.734000,33.631533
6445,37.951531,4.219000,237.022991
6446,37.960819,9.288000,107.665805
6447,37.964749,3.930000,254.452926
6448,37.969346,4.597000,217.533174
6449,37.974321,4.975000,201.005025
6450,37.978035,3.714000,269.251481
6451,37.981206,3.171000,315.357931
6452,37.984834,3.628000,275.633958
6453,37.988634,3.800000,263.157895
6454,37.992068,3.434000,291.205591
6455,37.995779,3.711000,269.469146
6456,37.999733,3.954000,252.908447
6457,38.014140,14.407000,69.410703
6458,38.029006,14.866000,67.267590
6459,38.039741,10.735000,93.153237
6460,38.043897,4.156000,240.615977
6461,38.046541,2.644000,378.214826
6462,38.050252,3.711000,269.469146
6463,38.053593,3.341000,299.311583
6464,38.057026,3.433000,291.290417
6465,38.059864,2.838000,352.360817
6466,38.063428,3.564000,280.583614
6467,38.066165,2.737000,365.363537
6468,38.069855,3.690000,271.002710
6469,38.072612,2.757000,362.713094
6470,38.076005,3.393000,294.724433
6471,38.078831,2.826000,353.857042
6472,38.082197,3.366000,297.088532
6473,38.085123,2.926000,341.763500
6474,38.088657,3.534000,282.965478
6475,38.096710,8.053000,124.177325
6476,38.100551,3.841000,260.348867
6477,38.103225,2.674000,373.971578
6478,38.107466,4.241000,235.793445
6479,38.120384,12.918000,77.411364
6480,38.133659,13.275000,75.329567
6481,38.146001,12.342000,81.024145
6482,38.151636,5.635000,177.462289
6483,38.155718,4.082000,244.977952
6484,38.159331,3.613000,276.778301
6485,38.165044,5.713000,175.039384
6486,38.168616,3.572000,279.955207
6487,38.172212,3.596000,278.086763
6488,38.175584,3.372000,296.559905
6489,38.179142,3.558000,281.056773
6490,38.182757,3.615000,276.625173
6491,38.185413,2.656000,376.506024
6492,38.188048,2.635000,379.506641
6493,38.191148,3.100000,322.580645
6494,38.194247,3.099000,322.684737
6495,38.199309,5.062000,197.550375
6496,38.203759,4.450000,224.719101
6497,38.209302,5.543000,180.407721
6498,38.215009,5.707000,175.223410
6499,38.240823,25.814000,38.738669
6500,38.247277,6.454000,154.942671
6501,38.253445,6.168000,162.127108
6502,38.257901,4.456000,224.416517
6503,38.261055,3.154000,317.057705
6504,38.263456,2.401000,416.493128
6505,38.268083,4.627000,216.122758
6506,38.271526,3.443000,290.444380
6507,38.274736,3.210000,311.526480
6508,38.278345,3.609000,277.085065
6509,38.283796,5.451000,183.452578
6510,38.288506,4.710000,212.314225
6511,38.293370,4.864000,205.592105
6512,38.297415,4.045000,247.218789
6513,38.300293,2.878000,347.463516
6514,38.303962,3.669000,272.553829
6515,38.306696,2.734000,365.764448
6516,38.309780,3.084000,324.254215
6517,38.312630,2.850000,350.877193
6518,38.316304,3.674000,272.182907
6519,38.318922,2.618000,381.970970
6520,38.347048,28.126000,35.554291
6521,38.350841,3.793000,263.643554
6522,38.360213,9.372000,106.700811
6523,38.362914,2.701000,370.233247
6524,38.365093,2.179000,458.926113
6525,38.367203,2.110000,473.933649
6526,38.373698,6.495000,153.964588
6527,38.377776,4.078000,245.218244
6528,38.381058,3.282000,304.692261
6529,38.384380,3.322000,301.023480
6530,38.387379,2.999000,333.444481
6531,38.390080,2.701000,370.233247
6532,38.392603,2.523000,396.353547
6533,38.395639,3.036000,329.380764
6534,38.398587,2.948000,339.213026
6535,38.401355,2.768000,361.271676
6536,38.404766,3.411000,293.169159
6537,38.408819,4.053000,246.730817
6538,38.411595,2.776000,360.230548
6539,38.420667,9.072000,110.229277
6540,38.442030,21.363000,46.809905
6541,38.454324,12.294000,81.340491
6542,38.458483,4.159000,240.442414
6543,38.461551,3.068000,325.945241
6544,38.466579,5.028000,198.886237
6545,38.472262,5.683000,175.963400
6546,38.475346,3.084000,324.254215
6547,38.477966,2.620000,381.679389
6548,38.480564,2.598000,384.911470
6549,38.483047,2.483000,402.738623
6550,38.485938,2.891000,345.901072
6551,38.488935,2.997000,333.667000
6552,38.494876,5.941000,168.321831
6553,38.498750,3.874000,258.131131
6554,38.501578,2.828000,353.606789
6555,38.504175,2.597000,385.059684
6556,38.507886,3.711000,269.469146
6557,38.510659,2.773000,360.620267
6558,38.513847,3.188000,313.676286
6559,38.516659,2.812000,355.618777
6560,38.547410,30.751000,32.519268
6561,38.559839,12.429000,80.456996
6562,38.563725,3.886000,257.334020
6563,38.574204,10.479000,95.428953
6564,38.578602,4.398000,227.376080
6565,38.583150,4.548000,219.876869
6566,38.587779,4.629000,216.029380
6567,38.591814,4.035000,247.831475
6568,38.595260,3.446000,290.191526
6569,38.597925,2.665000,375.234522
6570,38.601685,3.760000,265.957447
6571,38.604527,2.842000,351.864884
6572,38.608062,3.535000,282.885431
6573,38.611069,3.007000,332.557366
6574,38.613977,2.908000,343.878955
6575,38.616862,2.885000,346.620451
6576,38.620743,3.881000,257.665550
6577,38.640937,20.194000,49.519659
6578,38.655573,14.636000,68.324679
6579,38.666260,10.687000,93.571629
6580,38.670111,3.851000,259.672812
6581,38.672740,2.629000,380.372765
6582,38.675636,2.896000,345.303867
6583,38.679319,3.683000,271.517784
6584,38.682929,3.610000,277.008310
6585,38.685965,3.036000,329.380764
6586,38.689341,3.376000,296.208531
6587,38.692025,2.684000,372.578241
6588,38.695726,3.701000,270.197244
6589,38.699304,3.578000,279.485746
6590,38.703805,4.501000,222.172850
6591,38.708358,4.553000,219.635405
6592,38.711331,2.973000,336.360579
6593,38.716709,5.378000,185.942730
6594,38.733896,17.187000,58.183511
6595,38.738656,4.760000,210.084034
6596,38.747556,8.900000,112.359551
6597,38.752238,4.682000,213.583938
6598,38.755892,3.654000,273.672687
6599,38.758666,2.774000,360.490267
6600,38.762302,3.636000,275.027503
6601,38.765888,3.586000,278.862242
6602,38.768737,2.849000,351.000351
6603,38.771299,2.562000,390.320062
6604,38.774664,3.365000,297.176820
6605,38.777333,2.669000,374.672162
6606,38.779719,2.386000,419.111484
6607,38.782035,2.316000,431.778929
6608,38.784459,2.424000,412.541254
6609,38.786787,2.328000,429.553265
6610,38.788961,2.174000,459.981601
6611,38.791304,2.343000,426.803244
6612,38.793853,2.549000,392.310710
6613,38.796031,2.178000,459.136823
6614,38.798627,2.596000,385.208012
6615,38.803147,4.520000,221.238938
6616,38.806027,2.880000,347.222222
6617,38.808390,2.363000,423.190859
6618,38.810360,1.970000,507.614213
6619,38.812478,2.118000,472.143532
6620,38.815586,3.108000,321.750322
6621,38.819250,3.664000,272.925764
6622,38.822073,2.823000,354.233085
6623,38.824326,2.253000,443.852641
6624,38.834303,9.977000,100.230530
6625,38.854810,20.507000,48.763837
6626,38.867578,12.768000,78.320802
6627,38.873252,5.674000,176.242510
6628,38.875993,2.741000,364.830354
6629,38.879598,3.605000,277.392510
6630,38.884121,4.523000,221.092195
6631,38.887150,3.029000,330.141961
6632,38.890694,3.544000,282.167043
6633,38.893439,2.745000,364.298725
6634,38.896985,3.546000,282.007896
6635,38.899724,2.739000,365.096751
6636,38.903060,3.336000,299.760192
6637,38.905721,2.661000,375.798572
6638,38.909197,3.476000,287.686997
6639,38.911955,2.758000,362.581581
6640,38.915628,3.673000,272.257011
6641,38.917905,2.277000,439.174352
6642,38.947141,29.236000,34.204406
6643,38.952855,5.714000,175.008750
6644,38.960133,7.278000,137.400385
6645,38.963333,3.200000,312.500000
6646,38.966080,2.747000,364.033491
6647,38.968998,2.918000,342.700480
6648,38.971433,2.435000,410.677618
6649,38.974950,3.517000,284.333239
6650,38.978137,3.187000,313.774710
6651,38.981601,3.464000,288.683603
6652,38.986744,5.143000,194.439043
6653,38.989409,2.665000,375.234522
6654,38.992621,3.212000,311.332503
6655,38.995466,2.845000,351.493849
6656,38.999486,4.020000,248.756219
6657,39.014115,14.629000,68.357372
6658,39.017754,3.639000,274.800769
6659,39.021453,3.699000,270.343336
6660,39.024717,3.264000,306.372549
6661,39.027935,3.218000,310.752020
6662,39.039579,11.644000,85.881141
6663,39.052696,13.117000,76.236944
6664,39.055594,2.898000,345.065562
6665,39.057389,1.795000,557.103064
6666,39.061122,3.733000,267.881061
6667,39.064534,3.412000,293.083236
6668,39.068023,3.489000,286.615076
6669,39.071225,3.202000,312.304809
6670,39.073804,2.579000,387.747189
6671,39.077459,3.655000,273.597811
6672,39.080172,2.713000,368.595651
6673,39.083191,3.019000,331.235508
6674,39.085617,2.426000,412.201154
6675,39.089062,3.445000,290.275762
6676,39.091443,2.381000,419.991600
6677,39.095027,3.584000,279.017857
6678,39.097617,2.590000,386.100386
6679,39.100439,2.822000,354.358611
6680,39.104104,3.665000,272.851296
6681,39.106997,2.893000,345.661943
6682,39.119556,12.559000,79.624174
6683,39.124357,4.801000,208.289940
6684,39.133235,8.878000,112.637982
6685,39.136555,3.320000,301.204819
6686,39.139181,2.626000,380.807312
6687,39.142350,3.169000,315.556958
6688,39.144806,2.456000,407.166124
6689,39.148195,3.389000,295.072293
6690,39.150910,2.715000,368.324125
6691,39.154226,3.316000,301.568154
6692,39.157837,3.611000,276.931598
6693,39.160221,2.384000,419.463087
6694,39.162735,2.514000,397.772474
6695,39.166135,3.400000,294.117647
6696,39.169445,3.310000,302.114804
6697,39.174534,5.089000,196.502260
6698,39.177844,3.310000,302.114804
6699,39.182304,4.460000,224.215247
6700,39.186410,4.106000,243.546030
6701,39.188886,2.476000,403.877221
6702,39.191269,2.383000,419.639110
6703,39.194879,3.610000,277.008310
6704,39.199462,4.583000,218.197687
6705,39.202320,2.858000,349.895031
6706,39.204542,2.222000,450.045005
6707,39.207296,2.754000,363.108206
6708,39.210729,3.433000,291.290417
6709,39.214555,3.826000,261.369577
6710,39.218061,3.506000,285.225328
6711,39.220917,2.856000,350.140056
6712,39.224169,3.252000,307.503075
6713,39.226903,2.734000,365.764448
6714,39.253456,26.553000,37.660528
6715,39.259184,5.728000,174.581006
6716,39.267258,8.074000,123.854347
6717,39.271207,3.949000,253.228665
6718,39.273805,2.598000,384.911470
6719,39.277485,3.680000,271.739130
6720,39.280214,2.729000,366.434591
6721,39.283653,3.439000,290.782204
6722,39.286461,2.808000,356.125356
6723,39.290047,3.586000,278.862242
6724,39.292717,2.670000,374.531835
6725,39.296606,3.889000,257.135510
6726,39.299544,2.938000,340.367597
6727,39.303902,4.358000,229.463056
6728,39.309724,5.822000,171.762281
6729,39.320698,10.974000,91.124476
6730,39.331700,11.002000,90.892565
6731,39.349960,18.260000,54.764513
6732,39.360375,10.415000,96.015362
6733,39.364675,4.300000,232.558140
6734,39.368178,3.503000,285.469597
6735,39.371579,3.401000,294.031167
6736,39.375558,3.979000,251.319427
6737,39.379028,3.470000,288.184438
6738,39.382558,3.530000,283.286119
6739,39.386066,3.508000,285.062714
6740,39.388790,2.724000,367.107195
6741,39.391427,2.637000,379.218809
6742,39.394233,2.806000,356.379187
6743,39.396887,2.654000,376.789751
6744,39.399322,2.435000,410.677618
6745,39.401706,2.384000,419.463087
6746,39.413860,12.154000,82.277440
6747,39.427995,14.135000,70.746374
6748,39.441277,13.282000,75.289866
6749,39.454003,12.726000,78.579287
6750,39.458398,4.395000,227.531286
6751,39.461792,3.394000,294.637596
6752,39.464818,3.026000,330.469266
6753,39.468745,3.927000,254.647313
6754,39.472895,4.150000,240.963855
6755,39.476039,3.144000,318.066158
6756,39.478340,2.301000,434.593655
6757,39.480835,2.495000,400.801603
6758,39.483445,2.610000,383.141762
6759,39.485806,2.361000,423.549343
6760,39.488283,2.477000,403.714170
6761,39.490635,2.352000,425.170068
6762,39.494342,3.707000,269.759914
6763,39.497807,3.465000,288.600289
6764,39.501450,3.643000,274.499039
6765,39.505979,4.529000,220.799293
6766,39.508906,2.927000,341.646737
6767,39.517904,8.998000,111.135808
6768,39.534980,17.076000,58.561724
6769,39.547095,12.115000,82.542303
6770,39.550263,3.168000,315.656566
6771,39.552839,2.576000,388.198758
6772,39.555925,3.086000,324.044070
6773,39.558418,2.493000,401.123145
6774,39.561702,3.284000,304.506699
6775,39.574030,12.328000,81.116158
6776,39.577728,3.698000,270.416441
6777,39.580265,2.537000,394.166338
6778,39.583467,3.202000,312.304809
6779,39.585840,2.373000,421.407501
6780,39.589149,3.309000,302.206105
6781,39.591670,2.521000,396.667989
6782,39.595007,3.337000,299.670363
6783,39.597723,2.716000,368.188513
6784,39.601321,3.598000,277.932185
6785,39.604169,2.848000,351.123596
6786,39.607295,3.126000,319.897633
6787,39.609972,2.677000,373.552484
6788,39.615242,5.270000,189.753321
6789,39.618203,2.961000,337.723742
6790,39.620630,2.427000,412.031314
6791,39.630592,9.962000,100.381450
6792,39.653711,23.119000,43.254466
6793,39.657437,3.726000,268.384326
6794,39.667065,9.628000,103.863731
6795,39.670171,3.106000,321.957502
6796,39.673580,3.409000,293.341156
6797,39.677016,3.436000,291.036088
6798,39.680825,3.809000,262.536099
6799,39.683825,3.000000,333.333333
6800,39.686874,3.049000,327.976386
6801,39.690146,3.272000,305.623472
6802,39.694592,4.446000,224.921278
6803,39.697722,3.130000,319.488818
6804,39.700931,3.209000,311.623559
6805,39.703667,2.736000,365.497076
6806,39.707733,4.066000,245.941958
6807,39.710861,3.128000,319.693095
6808,39.714355,3.494000,286.204923
6809,39.717118,2.763000,361.925443
6810,39.719558,2.440000,409.836066
6811,39.722092,2.534000,394.632991
6812,39.746841,24.749000,40.405673
6813,39.754309,7.468000,133.904660
6814,39.760847,6.538000,152.951973
6815,39.766410,5.563000,179.759123
6816,39.769448,3.038000,329.163924
6817,39.773103,3.655000,273.597811
6818,39.777882,4.779000,209.248797
6819,39.780832,2.950000,338.983051
6820,39.784295,3.463000,288.766965
6821,39.787378,3.083000,324.359390
6822,39.790594,3.216000,310.945274
6823,39.793359,2.765000,361.663653
6824,39.796568,3.209000,311.623559
6825,39.799849,3.281000,304.785126
6826,39.802369,2.520000,396.825397
6827,39.808371,6.002000,166.611130
6828,39.813193,4.822000,207.382829
6829,39.820711,7.518000,133.014099
6830,39.852766,32.055000,31.196381
6831,39.857363,4.597000,217.533174
6832,39.861054,3.691000,270.929287
6833,39.863574,2.520000,396.825397
6834,39.868252,4.678000,213.766567
6835,39.872243,3.991000,250.563768
6836,39.875843,3.600000,277.777778
6837,39.880174,4.331000,230.893558
6838,39.884564,4.390000,227.790433
6839,39.889088,4.524000,221.043324
6840,39.895126,6.038000,165.617754
6841,39.908256,13.130000,76.161462
6842,39.917464,9.208000,108.601216
6843,39.934789,17.325000,57.720058
6844,39.948438,13.649000,73.265441
6845,39.960987,12.549000,79.687625
6846,39.973809,12.822000,77.990953
6847,39.979717,5.908000,169.262018
6848,39.983364,3.647000,274.197971
6849,39.988098,4.734000,211.237854
6850,39.993353,5.255000,190.294957
6851,39.997308,3.955000,252.844501
6852,40.000919,3.611000,276.931598
6853,40.004381,3.462000,288.850376
6854,40.008492,4.111000,243.249818
6855,40.011980,3.488000,286.697248
6856,40.014704,2.724000,367.107195
6857,40.017382,2.678000,373.412995
6858,40.020580,3.198000,312.695435
6859,40.023672,3.092000,323.415265
6860,40.026700,3.028000,330.250991
6861,40.032907,6.207000,161.108426
6862,40.054683,21.776000,45.922116
6863,40.067114,12.431000,80.444051
6864,40.071182,4.068000,245.821042
6865,40.073913,2.731000,366.166239
6866,40.076432,2.519000,396.982930
6867,40.081583,5.151000,194.137061
6868,40.084750,3.167000,315.756236
6869,40.087917,3.167000,315.756236
6870,40.092119,4.202000,237.981913
6871,40.095683,3.564000,280.583614
6872,40.099051,3.368000,296.912114
6873,40.102160,3.109000,321.646832
6874,40.106061,3.901000,256.344527
6875,40.120224,14.163000,70.606510
6876,40.131120,10.896000,91.776799
6877,40.139822,8.702000,114.916111
6878,40.146723,6.901000,144.906535
6879,40.150060,3.337000,299.670363
6880,40.152965,2.905000,344.234079
6881,40.156536,3.571000,280.033604
6882,40.159274,2.738000,365.230095
6883,40.162736,3.462000,288.850376
6884,40.165323,2.587000,386.548125
6885,40.168788,3.465000,288.600289
6886,40.171510,2.722000,367.376929
6887,40.175165,3.655000,273.597811
6888,40.177633,2.468000,405.186386
6889,40.181097,3.464000,288.683603
6890,40.183620,2.523000,396.353547
6891,40.187217,3.597000,278.009452
6892,40.189632,2.415000,414.078675
6893,40.193126,3.494000,286.204923
6894,40.195781,2.655000,376.647834
6895,40.199307,3.526000,283.607487
6896,40.201806,2.499000,400.160064
6897,40.205285,3.479000,287.438919
6898,40.208103,2.818000,354.861604
6899,40.211968,3.865000,258.732212
6900,40.214757,2.789000,358.551452
6901,40.226539,11.782000,84.875233
6902,40.239064,12.525000,79.840319
6903,40.242002,2.938000,340.367597
6904,40.244347,2.345000,426.439232
6905,40.247808,3.461000,288.933834
6906,40.250420,2.612000,382.848392
6907,40.253837,3.417000,292.654375
6908,40.257423,3.586000,278.862242
6909,40.260756,3.333000,300.030003
6910,40.263838,3.082000,324.464633
6911,40.266156,2.318000,431.406385
6912,40.269144,2.988000,334.672021
6913,40.272572,3.428000,291.715286
6914,40.275835,3.263000,306.466442
6915,40.280838,5.003000,199.880072
6916,40.283788,2.950000,338.983051
6917,40.287346,3.558000,281.056773
6918,40.290354,3.008000,332.446809
6919,40.292523,2.169000,461.041955
6920,40.306663,14.140000,70.721358
6921,40.320859,14.196000,70.442378
6922,40.333907,13.048000,76.640098
6923,40.336799,2.892000,345.781466
6924,40.346983,10.184000,98.193244
6925,40.350712,3.729000,268.168410
6926,40.353169,2.457000,407.000407
6927,40.356457,3.288000,304.136253
6928,40.359438,2.981000,335.457900
6929,40.362576,3.138000,318.674315
6930,40.373691,11.115000,89.968511
6931,40.377729,4.038000,247.647350
6932,40.380305,2.576000,388.198758
6933,40.383810,3.505000,285.306705
6934,40.386540,2.730000,366.300366
6935,40.390084,3.544000,282.167043
6936,40.392579,2.495000,400.801603
6937,40.396311,3.732000,267.952840
6938,40.399681,3.370000,296.735905
6939,40.403076,3.395000,294.550810
6940,40.405921,2.845000,351.493849
6941,40.409366,3.445000,290.275762
6942,40.412019,2.653000,376.931775
6943,40.426871,14.852000,67.330999
6944,40.439261,12.390000,80.710250
6945,40.443066,3.805000,262.812089
6946,40.445641,2.575000,388.349515
6947,40.448502,2.861000,349.528137
6948,40.453022,4.520000,221.238938
6949,40.457674,4.652000,214.961307
6950,40.460588,2.914000,343.170899
6951,40.464505,3.917000,255.297421
6952,40.468969,4.464000,224.014337
6953,40.472510,3.541000,282.406100
6954,40.476123,3.613000,276.778301
6955,40.479909,3.786000,264.131009
6956,40.483911,4.002000,249.875062
6957,40.487480,3.569000,280.190530
6958,40.490332,2.852000,350.631136
6959,40.494289,3.957000,252.716705
6960,40.497681,3.392000,294.811321
6961,40.500325,2.644000,378.214826
6962,40.502920,2.595000,385.356455
6963,40.506845,3.925000,254.777070
6964,40.533524,26.679000,37.482664
6965,40.540138,6.614000,151.194436
6966,40.546453,6.315000,158.353127
6967,40.549892,3.439000,290.782204
6968,40.552776,2.884000,346.740638
6969,40.555742,2.966000,337.154417
6970,40.559456,3.714000,269.251481
6971,40.563447,3.991000,250.563768
6972,40.566348,2.901000,344.708721
6973,40.572409,6.061000,164.989276
6974,40.581612,9.203000,108.660219
6975,40.601022,19.410000,51.519835
6976,40.613342,12.320000,81.168831
6977,40.617492,4.150000,240.963855
6978,40.620347,2.855000,350.262697
6979,40.624287,3.940000,253.807107
6980,40.640335,16.048000,62.313061
6981,40.655418,15.083000,66.299808
6982,40.666917,11.499000,86.964084
6983,40.671419,4.502000,222.123501
6984,40.674679,3.260000,306.748466
6985,40.678690,4.011000,249.314385
6986,40.682496,3.806000,262.743037
6987,40.685879,3.383000,295.595625
6988,40.689851,3.972000,251.762336
6989,40.693755,3.904000,256.147541
6990,40.697423,3.668000,272.628135
6991,40.701060,3.637000,274.951883
6992,40.703687,2.627000,380.662352
6993,40.706702,3.015000,331.674959
6994,40.709573,2.871000,348.310693
6995,40.712282,2.709000,369.139904
6996,40.714658,2.376000,420.875421
6997,40.717197,2.539000,393.855849
6998,40.725110,7.913000,126.374321
6999,40.747692,22.582000,44.283057
7000,40.760316,12.624000,79.214195
7001,40.765483,5.167000,193.535901
7002,40.768537,3.054000,327.439424
7003,40.772225,3.688000,271.149675
7004,40.774767,2.542000,393.391031
7005,40.777556,2.789000,358.551452
7006,40.786470,8.914000,112.183083
7007,40.790950,4.480000,223.214286
7008,40.793279,2.329000,429.368828
7009,40.796087,2.808000,356.125356
7010,40.798467,2.380000,420.168067
7011,40.801336,2.869000,348.553503
7012,40.803647,2.311000,432.713111
7013,40.806416,2.769000,361.141206
7014,40.808857,2.441000,409.668169
7015,40.812249,3.392000,294.811321
7016,40.827218,14.969000,66.804730
7017,40.843026,15.808000,63.259109
7018,40.851929,8.903000,112.321689
7019,40.854876,2.947000,339.328130
7020,40.856855,1.979000,505.305710
7021,40.859049,2.194000,455.788514
7022,40.861907,2.858000,349.895031
7023,40.864214,2.307000,433.463372
7024,40.867100,2.886000,346.500347
7025,40.869434,2.334000,428.449015
7026,40.871925,2.491000,401.445203
7027,40.874295,2.370000,421.940928
7028,40.876849,2.554000,391.542678
7029,40.879526,2.677000,373.552484
7030,40.882601,3.075000,325.203252
7031,40.886042,3.441000,290.613194
7032,40.889671,3.629000,275.558005
7033,40.893402,3.731000,268.024658
7034,40.896970,3.568000,280.269058
7035,40.900148,3.178000,314.663310
7036,40.903470,3.322000,301.023480
7037,40.906787,3.317000,301.477238
7038,40.910408,3.621000,276.166805
7039,40.913565,3.157000,316.756414
7040,40.916177,2.612000,382.848392
7041,40.934053,17.876000,55.940926
7042,40.940547,6.494000,153.988297
7043,40.945538,4.991000,200.360649
7044,40.948059,2.521000,396.667989
7045,40.950444,2.385000,419.287212
7046,40.952664,2.220000,450.450450
7047,40.955596,2.932000,341.064120
7048,40.957907,2.311000,432.713111
7049,40.961502,3.595000,278.164117
7050,40.963988,2.486000,402.252615
7051,40.966965,2.977000,335.908633
7052,40.969608,2.643000,378.357927
7053,40.972013,2.405000,415.800416
7054,40.975147,3.134000,319.081047
7055,40.977565,2.418000,413.564930
7056,40.980515,2.950000,338.983051
7057,40.983149,2.634000,379.650721
7058,40.985991,2.842000,351.864884
7059,40.989739,3.748000,266.808965
7060,40.992511,2.772000,360.750361
7061,40.995190,2.679000,373.273610
7062,40.997595,2.405000,415.800416
7063,41.000862,3.267000,306.091215
7064,41.003462,2.600000,384.615385
7065,41.006370,2.908000,343.878955
7066,41.014382,8.012000,124.812781
7067,41.017504,3.122000,320.307495
7068,41.019598,2.094000,477.554919
7069,41.023142,3.544000,282.167043
7070,41.025598,2.456000,407.166124
7071,41.053466,27.868000,35.883451
7072,41.058069,4.603000,217.249620
7073,41.066924,8.855000,112.930548
7074,41.070459,3.535000,282.885431
7075,41.074861,4.402000,227.169468
7076,41.080908,6.047000,165.371258
7077,41.094044,13.136000,76.126675
7078,41.098378,4.334000,230.733733
7079,41.103336,4.958000,201.694232
7080,41.120076,16.740000,59.737157
7081,41.134091,14.015000,71.352123
7082,41.147045,12.954000,77.196233
7083,41.151216,4.171000,239.750659
7084,41.155196,3.980000,251.256281
7085,41.158707,3.511000,284.819140
7086,41.162018,3.311000,302.023558
7087,41.165400,3.382000,295.683028
7088,41.168862,3.462000,288.850376
7089,41.171960,3.098000,322.788896
7090,41.174771,2.811000,355.745286
7091,41.177416,2.645000,378.071834
7092,41.180307,2.891000,345.901072
7093,41.182999,2.692000,371.471025
7094,41.185307,2.308000,433.275563
7095,41.187828,2.521000,396.667989
7096,41.190057,2.229000,448.631673
7097,41.192353,2.296000,435.540070
7098,41.194574,2.221000,450.247636
7099,41.196824,2.250000,444.444444
7100,41.199264,2.440000,409.836066
7101,41.202376,3.112000,321.336761
7102,41.205386,3.010000,332.225914
7103,41.208439,3.053000,327.546675
7104,41.211080,2.641000,378.644453
7105,41.213345,2.265000,441.501104
7106,41.215724,2.379000,420.344683
7107,41.218110,2.386000,419.111484
7108,41.220642,2.532000,394.944708
7109,41.222682,2.040000,490.196078
7110,41.225246,2.564000,390.015601
7111,41.233633,8.387000,119.232145
7112,41.253811,20.178000,49.558926
7113,41.267005,13.194000,75.792027
7114,41.272448,5.443000,183.722212
7115,41.275578,3.130000,319.488818
7116,41.281173,5.595000,178.731010
7117,41.283944,2.771000,360.880549
7118,41.286970,3.026000,330.469266
7119,41.289481,2.511000,398.247710
7120,41.294123,4.642000,215.424386
7121,41.296849,2.726000,366.837858
7122,41.299939,3.090000,323.624595
7123,41.302520,2.581000,387.446726
7124,41.308128,5.608000,178.316690
7125,41.310805,2.677000,373.552484
7126,41.314504,3.699000,270.343336
7127,41.317231,2.727000,366.703337
7128,41.333678,16.447000,60.801362
7129,41.347494,13.816000,72.379849
7130,41.360166,12.672000,78.914141
7131,41.363393,3.227000,309.885342
7132,41.365884,2.491000,401.445203
7133,41.369304,3.420000,292.397661
7134,41.371820,2.516000,397.456280
7135,41.375322,3.502000,285.551114
7136,41.377882,2.560000,390.625000
7137,41.381021,3.139000,318.572794
7138,41.385951,4.930000,202.839757
7139,41.389987,4.036000,247.770069
7140,41.392510,2.523000,396.353547
7141,41.395695,3.185000,313.971743
7142,41.398221,2.526000,395.882819
7143,41.401655,3.434000,291.205591
7144,41.404144,2.489000,401.767778
7145,41.407433,3.289000,304.043782
7146,41.412468,5.035000,198.609732
7147,41.415680,3.212000,311.332503
7148,41.418829,3.149000,317.561131
7149,41.421718,2.889000,346.140533
7150,41.425756,4.038000,247.647350
7151,41.439298,13.542000,73.844336
7152,41.453506,14.208000,70.382883
7153,41.468587,15.081000,66.308600
7154,41.479492,10.905000,91.701055
7155,41.483143,3.651000,273.897562
7156,41.493251,10.108000,98.931539
7157,41.496631,3.380000,295.857988
7158,41.499253,2.622000,381.388253
7159,41.502542,3.289000,304.043782
7160,41.505149,2.607000,383.582662
7161,41.508613,3.464000,288.683603
7162,41.511175,2.562000,390.320062
7163,41.515172,3.997000,250.187641
7164,41.533461,18.289000,54.677675
7165,41.546908,13.447000,74.366030
7166,41.559692,12.784000,78.222778
7167,41.563228,3.536000,282.805430
7168,41.565519,2.291000,436.490615
7169,41.569294,3.775000,264.900662
7170,41.572366,3.072000,325.520833
7171,41.575600,3.234000,309.214595
7172,41.577907,2.307000,433.463372
7173,41.581558,3.651000,273.897562
7174,41.584553,2.995000,333.889816
7175,41.587618,3.065000,326.264274
7176,41.589964,2.346000,426.257460
7177,41.592965,3.001000,333.222259
7178,41.595857,2.892000,345.781466
7179,41.598823,2.966000,337.154417
7180,41.601307,2.484000,402.576490
7181,41.604296,2.989000,334.560054
7182,41.608100,3.804000,262.881178
7183,41.612147,4.047000,247.096615
7184,41.616416,4.269000,234.246896
7185,41.619554,3.138000,318.674315
7186,41.621684,2.130000,469.483568
7187,41.623793,2.109000,474.158369
7188,41.626042,2.249000,444.642063
7189,41.632345,6.303000,158.654609
7190,41.654972,22.627000,44.194988
7191,41.666999,12.027000,83.146254
7192,41.670644,3.645000,274.348422
7193,41.673589,2.945000,339.558574
7194,41.676761,3.172000,315.258512
7195,41.679442,2.681000,372.995151
7196,41.682655,3.213000,311.235605
7197,41.686026,3.371000,296.647879
7198,41.688851,2.825000,353.982301
7199,41.692149,3.298000,303.214069
7200,41.695236,3.087000,323.939099
7201,41.697938,2.702000,370.096225
7202,41.700930,2.992000,334.224599
7203,41.703598,2.668000,374.812594
7204,41.707922,4.324000,231.267345
7205,41.711418,3.496000,286.041190
7206,41.714126,2.708000,369.276219
7207,41.716962,2.836000,352.609309
7208,41.747077,30.115000,33.206043
7209,41.752419,5.342000,187.195807
7210,41.760337,7.918000,126.294519
7211,41.764426,4.089000,244.558572
7212,41.767452,3.026000,330.469266
7213,41.770004,2.552000,391.849530
7214,41.773675,3.671000,272.405339
7215,41.776251,2.576000,388.198758
7216,41.779280,3.029000,330.141961
7217,41.782271,2.991000,334.336342
7218,41.785420,3.149000,317.561131
7219,41.788343,2.923000,342.114266
7220,41.791048,2.705000,369.685767
7221,41.793566,2.518000,397.140588
7222,41.796197,2.631000,380.083618
7223,41.799312,3.115000,321.027287
7224,41.802212,2.900000,344.827586
7225,41.804568,2.356000,424.448217
7226,41.808523,3.955000,252.844501
7227,41.825673,17.150000,58.309038
7228,41.840411,14.738000,67.851812
7229,41.853127,12.716000,78.641082
7230,41.867647,14.520000,68.870523
7231,41.879647,12.000000,83.333333
7232,41.892451,12.804000,78.100594
7233,41.905746,13.295000,75.216247
7234,41.919787,14.041000,71.219999
7235,41.933310,13.523000,73.948088
7236,41.946005,12.695000,78.771170
7237,41.959501,13.496000,74.096028
7238,41.972919,13.418000,74.526755
7239,41.986715,13.796000,72.484778
7240,41.999767,13.052000,76.616610
7241,42.012977,13.210000,75.700227
7242,42.027383,14.406000,69.415521
7243,42.039980,12.597000,79.383980
7244,42.053326,13.346000,74.928818
7245,42.066687,13.361000,74.844697
7246,42.079962,13.275000,75.329567
7247,42.093341,13.379000,74.744002
7248,42.106001,12.660000,78.988942
7249,42.119516,13.515000,73.991861
7250,42.132990,13.474000,74.217011
7251,42.146407,13.417000,74.532310
7252,42.160027,13.620000,73.421439
7253,42.173641,13.614000,73.453798
7254,42.186190,12.549000,79.687625
7255,42.200145,13.955000,71.658904
7256,42.214023,13.878000,72.056492
7257,42.226337,12.314000,81.208381
7258,42.239500,13.163000,75.970523
7259,42.254476,14.976000,66.773504
7260,42.266145,11.669000,85.697146
7261,42.279920,13.775000,72.595281
7262,42.293415,13.495000,74.101519
7263,42.306972,13.557000,73.762632
7264,42.319726,12.754000,78.406774
7265,42.334042,14.316000,69.851914
7266,42.346458,12.416000,80.541237
7267,42.359850,13.392000,74.671446
7268,42.375394,15.544000,64.333505
7269,42.386486,11.092000,90.155067
7270,42.399956,13.470000,74.239050
7271,42.414019,14.063000,71.108583
7272,42.427650,13.631000,73.362189
7273,42.439624,11.974000,83.514281
7274,42.454202,14.578000,68.596515
7275,42.467687,13.485000,74.156470
7276,42.479825,12.138000,82.385896
7277,42.493144,13.319000,75.080712
7278,42.507041,13.897000,71.957977
7279,42.519988,12.947000,77.237970
7280,42.532970,12.982000,77.029733
7281,42.547663,14.693000,68.059620
7282,42.560814,13.151000,76.039845
7283,42.573035,12.221000,81.826364
7284,42.587529,14.494000,68.994067
7285,42.600260,12.731000,78.548425
7286,42.615223,14.963000,66.831518
7287,42.627310,12.087000,82.733515
7288,42.640815,13.505000,74.046649
7289,42.654359,13.544000,73.833432
7290,42.667573,13.214000,75.677312
7291,42.679969,12.396000,80.671184
7292,42.685858,5.889000,169.808117
7293,42.691092,5.234000,191.058464
7294,42.696285,5.193000,192.566917
7295,42.701583,5.298000,188.750472
7296,42.705586,4.003000,249.812641
7297,42.709137,3.551000,281.610814
7298,42.712737,3.600000,277.777778
7299,42.716427,3.690000,271.002710
7300,42.719525,3.098000,322.788896
7301,42.725751,6.226000,160.616768
7302,42.747508,21.757000,45.962219
7303,42.760245,12.737000,78.511423
7304,42.764729,4.484000,223.015165
7305,42.769123,4.394000,227.583068
7306,42.772649,3.526000,283.607487
7307,42.776276,3.627000,275.709953
7308,42.780195,3.919000,255.167134
7309,42.783891,3.696000,270.562771
7310,42.788047,4.156000,240.615977
7311,42.791596,3.549000,281.769513
7312,42.794588,2.992000,334.224599
7313,42.799091,4.503000,222.074173
7314,42.802045,2.954000,338.524035
7315,42.804918,2.873000,348.068221
7316,42.808484,3.566000,280.426248
7317,42.812162,3.678000,271.886895
7318,42.814736,2.574000,388.500389
7319,42.817814,3.078000,324.886290
7320,42.821319,3.505000,285.306705
7321,42.825483,4.164000,240.153698
7322,42.840060,14.577000,68.601221
7323,42.853045,12.985000,77.011937
7324,42.866507,13.462000,74.283167
7325,42.869289,2.782000,359.453630
7326,42.879723,10.434000,95.840521
7327,42.883747,4.024000,248.508946
7328,42.886524,2.777000,360.100828
7329,42.889908,3.384000,295.508274
7330,42.892560,2.652000,377.073906
7331,42.896113,3.553000,281.452294
7332,42.899051,2.938000,340.367597
7333,42.902312,3.261000,306.654400
7334,42.905054,2.742000,364.697301
7335,42.919962,14.908000,67.078079
7336,42.928482,8.520000,117.370892
7337,42.932416,3.934000,254.194204
7338,42.935455,3.039000,329.055610
7339,42.937883,2.428000,411.861614
7340,42.941727,3.844000,260.145682
7341,42.945149,3.422000,292.226768
7342,42.947884,2.735000,365.630713
7343,42.950562,2.678000,373.412995
7344,42.952856,2.294000,435.919791
7345,42.955823,2.967000,337.040782
7346,42.958360,2.537000,394.166338
7347,42.962015,3.655000,273.597811
7348,42.964494,2.479000,403.388463
7349,42.967127,2.633000,379.794911
7350,42.969503,2.376000,420.875421
7351,42.973069,3.566000,280.426248
7352,42.975377,2.308000,433.275563
7353,42.979111,3.734000,267.809320
7354,42.981524,2.413000,414.421881
7355,42.983399,1.875000,533.333333
7356,42.985649,2.250000,444.444444
7357,42.987634,1.985000,503.778338
7358,42.989440,1.806000,553.709856
7359,42.991617,2.177000,459.347726
7360,42.993522,1.905000,524.934383
7361,42.995423,1.901000,526.038927
7362,42.998710,3.287000,304.228780
7363,43.001223,2.513000,397.930760
7364,43.003563,2.340000,427.350427
7365,43.005538,1.975000,506.329114
7366,43.007519,1.981000,504.795558
7367,43.009468,1.949000,513.083633
7368,43.011353,1.885000,530.503979
7369,43.013311,1.958000,510.725230
7370,43.015307,1.996000,501.002004
7371,43.017251,1.944000,514.403292
7372,43.019310,2.059000,485.672657
7373,43.021369,2.059000,485.672657
7374,43.041547,20.178000,49.558926
7375,43.046483,4.936000,202.593193
7376,43.052095,5.612000,178.189594
7377,43.055226,3.131000,319.386777
7378,43.058549,3.323000,300.932892
7379,43.061745,3.196000,312.891114
7380,43.064956,3.211000,311.429461
7381,43.068586,3.630000,275.482094
7382,43.070809,2.223000,449.842555
7383,43.072738,1.929000,518.403318
7384,43.074949,2.211000,452.284034
7385,43.078275,3.326000,300.661455
7386,43.080699,2.424000,412.541254
7387,43.084113,3.414000,292.911541
7388,43.086854,2.741000,364.830354
7389,43.090066,3.212000,311.332503
7390,43.092549,2.483000,402.738623
7391,43.095768,3.219000,310.655483
7392,43.098026,2.258000,442.869796
7393,43.101420,3.394000,294.637596
7394,43.103824,2.404000,415.973378
7395,43.108069,4.245000,235.571260
7396,43.111918,3.849000,259.807742
7397,43.114941,3.023000,330.797221
7398,43.118543,3.602000,277.623542
7399,43.133025,14.482000,69.051236
7400,43.145955,12.930000,77.339520
7401,43.150821,4.866000,205.507604
7402,43.159563,8.742000,114.390300
7403,43.162675,3.112000,321.336761
7404,43.165150,2.475000,404.040404
7405,43.168514,3.364000,297.265161
7406,43.171179,2.665000,375.234522
7407,43.175327,4.148000,241.080039
7408,43.180246,4.919000,203.293352
7409,43.182874,2.628000,380.517504
7410,43.187165,4.291000,233.045910
7411,43.189669,2.504000,399.361022
7412,43.192767,3.098000,322.788896
7413,43.195132,2.365000,422.832981
7414,43.199117,3.985000,250.941029
7415,43.203769,4.652000,214.961307
7416,43.206371,2.602000,384.319754
7417,43.209918,3.547000,281.928390
7418,43.239523,29.605000,33.778078
7419,43.243348,3.825000,261.437908
7420,43.252981,9.633000,103.809820
7421,43.256234,3.253000,307.408546
7422,43.259836,3.602000,277.623542
7423,43.263267,3.431000,291.460216
7424,43.267136,3.869000,258.464720
7425,43.279496,12.360000,80.906149
7426,43.282922,3.426000,291.885581
7427,43.286454,3.532000,283.125708
7428,43.289887,3.433000,291.290417
7429,43.293213,3.326000,300.661455
7430,43.296622,3.409000,293.341156
7431,43.300303,3.681000,271.665308
7432,43.303604,3.301000,302.938503
7433,43.307124,3.520000,284.090909
7434,43.333229,26.105000,38.306838
7435,43.340490,7.261000,137.722077
7436,43.346062,5.572000,179.468772
7437,43.350265,4.203000,237.925291
7438,43.352686,2.421000,413.052458
7439,43.355733,3.047000,328.191664
7440,43.358324,2.591000,385.951370
7441,43.361465,3.141000,318.369946
7442,43.363982,2.517000,397.298371
7443,43.366956,2.974000,336.247478
7444,43.369301,2.345000,426.439232
7445,43.374299,4.998000,200.080032
7446,43.377104,2.805000,356.506239
7447,43.381489,4.385000,228.050171
7448,43.385878,4.389000,227.842333
7449,43.388840,2.962000,337.609723
7450,43.392467,3.627000,275.709953
7451,43.395681,3.214000,311.138768
7452,43.399332,3.651000,273.897562
7453,43.413741,14.409000,69.401069
7454,43.417237,3.496000,286.041190
7455,43.420052,2.815000,355.239787
7456,43.423874,3.822000,261.643119
7457,43.440644,16.770000,59.630292
7458,43.452285,11.641000,85.903273
7459,43.455394,3.109000,321.646832
7460,43.457409,2.015000,496.277916
7461,43.459363,1.954000,511.770727
7462,43.461534,2.171000,460.617227
7463,43.465512,3.978000,251.382604
7464,43.480318,14.806000,67.540186
7465,43.483739,3.421000,292.312189
7466,43.487893,4.154000,240.731825
7467,43.491712,3.819000,261.848651
7468,43.494128,2.416000,413.907285
7469,43.497482,3.354000,298.151461
7470,43.501028,3.546000,282.007896
7471,43.505431,4.403000,227.117874
7472,43.508616,3.185000,313.971743
7473,43.511772,3.156000,316.856781
7474,43.514571,2.799000,357.270454
7475,43.518284,3.713000,269.323997
7476,43.520691,2.407000,415.454923
7477,43.532938,12.247000,81.652650
7478,43.545526,12.588000,79.440737
7479,43.548792,3.266000,306.184936
7480,43.551271,2.479000,403.388463
7481,43.553676,2.405000,415.800416
7482,43.557676,4.000000,250.000000
7483,43.561389,3.713000,269.323997
7484,43.564080,2.691000,371.609067
7485,43.567275,3.195000,312.989045
7486,43.569995,2.720000,367.647059
7487,43.574367,4.372000,228.728271
7488,43.577599,3.232000,309.405941
7489,43.580850,3.251000,307.597662
7490,43.583502,2.652000,377.073906
7491,43.587665,4.163000,240.211386
7492,43.590703,3.038000,329.163924
7493,43.593785,3.082000,324.464633
7494,43.597046,3.261000,306.654400
7495,43.600865,3.819000,261.848651
7496,43.604014,3.149000,317.561131
7497,43.607660,3.646000,274.273176
7498,43.613384,5.724000,174.703005
7499,43.617217,3.833000,260.892252
7500,43.619921,2.704000,369.822485
7501,43.629022,9.101000,109.878035
7502,43.654555,25.533000,39.165002
7503,43.665406,10.851000,92.157405
7504,43.679799,14.393000,69.478219
7505,43.684098,4.299000,232.612235
7506,43.688374,4.276000,233.863424
7507,43.693169,4.795000,208.550574
7508,43.698271,5.102000,196.001568
7509,43.701839,3.568000,280.269058
7510,43.705647,3.808000,262.605042
7511,43.709597,3.950000,253.164557
7512,43.713542,3.945000,253.485425
7513,43.716672,3.130000,319.488818
7514,43.727603,10.931000,91.482938
7515,43.746777,19.174000,52.153958
7516,43.759280,12.503000,79.980805
7517,43.762908,3.628000,275.633958
7518,43.766578,3.670000,272.479564
7519,43.769877,3.299000,303.122158
7520,43.773972,4.095000,244.200244
7521,43.777002,3.030000,330.033003
7522,43.780255,3.253000,307.408546
7523,43.783135,2.880000,347.222222
7524,43.787491,4.356000,229.568411
7525,43.790618,3.127000,319.795331
7526,43.793632,3.014000,331.785003
7527,43.796680,3.048000,328.083990
7528,43.800699,4.019000,248.818114
7529,43.803711,3.012000,332.005312
7530,43.806890,3.179000,314.564328
7531,43.810005,3.115000,321.027287
7532,43.818825,8.820000,113.378685
7533,43.839456,20.631000,48.470748
7534,43.852325,12.869000,77.706115
7535,43.855878,3.553000,281.452294
7536,43.858989,3.111000,321.440051
7537,43.861573,2.584000,386.996904
7538,43.865013,3.440000,290.697674
7539,43.867966,2.953000,338.638673
7540,43.871105,3.139000,318.572794
7541,43.873666,2.561000,390.472472
7542,43.876247,2.581000,387.446726
7543,43.880295,4.048000,247.035573
7544,43.883299,3.004000,332.889481
7545,43.886253,2.954000,338.524035
7546,43.888887,2.634000,379.650721
7547,43.893280,4.393000,227.634874
7548,43.896193,2.913000,343.288706
7549,43.899257,3.064000,326.370757
7550,43.903414,4.157000,240.558095
7551,43.907622,4.208000,237.642586
7552,43.910972,3.350000,298.507463
7553,43.914716,3.744000,267.094017
7554,43.918829,4.113000,243.131534
7555,43.932268,13.439000,74.410298
7556,43.945630,13.362000,74.839096
7557,43.958137,12.507000,79.955225
7558,43.961203,3.066000,326.157860
7559,43.964065,2.862000,349.406010
7560,43.967192,3.127000,319.795331
7561,43.970064,2.872000,348.189415
7562,43.973791,3.727000,268.312316
7563,43.976590,2.799000,357.270454
7564,43.979919,3.329000,300.390508
7565,43.982562,2.643000,378.357927
7566,43.986452,3.890000,257.069409
7567,43.989188,2.736000,365.497076
7568,43.992751,3.563000,280.662363
7569,43.995516,2.765000,361.663653
7570,43.999642,4.126000,242.365487
7571,44.002746,3.104000,322.164948
7572,44.006068,3.322000,301.023480
7573,44.008627,2.559000,390.777648
7574,44.012199,3.572000,279.955207
7575,44.015187,2.988000,334.672021
7576,44.019068,3.881000,257.665550
7577,44.022162,3.094000,323.206206
7578,44.038474,16.312000,61.304561
7579,44.043317,4.843000,206.483585
7580,44.052454,9.137000,109.445113
7581,44.055813,3.359000,297.707651
7582,44.058931,3.118000,320.718409
7583,44.062568,3.637000,274.951883
7584,44.065424,2.856000,350.140056
7585,44.068867,3.443000,290.444380
7586,44.071825,2.958000,338.066261
7587,44.075208,3.383000,295.595625
7588,44.077683,2.475000,404.040404
7589,44.081401,3.718000,268.961807
7590,44.084078,2.677000,373.552484
7591,44.087386,3.308000,302.297461
7592,44.089891,2.505000,399.201597
7593,44.093897,4.006000,249.625562
7594,44.097475,3.578000,279.485746
7595,44.101102,3.627000,275.709953
7596,44.106173,5.071000,197.199763
7597,44.109052,2.879000,347.342827
7598,44.111982,2.930000,341.296928
7599,44.115714,3.732000,267.952840
7600,44.120041,4.327000,231.107003
7601,44.132158,12.117000,82.528679
7602,44.158364,26.206000,38.159200
7603,44.171561,13.197000,75.774797
7604,44.174664,3.103000,322.268772
7605,44.177154,2.490000,401.606426
7606,44.181185,4.031000,248.077400
7607,44.185768,4.583000,218.197687
7608,44.188957,3.189000,313.577924
7609,44.192565,3.608000,277.161863
7610,44.196228,3.663000,273.000273
7611,44.199577,3.349000,298.596596
7612,44.202117,2.540000,393.700787
7613,44.205026,2.909000,343.760743
7614,44.208481,3.455000,289.435601
7615,44.212178,3.697000,270.489586
7616,44.214834,2.656000,376.506024
7617,44.223893,9.059000,110.387460
7618,44.239939,16.046000,62.320828
7619,44.252844,12.905000,77.489345
7620,44.256524,3.680000,271.739130
7621,44.259740,3.216000,310.945274
7622,44.263015,3.275000,305.343511
7623,44.265967,2.952000,338.753388
7624,44.268954,2.987000,334.784064
7625,44.271992,3.038000,329.163924
7626,44.275197,3.205000,312.012480
7627,44.277900,2.703000,369.959304
7628,44.281532,3.632000,275.330396
7629,44.284465,2.933000,340.947835
7630,44.287347,2.882000,346.981263
7631,44.290306,2.959000,337.952011
7632,44.293800,3.494000,286.204923
7633,44.296650,2.850000,350.877193
7634,44.304849,8.199000,121.966093
7635,44.333440,28.591000,34.976041
7636,44.346001,12.561000,79.611496
7637,44.359815,13.814000,72.390329
7638,44.372614,12.799000,78.131104
7639,44.376645,4.031000,248.077400
7640,44.380884,4.239000,235.904695
7641,44.385498,4.614000,216.731686
7642,44.390576,5.078000,196.927924
7643,44.393600,3.024000,330.687831
7644,44.396477,2.877000,347.584289
7645,44.401314,4.837000,206.739715
7646,44.404674,3.360000,297.619048
7647,44.407664,2.990000,334.448161
7648,44.410665,3.001000,333.222259
7649,44.413922,3.257000,307.031010
7650,44.416902,2.980000,335.570470
7651,44.419983,3.081000,324.569945
7652,44.423001,3.018000,331.345262
7653,44.452122,29.121000,34.339480
7654,44.464895,12.773000,78.290143
7655,44.468064,3.169000,315.556958
7656,44.470479,2.415000,414.078675
7657,44.474143,3.664000,272.925764
7658,44.477106,2.963000,337.495781
7659,44.480896,3.790000,263.852243
7660,44.483778,2.882000,346.981263
7661,44.487063,3.285000,304.414003
7662,44.489757,2.694000,371.195249
7663,44.493783,4.026000,248.385494
7664,44.496590,2.807000,356.252227
7665,44.499991,3.401000,294.031167
7666,44.502819,2.828000,353.606789
7667,44.506970,4.151000,240.905806
7668,44.519305,12.335000,81.070126
7669,44.531932,12.627000,79.195375
7670,44.545844,13.912000,71.880391
7671,44.558651,12.807000,78.082299
7672,44.572755,14.104000,70.901872
7673,44.585395,12.640000,79.113924
7674,44.598671,13.276000,75.323893
7675,44.612298,13.627000,73.383723
7676,44.615682,3.384000,295.508274
7677,44.619709,4.027000,248.323814
7678,44.623222,3.513000,284.656988
7679,44.626670,3.448000,290.023202
7680,44.637040,10.370000,96.432015
7681,44.653989,16.949000,59.000531
7682,44.666166,12.177000,82.122033
7683,44.671380,5.214000,191.791331
7684,44.674519,3.139000,318.572794
7685,44.677872,3.353000,298.240382
7686,44.682740,4.868000,205.423172
7687,44.687279,4.539000,220.312844
7688,44.690692,3.413000,292.997363
7689,44.694019,3.327000,300.571085
7690,44.697264,3.245000,308.166410
7691,44.705610,8.346000,119.817877
7692,44.710153,4.543000,220.118864
7693,44.714046,3.893000,256.871307
7694,44.716598,2.552000,391.849530
7695,44.720405,3.807000,262.674022
7696,44.723840,3.435000,291.120815
7697,44.727716,3.876000,257.997936
7698,44.731892,4.176000,239.463602
7699,44.758423,26.531000,37.691757
7700,44.771271,12.848000,77.833126
7701,44.774624,3.353000,298.240382
7702,44.777014,2.390000,418.410042
7703,44.779418,2.404000,415.973378
7704,44.782808,3.390000,294.985251
7705,44.785465,2.657000,376.364321
7706,44.788614,3.149000,317.561131
7707,44.791324,2.710000,369.003690
7708,44.794100,2.776000,360.230548
7709,44.796583,2.483000,402.738623
7710,44.800476,3.893000,256.871307
7711,44.803573,3.097000,322.893122
7712,44.805807,2.234000,447.627574
7713,44.808216,2.409000,415.110004
7714,44.811778,3.562000,280.741157
7715,44.826726,14.948000,66.898582
7716,44.838821,12.095000,82.678793
7717,44.847776,8.955000,111.669458
7718,44.852310,4.534000,220.555801
7719,44.854953,2.643000,378.357927
7720,44.857328,2.375000,421.052632
7721,44.859755,2.427000,412.031314
7722,44.862308,2.553000,391.696044
7723,44.865680,3.372000,296.559905
7724,44.869361,3.681000,271.665308
7725,44.872562,3.201000,312.402374
7726,44.875893,3.331000,300.210147
7727,44.878267,2.374000,421.229992
7728,44.881417,3.150000,317.460317
7729,44.883780,2.363000,423.190859
7730,44.887192,3.412000,293.083236
7731,44.889481,2.289000,436.871997
7732,44.892780,3.299000,303.122158
7733,44.895088,2.308000,433.275563
7734,44.898208,3.120000,320.512821
7735,44.900521,2.313000,432.338954
7736,44.904347,3.826000,261.369577
7737,44.907351,3.004000,332.889481
7738,44.910369,3.018000,331.345262
7739,44.912690,2.321000,430.848772
7740,44.915788,3.098000,322.788896
7741,44.918035,2.247000,445.037828
7742,44.922067,4.032000,248.015873
7743,44.924984,2.917000,342.817964
7744,44.927358,2.374000,421.229992
7745,44.930586,3.228000,309.789343
7746,44.944448,13.862000,72.139662
7747,44.957393,12.945000,77.249903
7748,44.960329,2.936000,340.599455
7749,44.962839,2.510000,398.406375
7750,44.965406,2.567000,389.559797
7751,44.968064,2.658000,376.222724
7752,44.970847,2.783000,359.324470
7753,44.974219,3.372000,296.559905
7754,44.976460,2.241000,446.229362
7755,44.978618,2.158000,463.392030
7756,44.980793,2.175000,459.770115
7757,44.984475,3.682000,271.591526
7758,44.987942,3.467000,288.433804
7759,44.991412,3.470000,288.184438
7760,44.994166,2.754000,363.108206
7761,44.997924,3.758000,266.098989
7762,45.011835,13.911000,71.885558
