frame,time_s,frame_ms,fps
1,0.079526,79.526000,12.574504
2,0.158624,79.098000,12.642545
3,0.170948,12.324000,81.142486
4,0.174289,3.341000,299.311583
5,0.189509,15.220000,65.703022
6,0.190043,0.534000,1872.659176
7,0.196642,6.599000,151.538112
8,0.209836,13.194000,75.792027
9,0.223661,13.825000,72.332731
10,0.236549,12.888000,77.591558
11,0.297814,61.265000,16.322533
12,0.298597,0.783000,1277.139208
13,0.302883,4.286000,233.317779
14,0.312058,9.175000,108.991826
15,0.317443,5.385000,185.701021
16,0.330005,12.562000,79.605158
17,0.343613,13.608000,73.486185
18,0.358759,15.146000,66.024033
19,0.369888,11.129000,89.855333
20,0.383545,13.657000,73.222523
21,0.396554,13.009000,76.869859
22,0.409963,13.409000,74.576777
23,0.423314,13.351000,74.900756
24,0.436361,13.047000,76.645972
25,0.449822,13.461000,74.288686
26,0.462988,13.166000,75.953213
27,0.477203,14.215000,70.348224
28,0.489577,12.374000,80.814611
29,0.503383,13.806000,72.432276
30,0.516555,13.172000,75.918615
31,0.529326,12.771000,78.302404
32,0.542804,13.478000,74.194984
33,0.556314,13.510000,74.019245
34,0.570021,13.707000,72.955424
35,0.583128,13.107000,76.295109
36,0.596225,13.097000,76.353363
37,0.609610,13.385000,74.710497
38,0.622814,13.204000,75.734626
39,0.636631,13.817000,72.374611
40,0.649391,12.760000,78.369906
41,0.663103,13.712000,72.928821
42,0.679476,16.373000,61.076162
43,0.689613,10.137000,98.648515
44,0.703086,13.473000,74.222519
45,0.716602,13.516000,73.986387
46,0.729838,13.236000,75.551526
47,0.743503,13.665000,73.179656
48,0.756591,13.088000,76.405868
49,0.770000,13.409000,74.576777
50,0.783241,13.241000,75.522997
51,0.796734,13.493000,74.112503
52,0.810248,13.514000,73.997336
53,0.823740,13.492000,74.117996
54,0.836735,12.995000,76.952674
55,0.850147,13.412000,74.560095
56,0.863740,13.593000,73.567277
57,0.877392,13.652000,73.249341
58,0.890546,13.154000,76.022503
59,0.903683,13.137000,76.120880
60,0.917001,13.318000,75.086349
61,0.930154,13.153000,76.028283
62,0.943576,13.422000,74.504545
63,0.956779,13.203000,75.740362
64,0.970483,13.704000,72.971395
65,0.985140,14.657000,68.226786
66,0.997187,12.047000,83.008218
67,1.010670,13.483000,74.167470
68,1.023404,12.734000,78.529920
69,1.038626,15.222000,65.694390
70,1.051210,12.584000,79.465989
71,1.063947,12.737000,78.511423
72,1.076996,13.049000,76.634225
73,1.090344,13.348000,74.917591
74,1.104596,14.252000,70.165591
75,1.117041,12.445000,80.353556
76,1.130672,13.631000,73.362189
77,1.143687,13.015000,76.834422
78,1.157277,13.590000,73.583517
79,1.170427,13.150000,76.045627
80,1.183826,13.399000,74.632435
81,1.196959,13.133000,76.144065
82,1.211552,14.593000,68.526006
83,1.223778,12.226000,81.792900
84,1.237108,13.330000,75.018755
85,1.250160,13.052000,76.616610
86,1.271879,21.719000,46.042635
87,1.277657,5.778000,173.070267
88,1.290307,12.650000,79.051383
89,1.303908,13.601000,73.524006
90,1.318925,15.017000,66.591197
91,1.329786,10.861000,92.072553
92,1.343875,14.089000,70.977358
93,1.356905,13.030000,76.745971
94,1.370512,13.607000,73.491585
95,1.382932,12.420000,80.515298
96,1.396453,13.521000,73.959027
97,1.409614,13.161000,75.982068
98,1.423796,14.182000,70.511917
99,1.436577,12.781000,78.241139
100,1.449491,12.914000,77.435341
101,1.462820,13.329000,75.024383
102,1.476816,13.996000,71.448985
103,1.490011,13.195000,75.786283
104,1.503466,13.455000,74.321813
105,1.516599,13.133000,76.144065
106,1.529640,13.041000,76.681236
107,1.542886,13.246000,75.494489
108,1.556362,13.476000,74.205996
109,1.569369,13.007000,76.881679
110,1.583210,13.841000,72.249115
111,1.596672,13.462000,74.283167
112,1.609995,13.323000,75.058170
113,1.622706,12.711000,78.672016
114,1.636322,13.616000,73.443008
115,1.649202,12.880000,77.639752
116,1.662723,13.521000,73.959027
117,1.678293,15.570000,64.226076
118,1.689556,11.263000,88.786291
119,1.702709,13.153000,76.028283
120,1.717334,14.625000,68.376068
121,1.729376,12.042000,83.042684
122,1.742835,13.459000,74.299725
123,1.756287,13.452000,74.338388
124,1.769484,13.197000,75.774797
125,1.782786,13.302000,75.176665
126,1.796412,13.626000,73.389109
127,1.810066,13.654000,73.238611
128,1.823512,13.446000,74.371560
129,1.836780,13.268000,75.369310
130,1.849487,12.707000,78.696781
131,1.862953,13.466000,74.261102
132,1.876846,13.893000,71.978694
133,1.891194,14.348000,69.696125
134,1.903598,12.404000,80.619155
135,1.916642,13.044000,76.663600
136,1.929466,12.824000,77.978790
137,1.943107,13.641000,73.308408
138,1.956600,13.493000,74.112503
139,1.969812,13.212000,75.688768
140,1.983225,13.413000,74.554537
141,1.996582,13.357000,74.867111
142,2.009799,13.217000,75.660135
143,2.023053,13.254000,75.448921
144,2.037860,14.807000,67.535625
145,2.049745,11.885000,84.139672
146,2.063155,13.410000,74.571216
147,2.076626,13.471000,74.233539
148,2.089853,13.227000,75.602933
149,2.103107,13.254000,75.448921
150,2.116821,13.714000,72.918186
151,2.129733,12.912000,77.447336
152,2.143160,13.427000,74.476800
153,2.156669,13.509000,74.024724
154,2.169929,13.260000,75.414781
155,2.183125,13.196000,75.780540
156,2.196721,13.596000,73.551044
157,2.212755,16.034000,62.367469
158,2.223432,10.677000,93.659268
159,2.236698,13.266000,75.380672
160,2.249932,13.234000,75.562944
161,2.263344,13.412000,74.560095
162,2.277098,13.754000,72.706122
163,2.290055,12.957000,77.178359
164,2.303527,13.472000,74.228029
165,2.317081,13.554000,73.778958
166,2.329926,12.845000,77.851304
167,2.343040,13.114000,76.254385
168,2.356832,13.792000,72.505800
169,2.369821,12.989000,76.988221
170,2.385388,15.567000,64.238453
171,2.396820,11.432000,87.473758
172,2.409726,12.906000,77.483341
173,2.422982,13.256000,75.437538
174,2.436512,13.530000,73.909830
175,2.450033,13.521000,73.959027
176,2.463198,13.165000,75.958982
177,2.476449,13.251000,75.466003
178,2.489635,13.186000,75.838010
179,2.502899,13.264000,75.392039
180,2.516244,13.345000,74.934432
181,2.529857,13.613000,73.459193
182,2.542966,13.109000,76.283469
183,2.556205,13.239000,75.534406
184,2.569463,13.258000,75.426158
185,2.582876,13.413000,74.554537
186,2.596318,13.442000,74.393691
187,2.609451,13.133000,76.144065
188,2.624421,14.970000,66.800267
189,2.636603,12.182000,82.088327
190,2.649489,12.886000,77.603601
191,2.662989,13.500000,74.074074
192,2.676136,13.147000,76.062980
193,2.689678,13.542000,73.844336
194,2.702720,13.042000,76.675357
195,2.716029,13.309000,75.137125
196,2.729670,13.641000,73.308408
197,2.742678,13.008000,76.875769
198,2.756548,13.870000,72.098053
199,2.769225,12.677000,78.883016
200,2.784596,15.371000,65.057576
201,2.796210,11.614000,86.102979
202,2.809818,13.608000,73.486185
203,2.822573,12.755000,78.400627
204,2.836947,14.374000,69.570057
205,2.849102,12.155000,82.270671
206,2.862828,13.726000,72.854437
207,2.876106,13.278000,75.312547
208,2.889582,13.476000,74.205996
209,2.902768,13.186000,75.838010
210,2.916533,13.765000,72.648020
211,2.929434,12.901000,77.513371
212,2.943109,13.675000,73.126143
213,2.956143,13.034000,76.722418
214,2.971522,15.379000,65.023734
215,2.982981,11.459000,87.267650
216,2.996929,13.948000,71.694867
217,3.009610,12.681000,78.858134
218,3.023147,13.537000,73.871611
219,3.036968,13.821000,72.353665
220,3.050148,13.180000,75.872534
221,3.064354,14.206000,70.392792
222,3.077230,12.876000,77.663871
223,3.090342,13.112000,76.266016
224,3.103697,13.355000,74.878323
225,3.117023,13.326000,75.041273
226,3.130546,13.523000,73.948088
227,3.143788,13.242000,75.517293
228,3.156748,12.960000,77.160494
229,3.170703,13.955000,71.658904
230,3.183643,12.940000,77.279753
231,3.196896,13.253000,75.454614
232,3.211097,14.201000,70.417576
233,3.223826,12.729000,78.560767
234,3.236954,13.128000,76.173065
235,3.251287,14.333000,69.769064
236,3.263628,12.341000,81.030711
237,3.278506,14.878000,67.213335
238,3.290603,12.097000,82.665124
239,3.303491,12.888000,77.591558
240,3.316880,13.389000,74.688177
241,3.331703,14.823000,67.462727
242,3.344126,12.423000,80.495854
243,3.357136,13.010000,76.863951
244,3.371578,14.442000,69.242487
245,3.384167,12.589000,79.434427
246,3.398786,14.619000,68.404132
247,3.410129,11.343000,88.160099
248,3.423187,13.058000,76.581406
249,3.436910,13.723000,72.870364
250,3.450709,13.799000,72.469019
251,3.463780,13.071000,76.505241
252,3.476934,13.154000,76.022503
253,3.490771,13.837000,72.270001
254,3.503508,12.737000,78.511423
255,3.517083,13.575000,73.664825
256,3.530610,13.527000,73.926222
257,3.543468,12.858000,77.772593
258,3.557582,14.114000,70.851637
259,3.576073,18.491000,54.080363
260,3.583574,7.501000,133.315558
261,3.597737,14.163000,70.606510
262,3.609828,12.091000,82.706145
263,3.623151,13.323000,75.058170
264,3.637565,14.414000,69.376995
265,3.649997,12.432000,80.437580
266,3.663157,13.160000,75.987842
267,3.676825,13.668000,73.163594
268,3.690278,13.453000,74.332863
269,3.703221,12.943000,77.261840
270,3.717340,14.119000,70.826546
271,3.729903,12.563000,79.598822
272,3.743210,13.307000,75.148418
273,3.757321,14.111000,70.866700
274,3.769763,12.442000,80.372930
275,3.785222,15.459000,64.687237
276,3.796906,11.684000,85.587128
277,3.810949,14.043000,71.209855
278,3.822959,12.010000,83.263947
279,3.837203,14.244000,70.204999
280,3.850010,12.807000,78.082299
281,3.864605,14.595000,68.516615
282,3.877244,12.639000,79.120184
283,3.891972,14.728000,67.897882
284,3.903479,11.507000,86.903624
285,3.917973,14.494000,68.994067
286,3.930678,12.705000,78.709170
287,3.944031,13.353000,74.889538
288,3.958199,14.168000,70.581592
289,3.970241,12.042000,83.042684
290,3.983626,13.385000,74.710497
291,3.996808,13.182000,75.861023
292,4.010688,13.880000,72.046110
293,4.023183,12.495000,80.032013
294,4.036952,13.769000,72.626916
295,4.050243,13.291000,75.238883
296,4.063044,12.801000,78.118897
297,4.078216,15.172000,65.910888
298,4.089892,11.676000,85.645769
299,4.104247,14.355000,69.662139
300,4.117412,13.165000,75.958982
301,4.130262,12.850000,77.821012
302,4.143459,13.197000,75.774797
303,4.158521,15.062000,66.392245
304,4.170973,12.452000,80.308384
305,4.184735,13.762000,72.663857
306,4.198411,13.676000,73.120796
307,4.210208,11.797000,84.767314
308,4.223205,12.997000,76.940832
309,4.236885,13.680000,73.099415
310,4.250204,13.319000,75.080712
311,4.263659,13.455000,74.321813
312,4.278361,14.702000,68.017957
313,4.290119,11.758000,85.048478
314,4.303318,13.199000,75.763315
315,4.316872,13.554000,73.778958
316,4.329744,12.872000,77.688005
317,4.343153,13.409000,74.576777
318,4.357476,14.323000,69.817776
319,4.370377,12.901000,77.513371
320,4.386868,16.491000,60.639136
321,4.396774,9.906000,100.948920
322,4.410414,13.640000,73.313783
323,4.423109,12.695000,78.771170
324,4.437182,14.073000,71.058054
325,4.450056,12.874000,77.675936
326,4.462889,12.833000,77.924102
327,4.477396,14.507000,68.932240
328,4.490523,13.127000,76.178868
329,4.503345,12.822000,77.990953
330,4.517251,13.906000,71.911405
331,4.529717,12.466000,80.218193
332,4.543700,13.983000,71.515412
333,4.556533,12.833000,77.924102
334,4.570120,13.587000,73.599764
335,4.582817,12.697000,78.758762
336,4.597407,14.590000,68.540096
337,4.609937,12.530000,79.808460
338,4.622922,12.985000,77.011937
339,4.637463,14.541000,68.771061
340,4.649949,12.486000,80.089700
341,4.662879,12.930000,77.339520
342,4.677047,14.168000,70.581592
343,4.691342,14.295000,69.954530
344,4.703396,12.054000,82.960013
345,4.717779,14.383000,69.526524
346,4.729778,11.999000,83.340278
347,4.744055,14.277000,70.042726
348,4.757406,13.351000,74.900756
349,4.770361,12.955000,77.190274
350,4.783545,13.184000,75.849515
351,4.797101,13.556000,73.768073
352,4.810074,12.973000,77.083173
353,4.823300,13.226000,75.608650
354,4.838507,15.207000,65.759190
355,4.849970,11.463000,87.237198
356,4.862965,12.995000,76.952674
357,4.878823,15.858000,63.059654
358,4.890089,11.266000,88.762649
359,4.902981,12.892000,77.567484
360,4.917651,14.670000,68.166326
361,4.930050,12.399000,80.651665
362,4.942781,12.731000,78.548425
363,4.956542,13.761000,72.669137
364,4.969582,13.040000,76.687117
365,4.983250,13.668000,73.163594
366,4.998376,15.126000,66.111331
367,5.011017,12.641000,79.107666
368,5.023294,12.277000,81.453124
369,5.037987,14.693000,68.059620
370,5.051289,13.302000,75.176665
371,5.064295,13.006000,76.887590
372,5.077208,12.913000,77.441338
373,5.089969,12.761000,78.363765
374,5.102822,12.853000,77.802848
375,5.113688,10.866000,92.030186
376,5.130591,16.903000,59.161096
377,5.143099,12.508000,79.948833
378,5.148821,5.722000,174.764069
379,5.153907,5.086000,196.618168
380,5.157162,3.255000,307.219662
381,5.159728,2.566000,389.711613
382,5.162135,2.407000,415.454923
383,5.164586,2.451000,407.996736
384,5.166956,2.370000,421.940928
385,5.169318,2.362000,423.370025
386,5.171648,2.330000,429.184549
387,5.173988,2.340000,427.350427
388,5.176280,2.292000,436.300175
389,5.178315,2.035000,491.400491
390,5.182215,3.900000,256.410256
391,5.210666,28.451000,35.148149
392,5.223722,13.056000,76.593137
393,5.236751,13.029000,76.751861
394,5.250127,13.376000,74.760766
395,5.253470,3.343000,299.132516
396,5.256333,2.863000,349.283968
397,5.259631,3.298000,303.214069
398,5.262575,2.944000,339.673913
399,5.265065,2.490000,401.606426
400,5.268066,3.001000,333.222259
401,5.270793,2.727000,366.703337
402,5.273284,2.491000,401.445203
403,5.275492,2.208000,452.898551
404,5.277695,2.203000,453.926464
405,5.289080,11.385000,87.834870
406,5.293381,4.301000,232.504069
407,5.296309,2.928000,341.530055
408,5.299414,3.105000,322.061192
409,5.302071,2.657000,376.364321
410,5.329299,27.228000,36.726899
411,5.332016,2.717000,368.053000
412,5.342716,10.700000,93.457944
413,5.345654,2.938000,340.367597
414,5.348000,2.346000,426.257460
415,5.350058,2.058000,485.908649
416,5.352670,2.612000,382.848392
417,5.354494,1.824000,548.245614
418,5.357442,2.948000,339.213026
419,5.368862,11.420000,87.565674
420,5.371872,3.010000,332.225914
421,5.374676,2.804000,356.633381
422,5.377389,2.713000,368.595651
423,5.379335,1.946000,513.874615
424,5.381315,1.980000,505.050505
425,5.384892,3.577000,279.563880
426,5.395894,11.002000,90.892565
427,5.399318,3.424000,292.056075
428,5.402135,2.817000,354.987575
429,5.404665,2.530000,395.256917
430,5.406751,2.086000,479.386385
431,5.410787,4.036000,247.770069
432,5.413445,2.658000,376.222724
433,5.415367,1.922000,520.291363
434,5.417825,2.458000,406.834825
435,5.420068,2.243000,445.831476
436,5.422254,2.186000,457.456542
437,5.425205,2.951000,338.868180
438,5.436310,11.105000,90.049527
439,5.439769,3.459000,289.100896
440,5.443406,3.637000,274.951883
441,5.446987,3.581000,279.251606
442,5.450079,3.092000,323.415265
443,5.453278,3.199000,312.597687
444,5.456357,3.079000,324.780773
445,5.459543,3.186000,313.873195
446,5.462558,3.015000,331.674959
447,5.466251,3.693000,270.782562
448,5.476609,10.358000,96.543734
449,5.502678,26.069000,38.359738
450,5.515644,12.966000,77.124788
451,5.518467,2.823000,354.233085
452,5.520709,2.242000,446.030330
453,5.523927,3.218000,310.752020
454,5.527494,3.567000,280.347631
455,5.530493,2.999000,333.444481
456,5.533769,3.276000,305.250305
457,5.536111,2.342000,426.985482
458,5.539132,3.021000,331.016220
459,5.542360,3.228000,309.789343
460,5.546212,3.852000,259.605400
461,5.556421,10.209000,97.952787
462,5.560561,4.140000,241.545894
463,5.563057,2.496000,400.641026
464,5.565687,2.630000,380.228137
465,5.568425,2.738000,365.230095
466,5.571668,3.243000,308.356460
467,5.583320,11.652000,85.822176
468,5.587804,4.484000,223.015165
469,5.590878,3.074000,325.309044
470,5.594073,3.195000,312.989045
471,5.596839,2.766000,361.532899
472,5.599839,3.000000,333.333333
473,5.602504,2.665000,375.234522
474,5.605118,2.614000,382.555471
475,5.607959,2.841000,351.988736
476,5.611373,3.414000,292.911541
477,5.623730,12.357000,80.925791
478,5.628462,4.732000,211.327134
479,5.631204,2.742000,364.697301
480,5.635103,3.899000,256.476019
481,5.638787,3.684000,271.444083
482,5.641207,2.420000,413.223140
483,5.643525,2.318000,431.406385
484,5.645816,2.291000,436.490615
485,5.649610,3.794000,263.574064
486,5.653268,3.658000,273.373428
487,5.656973,3.705000,269.905533
488,5.660040,3.067000,326.051516
489,5.664479,4.439000,225.275963
490,5.677150,12.671000,78.920369
491,5.681819,4.669000,214.178625
492,5.685398,3.579000,279.407656
493,5.689788,4.390000,227.790433
494,5.703471,13.683000,73.083388
495,5.716636,13.165000,75.958982
496,5.728966,12.330000,81.103001
497,5.742389,13.423000,74.498994
498,5.746979,4.590000,217.864924
499,5.750683,3.704000,269.978402
500,5.753606,2.923000,342.114266
501,5.757216,3.610000,277.008310
502,5.760739,3.523000,283.848992
503,5.764314,3.575000,279.720280
504,5.767764,3.450000,289.855072
505,5.770327,2.563000,390.167772
506,5.783885,13.558000,73.757191
507,5.788260,4.375000,228.571429
508,5.791220,2.960000,337.837838
509,5.793640,2.420000,413.223140
510,5.796940,3.300000,303.030303
511,5.800378,3.438000,290.866783
512,5.803571,3.193000,313.185092
513,5.805930,2.359000,423.908436
514,5.808701,2.771000,360.880549
515,5.812250,3.549000,281.769513
516,5.823816,11.566000,86.460315
517,5.828131,4.315000,231.749710
518,5.830813,2.682000,372.856078
519,5.833679,2.866000,348.918353
520,5.836401,2.722000,367.376929
521,5.839535,3.134000,319.081047
522,5.850251,10.716000,93.318402
523,5.854814,4.563000,219.154065
524,5.858426,3.612000,276.854928
525,5.862504,4.078000,245.218244
526,5.866129,3.625000,275.862069
527,5.869270,3.141000,318.369946
528,5.872618,3.348000,298.685783
529,5.876326,3.708000,269.687163
530,5.889966,13.640000,73.313783
531,5.902719,12.753000,78.412922
532,5.915553,12.834000,77.918030
533,5.929313,13.760000,72.674419
534,5.933226,3.913000,255.558395
535,5.935803,2.577000,388.048118
536,5.938195,2.392000,418.060201
537,5.946540,8.345000,119.832235
538,5.957128,10.588000,94.446543
539,5.969806,12.678000,78.876794
540,5.974896,5.090000,196.463654
541,5.996660,21.764000,45.947436
542,6.016184,19.524000,51.219012
543,6.027688,11.504000,86.926287
544,6.036189,8.501000,117.633220
545,6.049871,13.682000,73.088730
546,6.063126,13.255000,75.443229
547,6.078479,15.353000,65.133850
548,6.089849,11.370000,87.950748
549,6.102815,12.966000,77.124788
550,6.116334,13.519000,73.969968
551,6.129343,13.009000,76.869859
552,6.143180,13.837000,72.270001
553,6.156138,12.958000,77.172403
554,6.169539,13.401000,74.621297
555,6.182821,13.282000,75.289866
556,6.197428,14.607000,68.460327
557,6.209131,11.703000,85.448176
558,6.222658,13.527000,73.926222
559,6.235901,13.243000,75.511591
560,6.249016,13.115000,76.248570
561,6.262523,13.507000,74.035685
562,6.275738,13.215000,75.671585
563,6.289330,13.592000,73.572690
564,6.306621,17.291000,57.833555
565,6.315980,9.359000,106.849022
566,6.328953,12.973000,77.083173
567,6.342664,13.711000,72.934140
568,6.355547,12.883000,77.621672
569,6.369583,14.036000,71.245369
570,6.383022,13.439000,74.410298
571,6.396332,13.310000,75.131480
572,6.409199,12.867000,77.718194
573,6.422538,13.339000,74.968139
574,6.436218,13.680000,73.099415
575,6.449623,13.405000,74.599030
576,6.462374,12.751000,78.425222
577,6.476391,14.017000,71.341942
578,6.489739,13.348000,74.917591
579,6.502566,12.827000,77.960552
580,6.515935,13.369000,74.799910
581,6.529773,13.838000,72.264778
582,6.543458,13.685000,73.072707
583,6.556270,12.812000,78.051826
584,6.570108,13.838000,72.264778
585,6.583244,13.136000,76.126675
586,6.597696,14.452000,69.194575
587,6.609937,12.241000,81.692672
588,6.623405,13.468000,74.250074
589,6.636812,13.407000,74.587902
590,6.652380,15.568000,64.234327
591,6.663421,11.041000,90.571506
592,6.677954,14.533000,68.808918
593,6.690299,12.345000,81.004455
594,6.703687,13.388000,74.693756
595,6.716833,13.146000,76.068766
596,6.730188,13.355000,74.878323
597,6.743538,13.350000,74.906367
598,6.756443,12.905000,77.489345
599,6.769864,13.421000,74.510096
600,6.783190,13.326000,75.041273
601,6.796974,13.784000,72.547882
602,6.809674,12.700000,78.740157
603,6.830164,20.490000,48.804295
604,6.837097,6.933000,144.237704
605,6.850514,13.417000,74.532310
606,6.862832,12.318000,81.182010
607,6.876564,13.732000,72.822604
608,6.889600,13.036000,76.710647
609,6.902992,13.392000,74.671446
610,6.916071,13.079000,76.458445
611,6.929978,13.907000,71.906234
612,6.942698,12.720000,78.616352
613,6.955864,13.166000,75.953213
614,6.970108,14.244000,70.204999
615,6.982627,12.519000,79.878585
616,6.996255,13.628000,73.378339
617,7.008976,12.721000,78.610172
618,7.022740,13.764000,72.653298
619,7.036069,13.329000,75.024383
620,7.049312,13.243000,75.511591
621,7.062744,13.432000,74.449077
622,7.075472,12.728000,78.566939
623,7.089227,13.755000,72.700836
624,7.102211,12.984000,77.017868
625,7.115744,13.533000,73.893446
626,7.129150,13.406000,74.593466
627,7.142030,12.880000,77.639752
628,7.155700,13.670000,73.152890
629,7.169172,13.472000,74.228029
630,7.182150,12.978000,77.053475
631,7.195803,13.653000,73.243976
632,7.209295,13.492000,74.117996
633,7.222659,13.364000,74.827896
634,7.235467,12.808000,78.076202
635,7.249095,13.628000,73.378339
636,7.262556,13.461000,74.288686
637,7.275883,13.327000,75.035642
638,7.288806,12.923000,77.381413
639,7.302533,13.727000,72.849129
640,7.315558,13.025000,76.775432
641,7.329129,13.571000,73.686537
642,7.342529,13.400000,74.626866
643,7.355895,13.366000,74.816699
644,7.369157,13.262000,75.403408
645,7.382344,13.187000,75.832259
646,7.395854,13.510000,74.019245
647,7.409287,13.433000,74.443535
648,7.422505,13.218000,75.654411
649,7.435343,12.838000,77.893753
650,7.449163,13.820000,72.358900
651,7.462622,13.459000,74.299725
652,7.475832,13.210000,75.700227
653,7.489265,13.433000,74.443535
654,7.502357,13.092000,76.382524
655,7.515895,13.538000,73.866155
656,7.529077,13.182000,75.861023
657,7.542408,13.331000,75.013127
658,7.556106,13.698000,73.003358
659,7.569151,13.045000,76.657723
660,7.582495,13.344000,74.940048
661,7.595846,13.351000,74.900756
662,7.615804,19.958000,50.105221
663,7.623269,7.465000,133.958473
664,7.635897,12.628000,79.189104
665,7.648758,12.861000,77.754451
666,7.662579,13.821000,72.353665
667,7.675321,12.742000,78.480615
668,7.689148,13.827000,72.322268
669,7.702929,13.781000,72.563675
670,7.715827,12.898000,77.531400
671,7.728778,12.951000,77.214115
672,7.742504,13.726000,72.854437
673,7.755980,13.476000,74.205996
674,7.769247,13.267000,75.374991
675,7.782454,13.207000,75.717423
676,7.795975,13.521000,73.959027
677,7.809226,13.251000,75.466003
678,7.822145,12.919000,77.405372
679,7.836042,13.897000,71.957977
680,7.849122,13.080000,76.452599
681,7.862034,12.912000,77.447336
682,7.875924,13.890000,71.994240
683,7.889060,13.136000,76.126675
684,7.901947,12.887000,77.597579
685,7.915785,13.838000,72.264778
686,7.929213,13.428000,74.471254
687,7.942398,13.185000,75.843762
688,7.955653,13.255000,75.443229
689,7.968877,13.224000,75.620085
690,7.982460,13.583000,73.621439
691,7.995840,13.380000,74.738416
692,8.009044,13.204000,75.734626
693,8.022338,13.294000,75.221905
694,8.035576,13.238000,75.540112
695,8.049063,13.487000,74.145473
696,8.062434,13.371000,74.788722
697,8.075719,13.285000,75.272864
698,8.088965,13.246000,75.494489
699,8.102373,13.408000,74.582339
700,8.115998,13.625000,73.394495
701,8.129413,13.415000,74.543422
702,8.142662,13.249000,75.477395
703,8.155849,13.187000,75.832259
704,8.169019,13.170000,75.930144
705,8.182508,13.489000,74.134480
706,8.195955,13.447000,74.366030
707,8.209334,13.379000,74.744002
708,8.222436,13.102000,76.324225
709,8.235709,13.273000,75.340918
710,8.249386,13.677000,73.115449
711,8.262415,13.029000,76.751861
712,8.275786,13.371000,74.788722
713,8.289197,13.411000,74.565655
714,8.305198,16.001000,62.496094
715,8.315952,10.754000,92.988655
716,8.329080,13.128000,76.173065
717,8.342754,13.674000,73.131490
718,8.356202,13.448000,74.360500
719,8.369029,12.827000,77.960552
720,8.387593,18.564000,53.867701
721,8.398216,10.623000,94.135367
722,8.409879,11.663000,85.741233
723,8.422477,12.598000,79.377679
724,8.435637,13.160000,75.987842
725,8.449132,13.495000,74.101519
726,8.462348,13.216000,75.665860
727,8.475620,13.272000,75.346594
728,8.490125,14.505000,68.941744
729,8.502718,12.593000,79.409196
730,8.515600,12.882000,77.627698
731,8.529100,13.500000,74.074074
732,8.542382,13.282000,75.289866
733,8.555699,13.317000,75.091988
734,8.569264,13.565000,73.719130
735,8.582449,13.185000,75.843762
736,8.595678,13.229000,75.591504
737,8.609102,13.424000,74.493445
738,8.622356,13.254000,75.448921
739,8.636050,13.694000,73.024682
740,8.649217,13.167000,75.947444
741,8.662350,13.133000,76.144065
742,8.675667,13.317000,75.091988
743,8.689132,13.465000,74.266617
744,8.702462,13.330000,75.018755
745,8.715817,13.355000,74.878323
746,8.729052,13.235000,75.557235
747,8.742322,13.270000,75.357950
748,8.755630,13.308000,75.142771
749,8.769117,13.487000,74.145473
750,8.782312,13.195000,75.786283
751,8.795685,13.373000,74.777537
752,8.808923,13.238000,75.540112
753,8.822654,13.731000,72.827908
754,8.835746,13.092000,76.382524
755,8.849108,13.362000,74.839096
756,8.862330,13.222000,75.631523
757,8.875662,13.332000,75.007501
758,8.889254,13.592000,73.572690
759,8.902328,13.074000,76.487685
760,8.915571,13.243000,75.511591
761,8.928918,13.347000,74.923204
762,8.942369,13.451000,74.343915
763,8.955645,13.276000,75.323893
764,8.968992,13.347000,74.923204
765,8.982534,13.542000,73.844336
766,8.995556,13.022000,76.793119
767,9.008986,13.430000,74.460164
768,9.022213,13.227000,75.602933
769,9.035509,13.296000,75.210590
770,9.048939,13.430000,74.460164
771,9.062605,13.666000,73.174301
772,9.075694,13.089000,76.400031
773,9.089075,13.381000,74.732830
774,9.102406,13.331000,75.013127
775,9.115596,13.190000,75.815011
776,9.129102,13.506000,74.041167
777,9.142636,13.534000,73.887986
778,9.159735,17.099000,58.482952
779,9.171033,11.298000,88.511241
780,9.182243,11.210000,89.206066
781,9.195552,13.309000,75.137125
782,9.208826,13.274000,75.335242
783,9.222448,13.622000,73.410659
784,9.235679,13.231000,75.580077
785,9.248898,13.219000,75.648687
786,9.262281,13.383000,74.721662
787,9.275629,13.348000,74.917591
788,9.288923,13.294000,75.221905
789,9.302350,13.427000,74.476800
790,9.315609,13.259000,75.420469
791,9.328911,13.302000,75.176665
792,9.342152,13.241000,75.522997
793,9.355588,13.436000,74.426913
794,9.369132,13.544000,73.833432
795,9.382323,13.191000,75.809264
796,9.395611,13.288000,75.255870
797,9.408861,13.250000,75.471698
798,9.422308,13.447000,74.366030
799,9.435826,13.518000,73.975440
800,9.448833,13.007000,76.881679
801,9.462660,13.827000,72.322268
802,9.475506,12.846000,77.845244
803,9.489526,14.020000,71.326676
804,9.501815,12.289000,81.373586
805,9.515593,13.778000,72.579475
806,9.528827,13.234000,75.562944
807,9.542282,13.455000,74.321813
808,9.555533,13.251000,75.466003
809,9.568821,13.288000,75.255870
810,9.582206,13.385000,74.710497
811,9.595415,13.209000,75.705958
812,9.609124,13.709000,72.944781
813,9.622099,12.975000,77.071291
814,9.635789,13.690000,73.046019
815,9.649148,13.359000,74.855902
816,9.662075,12.927000,77.357469
817,9.676006,13.931000,71.782356
818,9.689138,13.132000,76.149863
819,9.702502,13.364000,74.827896
820,9.715535,13.033000,76.728305
821,9.728794,13.259000,75.420469
822,9.742190,13.396000,74.649149
823,9.756075,13.885000,72.020166
824,9.768993,12.918000,77.411364
825,9.782335,13.342000,74.951282
826,9.795630,13.295000,75.216247
827,9.809083,13.453000,74.332863
828,9.822324,13.241000,75.522997
829,9.836107,13.783000,72.553145
830,9.848981,12.874000,77.675936
831,9.862587,13.606000,73.496987
832,9.875500,12.913000,77.441338
833,9.888905,13.405000,74.599030
834,9.902154,13.249000,75.477395
835,9.915577,13.423000,74.498994
836,9.931211,15.634000,63.963157
837,9.942198,10.987000,91.016656
838,9.955527,13.329000,75.024383
839,9.968784,13.257000,75.431847
840,9.982266,13.482000,74.172971
841,9.995575,13.309000,75.137125
842,10.008851,13.276000,75.323893
843,10.022189,13.338000,74.973759
844,10.035469,13.280000,75.301205
845,10.049082,13.613000,73.459193
846,10.062185,13.103000,76.318400
847,10.075642,13.457000,74.310768
848,10.089131,13.489000,74.134480
849,10.102224,13.093000,76.376690
850,10.115531,13.307000,75.148418
851,10.128738,13.207000,75.717423
852,10.142215,13.477000,74.200490
853,10.155607,13.392000,74.671446
854,10.168886,13.279000,75.306876
855,10.182123,13.237000,75.545819
856,10.195361,13.238000,75.540112
857,10.208943,13.582000,73.626859
858,10.222384,13.441000,74.399226
859,10.235867,13.483000,74.167470
860,10.248829,12.962000,77.148588
861,10.262223,13.394000,74.660296
862,10.275754,13.531000,73.904368
863,10.289012,13.258000,75.426158
864,10.302270,13.258000,75.426158
865,10.315613,13.343000,74.945664
866,10.328829,13.216000,75.665860
867,10.342392,13.563000,73.730001
868,10.355388,12.996000,76.946753
869,10.368952,13.564000,73.724565
870,10.382240,13.288000,75.255870
871,10.395524,13.284000,75.278531
872,10.408660,13.136000,76.126675
873,10.422221,13.561000,73.740875
874,10.436091,13.870000,72.098053
875,10.448752,12.661000,78.982703
876,10.462254,13.502000,74.063102
877,10.475647,13.393000,74.665870
878,10.488913,13.266000,75.380672
879,10.502308,13.395000,74.654722
880,10.515389,13.081000,76.446755
881,10.528964,13.575000,73.664825
882,10.542237,13.273000,75.340918
883,10.555678,13.441000,74.399226
884,10.569363,13.685000,73.072707
885,10.581996,12.633000,79.157761
886,10.595666,13.670000,73.152890
887,10.609001,13.335000,74.990626
888,10.622078,13.077000,76.470138
889,10.635702,13.624000,73.399883
890,10.648814,13.112000,76.266016
891,10.662363,13.549000,73.806185
892,10.675525,13.162000,75.976295
893,10.692134,16.609000,60.208321
894,10.703248,11.114000,89.976606
895,10.715360,12.112000,82.562748
896,10.728785,13.425000,74.487896
897,10.741943,13.158000,75.999392
898,10.755878,13.935000,71.761751
899,10.768603,12.725000,78.585462
900,10.782390,13.787000,72.532095
901,10.795421,13.031000,76.740081
902,10.808707,13.286000,75.267199
903,10.822031,13.324000,75.052537
904,10.835326,13.295000,75.216247
905,10.848697,13.371000,74.788722
906,10.862049,13.352000,74.895147
907,10.878486,16.437000,60.838352
908,10.888625,10.139000,98.629056
909,10.902114,13.489000,74.134480
910,10.915183,13.069000,76.516949
911,10.928891,13.708000,72.950102
912,10.942138,13.247000,75.488790
913,10.955466,13.328000,75.030012
914,10.968862,13.396000,74.649149
915,10.981971,13.109000,76.283469
916,10.995765,13.794000,72.495288
917,11.008695,12.930000,77.339520
918,11.021961,13.266000,75.380672
919,11.035620,13.659000,73.211802
920,11.048626,13.006000,76.887590
921,11.062055,13.429000,74.465709
922,11.075696,13.641000,73.308408
923,11.089112,13.416000,74.537865
924,11.102180,13.068000,76.522804
925,11.115206,13.026000,76.769538
926,11.128957,13.751000,72.721984
927,11.142449,13.492000,74.117996
928,11.155611,13.162000,75.976295
929,11.169196,13.585000,73.610600
930,11.182336,13.140000,76.103501
931,11.195658,13.322000,75.063804
932,11.208666,13.008000,76.875769
933,11.221999,13.333000,75.001875
934,11.235347,13.348000,74.917591
935,11.248958,13.611000,73.469988
936,11.262453,13.495000,74.101519
937,11.275101,12.648000,79.063884
938,11.288783,13.682000,73.088730
939,11.302039,13.256000,75.437538
940,11.315203,13.164000,75.964752
941,11.328817,13.614000,73.453798
942,11.342218,13.401000,74.621297
943,11.355429,13.211000,75.694497
944,11.368890,13.461000,74.288686
945,11.382133,13.243000,75.511591
946,11.395474,13.341000,74.956900
947,11.408884,13.410000,74.571216
948,11.422148,13.264000,75.392039
949,11.435296,13.148000,76.057195
950,11.453911,18.615000,53.720118
951,11.463611,9.700000,103.092784
952,11.475288,11.677000,85.638435
953,11.488562,13.274000,75.335242
954,11.501792,13.230000,75.585790
955,11.515630,13.838000,72.264778
956,11.528452,12.822000,77.990953
957,11.542013,13.561000,73.740875
958,11.555268,13.255000,75.443229
959,11.568991,13.723000,72.870364
960,11.581837,12.846000,77.845244
961,11.595261,13.424000,74.493445
962,11.608598,13.337000,74.979381
963,11.622206,13.608000,73.486185
964,11.638237,16.031000,62.379140
965,11.648584,10.347000,96.646371
966,11.662034,13.450000,74.349442
967,11.675253,13.219000,75.648687
968,11.688832,13.579000,73.643125
969,11.702293,13.461000,74.288686
970,11.715776,13.483000,74.167470
971,11.729051,13.275000,75.329567
972,11.742425,13.374000,74.771946
973,11.755769,13.344000,74.940048
974,11.769266,13.497000,74.090539
975,11.782370,13.104000,76.312576
976,11.796152,13.782000,72.558410
977,11.808916,12.764000,78.345346
978,11.822453,13.537000,73.871611
979,11.835688,13.235000,75.557235
980,11.848928,13.240000,75.528701
981,11.862654,13.726000,72.854437
982,11.875588,12.934000,77.315602
983,11.888866,13.278000,75.312547
984,11.902314,13.448000,74.360500
985,11.915725,13.411000,74.565655
986,11.928479,12.754000,78.406774
987,11.942278,13.799000,72.469019
988,11.955243,12.965000,77.130737
989,11.968624,13.381000,74.732830
990,11.981824,13.200000,75.757576
991,11.995202,13.378000,74.749589
992,12.008591,13.389000,74.688177
993,12.022238,13.647000,73.276178
994,12.035137,12.899000,77.525390
995,12.048875,13.738000,72.790799
996,12.061806,12.931000,77.333540
997,12.075487,13.681000,73.094072
998,12.088648,13.161000,75.982068
999,12.101949,13.301000,75.182317
1000,12.115400,13.451000,74.343915
1001,12.128508,13.108000,76.289289
1002,12.141944,13.436000,74.426913
1003,12.155137,13.193000,75.797772
1004,12.168818,13.681000,73.094072
1005,12.182011,13.193000,75.797772
1006,12.195161,13.150000,76.045627
1007,12.215754,20.593000,48.560190
1008,12.234172,18.418000,54.294712
1009,12.240116,5.944000,168.236878
1010,12.244885,4.769000,209.687566
1011,12.260846,15.961000,62.652716
1012,12.264029,3.183000,314.169023
1013,12.268026,3.997000,250.187641
1014,12.275201,7.175000,139.372822
1015,12.288460,13.259000,75.420469
1016,12.302457,13.997000,71.443881
1017,12.315123,12.666000,78.951524
1018,12.328800,13.677000,73.115449
1019,12.341825,13.025000,76.775432
1020,12.355173,13.348000,74.917591
1021,12.368494,13.321000,75.069439
1022,12.382113,13.619000,73.426830
1023,12.395157,13.044000,76.663600
1024,12.408420,13.263000,75.397723
1025,12.422075,13.655000,73.233248
1026,12.435048,12.973000,77.083173
1027,12.448859,13.811000,72.406053
1028,12.461906,13.047000,76.645972
1029,12.475142,13.236000,75.551526
1030,12.488678,13.536000,73.877069
1031,12.501769,13.091000,76.388358
1032,12.515162,13.393000,74.665870
1033,12.528575,13.413000,74.554537
1034,12.542048,13.473000,74.222519
1035,12.555286,13.238000,75.540112
1036,12.568720,13.434000,74.437993
1037,12.581812,13.092000,76.382524
1038,12.595525,13.713000,72.923503
1039,12.608366,12.841000,77.875555
1040,12.621928,13.562000,73.735437
1041,12.635236,13.308000,75.142771
1042,12.648487,13.251000,75.466003
1043,12.661890,13.403000,74.610162
1044,12.675110,13.220000,75.642965
1045,12.688663,13.553000,73.784402
1046,12.701966,13.303000,75.171014
1047,12.715279,13.313000,75.114550
1048,12.728378,13.099000,76.341705
1049,12.741770,13.392000,74.671446
1050,12.755186,13.416000,74.537865
1051,12.768498,13.312000,75.120192
1052,12.781675,13.177000,75.889808
1053,12.795039,13.364000,74.827896
1054,12.808554,13.515000,73.991861
1055,12.821713,13.159000,75.993617
1056,12.835087,13.374000,74.771946
1057,12.848467,13.380000,74.738416
1058,12.861896,13.429000,74.465709
1059,12.875027,13.131000,76.155662
1060,12.888391,13.364000,74.827896
1061,12.902162,13.771000,72.616368
1062,12.915068,12.906000,77.483341
1063,12.928382,13.314000,75.108908
1064,12.941890,13.508000,74.030204
1065,12.955242,13.352000,74.895147
1066,12.968566,13.324000,75.052537
1067,12.981687,13.121000,76.213703
1068,13.005947,24.260000,41.220115
1069,13.011841,5.894000,169.664065
1070,13.021720,9.879000,101.224820
1071,13.035211,13.491000,74.123490
1072,13.074189,38.978000,25.655498
1073,13.088573,14.384000,69.521691
1074,13.101731,13.158000,75.999392
1075,13.115123,13.392000,74.671446
1076,13.128386,13.263000,75.397723
1077,13.141624,13.238000,75.540112
1078,13.155149,13.525000,73.937153
1079,13.168358,13.209000,75.705958
1080,13.181719,13.361000,74.844697
1081,13.195015,13.296000,75.210590
1082,13.208294,13.279000,75.306876
1083,13.221686,13.392000,74.671446
1084,13.235003,13.317000,75.091988
1085,13.248694,13.691000,73.040684
1086,13.261645,12.951000,77.214115
1087,13.275197,13.552000,73.789847
1088,13.288556,13.359000,74.855902
1089,13.301581,13.025000,76.775432
1090,13.315002,13.421000,74.510096
1091,13.328412,13.410000,74.571216
1092,13.341655,13.243000,75.511591
1093,13.355451,13.796000,72.484778
1094,13.368145,12.694000,78.777375
1095,13.381710,13.565000,73.719130
1096,13.395103,13.393000,74.665870
1097,13.408630,13.527000,73.926222
1098,13.421762,13.132000,76.149863
1099,13.435246,13.484000,74.161970
1100,13.448294,13.048000,76.640098
1101,13.461624,13.330000,75.018755
1102,13.475332,13.708000,72.950102
1103,13.488431,13.099000,76.341705
1104,13.501567,13.136000,76.126675
1105,13.514931,13.364000,74.827896
1106,13.529017,14.086000,70.992475
1107,13.541357,12.340000,81.037277
1108,13.555090,13.733000,72.817301
1109,13.568416,13.326000,75.041273
1110,13.581864,13.448000,74.360500
1111,13.594791,12.927000,77.357469
1112,13.608154,13.363000,74.833495
1113,13.621693,13.539000,73.860699
1114,13.635040,13.347000,74.923204
1115,13.648254,13.214000,75.677312
1116,13.661625,13.371000,74.788722
1117,13.674974,13.349000,74.911978
1118,13.688263,13.289000,75.250207
1119,13.701911,13.648000,73.270809
1120,13.715050,13.139000,76.109293
1121,13.728180,13.130000,76.161462
1122,13.741775,13.595000,73.556455
1123,13.755062,13.287000,75.261534
1124,13.768536,13.474000,74.217011
1125,13.781505,12.969000,77.106947
1126,13.794917,13.412000,74.560095
1127,13.808323,13.406000,74.593466
1128,13.821666,13.343000,74.945664
1129,13.842532,20.866000,47.924854
1130,13.860600,18.068000,55.346469
1131,13.866401,5.801000,172.384072
1132,13.871163,4.762000,209.995800
1133,13.875041,3.878000,257.864879
1134,13.888360,13.319000,75.080712
1135,13.904756,16.396000,60.990485
1136,13.914990,10.234000,97.713504
1137,13.928125,13.135000,76.132470
1138,13.941730,13.605000,73.502389
1139,13.954897,13.167000,75.947444
1140,13.968133,13.236000,75.551526
1141,13.981504,13.371000,74.788722
1142,13.994756,13.252000,75.460308
1143,14.008090,13.334000,74.996250
1144,14.021929,13.839000,72.259556
1145,14.035607,13.678000,73.110104
1146,14.048321,12.714000,78.653453
1147,14.061450,13.129000,76.167263
1148,14.074936,13.486000,74.150971
1149,14.088202,13.266000,75.380672
1150,14.101547,13.345000,74.934432
1151,14.114759,13.212000,75.688768
1152,14.128314,13.555000,73.773515
1153,14.141468,13.154000,76.022503
1154,14.154790,13.322000,75.063804
1155,14.168508,13.718000,72.896924
1156,14.181616,13.108000,76.289289
1157,14.194962,13.346000,74.928818
1158,14.208293,13.331000,75.013127
1159,14.221537,13.244000,75.505889
1160,14.235184,13.647000,73.276178
1161,14.248434,13.250000,75.471698
1162,14.261827,13.393000,74.665870
1163,14.274843,13.016000,76.828519
1164,14.288132,13.289000,75.250207
1165,14.301533,13.401000,74.621297
1166,14.314865,13.332000,75.007501
1167,14.328119,13.254000,75.448921
1168,14.341437,13.318000,75.086349
1169,14.354765,13.328000,75.030012
1170,14.368199,13.434000,74.437993
1171,14.381387,13.188000,75.826509
1172,14.394715,13.328000,75.030012
1173,14.408239,13.524000,73.942621
1174,14.421599,13.360000,74.850299
1175,14.434858,13.259000,75.420469
1176,14.448117,13.259000,75.420469
1177,14.461681,13.564000,73.724565
1178,14.474691,13.010000,76.863951
1179,14.488368,13.677000,73.115449
1180,14.501556,13.188000,75.826509
1181,14.514785,13.229000,75.591504
1182,14.528814,14.029000,71.280918
1183,14.541370,12.556000,79.643198
1184,14.554789,13.419000,74.521201
1185,14.568089,13.300000,75.187970
1186,14.581464,13.375000,74.766355
1187,14.594886,13.422000,74.504545
1188,14.611360,16.474000,60.701712
1189,14.621617,10.257000,97.494394
1190,14.635074,13.457000,74.310768
1191,14.648068,12.994000,76.958596
1192,14.661320,13.252000,75.460308
1193,14.674823,13.503000,74.057617
1194,14.688107,13.284000,75.278531
1195,14.702006,13.899000,71.947622
1196,14.714865,12.859000,77.766545
1197,14.728192,13.327000,75.035642
1198,14.741675,13.483000,74.167470
1199,14.755069,13.394000,74.660296
1200,14.768133,13.064000,76.546234
1201,14.781505,13.372000,74.783129
1202,14.794845,13.340000,74.962519
1203,14.807979,13.134000,76.138267
1204,14.821317,13.338000,74.973759
1205,14.834848,13.531000,73.904368
1206,14.847896,13.048000,76.640098
1207,14.861522,13.626000,73.389109
1208,14.874780,13.258000,75.426158
1209,14.887916,13.136000,76.126675
1210,14.901393,13.477000,74.200490
1211,14.914503,13.110000,76.277651
1212,14.928310,13.807000,72.427030
1213,14.941450,13.140000,76.103501
1214,14.954814,13.364000,74.827896
1215,14.968018,13.204000,75.734626
1216,14.981803,13.785000,72.542619
1217,14.994950,13.147000,76.062980
1218,15.008385,13.435000,74.432453
1219,15.021792,13.407000,74.587902
1220,15.035025,13.233000,75.568654
1221,15.048338,13.313000,75.114550
1222,15.061771,13.433000,74.443535
1223,15.075216,13.445000,74.377092
1224,15.088474,13.258000,75.426158
1225,15.101822,13.348000,74.917591
1226,15.114945,13.123000,76.202088
1227,15.128559,13.614000,73.453798
1228,15.142068,13.509000,74.024724
1229,15.155050,12.982000,77.029733
1230,15.168273,13.223000,75.625804
1231,15.181870,13.597000,73.545635
1232,15.195126,13.256000,75.437538
1233,15.208591,13.465000,74.266617
1234,15.221847,13.256000,75.437538
1235,15.235084,13.237000,75.545819
1236,15.248446,13.362000,74.839096
1237,15.261835,13.389000,74.688177
1238,15.275385,13.550000,73.800738
1239,15.293957,18.572000,53.844497
1240,15.301200,7.243000,138.064338
1241,15.314573,13.373000,74.777537
1242,15.328032,13.459000,74.299725
1243,15.341282,13.250000,75.471698
1244,15.354600,13.318000,75.086349
1245,15.367818,13.218000,75.654411
1246,15.385683,17.865000,55.975371
1247,15.395120,9.437000,105.965879
1248,15.407906,12.786000,78.210543
1249,15.421204,13.298000,75.199278
1250,15.434672,13.468000,74.250074
1251,15.447876,13.204000,75.734626
1252,15.461254,13.378000,74.749589
1253,15.474487,13.233000,75.568654
1254,15.487932,13.445000,74.377092
1255,15.501273,13.341000,74.956900
1256,15.514714,13.441000,74.399226
1257,15.527980,13.266000,75.380672
1258,15.541321,13.341000,74.956900
1259,15.554507,13.186000,75.838010
1260,15.568007,13.500000,74.074074
1261,15.581148,13.141000,76.097709
1262,15.594459,13.311000,75.125836
1263,15.607738,13.279000,75.306876
1264,15.621228,13.490000,74.128984
1265,15.634688,13.460000,74.294205
1266,15.648132,13.444000,74.382624
1267,15.661668,13.536000,73.877069
1268,15.675083,13.415000,74.543422
1269,15.688488,13.405000,74.599030
1270,15.701621,13.133000,76.144065
1271,15.715133,13.512000,74.008289
1272,15.728468,13.335000,74.990626
1273,15.741744,13.276000,75.323893
1274,15.755069,13.325000,75.046904
1275,15.768557,13.488000,74.139976
1276,15.781688,13.131000,76.155662
1277,15.794981,13.293000,75.227563
1278,15.808204,13.223000,75.625804
1279,15.821580,13.376000,74.760766
1280,15.835026,13.446000,74.371560
1281,15.848134,13.108000,76.289289
1282,15.861625,13.491000,74.123490
1283,15.874969,13.344000,74.940048
1284,15.888255,13.286000,75.267199
1285,15.901565,13.310000,75.131480
1286,15.914983,13.418000,74.526755
1287,15.928293,13.310000,75.131480
1288,15.941740,13.447000,74.366030
1289,15.955034,13.294000,75.221905
1290,15.968394,13.360000,74.850299
1291,15.981841,13.447000,74.366030
1292,15.995100,13.259000,75.420469
1293,16.008324,13.224000,75.620085
1294,16.021674,13.350000,74.906367
1295,16.035023,13.349000,74.911978
1296,16.047999,12.976000,77.065351
1297,16.061478,13.479000,74.189480
1298,16.075080,13.602000,73.518600
1299,16.087838,12.758000,78.382192
1300,16.101100,13.262000,75.403408
1301,16.114491,13.391000,74.677022
1302,16.128292,13.801000,72.458517
1303,16.141585,13.293000,75.227563
1304,16.154314,12.729000,78.560767
1305,16.168155,13.841000,72.249115
1306,16.181327,13.172000,75.918615
1307,16.194698,13.371000,74.788722
1308,16.220292,25.594000,39.071657
1309,16.233550,13.258000,75.426158
1310,16.239581,6.031000,165.809982
1311,16.244205,4.624000,216.262976
1312,16.260198,15.993000,62.527356
1313,16.263385,3.187000,313.774710
1314,16.267626,4.241000,235.793445
1315,16.274281,6.655000,150.262960
1316,16.287841,13.560000,73.746313
1317,16.303337,15.496000,64.532783
1318,16.314449,11.112000,89.992801
1319,16.327744,13.295000,75.216247
1320,16.341042,13.298000,75.199278
1321,16.354433,13.391000,74.677022
1322,16.367613,13.180000,75.872534
1323,16.381165,13.552000,73.789847
1324,16.394351,13.186000,75.838010
1325,16.410787,16.436000,60.842054
1326,16.421103,10.316000,96.936797
1327,16.434335,13.232000,75.574365
1328,16.447790,13.455000,74.321813
1329,16.461357,13.567000,73.708263
1330,16.474324,12.967000,77.118840
1331,16.487771,13.447000,74.366030
1332,16.501439,13.668000,73.163594
1333,16.514313,12.874000,77.675936
1334,16.527724,13.411000,74.565655
1335,16.541391,13.667000,73.168947
1336,16.554956,13.565000,73.719130
1337,16.568154,13.198000,75.769056
1338,16.581534,13.380000,74.738416
1339,16.594967,13.433000,74.443535
1340,16.608268,13.301000,75.182317
1341,16.621598,13.330000,75.018755
1342,16.634843,13.245000,75.500189
1343,16.648135,13.292000,75.233223
1344,16.661433,13.298000,75.199278
1345,16.674877,13.444000,74.382624
1346,16.688209,13.332000,75.007501
1347,16.701598,13.389000,74.688177
1348,16.714770,13.172000,75.918615
1349,16.728256,13.486000,74.150971
1350,16.742145,13.889000,71.999424
1351,16.754640,12.495000,80.032013
1352,16.768020,13.380000,74.738416
1353,16.781729,13.709000,72.944781
1354,16.794751,13.022000,76.793119
1355,16.808208,13.457000,74.310768
1356,16.821545,13.337000,74.979381
1357,16.834904,13.359000,74.855902
1358,16.850569,15.665000,63.836578
1359,16.860639,10.070000,99.304866
1360,16.874370,13.731000,72.827908
1361,16.887630,13.260000,75.414781
1362,16.901403,13.773000,72.605823
1363,16.915039,13.636000,73.335289
1364,16.927705,12.666000,78.951524
1365,16.941014,13.309000,75.137125
1366,16.954439,13.425000,74.487896
1367,16.967791,13.352000,74.895147
1368,16.989647,21.856000,45.754026
1369,17.006689,17.042000,58.678559
1370,17.012525,5.836000,171.350240
1371,17.017395,4.870000,205.338809
1372,17.022704,5.309000,188.359390
1373,17.034592,11.888000,84.118439
1374,17.048537,13.945000,71.710290
1375,17.060980,12.443000,80.366471
1376,17.075715,14.735000,67.865626
1377,17.087642,11.927000,83.843381
1378,17.100995,13.353000,74.889538
1379,17.115492,14.497000,68.979789
1380,17.128697,13.205000,75.728891
1381,17.141053,12.356000,80.932341
1382,17.155453,14.400000,69.444444
1383,17.169975,14.522000,68.861038
1384,17.180880,10.905000,91.701055
1385,17.194246,13.366000,74.816699
1386,17.207760,13.514000,73.997336
1387,17.221034,13.274000,75.335242
1388,17.234309,13.275000,75.329567
1389,17.247949,13.640000,73.313783
1390,17.261159,13.210000,75.700227
1391,17.274683,13.524000,73.942621
1392,17.288176,13.493000,74.112503
1393,17.301431,13.255000,75.443229
1394,17.314770,13.339000,74.968139
1395,17.327998,13.228000,75.597218
1396,17.341065,13.067000,76.528660
1397,17.354704,13.639000,73.319158
1398,17.368026,13.322000,75.063804
1399,17.381610,13.584000,73.616019
1400,17.394813,13.203000,75.740362
1401,17.408149,13.336000,74.985003
1402,17.421588,13.439000,74.410298
1403,17.434851,13.263000,75.397723
1404,17.448105,13.254000,75.448921
1405,17.461691,13.586000,73.605182
1406,17.474296,12.605000,79.333598
1407,17.487325,13.029000,76.751861
1408,17.500917,13.592000,73.572690
1409,17.514521,13.604000,73.507792
1410,17.528029,13.508000,74.030204
1411,17.541418,13.389000,74.688177
1412,17.554664,13.246000,75.494489
1413,17.567728,13.064000,76.546234
1414,17.580979,13.251000,75.466003
1415,17.594496,13.517000,73.980913
1416,17.607998,13.502000,74.063102
1417,17.621225,13.227000,75.602933
1418,17.634684,13.459000,74.299725
1419,17.648696,14.012000,71.367399
1420,17.661096,12.400000,80.645161
1421,17.674629,13.533000,73.893446
1422,17.687819,13.190000,75.815011
1423,17.700902,13.083000,76.435068
1424,17.714358,13.456000,74.316290
1425,17.727564,13.206000,75.723156
1426,17.748828,21.264000,47.027840
1427,17.766656,17.828000,56.091541
1428,17.772684,6.028000,165.892502
1429,17.778050,5.366000,186.358554
1430,17.781223,3.173000,315.159155
1431,17.794226,13.003000,76.905330
1432,17.807595,13.369000,74.799910
1433,17.821666,14.071000,71.068154
1434,17.834352,12.686000,78.827053
1435,17.847537,13.185000,75.843762
1436,17.860865,13.328000,75.030012
1437,17.874361,13.496000,74.096028
1438,17.887681,13.320000,75.075075
1439,17.900804,13.123000,76.202088
1440,17.914189,13.385000,74.710497
1441,17.927709,13.520000,73.964497
1442,17.943257,15.548000,64.316954
1443,17.954185,10.928000,91.508053
1444,17.967681,13.496000,74.096028
1445,17.980584,12.903000,77.501356
1446,17.994307,13.723000,72.870364
1447,18.007578,13.271000,75.352272
1448,18.021103,13.525000,73.937153
1449,18.034431,13.328000,75.030012
1450,18.047849,13.418000,74.526755
1451,18.061217,13.368000,74.805506
1452,18.074902,13.685000,73.072707
1453,18.088105,13.203000,75.740362
1454,18.100829,12.724000,78.591638
1455,18.114725,13.896000,71.963155
1456,18.127679,12.954000,77.196233
1457,18.140887,13.208000,75.711690
1458,18.154525,13.638000,73.324534
1459,18.168084,13.559000,73.751752
1460,18.181341,13.257000,75.431847
1461,18.194621,13.280000,75.301205
1462,18.207794,13.173000,75.912852
1463,18.221366,13.572000,73.681108
1464,18.234613,13.247000,75.488790
1465,18.247923,13.310000,75.131480
1466,18.261080,13.157000,76.005168
1467,18.274548,13.468000,74.250074
1468,18.288085,13.537000,73.871611
1469,18.301265,13.180000,75.872534
1470,18.314730,13.465000,74.266617
1471,18.327853,13.123000,76.202088
1472,18.340966,13.113000,76.260200
1473,18.354584,13.618000,73.432222
1474,18.368168,13.584000,73.616019
1475,18.381478,13.310000,75.131480
1476,18.394699,13.221000,75.637244
1477,18.407827,13.128000,76.173065
1478,18.421115,13.288000,75.255870
1479,18.434412,13.297000,75.204933
1480,18.447902,13.490000,74.128984
1481,18.461092,13.190000,75.815011
1482,18.474421,13.329000,75.024383
1483,18.487826,13.405000,74.599030
1484,18.501240,13.414000,74.548979
1485,18.514455,13.215000,75.671585
1486,18.527829,13.374000,74.771946
1487,18.541671,13.842000,72.243895
1488,18.554103,12.432000,80.437580
1489,18.568663,14.560000,68.681319
1490,18.580802,12.139000,82.379109
1491,18.594270,13.468000,74.250074
1492,18.607479,13.209000,75.705958
1493,18.620906,13.427000,74.476800
1494,18.634443,13.537000,73.871611
1495,18.647551,13.108000,76.289289
1496,18.660756,13.205000,75.728891
1497,18.674173,13.417000,74.532310
1498,18.687556,13.383000,74.721662
1499,18.701132,13.576000,73.659399
1500,18.713928,12.796000,78.149422
1501,18.727472,13.544000,73.833432
1502,18.740713,13.241000,75.522997
1503,18.758274,17.561000,56.944365
1504,18.767476,9.202000,108.672028
1505,18.780767,13.291000,75.238883
1506,18.794180,13.413000,74.554537
1507,18.807420,13.240000,75.528701
1508,18.820838,13.418000,74.526755
1509,18.834086,13.248000,75.483092
1510,18.847524,13.438000,74.415836
1511,18.860688,13.164000,75.964752
1512,18.874437,13.749000,72.732562
1513,18.888059,13.622000,73.410659
1514,18.900687,12.628000,79.189104
1515,18.913843,13.156000,76.010946
1516,18.927724,13.881000,72.040919
1517,18.941272,13.548000,73.811633
1518,18.954447,13.175000,75.901328
1519,18.968037,13.590000,73.583517
1520,18.981141,13.104000,76.312576
1521,18.994594,13.453000,74.332863
1522,19.007888,13.294000,75.221905
1523,19.020990,13.102000,76.324225
1524,19.034396,13.406000,74.593466
1525,19.047683,13.287000,75.261534
1526,19.061125,13.442000,74.393691
1527,19.074498,13.373000,74.777537
1528,19.087810,13.312000,75.120192
1529,19.100995,13.185000,75.843762
1530,19.114328,13.333000,75.001875
1531,19.127491,13.163000,75.970523
1532,19.140749,13.258000,75.426158
1533,19.154015,13.266000,75.380672
1534,19.167704,13.689000,73.051355
1535,19.181087,13.383000,74.721662
1536,19.194381,13.294000,75.221905
1537,19.207731,13.350000,74.906367
1538,19.221126,13.395000,74.654722
1539,19.234368,13.242000,75.517293
1540,19.247831,13.463000,74.277650
1541,19.261239,13.408000,74.582339
1542,19.274074,12.835000,77.911959
1543,19.287297,13.223000,75.625804
1544,19.300725,13.428000,74.471254
1545,19.314118,13.393000,74.665870
1546,19.327391,13.273000,75.340918
1547,19.345195,17.804000,56.167153
1548,19.355205,10.010000,99.900100
1549,19.367356,12.151000,82.297753
1550,19.380509,13.153000,76.028283
1551,19.394204,13.695000,73.019350
1552,19.407555,13.351000,74.900756
1553,19.420613,13.058000,76.581406
1554,19.434217,13.604000,73.507792
1555,19.447586,13.369000,74.799910
1556,19.461137,13.551000,73.795292
1557,19.474175,13.038000,76.698880
1558,19.487586,13.411000,74.565655
1559,19.500941,13.355000,74.878323
1560,19.514225,13.284000,75.278531
1561,19.527475,13.250000,75.471698
1562,19.542212,14.737000,67.856416
1563,19.554019,11.807000,84.695520
1564,19.567479,13.460000,74.294205
1565,19.581751,14.272000,70.067265
1566,19.594983,13.232000,75.574365
1567,19.609056,14.073000,71.058054
1568,19.622379,13.323000,75.058170
1569,19.635811,13.432000,74.449077
1570,19.648106,12.295000,81.333876
1571,19.661876,13.770000,72.621641
1572,19.675185,13.309000,75.137125
1573,19.688741,13.556000,73.768073
1574,19.701570,12.829000,77.948398
1575,19.714569,12.999000,76.928995
1576,19.728237,13.668000,73.163594
1577,19.742010,13.773000,72.605823
1578,19.754520,12.510000,79.936051
1579,19.768139,13.619000,73.426830
1580,19.781491,13.352000,74.895147
1581,19.794847,13.356000,74.872716
1582,19.807413,12.566000,79.579819
1583,19.821328,13.915000,71.864894
1584,19.834188,12.860000,77.760498
1585,19.848265,14.077000,71.037863
1586,19.860947,12.682000,78.851916
1587,19.874934,13.987000,71.494960
1588,19.888224,13.290000,75.244545
1589,19.901598,13.374000,74.771946
1590,19.914283,12.685000,78.833268
1591,19.928688,14.405000,69.420340
1592,19.941352,12.664000,78.963992
1593,19.953725,12.373000,80.821143
1594,19.968097,14.372000,69.579738
1595,19.981868,13.771000,72.616368
1596,19.994287,12.419000,80.521781
1597,20.007665,13.378000,74.749589
1598,20.021478,13.813000,72.395569
1599,20.034915,13.437000,74.421374
1600,20.048092,13.177000,75.889808
1601,20.061178,13.086000,76.417545
1602,20.074466,13.288000,75.255870
1603,20.087627,13.161000,75.982068
1604,20.101388,13.761000,72.669137
1605,20.114408,13.020000,76.804916
1606,20.127735,13.327000,75.035642
1607,20.143565,15.830000,63.171194
1608,20.154266,10.701000,93.449210
1609,20.167715,13.449000,74.354971
1610,20.181570,13.855000,72.176110
1611,20.194007,12.437000,80.405242
1612,20.207947,13.940000,71.736011
1613,20.221253,13.306000,75.154066
1614,20.233824,12.571000,79.548166
1615,20.247546,13.722000,72.875674
1616,20.261200,13.654000,73.238611
1617,20.273765,12.565000,79.586152
1618,20.287477,13.712000,72.928821
1619,20.300979,13.502000,74.063102
1620,20.314407,13.428000,74.471254
1621,20.327496,13.089000,76.400031
1622,20.342563,15.067000,66.370213
1623,20.353962,11.399000,87.726994
1624,20.367829,13.867000,72.113651
1625,20.381558,13.729000,72.838517
1626,20.394277,12.719000,78.622533
1627,20.408061,13.784000,72.547882
1628,20.421018,12.957000,77.178359
1629,20.434367,13.349000,74.911978
1630,20.448511,14.144000,70.701357
1631,20.461703,13.192000,75.803517
1632,20.474465,12.762000,78.357624
1633,20.488475,14.010000,71.377587
1634,20.501205,12.730000,78.554595
1635,20.515494,14.289000,69.983904
1636,20.527824,12.330000,81.103001
1637,20.541910,14.086000,70.992475
1638,20.555397,13.487000,74.145473
1639,20.568896,13.499000,74.079561
1640,20.581229,12.333000,81.083273
1641,20.595022,13.793000,72.500544
1642,20.608955,13.933000,71.772052
1643,20.621338,12.383000,80.755875
1644,20.635731,14.393000,69.478219
1645,20.648259,12.528000,79.821201
1646,20.661461,13.202000,75.746099
1647,20.675852,14.391000,69.487874
1648,20.688463,12.611000,79.295853
1649,20.702121,13.658000,73.217162
1650,20.714434,12.313000,81.214976
1651,20.727843,13.409000,74.576777
1652,20.741610,13.767000,72.637466
1653,20.754839,13.229000,75.591504
1654,20.768466,13.627000,73.383723
1655,20.781485,13.019000,76.810815
1656,20.795824,14.339000,69.739870
1657,20.809091,13.267000,75.374991
1658,20.821168,12.077000,82.802020
1659,20.834308,13.140000,76.103501
1660,20.847963,13.655000,73.233248
1661,20.861738,13.775000,72.595281
1662,20.874443,12.705000,78.709170
1663,20.887751,13.308000,75.142771
1664,20.901129,13.378000,74.749589
1665,20.914169,13.040000,76.687117
1666,20.928235,14.066000,71.093417
1667,20.940850,12.615000,79.270709
1668,20.958624,17.774000,56.261956
1669,20.967550,8.926000,112.032265
1670,20.980978,13.428000,74.471254
1671,20.994767,13.789000,72.521575
1672,21.007536,12.769000,78.314668
1673,21.020958,13.422000,74.504545
1674,21.034751,13.793000,72.500544
1675,21.047592,12.841000,77.875555
1676,21.060564,12.972000,77.089115
1677,21.073808,13.244000,75.505889
1678,21.087291,13.483000,74.167470
1679,21.100640,13.349000,74.911978
1680,21.113902,13.262000,75.403408
1681,21.127284,13.382000,74.727246
1682,21.140343,13.059000,76.575542
1683,21.155374,15.031000,66.529173
1684,21.167519,12.145000,82.338411
1685,21.180802,13.283000,75.284198
1686,21.193936,13.134000,76.138267
1687,21.207534,13.598000,73.540227
1688,21.220794,13.260000,75.414781
1689,21.235026,14.232000,70.264193
1690,21.247842,12.816000,78.027466
1691,21.261103,13.261000,75.409094
1692,21.274938,13.835000,72.280448
1693,21.288470,13.532000,73.898906
1694,21.301189,12.719000,78.622533
1695,21.314554,13.365000,74.822297
1696,21.328026,13.472000,74.228029
1697,21.341497,13.471000,74.233539
1698,21.354217,12.720000,78.616352
1699,21.367851,13.634000,73.346047
1700,21.380968,13.117000,76.236944
1701,21.394942,13.974000,71.561471
1702,21.407535,12.593000,79.409196
1703,21.421044,13.509000,74.024724
1704,21.434925,13.881000,72.040919
1705,21.447961,13.036000,76.710647
1706,21.461391,13.430000,74.460164
1707,21.474265,12.874000,77.675936
1708,21.487398,13.133000,76.144065
1709,21.501558,14.160000,70.621469
1710,21.513780,12.222000,81.819669
1711,21.527098,13.318000,75.086349
1712,21.541106,14.008000,71.387778
1713,21.554893,13.787000,72.532095
1714,21.567369,12.476000,80.153895
1715,21.580770,13.401000,74.621297
1716,21.594822,14.052000,71.164247
1717,21.607304,12.482000,80.115366
1718,21.620612,13.308000,75.142771
1719,21.634561,13.949000,71.689727
1720,21.646696,12.135000,82.406263
1721,21.659945,13.249000,75.477395
1722,21.673743,13.798000,72.474272
1723,21.687113,13.370000,74.794316
1724,21.700431,13.318000,75.086349
1725,21.713835,13.404000,74.604596
1726,21.732061,18.226000,54.866674
1727,21.740138,8.077000,123.808345
1728,21.753664,13.526000,73.931687
1729,21.767033,13.369000,74.799910
1730,21.780408,13.375000,74.766355
1731,21.793693,13.285000,75.272864
1732,21.807070,13.377000,74.755177
1733,21.820288,13.218000,75.654411
1734,21.833628,13.340000,74.962519
1735,21.846911,13.283000,75.284198
1736,21.860634,13.723000,72.870364
1737,21.873465,12.831000,77.936248
1738,21.886897,13.432000,74.449077
1739,21.900267,13.370000,74.794316
1740,21.913704,13.437000,74.421374
1741,21.926785,13.081000,76.446755
1742,21.940217,13.432000,74.449077
1743,21.953735,13.518000,73.975440
1744,21.966806,13.071000,76.505241
1745,21.980198,13.392000,74.671446
1746,21.993642,13.444000,74.382624
1747,22.007130,13.488000,74.139976
1748,22.020464,13.334000,74.996250
1749,22.033965,13.501000,74.068588
1750,22.047611,13.646000,73.281548
1751,22.060788,13.177000,75.889808
1752,22.074151,13.363000,74.833495
1753,22.087430,13.279000,75.306876
1754,22.100590,13.160000,75.987842
1755,22.113872,13.282000,75.289866
1756,22.127457,13.585000,73.610600
1757,22.140319,12.862000,77.748406
1758,22.153937,13.618000,73.432222
1759,22.167405,13.468000,74.250074
1760,22.180288,12.883000,77.621672
1761,22.193914,13.626000,73.389109
1762,22.207133,13.219000,75.648687
1763,22.220614,13.481000,74.178473
1764,22.233906,13.292000,75.233223
1765,22.247195,13.289000,75.250207
1766,22.260591,13.396000,74.649149
1767,22.274122,13.531000,73.904368
1768,22.287448,13.326000,75.041273
1769,22.300486,13.038000,76.698880
1770,22.313945,13.459000,74.299725
1771,22.327248,13.303000,75.171014
1772,22.340524,13.276000,75.323893
1773,22.354083,13.559000,73.751752
1774,22.367329,13.246000,75.494489
1775,22.380610,13.281000,75.295535
1776,22.394011,13.401000,74.621297
1777,22.407254,13.243000,75.511591
1778,22.420363,13.109000,76.283469
1779,22.433725,13.362000,74.839096
1780,22.446877,13.152000,76.034063
1781,22.460117,13.240000,75.528701
1782,22.473539,13.422000,74.504545
1783,22.489983,16.444000,60.812454
1784,22.500258,10.275000,97.323601
1785,22.513470,13.212000,75.688768
1786,22.526901,13.431000,74.454620
1787,22.540517,13.616000,73.443008
1788,22.553600,13.083000,76.435068
1789,22.566786,13.186000,75.838010
1790,22.580287,13.501000,74.068588
1791,22.593552,13.265000,75.386355
1792,22.607241,13.689000,73.051355
1793,22.620080,12.839000,77.887686
1794,22.633539,13.459000,74.299725
1795,22.646833,13.294000,75.221905
1796,22.660231,13.398000,74.638006
1797,22.674411,14.180000,70.521862
1798,22.686896,12.485000,80.096115
1799,22.700181,13.285000,75.272864
1800,22.713580,13.399000,74.632435
1801,22.727054,13.474000,74.217011
1802,22.740670,13.616000,73.443008
1803,22.754249,13.579000,73.643125
1804,22.766766,12.517000,79.891348
1805,22.780774,14.008000,71.387778
1806,22.793922,13.148000,76.057195
1807,22.807416,13.494000,74.107011
1808,22.820517,13.101000,76.330051
1809,22.834124,13.607000,73.491585
1810,22.846959,12.835000,77.911959
1811,22.860774,13.815000,72.385089
1812,22.873893,13.119000,76.225322
1813,22.887186,13.293000,75.227563
1814,22.900633,13.447000,74.366030
1815,22.913697,13.064000,76.546234
1816,22.927241,13.544000,73.833432
1817,22.940760,13.519000,73.969968
1818,22.953881,13.121000,76.213703
1819,22.967301,13.420000,74.515648
1820,22.980474,13.173000,75.912852
1821,22.993792,13.318000,75.086349
1822,23.007452,13.660000,73.206442
1823,23.020636,13.184000,75.849515
1824,23.033864,13.228000,75.597218
1825,23.047443,13.579000,73.643125
1826,23.060677,13.234000,75.562944
1827,23.074119,13.442000,74.393691
1828,23.087304,13.185000,75.843762
1829,23.100585,13.281000,75.295535
1830,23.113825,13.240000,75.528701
1831,23.127349,13.524000,73.942621
1832,23.140511,13.162000,75.976295
1833,23.153808,13.297000,75.204933
1834,23.167388,13.580000,73.637703
1835,23.180123,12.735000,78.523753
1836,23.193446,13.323000,75.058170
1837,23.206826,13.380000,74.738416
1838,23.220197,13.371000,74.788722
1839,23.233429,13.232000,75.574365
1840,23.253314,19.885000,50.289163
1841,23.260175,6.861000,145.751348
1842,23.273547,13.372000,74.783129
1843,23.286709,13.162000,75.976295
1844,23.299989,13.280000,75.301205
1845,23.313521,13.532000,73.898906
1846,23.326734,13.213000,75.683039
1847,23.340075,13.341000,74.956900
1848,23.353523,13.448000,74.360500
1849,23.366656,13.133000,76.144065
1850,23.380048,13.392000,74.671446
1851,23.393423,13.375000,74.766355
1852,23.406709,13.286000,75.267199
1853,23.420100,13.391000,74.677022
1854,23.435951,15.851000,63.087502
1855,23.446632,10.681000,93.624192
1856,23.460201,13.569000,73.697398
1857,23.473306,13.105000,76.306753
1858,23.486722,13.416000,74.537865
1859,23.500090,13.368000,74.805506
1860,23.513778,13.688000,73.056692
1861,23.527791,14.013000,71.362306
1862,23.540459,12.668000,78.939059
1863,23.553778,13.319000,75.080712
1864,23.567346,13.568000,73.702830
1865,23.580404,13.058000,76.581406
1866,23.593877,13.473000,74.222519
1867,23.607144,13.267000,75.374991
1868,23.620355,13.211000,75.694497
1869,23.633735,13.380000,74.738416
1870,23.647071,13.336000,74.985003
1871,23.660419,13.348000,74.917591
1872,23.673807,13.388000,74.693756
1873,23.687135,13.328000,75.030012
1874,23.700570,13.435000,74.432453
1875,23.713762,13.192000,75.803517
1876,23.727162,13.400000,74.626866
1877,23.740604,13.442000,74.393691
1878,23.753779,13.175000,75.901328
1879,23.767156,13.377000,74.755177
1880,23.780370,13.214000,75.677312
1881,23.793719,13.349000,74.911978
1882,23.807020,13.301000,75.182317
1883,23.820404,13.384000,74.716079
1884,23.833845,13.441000,74.399226
1885,23.847735,13.890000,71.994240
1886,23.860539,12.804000,78.100594
1887,23.873613,13.074000,76.487685
1888,23.886925,13.312000,75.120192
1889,23.900373,13.448000,74.360500
1890,23.913790,13.417000,74.532310
1891,23.927174,13.384000,74.716079
1892,23.941164,13.990000,71.479628
1893,23.954012,12.848000,77.833126
1894,23.967168,13.156000,76.010946
1895,23.980538,13.370000,74.794316
1896,23.993850,13.312000,75.120192
1897,24.007107,13.257000,75.431847
1898,24.020682,13.575000,73.664825
1899,24.033733,13.051000,76.622481
1900,24.051765,18.032000,55.456965
1901,24.060479,8.714000,114.757861
1902,24.073787,13.308000,75.142771
1903,24.086531,12.744000,78.468299
1904,24.100604,14.073000,71.058054
1905,24.113664,13.060000,76.569678
1906,24.127010,13.346000,74.928818
1907,24.140273,13.263000,75.397723
1908,24.153627,13.354000,74.883930
1909,24.166911,13.284000,75.278531
1910,24.180337,13.426000,74.482348
1911,24.193559,13.222000,75.631523
1912,24.207048,13.489000,74.134480
1913,24.220320,13.272000,75.346594
1914,24.233586,13.266000,75.380672
1915,24.246982,13.396000,74.649149
1916,24.259943,12.961000,77.154541
1917,24.273491,13.548000,73.811633
1918,24.286646,13.155000,76.016724
1919,24.300984,14.338000,69.744734
1920,24.314213,13.229000,75.591504
1921,24.327208,12.995000,76.952674
1922,24.340551,13.343000,74.945664
1923,24.354500,13.949000,71.689727
1924,24.367754,13.254000,75.448921
1925,24.380778,13.024000,76.781327
1926,24.393764,12.986000,77.006006
1927,24.407411,13.647000,73.276178
1928,24.421271,13.860000,72.150072
1929,24.433662,12.391000,80.703737
1930,24.447494,13.832000,72.296125
1931,24.460272,12.778000,78.259509
1932,24.474421,14.149000,70.676373
1933,24.487366,12.945000,77.249903
1934,24.501130,13.764000,72.653298
1935,24.514093,12.963000,77.142637
1936,24.529831,15.738000,63.540475
1937,24.540450,10.619000,94.170826
1938,24.555396,14.946000,66.907534
1939,24.566889,11.493000,87.009484
1940,24.581058,14.169000,70.576611
1941,24.595421,14.363000,69.623338
1942,24.607474,12.053000,82.966896
1943,24.621957,14.483000,69.046468
1944,24.634117,12.160000,82.236842
1945,24.648549,14.432000,69.290466
1946,24.661270,12.721000,78.610172
1947,24.674228,12.958000,77.172403
1948,24.687947,13.719000,72.891610
1949,24.701478,13.531000,73.904368
1950,24.713933,12.455000,80.289041
1951,24.728209,14.276000,70.047632
1952,24.740913,12.704000,78.715365
1953,24.755343,14.430000,69.300069
1954,24.767734,12.391000,80.703737
1955,24.780729,12.995000,76.952674
1956,24.794071,13.342000,74.951282
1957,24.807452,13.381000,74.732830
1958,24.821032,13.580000,73.637703
1959,24.833812,12.780000,78.247261
1960,24.846968,13.156000,76.010946
1961,24.863682,16.714000,59.830083
1962,24.873006,9.324000,107.250107
1963,24.887456,14.450000,69.204152
1964,24.901245,13.789000,72.521575
1965,24.913609,12.364000,80.879974
1966,24.927679,14.070000,71.073205
1967,24.940356,12.677000,78.883016
1968,24.953670,13.314000,75.108908
1969,24.967378,13.708000,72.950102
1970,24.980288,12.910000,77.459334
1971,24.993993,13.705000,72.966071
1972,25.006761,12.768000,78.320802
1973,25.020715,13.954000,71.664039
1974,25.033507,12.792000,78.173859
1975,25.047158,13.651000,73.254707
1976,25.059929,12.771000,78.302404
1977,25.074077,14.148000,70.681368
1978,25.087242,13.165000,75.958982
1979,25.100839,13.597000,73.545635
1980,25.113667,12.828000,77.954475
1981,25.127335,13.668000,73.163594
1982,25.140384,13.049000,76.634225
1983,25.154658,14.274000,70.057447
1984,25.167128,12.470000,80.192462
1985,25.181293,14.165000,70.596541
1986,25.194184,12.891000,77.573501
1987,25.207917,13.733000,72.817301
1988,25.220358,12.441000,80.379391
1989,25.234670,14.312000,69.871437
1990,25.247907,13.237000,75.545819
1991,25.260666,12.759000,78.376048
1992,25.274470,13.804000,72.442770
1993,25.287108,12.638000,79.126444
1994,25.301188,14.080000,71.022727
1995,25.314202,13.014000,76.840326
1996,25.327909,13.707000,72.955424
1997,25.341011,13.102000,76.324225
1998,25.353819,12.808000,78.076202
1999,25.367670,13.851000,72.196953
2000,25.380711,13.041000,76.681236
2001,25.394316,13.605000,73.502389
2002,25.407638,13.322000,75.063804
2003,25.421190,13.552000,73.789847
2004,25.434221,13.031000,76.740081
2005,25.447270,13.049000,76.634225
2006,25.461048,13.778000,72.579475
2007,25.473742,12.694000,78.777375
2008,25.487052,13.310000,75.131480
2009,25.500626,13.574000,73.670252
2010,25.513918,13.292000,75.233223
2011,25.527216,13.298000,75.199278
2012,25.540648,13.432000,74.449077
2013,25.554119,13.471000,74.233539
2014,25.567299,13.180000,75.872534
2015,25.580810,13.511000,74.013767
2016,25.594077,13.267000,75.374991
2017,25.607167,13.090000,76.394194
2018,25.620383,13.216000,75.665860
2019,25.633733,13.350000,74.906367
2020,25.646692,12.959000,77.166448
2021,25.664384,17.692000,56.522722
2022,25.673401,9.017000,110.901630
2023,25.686488,13.087000,76.411706
2024,25.699734,13.246000,75.494489
2025,25.712962,13.228000,75.597218
2026,25.726273,13.311000,75.125836
2027,25.739472,13.199000,75.763315
2028,25.753214,13.742000,72.769611
2029,25.766367,13.153000,76.028283
2030,25.779594,13.227000,75.602933
2031,25.792979,13.385000,74.710497
2032,25.806089,13.110000,76.277651
2033,25.819497,13.408000,74.582339
2034,25.833075,13.578000,73.648549
2035,25.846386,13.311000,75.125836
2036,25.859937,13.551000,73.795292
2037,25.873384,13.447000,74.366030
2038,25.885996,12.612000,79.289565
2039,25.899381,13.385000,74.710497
2040,25.913656,14.275000,70.052539
2041,25.926124,12.468000,80.205326
2042,25.939642,13.518000,73.975440
2043,25.954148,14.506000,68.936992
2044,25.967411,13.263000,75.397723
2045,25.980340,12.929000,77.345502
2046,25.993713,13.373000,74.777537
2047,26.006528,12.815000,78.033554
2048,26.021115,14.587000,68.554192
2049,26.033615,12.500000,80.000000
2050,26.047585,13.970000,71.581961
2051,26.060822,13.237000,75.545819
2052,26.073744,12.922000,77.387401
2053,26.086819,13.075000,76.481836
2054,26.100912,14.093000,70.957213
2055,26.113710,12.798000,78.137209
2056,26.127044,13.334000,74.996250
2057,26.140886,13.842000,72.243895
2058,26.154505,13.619000,73.426830
2059,26.167216,12.711000,78.672016
2060,26.180836,13.620000,73.421439
2061,26.194772,13.936000,71.756602
2062,26.207247,12.475000,80.160321
2063,26.221233,13.986000,71.500072
2064,26.233867,12.634000,79.151496
2065,26.247162,13.295000,75.216247
2066,26.260771,13.609000,73.480785
2067,26.274431,13.660000,73.206442
2068,26.287134,12.703000,78.721562
2069,26.301102,13.968000,71.592211
2070,26.314416,13.314000,75.108908
2071,26.326972,12.556000,79.643198
2072,26.340275,13.303000,75.171014
2073,26.354193,13.918000,71.849404
2074,26.367499,13.306000,75.154066
2075,26.380771,13.272000,75.346594
2076,26.393419,12.648000,79.063884
2077,26.407159,13.740000,72.780204
2078,26.420257,13.098000,76.347534
2079,26.433439,13.182000,75.861023
2080,26.447419,13.980000,71.530758
2081,26.466588,19.169000,52.167562
2082,26.473846,7.258000,137.779002
2083,26.486777,12.931000,77.333540
2084,26.500978,14.201000,70.417576
2085,26.513286,12.308000,81.247969
2086,26.526598,13.312000,75.120192
2087,26.540989,14.391000,69.487874
2088,26.553246,12.257000,81.586032
2089,26.566705,13.459000,74.299725
2090,26.580449,13.744000,72.759022
2091,26.593373,12.924000,77.375426
2092,26.606866,13.493000,74.112503
2093,26.620532,13.666000,73.174301
2094,26.633763,13.231000,75.580077
2095,26.647192,13.429000,74.465709
2096,26.660463,13.271000,75.352272
2097,26.673584,13.121000,76.213703
2098,26.686810,13.226000,75.608650
2099,26.700386,13.576000,73.659399
2100,26.713765,13.379000,74.744002
2101,26.726559,12.794000,78.161638
2102,26.739930,13.371000,74.788722
2103,26.753777,13.847000,72.217809
2104,26.767155,13.378000,74.749589
2105,26.780831,13.676000,73.120796
2106,26.793837,13.006000,76.887590
2107,26.807627,13.790000,72.516316
2108,26.820540,12.913000,77.441338
2109,26.833619,13.079000,76.458445
2110,26.846679,13.060000,76.569678
2111,26.860252,13.573000,73.675680
2112,26.873930,13.678000,73.110104
2113,26.886904,12.974000,77.077231
2114,26.900401,13.497000,74.090539
2115,26.913910,13.509000,74.024724
2116,26.926701,12.791000,78.179970
2117,26.940059,13.358000,74.861506
2118,26.953431,13.372000,74.783129
2119,26.968301,14.870000,67.249496
2120,26.980496,12.195000,82.000820
2121,26.995972,15.476000,64.616180
2122,27.007766,11.794000,84.788876
2123,27.020272,12.506000,79.961618
2124,27.033806,13.534000,73.887986
2125,27.046952,13.146000,76.068766
2126,27.062353,15.401000,64.930849
2127,27.074107,11.754000,85.077420
2128,27.087730,13.623000,73.405270
2129,27.101300,13.570000,73.691968
2130,27.113557,12.257000,81.586032
2131,27.126960,13.403000,74.610162
2132,27.141050,14.090000,70.972321
2133,27.153767,12.717000,78.634898
2134,27.166776,13.009000,76.869859
2135,27.181040,14.264000,70.106562
2136,27.193732,12.692000,78.789789
2137,27.206950,13.218000,75.654411
2138,27.220663,13.713000,72.923503
2139,27.233570,12.907000,77.477338
2140,27.247232,13.662000,73.195725
2141,27.260033,12.801000,78.118897
2142,27.273853,13.820000,72.358900
2143,27.292849,18.996000,52.642662
2144,27.299797,6.948000,143.926310
2145,27.314599,14.802000,67.558438
2146,27.326669,12.070000,82.850041
2147,27.339908,13.239000,75.534406
2148,27.353747,13.839000,72.259556
2149,27.367444,13.697000,73.008688
2150,27.379900,12.456000,80.282595
2151,27.393201,13.301000,75.182317
2152,27.406818,13.617000,73.437615
2153,27.419690,12.872000,77.688005
2154,27.432904,13.214000,75.677312
2155,27.446415,13.511000,74.013767
2156,27.459471,13.056000,76.593137
2157,27.472855,13.384000,74.716079
2158,27.486286,13.431000,74.454620
2159,27.499607,13.321000,75.069439
2160,27.512840,13.233000,75.568654
2161,27.526517,13.677000,73.115449
2162,27.539286,12.769000,78.314668
2163,27.552464,13.178000,75.884049
2164,27.566825,14.361000,69.633034
2165,27.579591,12.766000,78.333072
2166,27.592585,12.994000,76.958596
2167,27.606056,13.471000,74.233539
2168,27.620292,14.236000,70.244451
2169,27.633140,12.848000,77.833126
2170,27.646997,13.857000,72.165692
2171,27.659640,12.643000,79.095151
2172,27.673176,13.536000,73.877069
2173,27.686676,13.500000,74.074074
2174,27.700757,14.081000,71.017683
2175,27.713178,12.421000,80.508816
2176,27.726748,13.570000,73.691968
2177,27.740952,14.204000,70.402703
2178,27.753807,12.855000,77.790743
2179,27.767244,13.437000,74.421374
2180,27.780202,12.958000,77.172403
2181,27.793576,13.374000,74.771946
2182,27.807665,14.089000,70.977358
2183,27.821136,13.471000,74.233539
2184,27.835028,13.892000,71.983876
2185,27.847945,12.917000,77.417357
2186,27.861229,13.284000,75.278531
2187,27.873743,12.514000,79.910500
2188,27.887836,14.093000,70.957213
2189,27.900282,12.446000,80.347099
2190,27.914338,14.056000,71.143995
2191,27.926884,12.546000,79.706679
2192,27.940680,13.796000,72.484778
2193,27.954166,13.486000,74.150971
2194,27.966412,12.246000,81.659317
2195,27.981007,14.595000,68.516615
2196,27.993796,12.789000,78.192196
2197,28.007217,13.421000,74.510096
2198,28.020042,12.825000,77.972710
2199,28.033344,13.302000,75.176665
2200,28.047116,13.772000,72.611095
2201,28.060028,12.912000,77.447336
2202,28.073133,13.105000,76.306753
2203,28.093663,20.530000,48.709206
2204,28.100801,7.138000,140.095265
2205,28.113558,12.757000,78.388336
2206,28.126602,13.044000,76.663600
2207,28.140289,13.687000,73.062030
2208,28.153176,12.887000,77.597579
2209,28.166357,13.181000,75.866778
2210,28.179523,13.166000,75.953213
2211,28.193094,13.571000,73.686537
2212,28.206178,13.084000,76.429227
2213,28.219359,13.181000,75.866778
2214,28.232747,13.388000,74.693756
2215,28.246178,13.431000,74.454620
2216,28.260026,13.848000,72.212594
2217,28.272587,12.561000,79.611496
2218,28.286390,13.803000,72.448019
2219,28.299704,13.314000,75.108908
2220,28.313040,13.336000,74.985003
2221,28.326467,13.427000,74.476800
2222,28.339730,13.263000,75.397723
2223,28.352843,13.113000,76.260200
2224,28.366173,13.330000,75.018755
2225,28.379313,13.140000,76.103501
2226,28.392718,13.405000,74.599030
2227,28.406178,13.460000,74.294205
2228,28.419581,13.403000,74.610162
2229,28.432926,13.345000,74.934432
2230,28.446176,13.250000,75.471698
2231,28.459638,13.462000,74.283167
2232,28.473143,13.505000,74.046649
2233,28.486142,12.999000,76.928995
2234,28.499242,13.100000,76.335878
2235,28.512999,13.757000,72.690267
2236,28.526050,13.051000,76.622481
2237,28.540105,14.055000,71.149057
2238,28.552929,12.824000,77.978790
2239,28.565865,12.936000,77.303649
2240,28.579332,13.467000,74.255588
2241,28.592773,13.441000,74.399226
2242,28.606234,13.461000,74.288686
2243,28.619911,13.677000,73.115449
2244,28.633072,13.161000,75.982068
2245,28.646724,13.652000,73.249341
2246,28.659981,13.257000,75.431847
2247,28.672824,12.843000,77.863428
2248,28.686005,13.181000,75.866778
2249,28.699603,13.598000,73.540227
2250,28.713109,13.506000,74.041167
2251,28.726359,13.250000,75.471698
2252,28.739716,13.357000,74.867111
2253,28.753509,13.793000,72.500544
2254,28.766330,12.821000,77.997036
2255,28.780115,13.785000,72.542619
2256,28.793132,13.017000,76.822617
2257,28.806501,13.369000,74.799910
2258,28.819435,12.934000,77.315602
2259,28.832602,13.167000,75.947444
2260,28.845911,13.309000,75.137125
2261,28.859299,13.388000,74.693756
2262,28.872544,13.245000,75.500189
2263,28.889454,16.910000,59.136606
2264,28.900017,10.563000,94.670075
2265,28.912688,12.671000,78.920369
2266,28.925863,13.175000,75.901328
2267,28.939344,13.481000,74.178473
2268,28.952577,13.233000,75.568654
2269,28.965862,13.285000,75.272864
2270,28.979154,13.292000,75.233223
2271,28.992650,13.496000,74.096028
2272,29.006012,13.362000,74.839096
2273,29.019253,13.241000,75.522997
2274,29.032570,13.317000,75.091988
2275,29.046093,13.523000,73.948088
2276,29.059317,13.224000,75.620085
2277,29.075641,16.324000,61.259495
2278,29.085959,10.318000,96.918007
2279,29.099209,13.250000,75.471698
2280,29.112610,13.401000,74.621297
2281,29.126038,13.428000,74.471254
2282,29.139248,13.210000,75.700227
2283,29.152478,13.230000,75.585790
2284,29.166040,13.562000,73.735437
2285,29.179520,13.480000,74.183976
2286,29.192937,13.417000,74.532310
2287,29.206332,13.395000,74.654722
2288,29.219557,13.225000,75.614367
2289,29.232898,13.341000,74.956900
2290,29.246240,13.342000,74.951282
2291,29.259778,13.538000,73.866155
2292,29.273125,13.347000,74.923204
2293,29.286784,13.659000,73.211802
2294,29.300114,13.330000,75.018755
2295,29.313400,13.286000,75.267199
2296,29.326211,12.811000,78.057919
2297,29.339871,13.660000,73.206442
2298,29.353377,13.506000,74.041167
2299,29.366400,13.023000,76.787223
2300,29.379684,13.284000,75.278531
2301,29.392835,13.151000,76.039845
2302,29.406451,13.616000,73.443008
2303,29.419557,13.106000,76.300931
2304,29.433106,13.549000,73.806185
2305,29.446211,13.105000,76.306753
2306,29.462772,16.561000,60.382827
2307,29.472386,9.614000,104.014978
2308,29.485867,13.481000,74.178473
2309,29.499045,13.178000,75.884049
2310,29.512437,13.392000,74.671446
2311,29.526071,13.634000,73.346047
2312,29.539999,13.928000,71.797817
2313,29.552804,12.805000,78.094494
2314,29.566005,13.201000,75.751837
2315,29.579438,13.433000,74.443535
2316,29.592548,13.110000,76.277651
2317,29.605778,13.230000,75.585790
2318,29.619069,13.291000,75.238883
2319,29.632581,13.512000,74.008289
2320,29.653399,20.818000,48.035354
2321,29.671492,18.093000,55.269994
2322,29.677342,5.850000,170.940171
2323,29.682118,4.776000,209.380235
2324,29.685988,3.870000,258.397933
2325,29.699113,13.125000,76.190476
2326,29.713424,14.311000,69.876319
2327,29.725737,12.313000,81.214976
2328,29.739228,13.491000,74.123490
2329,29.752469,13.241000,75.522997
2330,29.765838,13.369000,74.799910
2331,29.779138,13.300000,75.187970
2332,29.792425,13.287000,75.261534
2333,29.806006,13.581000,73.632280
2334,29.819142,13.136000,76.126675
2335,29.832516,13.374000,74.771946
2336,29.845753,13.237000,75.545819
2337,29.859093,13.340000,74.962519
2338,29.872464,13.371000,74.788722
2339,29.885783,13.319000,75.080712
2340,29.899081,13.298000,75.199278
2341,29.912384,13.303000,75.171014
2342,29.925999,13.615000,73.448402
2343,29.939554,13.555000,73.773515
2344,29.952810,13.256000,75.437538
2345,29.966163,13.353000,74.889538
2346,29.979178,13.015000,76.834422
2347,29.992439,13.261000,75.409094
2348,30.005970,13.531000,73.904368
2349,30.019322,13.352000,74.895147
2350,30.032782,13.460000,74.294205
2351,30.046268,13.486000,74.150971
2352,30.059553,13.285000,75.272864
2353,30.073373,13.820000,72.358900
2354,30.086610,13.237000,75.545819
2355,30.099552,12.942000,77.267810
2356,30.112523,12.971000,77.095058
2357,30.125779,13.256000,75.437538
2358,30.139205,13.426000,74.482348
2359,30.152431,13.226000,75.608650
2360,30.165717,13.286000,75.267199
2361,30.179112,13.395000,74.654722
2362,30.192459,13.347000,74.923204
2363,30.205847,13.388000,74.693756
2364,30.219070,13.223000,75.625804
2365,30.232446,13.376000,74.760766
2366,30.245854,13.408000,74.582339
2367,30.259086,13.232000,75.574365
2368,30.272547,13.461000,74.288686
2369,30.285685,13.138000,76.115086
2370,30.299253,13.568000,73.702830
2371,30.312610,13.357000,74.867111
2372,30.325728,13.118000,76.231133
2373,30.339017,13.289000,75.250207
2374,30.352293,13.276000,75.323893
2375,30.365672,13.379000,74.744002
2376,30.378966,13.294000,75.221905
2377,30.392418,13.452000,74.338388
2378,30.407807,15.389000,64.981480
2379,30.419055,11.248000,88.904694
2380,30.432358,13.303000,75.171014
2381,30.445680,13.322000,75.063804
2382,30.458907,13.227000,75.602933
2383,30.472427,13.520000,73.964497
2384,30.485667,13.240000,75.528701
2385,30.499072,13.405000,74.599030
2386,30.512625,13.553000,73.784402
2387,30.525733,13.108000,76.289289
2388,30.538994,13.261000,75.409094
2389,30.552471,13.477000,74.200490
2390,30.565674,13.203000,75.740362
2391,30.579171,13.497000,74.090539
2392,30.592598,13.427000,74.476800
2393,30.605636,13.038000,76.698880
2394,30.619248,13.612000,73.464590
2395,30.632551,13.303000,75.171014
2396,30.645738,13.187000,75.832259
2397,30.658919,13.181000,75.866778
2398,30.672552,13.633000,73.351427
2399,30.685689,13.137000,76.120880
2400,30.699176,13.487000,74.145473
2401,30.712621,13.445000,74.377092
2402,30.726038,13.417000,74.532310
2403,30.739374,13.336000,74.985003
2404,30.752496,13.122000,76.207895
2405,30.766064,13.568000,73.702830
2406,30.779340,13.276000,75.323893
2407,30.792433,13.093000,76.376690
2408,30.805833,13.400000,74.626866
2409,30.819516,13.683000,73.083388
2410,30.832774,13.258000,75.426158
2411,30.846066,13.292000,75.233223
2412,30.859465,13.399000,74.632435
2413,30.872722,13.257000,75.431847
2414,30.886016,13.294000,75.221905
2415,30.899532,13.516000,73.986387
2416,30.912599,13.067000,76.528660
2417,30.926044,13.445000,74.377092
2418,30.939386,13.342000,74.951282
2419,30.952709,13.323000,75.058170
2420,30.966229,13.520000,73.964497
2421,30.979469,13.240000,75.528701
2422,30.992840,13.371000,74.788722
2423,31.005944,13.104000,76.312576
2424,31.019232,13.288000,75.255870
2425,31.032279,13.047000,76.645972
2426,31.045650,13.371000,74.788722
2427,31.059004,13.354000,74.883930
2428,31.072529,13.525000,73.937153
2429,31.085826,13.297000,75.204933
2430,31.099068,13.242000,75.517293
2431,31.112424,13.356000,74.872716
2432,31.125666,13.242000,75.517293
2433,31.138945,13.279000,75.306876
2434,31.152308,13.363000,74.833495
2435,31.175092,22.784000,43.890449
2436,31.191306,16.214000,61.675096
2437,31.197141,5.835000,171.379606
2438,31.201929,4.788000,208.855472
2439,31.205791,3.862000,258.933195
2440,31.218795,13.004000,76.899416
2441,31.233062,14.267000,70.091820
2442,31.245624,12.562000,79.605158
2443,31.258930,13.306000,75.154066
2444,31.272202,13.272000,75.346594
2445,31.285556,13.354000,74.883930
2446,31.298867,13.311000,75.125836
2447,31.312200,13.333000,75.001875
2448,31.325517,13.317000,75.091988
2449,31.339121,13.604000,73.507792
2450,31.352321,13.200000,75.757576
2451,31.365716,13.395000,74.654722
2452,31.379376,13.660000,73.206442
2453,31.392223,12.847000,77.839184
2454,31.405661,13.438000,74.415836
2455,31.419535,13.874000,72.077267
2456,31.432323,12.788000,78.198311
2457,31.445737,13.414000,74.548979
2458,31.458970,13.233000,75.568654
2459,31.472563,13.593000,73.567277
2460,31.485635,13.072000,76.499388
2461,31.498834,13.199000,75.763315
2462,31.512232,13.398000,74.638006
2463,31.525463,13.231000,75.580077
2464,31.539096,13.633000,73.351427
2465,31.552243,13.147000,76.062980
2466,31.565647,13.404000,74.604596
2467,31.578946,13.299000,75.193624
2468,31.592298,13.352000,74.895147
2469,31.605656,13.358000,74.861506
2470,31.619107,13.451000,74.343915
2471,31.632511,13.404000,74.604596
2472,31.645771,13.260000,75.414781
2473,31.658974,13.203000,75.740362
2474,31.672338,13.364000,74.827896
2475,31.685838,13.500000,74.074074
2476,31.698863,13.025000,76.775432
2477,31.712489,13.626000,73.389109
2478,31.725790,13.301000,75.182317
2479,31.739118,13.328000,75.030012
2480,31.752516,13.398000,74.638006
2481,31.765871,13.355000,74.878323
2482,31.779131,13.260000,75.414781
2483,31.792459,13.328000,75.030012
2484,31.805876,13.417000,74.532310
2485,31.819395,13.519000,73.969968
2486,31.832522,13.127000,76.178868
2487,31.846090,13.568000,73.702830
2488,31.859365,13.275000,75.329567
2489,31.872172,12.807000,78.082299
2490,31.885792,13.620000,73.421439
2491,31.898907,13.115000,76.248570
2492,31.912278,13.371000,74.788722
2493,31.925478,13.200000,75.757576
2494,31.942543,17.065000,58.599473
2495,31.952965,10.422000,95.950873
2496,31.965474,12.509000,79.942441
2497,31.978695,13.221000,75.637244
2498,31.992217,13.522000,73.953557
2499,32.005553,13.336000,74.985003
2500,32.018756,13.203000,75.740362
2501,32.032033,13.277000,75.318219
2502,32.045490,13.457000,74.310768
2503,32.058779,13.289000,75.250207
2504,32.072114,13.335000,74.990626
2505,32.085515,13.401000,74.621297
2506,32.098927,13.412000,74.560095
2507,32.112179,13.252000,75.460308
2508,32.125350,13.171000,75.924379
2509,32.138871,13.521000,73.959027
2510,32.152039,13.168000,75.941677
2511,32.165428,13.389000,74.688177
2512,32.178727,13.299000,75.193624
2513,32.192102,13.375000,74.766355
2514,32.205481,13.379000,74.744002
2515,32.218784,13.303000,75.171014
2516,32.232031,13.247000,75.488790
2517,32.245636,13.605000,73.502389
2518,32.259012,13.376000,74.760766
2519,32.272268,13.256000,75.437538
2520,32.285760,13.492000,74.117996
2521,32.298761,13.001000,76.917160
2522,32.312320,13.559000,73.751752
2523,32.325544,13.224000,75.620085
2524,32.338914,13.370000,74.794316
2525,32.352335,13.421000,74.510096
2526,32.365775,13.440000,74.404762
2527,32.379003,13.228000,75.597218
2528,32.392350,13.347000,74.923204
2529,32.405729,13.379000,74.744002
2530,32.418941,13.212000,75.688768
2531,32.432317,13.376000,74.760766
2532,32.445713,13.396000,74.649149
2533,32.458969,13.256000,75.437538
2534,32.472669,13.700000,72.992701
2535,32.485511,12.842000,77.869491
2536,32.499265,13.754000,72.706122
2537,32.512972,13.707000,72.955424
2538,32.526636,13.664000,73.185012
2539,32.540118,13.482000,74.172971
2540,32.553414,13.296000,75.210590
2541,32.567067,13.653000,73.243976
2542,32.580228,13.161000,75.982068
2543,32.593666,13.438000,74.415836
2544,32.606842,13.176000,75.895568
2545,32.620373,13.531000,73.904368
2546,32.633028,12.655000,79.020150
2547,32.646300,13.272000,75.346594
2548,32.659569,13.269000,75.363630
2549,32.672517,12.948000,77.232005
2550,32.686509,13.992000,71.469411
2551,32.699584,13.075000,76.481836
2552,32.712887,13.303000,75.171014
2553,32.732041,19.154000,52.208416
2554,32.738942,6.901000,144.906535
2555,32.752541,13.599000,73.534819
2556,32.766533,13.992000,71.469411
2557,32.779912,13.379000,74.744002
2558,32.792427,12.515000,79.904115
2559,32.806423,13.996000,71.448985
2560,32.819067,12.644000,79.088896
2561,32.832183,13.116000,76.242757
2562,32.846372,14.189000,70.477130
2563,32.858923,12.551000,79.674926
2564,32.872783,13.860000,72.150072
2565,32.885710,12.927000,77.357469
2566,32.898884,13.174000,75.907090
2567,32.912259,13.375000,74.766355
2568,32.925839,13.580000,73.637703
2569,32.939030,13.191000,75.809264
2570,32.953486,14.456000,69.175429
2571,32.966631,13.145000,76.074553
2572,32.979520,12.889000,77.585538
2573,32.992842,13.322000,75.063804
2574,33.006367,13.525000,73.937153
2575,33.019569,13.202000,75.746099
2576,33.032834,13.265000,75.386355
2577,33.046495,13.661000,73.201083
2578,33.058925,12.430000,80.450523
2579,33.073057,14.132000,70.761393
2580,33.085895,12.838000,77.893753
2581,33.099891,13.996000,71.448985
2582,33.113405,13.514000,73.997336
2583,33.126021,12.616000,79.264426
2584,33.139555,13.534000,73.887986
2585,33.152827,13.272000,75.346594
2586,33.166219,13.392000,74.671446
2587,33.179670,13.451000,74.343915
2588,33.192919,13.249000,75.477395
2589,33.206168,13.249000,75.477395
2590,33.219582,13.414000,74.548979
2591,33.232358,12.776000,78.271760
2592,33.246312,13.954000,71.664039
2593,33.258933,12.621000,79.233024
2594,33.272584,13.651000,73.254707
2595,33.286138,13.554000,73.778958
2596,33.299445,13.307000,75.148418
2597,33.311983,12.538000,79.757537
2598,33.325943,13.960000,71.633238
2599,33.339240,13.297000,75.204933
2600,33.352834,13.594000,73.561866
2601,33.365521,12.687000,78.820840
2602,33.378929,13.408000,74.582339
2603,33.392250,13.321000,75.069439
2604,33.405368,13.118000,76.231133
2605,33.418651,13.283000,75.284198
2606,33.432099,13.448000,74.360500
2607,33.444990,12.891000,77.573501
2608,33.458580,13.590000,73.583517
2609,33.471811,13.231000,75.580077
2610,33.485251,13.440000,74.404762
2611,33.498216,12.965000,77.130737
2612,33.511837,13.621000,73.416049
2613,33.525253,13.416000,74.537865
2614,33.541003,15.750000,63.492063
2615,33.551390,10.387000,96.274189
2616,33.565054,13.664000,73.185012
2617,33.578233,13.179000,75.878291
2618,33.591919,13.686000,73.067368
2619,33.605194,13.275000,75.329567
2620,33.618405,13.211000,75.694497
2621,33.631869,13.464000,74.272133
2622,33.645404,13.535000,73.882527
2623,33.658667,13.263000,75.397723
2624,33.671887,13.220000,75.642965
2625,33.685274,13.387000,74.699335
2626,33.698737,13.463000,74.277650
2627,33.711991,13.254000,75.448921
2628,33.725234,13.243000,75.511591
2629,33.738427,13.193000,75.797772
2630,33.751993,13.566000,73.713696
2631,33.765391,13.398000,74.638006
2632,33.778840,13.449000,74.354971
2633,33.791808,12.968000,77.112893
2634,33.805459,13.651000,73.254707
2635,33.819132,13.673000,73.136839
2636,33.832622,13.490000,74.128984
2637,33.845706,13.084000,76.429227
2638,33.858403,12.697000,78.758762
2639,33.873100,14.697000,68.041097
2640,33.886218,13.118000,76.231133
2641,33.898803,12.585000,79.459674
2642,33.912885,14.082000,71.012640
2643,33.926233,13.348000,74.917591
2644,33.939087,12.854000,77.796795
2645,33.952805,13.718000,72.896924
2646,33.966294,13.489000,74.134480
2647,33.979588,13.294000,75.221905
2648,33.992249,12.661000,78.982703
2649,34.005650,13.401000,74.621297
2650,34.019205,13.555000,73.773515
2651,34.033147,13.942000,71.725721
2652,34.046642,13.495000,74.101519
2653,34.059296,12.654000,79.026395
2654,34.073309,14.013000,71.362306
2655,34.085498,12.189000,82.041185
2656,34.099429,13.931000,71.782356
2657,34.112288,12.859000,77.766545
2658,34.126235,13.947000,71.700007
2659,34.139245,13.010000,76.863951
2660,34.151621,12.376000,80.801551
2661,34.165553,13.932000,71.777204
2662,34.179892,14.339000,69.739870
2663,34.193307,13.415000,74.543422
2664,34.206419,13.112000,76.266016
2665,34.219245,12.826000,77.966630
2666,34.233105,13.860000,72.150072
2667,34.245848,12.743000,78.474457
2668,34.259060,13.212000,75.688768
2669,34.272662,13.602000,73.518600
2670,34.286150,13.488000,74.139976
2671,34.298886,12.736000,78.517588
2672,34.312980,14.094000,70.952178
2673,34.334842,21.862000,45.741469
2674,34.351646,16.804000,59.509641
2675,34.358557,6.911000,144.696860
2676,34.364766,6.209000,161.056531
2677,34.379109,14.343000,69.720421
2678,34.394430,15.321000,65.269891
2679,34.405877,11.447000,87.359133
2680,34.419033,13.156000,76.010946
2681,34.432181,13.148000,76.057195
2682,34.445571,13.390000,74.682599
2683,34.458819,13.248000,75.483092
2684,34.472181,13.362000,74.839096
2685,34.485434,13.253000,75.454614
2686,34.498743,13.309000,75.137125
2687,34.511991,13.248000,75.483092
2688,34.525180,13.189000,75.820760
2689,34.539139,13.959000,71.638370
2690,34.551662,12.523000,79.853070
2691,34.566815,15.153000,65.993533
2692,34.579205,12.390000,80.710250
2693,34.592067,12.862000,77.748406
2694,34.606083,14.016000,71.347032
2695,34.618800,12.717000,78.634898
2696,34.632601,13.801000,72.458517
2697,34.645336,12.735000,78.523753
2698,34.658915,13.579000,73.643125
2699,34.672384,13.469000,74.244562
2700,34.685600,13.216000,75.665860
2701,34.698991,13.391000,74.677022
2702,34.712296,13.305000,75.159714
2703,34.726867,14.571000,68.629469
2704,34.739327,12.460000,80.256822
2705,34.752283,12.956000,77.184316
2706,34.765765,13.482000,74.172971
2707,34.779703,13.938000,71.746305
2708,34.792513,12.810000,78.064012
2709,34.806295,13.782000,72.558410
2710,34.819378,13.083000,76.435068
2711,34.833415,14.037000,71.240294
2712,34.847254,13.839000,72.259556
2713,34.859290,12.036000,83.084081
2714,34.873691,14.401000,69.439622
2715,34.887272,13.581000,73.632280
2716,34.899533,12.261000,81.559416
2717,34.912555,13.022000,76.793119
2718,34.926094,13.539000,73.860699
2719,34.939544,13.450000,74.349442
2720,34.953824,14.280000,70.028011
2721,34.967023,13.199000,75.763315
2722,34.980342,13.319000,75.080712
2723,34.993637,13.295000,75.216247
2724,35.007060,13.423000,74.498994
2725,35.019209,12.149000,82.311301
2726,35.033987,14.778000,67.668155
2727,35.046150,12.163000,82.216558
2728,35.059041,12.891000,77.573501
2729,35.072481,13.440000,74.404762
2730,35.085911,13.430000,74.460164
2731,35.099423,13.512000,74.008289
2732,35.112684,13.261000,75.409094
2733,35.125843,13.159000,75.993617
2734,35.144669,18.826000,53.118028
2735,35.151433,6.764000,147.841514
2736,35.166017,14.584000,68.568294
2737,35.179321,13.304000,75.165364
2738,35.191999,12.678000,78.876794
2739,35.206129,14.130000,70.771408
2740,35.219597,13.468000,74.250074
2741,35.231883,12.286000,81.393456
2742,35.245899,14.016000,71.347032
2743,35.258795,12.896000,77.543424
2744,35.272419,13.624000,73.399883
2745,35.285732,13.313000,75.114550
2746,35.299254,13.522000,73.953557
2747,35.312515,13.261000,75.409094
2748,35.325845,13.330000,75.018755
2749,35.339336,13.491000,74.123490
2750,35.352667,13.331000,75.013127
2751,35.365824,13.157000,76.005168
2752,35.378649,12.825000,77.972710
2753,35.393014,14.365000,69.613644
2754,35.406328,13.314000,75.108908
2755,35.418876,12.548000,79.693975
2756,35.432981,14.105000,70.896845
2757,35.445997,13.016000,76.828519
2758,35.459735,13.738000,72.790799
2759,35.472241,12.506000,79.961618
2760,35.485554,13.313000,75.114550
2761,35.498960,13.406000,74.593466
2762,35.513136,14.176000,70.541761
2763,35.526271,13.135000,76.132470
2764,35.539923,13.652000,73.249341
2765,35.552664,12.741000,78.486775
2766,35.566070,13.406000,74.593466
2767,35.579393,13.323000,75.058170
2768,35.593138,13.745000,72.753729
2769,35.605689,12.551000,79.674926
2770,35.619347,13.658000,73.217162
2771,35.632687,13.340000,74.962519
2772,35.645958,13.271000,75.352272
2773,35.659194,13.236000,75.551526
2774,35.673039,13.845000,72.228241
2775,35.685258,12.219000,81.839758
2776,35.699602,14.344000,69.715561
2777,35.713725,14.123000,70.806486
2778,35.725863,12.138000,82.385896
2779,35.739588,13.725000,72.859745
2780,35.752210,12.622000,79.226747
2781,35.765724,13.514000,73.997336
2782,35.780025,14.301000,69.925180
2783,35.793334,13.309000,75.137125
2784,35.805826,12.492000,80.051233
2785,35.819131,13.305000,75.159714
2786,35.833481,14.350000,69.686411
2787,35.846731,13.250000,75.471698
2788,35.859148,12.417000,80.534751
2789,35.872800,13.652000,73.249341
2790,35.885964,13.164000,75.964752
2791,35.899369,13.405000,74.599030
2792,35.912398,13.029000,76.751861
2793,35.925859,13.461000,74.288686
2794,35.939187,13.328000,75.030012
2795,35.952489,13.302000,75.176665
2796,35.968793,16.304000,61.334642
2797,35.977968,9.175000,108.991826
2798,35.991991,14.023000,71.311417
2799,36.006003,14.012000,71.367399
2800,36.019117,13.114000,76.254385
2801,36.032749,13.632000,73.356808
2802,36.045050,12.301000,81.294204
2803,36.058773,13.723000,72.870364
2804,36.072331,13.558000,73.757191
2805,36.085164,12.833000,77.924102
2806,36.099358,14.194000,70.452304
2807,36.111856,12.498000,80.012802
2808,36.124900,13.044000,76.663600
2809,36.138638,13.738000,72.790799
2810,36.152183,13.545000,73.827981
2811,36.168014,15.831000,63.167204
2812,36.178524,10.510000,95.147479
2813,36.191792,13.268000,75.369310
2814,36.205952,14.160000,70.621469
2815,36.218513,12.561000,79.611496
2816,36.232280,13.767000,72.637466
2817,36.245037,12.757000,78.388336
2818,36.259035,13.998000,71.438777
2819,36.271726,12.691000,78.795997
2820,36.286184,14.458000,69.165860
2821,36.299427,13.243000,75.511591
2822,36.312862,13.435000,74.432453
2823,36.326332,13.470000,74.239050
2824,36.339426,13.094000,76.370857
2825,36.352943,13.517000,73.980913
2826,36.366115,13.172000,75.918615
2827,36.379231,13.116000,76.242757
2828,36.392410,13.179000,75.878291
2829,36.405907,13.497000,74.090539
2830,36.418916,13.009000,76.869859
2831,36.432411,13.495000,74.101519
2832,36.445206,12.795000,78.155530
2833,36.458659,13.453000,74.332863
2834,36.472331,13.672000,73.142188
2835,36.485500,13.169000,75.935910
2836,36.498957,13.457000,74.310768
2837,36.512091,13.134000,76.138267
2838,36.525476,13.385000,74.710497
2839,36.538654,13.178000,75.884049
2840,36.552149,13.495000,74.101519
2841,36.565165,13.016000,76.828519
2842,36.578588,13.423000,74.498994
2843,36.592066,13.478000,74.194984
2844,36.605627,13.561000,73.740875
2845,36.619231,13.604000,73.507792
2846,36.633130,13.899000,71.947622
2847,36.646519,13.389000,74.688177
2848,36.659372,12.853000,77.802848
2849,36.673491,14.119000,70.826546
2850,36.685964,12.473000,80.173174
2851,36.699196,13.232000,75.574365
2852,36.712334,13.138000,76.115086
2853,36.725815,13.481000,74.178473
2854,36.738758,12.943000,77.261840
2855,36.751872,13.114000,76.254385
2856,36.765832,13.960000,71.633238
2857,36.784562,18.730000,53.390283
2858,36.791285,6.723000,148.743121
2859,36.805221,13.936000,71.756602
2860,36.818581,13.360000,74.850299
2861,36.832646,14.065000,71.098471
2862,36.845436,12.790000,78.186083
2863,36.859127,13.691000,73.040684
2864,36.872370,13.243000,75.511591
2865,36.884758,12.388000,80.723281
2866,36.898630,13.872000,72.087659
2867,36.911573,12.943000,77.261840
2868,36.925111,13.538000,73.866155
2869,36.938202,13.091000,76.388358
2870,36.951720,13.518000,73.975440
2871,36.965071,13.351000,74.900756
2872,36.978851,13.780000,72.568940
2873,36.991853,13.002000,76.911244
2874,37.004547,12.694000,78.777375
2875,37.018084,13.537000,73.871611
2876,37.031301,13.217000,75.660135
2877,37.044713,13.412000,74.560095
2878,37.058050,13.337000,74.979381
2879,37.071384,13.334000,74.996250
2880,37.084696,13.312000,75.120192
2881,37.097947,13.251000,75.466003
2882,37.111521,13.574000,73.670252
2883,37.124932,13.411000,74.565655
2884,37.138227,13.295000,75.216247
2885,37.151592,13.365000,74.822297
2886,37.164669,13.077000,76.470138
2887,37.178179,13.510000,74.019245
2888,37.191338,13.159000,75.993617
2889,37.204994,13.656000,73.227885
2890,37.218136,13.142000,76.091919
2891,37.231348,13.212000,75.688768
2892,37.244870,13.522000,73.953557
2893,37.258035,13.165000,75.958982
2894,37.271510,13.475000,74.211503
2895,37.284817,13.307000,75.148418
2896,37.297943,13.126000,76.184672
2897,37.311510,13.567000,73.708263
2898,37.324979,13.469000,74.244562
2899,37.337939,12.960000,77.160494
2900,37.351354,13.415000,74.543422
2901,37.365068,13.714000,72.918186
2902,37.378380,13.312000,75.120192
2903,37.392039,13.659000,73.211802
2904,37.405750,13.711000,72.934140
2905,37.418657,12.907000,77.477338
2906,37.432264,13.607000,73.491585
2907,37.445750,13.486000,74.150971
2908,37.459033,13.283000,75.284198
2909,37.472019,12.986000,77.006006
2910,37.485101,13.082000,76.440911
2911,37.498518,13.417000,74.532310
2912,37.512130,13.612000,73.464590
2913,37.524965,12.835000,77.911959
2914,37.538970,14.005000,71.403070
2915,37.551681,12.711000,78.672016
2916,37.572703,21.022000,47.569213
2917,37.590968,18.265000,54.749521
2918,37.598100,7.132000,140.213124
2919,37.604306,6.206000,161.134386
2920,37.618249,13.943000,71.720577
2921,37.632558,14.309000,69.886086
2922,37.644768,12.210000,81.900082
2923,37.658766,13.998000,71.438777
2924,37.671934,13.168000,75.941677
2925,37.685433,13.499000,74.079561
2926,37.698689,13.256000,75.437538
2927,37.712109,13.420000,74.515648
2928,37.725314,13.205000,75.728891
2929,37.738199,12.885000,77.609624
2930,37.751943,13.744000,72.759022
2931,37.765483,13.540000,73.855244
2932,37.778034,12.551000,79.674926
2933,37.791182,13.148000,76.057195
2934,37.805843,14.661000,68.208171
2935,37.819118,13.275000,75.329567
2936,37.832369,13.251000,75.466003
2937,37.845511,13.142000,76.091919
2938,37.858607,13.096000,76.359194
2939,37.872442,13.835000,72.280448
2940,37.885016,12.574000,79.529187
2941,37.898664,13.648000,73.270809
2942,37.911799,13.135000,76.132470
2943,37.925270,13.471000,74.233539
2944,37.938609,13.339000,74.968139
2945,37.952061,13.452000,74.338388
2946,37.964570,12.509000,79.942441
2947,37.978932,14.362000,69.628185
2948,37.991563,12.631000,79.170295
2949,38.005747,14.184000,70.501974
2950,38.018193,12.446000,80.347099
2951,38.031983,13.790000,72.516316
2952,38.044825,12.842000,77.869491
2953,38.059099,14.274000,70.057447
2954,38.072001,12.902000,77.507363
2955,38.084943,12.942000,77.267810
2956,38.098970,14.027000,71.291081
2957,38.111620,12.650000,79.051383
2958,38.124908,13.288000,75.255870
2959,38.139233,14.325000,69.808028
2960,38.151831,12.598000,79.377679
2961,38.165833,14.002000,71.418369
2962,38.178916,13.083000,76.435068
2963,38.192242,13.326000,75.041273
2964,38.205083,12.841000,77.875555
2965,38.218919,13.836000,72.275224
2966,38.231761,12.842000,77.869491
2967,38.245685,13.924000,71.818443
2968,38.258200,12.515000,79.904115
2969,38.271924,13.724000,72.865054
2970,38.285015,13.091000,76.388358
2971,38.298708,13.693000,73.030015
2972,38.311757,13.049000,76.634225
2973,38.325585,13.828000,72.317038
2974,38.338807,13.222000,75.631523
2975,38.351568,12.761000,78.363765
2976,38.371631,20.063000,49.842995
2977,38.378693,7.062000,141.602945
2978,38.392422,13.729000,72.838517
2979,38.405074,12.652000,79.038887
2980,38.418263,13.189000,75.820760
2981,38.431617,13.354000,74.883930
2982,38.444894,13.277000,75.318219
2983,38.458313,13.419000,74.521201
2984,38.471546,13.233000,75.568654
2985,38.484941,13.395000,74.654722
2986,38.497912,12.971000,77.095058
2987,38.511570,13.658000,73.217162
2988,38.524542,12.972000,77.089115
2989,38.537686,13.144000,76.080341
2990,38.551518,13.832000,72.296125
2991,38.569620,18.102000,55.242515
2992,38.577674,8.054000,124.161907
2993,38.591566,13.892000,71.983876
2994,38.604765,13.199000,75.763315
2995,38.617428,12.663000,78.970228
2996,38.631191,13.763000,72.658577
2997,38.644551,13.360000,74.850299
2998,38.657759,13.208000,75.711690
2999,38.671168,13.409000,74.576777
3000,38.684376,13.208000,75.711690
3001,38.697819,13.443000,74.388157
3002,38.711206,13.387000,74.699335
3003,38.724693,13.487000,74.145473
3004,38.738117,13.424000,74.493445
3005,38.751634,13.517000,73.980913
3006,38.765007,13.373000,74.777537
3007,38.778272,13.265000,75.386355
3008,38.791699,13.427000,74.476800
3009,38.805597,13.898000,71.952799
3010,38.818597,13.000000,76.923077
3011,38.832029,13.432000,74.449077
3012,38.845362,13.333000,75.001875
3013,38.858589,13.227000,75.602933
3014,38.872075,13.486000,74.150971
3015,38.884993,12.918000,77.411364
3016,38.897801,12.808000,78.076202
3017,38.911105,13.304000,75.165364
3018,38.924342,13.237000,75.545819
3019,38.937735,13.393000,74.665870
3020,38.951067,13.332000,75.007501
3021,38.964711,13.644000,73.292290
3022,38.977957,13.246000,75.494489
3023,38.991214,13.257000,75.431847
3024,39.004650,13.436000,74.426913
3025,39.017742,13.092000,76.382524
3026,39.031325,13.583000,73.621439
3027,39.044731,13.406000,74.593466
3028,39.057700,12.969000,77.106947
3029,39.071093,13.393000,74.665870
3030,39.084459,13.366000,74.816699
3031,39.098059,13.600000,73.529412
3032,39.111730,13.671000,73.147539
3033,39.124428,12.698000,78.752559
3034,39.137631,13.203000,75.740362
3035,39.156726,19.095000,52.369730
3036,39.166238,9.512000,105.130362
3037,39.178275,12.037000,83.077179
3038,39.191013,12.738000,78.505260
3039,39.204427,13.414000,74.548979
3040,39.218027,13.600000,73.529412
3041,39.230950,12.923000,77.381413
3042,39.244452,13.502000,74.063102
3043,39.258057,13.605000,73.502389
3044,39.271629,13.572000,73.681108
3045,39.284381,12.752000,78.419072
3046,39.298334,13.953000,71.669175
3047,39.311408,13.074000,76.487685
3048,39.324545,13.137000,76.120880
3049,39.338696,14.151000,70.666384
3050,39.351021,12.325000,81.135903
3051,39.364279,13.258000,75.426158
3052,39.377947,13.668000,73.163594
3053,39.391276,13.329000,75.024383
3054,39.404589,13.313000,75.114550
3055,39.417955,13.366000,74.816699
3056,39.431051,13.096000,76.359194
3057,39.444625,13.574000,73.670252
3058,39.457861,13.236000,75.551526
3059,39.471224,13.363000,74.833495
3060,39.484779,13.555000,73.773515
3061,39.498174,13.395000,74.654722
3062,39.511856,13.682000,73.088730
3063,39.525178,13.322000,75.063804
3064,39.538514,13.336000,74.985003
3065,39.551784,13.270000,75.357950
3066,39.565316,13.532000,73.898906
3067,39.579514,14.198000,70.432455
3068,39.591012,11.498000,86.971647
3069,39.604315,13.303000,75.171014
3070,39.617705,13.390000,74.682599
3071,39.631128,13.423000,74.498994
3072,39.644569,13.441000,74.399226
3073,39.658119,13.550000,73.800738
3074,39.670963,12.844000,77.857365
3075,39.684348,13.385000,74.710497
3076,39.697708,13.360000,74.850299
3077,39.711023,13.315000,75.103267
3078,39.724341,13.318000,75.086349
3079,39.737808,13.467000,74.255588
3080,39.750917,13.109000,76.283469
3081,39.764498,13.581000,73.632280
3082,39.777757,13.259000,75.420469
3083,39.791157,13.400000,74.626866
3084,39.804853,13.696000,73.014019
3085,39.818066,13.213000,75.683039
3086,39.831642,13.576000,73.659399
3087,39.845146,13.504000,74.052133
3088,39.857979,12.833000,77.924102
3089,39.871658,13.679000,73.104759
3090,39.885100,13.442000,74.393691
3091,39.898436,13.336000,74.985003
3092,39.911927,13.491000,74.123490
3093,39.933691,21.764000,45.947436
3094,39.950257,16.566000,60.364602
3095,39.957458,7.201000,138.869601
3096,39.964059,6.601000,151.492198
3097,39.978331,14.272000,70.067265
3098,39.993631,15.300000,65.359477
3099,40.004732,11.101000,90.081975
3100,40.017974,13.242000,75.517293
3101,40.031183,13.209000,75.705958
3102,40.044512,13.329000,75.024383
3103,40.057917,13.405000,74.599030
3104,40.071636,13.719000,72.891610
3105,40.084877,13.241000,75.522997
3106,40.098466,13.589000,73.588932
3107,40.112044,13.578000,73.648549
3108,40.124491,12.447000,80.340644
3109,40.143103,18.612000,53.728777
3110,40.150756,7.653000,130.667712
3111,40.164810,14.054000,71.154120
3112,40.178597,13.787000,72.532095
3113,40.192068,13.471000,74.233539
3114,40.205669,13.601000,73.524006
3115,40.218174,12.505000,79.968013
3116,40.232256,14.082000,71.012640
3117,40.245329,13.073000,76.493536
3118,40.258230,12.901000,77.513371
3119,40.272869,14.639000,68.310677
3120,40.285594,12.725000,78.585462
3121,40.298722,13.128000,76.173065
3122,40.312497,13.775000,72.595281
3123,40.325722,13.225000,75.614367
3124,40.338830,13.108000,76.289289
3125,40.351281,12.451000,80.314834
3126,40.365490,14.209000,70.377929
3127,40.378245,12.755000,78.400627
3128,40.392345,14.100000,70.921986
3129,40.404952,12.607000,79.321012
3130,40.418419,13.467000,74.255588
3131,40.432050,13.631000,73.362189
3132,40.445223,13.173000,75.912852
3133,40.458300,13.077000,76.470138
3134,40.471621,13.321000,75.069439
3135,40.485565,13.944000,71.715433
3136,40.499029,13.464000,74.272133
3137,40.512266,13.237000,75.545819
3138,40.525874,13.608000,73.486185
3139,40.538491,12.617000,79.258144
3140,40.551567,13.076000,76.475987
3141,40.566172,14.605000,68.469702
3142,40.579854,13.682000,73.088730
3143,40.591704,11.850000,84.388186
3144,40.604836,13.132000,76.149863
3145,40.617994,13.158000,75.999392
3146,40.632134,14.140000,70.721358
3147,40.644691,12.557000,79.636856
3148,40.658562,13.871000,72.092856
3149,40.670889,12.327000,81.122739
3150,40.684796,13.907000,71.906234
3151,40.697426,12.630000,79.176564
3152,40.711643,14.217000,70.338327
3153,40.724868,13.225000,75.614367
3154,40.745919,21.051000,47.503682
3155,40.753215,7.296000,137.061404
3156,40.764120,10.905000,91.701055
3157,40.778230,14.110000,70.871722
3158,40.791735,13.505000,74.046649
3159,40.805322,13.587000,73.599764
3160,40.818259,12.937000,77.297673
3161,40.831516,13.257000,75.431847
3162,40.845018,13.502000,74.063102
3163,40.857954,12.936000,77.303649
3164,40.871306,13.352000,74.895147
3165,40.884964,13.658000,73.217162
3166,40.898016,13.052000,76.616610
3167,40.911654,13.638000,73.324534
3168,40.924532,12.878000,77.651809
3169,40.938208,13.676000,73.120796
3170,40.956599,18.391000,54.374422
3171,40.964239,7.640000,130.890052
3172,40.978302,14.063000,71.108583
3173,40.990927,12.625000,79.207921
3174,41.004695,13.768000,72.632191
3175,41.018325,13.630000,73.367572
3176,41.031496,13.171000,75.924379
3177,41.044834,13.338000,74.973759
3178,41.057841,13.007000,76.881679
3179,41.072046,14.205000,70.397747
3180,41.084828,12.782000,78.235018
3181,41.097564,12.736000,78.517588
3182,41.111872,14.308000,69.890970
3183,41.125476,13.604000,73.507792
3184,41.138227,12.751000,78.425222
3185,41.152464,14.237000,70.239517
3186,41.165579,13.115000,76.248570
3187,41.178717,13.138000,76.115086
3188,41.192779,14.062000,71.113640
3189,41.205371,12.592000,79.415502
3190,41.219095,13.724000,72.865054
3191,41.232028,12.933000,77.321580
3192,41.245474,13.446000,74.371560
3193,41.258945,13.471000,74.233539
3194,41.272663,13.718000,72.896924
3195,41.285066,12.403000,80.625655
3196,41.298920,13.854000,72.181319
3197,41.311744,12.824000,77.978790
3198,41.326409,14.665000,68.189567
3199,41.338965,12.556000,79.643198
3200,41.351489,12.524000,79.846694
3201,41.365518,14.029000,71.280918
3202,41.379584,14.066000,71.093417
3203,41.391800,12.216000,81.859856
3204,41.405485,13.685000,73.072707
3205,41.418289,12.804000,78.100594
3206,41.431644,13.355000,74.878323
3207,41.444683,13.039000,76.692998
3208,41.458625,13.942000,71.725721
3209,41.471816,13.191000,75.809264
3210,41.484132,12.316000,81.195193
3211,41.497732,13.600000,73.529412
3212,41.511688,13.956000,71.653769
3213,41.524454,12.766000,78.333072
3214,41.538315,13.861000,72.144867
3215,41.557293,18.978000,52.692591
3216,41.564457,7.164000,139.586823
3217,41.579076,14.619000,68.404132
3218,41.591038,11.962000,83.598061
3219,41.604446,13.408000,74.582339
3220,41.617882,13.436000,74.426913
3221,41.630922,13.040000,76.687117
3222,41.645063,14.141000,70.716357
3223,41.657875,12.812000,78.051826
3224,41.671621,13.746000,72.748436
3225,41.684854,13.233000,75.568654
3226,41.698320,13.466000,74.261102
3227,41.711219,12.899000,77.525390
3228,41.724438,13.219000,75.648687
3229,41.738310,13.872000,72.087659
3230,41.751092,12.782000,78.235018
3231,41.764850,13.758000,72.684983
3232,41.777557,12.707000,78.696781
3233,41.791597,14.040000,71.225071
3234,41.804848,13.251000,75.466003
3235,41.817503,12.655000,79.020150
3236,41.830646,13.143000,76.086129
3237,41.844076,13.430000,74.460164
3238,41.857491,13.415000,74.543422
3239,41.870708,13.217000,75.660135
3240,41.885263,14.555000,68.704912
3241,41.897707,12.444000,80.360013
3242,41.910671,12.964000,77.136686
3243,41.925230,14.559000,68.686036
3244,41.937780,12.550000,79.681275
3245,41.950910,13.130000,76.161462
3246,41.965281,14.371000,69.584580
3247,41.977960,12.679000,78.870573
3248,41.991562,13.602000,73.518600
3249,42.005217,13.655000,73.233248
3250,42.018258,13.041000,76.681236
3251,42.031717,13.459000,74.299725
3252,42.044356,12.639000,79.120184
3253,42.058073,13.717000,72.902238
3254,42.071838,13.765000,72.648020
3255,42.084096,12.258000,81.579377
3256,42.098779,14.683000,68.105973
3257,42.111427,12.648000,79.063884
3258,42.125372,13.945000,71.710290
3259,42.138657,13.285000,75.272864
3260,42.151533,12.876000,77.663871
3261,42.166222,14.689000,68.078154
3262,42.179240,13.018000,76.816715
3263,42.192730,13.490000,74.128984
3264,42.205375,12.645000,79.082641
3265,42.218430,13.055000,76.599004
3266,42.232211,13.781000,72.563675
3267,42.244953,12.742000,78.480615
3268,42.257944,12.991000,76.976368
3269,42.271564,13.620000,73.421439
3270,42.284969,13.405000,74.599030
3271,42.298148,13.179000,75.878291
3272,42.311462,13.314000,75.108908
3273,42.324759,13.297000,75.204933
3274,42.338378,13.619000,73.426830
3275,42.351898,13.520000,73.964497
3276,42.370963,19.065000,52.452137
3277,42.378838,7.875000,126.984127
3278,42.391444,12.606000,79.327304
3279,42.407340,15.896000,62.908908
3280,42.418459,11.119000,89.936145
3281,42.431700,13.241000,75.522997
3282,42.446338,14.638000,68.315344
3283,42.458223,11.885000,84.139672
3284,42.470575,12.352000,80.958549
3285,42.484694,14.119000,70.826546
3286,42.497926,13.232000,75.574365
3287,42.511280,13.354000,74.883930
3288,42.524372,13.092000,76.382524
3289,42.537638,13.266000,75.380672
3290,42.550936,13.298000,75.199278
3291,42.566952,16.016000,62.437562
3292,42.576943,9.991000,100.090081
3293,42.591484,14.541000,68.771061
3294,42.603721,12.237000,81.719376
3295,42.618135,14.414000,69.376995
3296,42.630695,12.560000,79.617834
3297,42.643914,13.219000,75.648687
3298,42.657498,13.584000,73.616019
3299,42.671684,14.186000,70.492034
3300,42.684212,12.528000,79.821201
3301,42.698282,14.070000,71.073205
3302,42.712797,14.515000,68.894247
3303,42.725310,12.513000,79.916886
3304,42.737795,12.485000,80.096115
3305,42.753285,15.490000,64.557779
3306,42.765085,11.800000,84.745763
3307,42.779972,14.887000,67.172701
3308,42.791082,11.110000,90.009001
3309,42.804209,13.127000,76.178868
3310,42.819100,14.891000,67.154657
3311,42.830858,11.758000,85.048478
3312,42.846409,15.551000,64.304546
3313,42.858493,12.084000,82.754055
3314,42.871022,12.529000,79.814830
3315,42.885268,14.246000,70.195142
3316,42.897640,12.372000,80.827675
3317,42.912038,14.398000,69.454091
3318,42.924637,12.599000,79.371379
3319,42.938080,13.443000,74.388157
3320,42.951331,13.251000,75.466003
3321,42.965936,14.605000,68.469702
3322,42.978751,12.815000,78.033554
3323,42.991418,12.667000,78.945291
3324,43.004658,13.240000,75.528701
3325,43.018757,14.099000,70.927016
3326,43.030928,12.171000,82.162517
3327,43.044757,13.829000,72.311809
3328,43.058236,13.479000,74.189480
3329,43.071493,13.257000,75.431847
3330,43.084763,13.270000,75.357950
3331,43.098187,13.424000,74.493445
3332,43.111304,13.117000,76.236944
3333,43.124693,13.389000,74.688177
3334,43.137898,13.205000,75.728891
3335,43.151268,13.370000,74.794316
3336,43.170938,19.670000,50.838841
3337,43.177835,6.897000,144.990576
3338,43.192640,14.805000,67.544748
3339,43.204666,12.026000,83.153168
3340,43.218477,13.811000,72.406053
3341,43.230952,12.475000,80.160321
3342,43.244767,13.815000,72.385089
3343,43.258019,13.252000,75.460308
3344,43.270771,12.752000,78.419072
3345,43.284446,13.675000,73.126143
3346,43.297943,13.497000,74.090539
3347,43.311173,13.230000,75.585790
3348,43.324646,13.473000,74.222519
3349,43.337897,13.251000,75.466003
3350,43.351139,13.242000,75.517293
3351,43.364477,13.338000,74.973759
3352,43.380601,16.124000,62.019350
3353,43.390912,10.311000,96.983804
3354,43.404270,13.358000,74.861506
3355,43.418610,14.340000,69.735007
3356,43.430377,11.767000,84.983428
3357,43.444714,14.337000,69.749599
3358,43.457597,12.883000,77.621672
3359,43.471293,13.696000,73.014019
3360,43.484540,13.247000,75.488790
3361,43.498175,13.635000,73.340667
3362,43.511467,13.292000,75.233223
3363,43.524399,12.932000,77.327560
3364,43.537843,13.444000,74.382624
3365,43.551740,13.897000,71.957977
3366,43.565446,13.706000,72.960747
3367,43.578080,12.634000,79.151496
3368,43.591454,13.374000,74.771946
3369,43.607031,15.577000,64.197214
3370,43.618101,11.070000,90.334237
3371,43.631209,13.108000,76.289289
3372,43.644861,13.652000,73.249341
3373,43.657690,12.829000,77.948398
3374,43.671311,13.621000,73.416049
3375,43.684944,13.633000,73.351427
3376,43.697483,12.539000,79.751176
3377,43.711498,14.015000,71.352123
3378,43.724041,12.543000,79.725743
3379,43.738090,14.049000,71.179443
3380,43.751331,13.241000,75.522997
3381,43.764723,13.392000,74.671446
3382,43.778345,13.622000,73.410659
3383,43.790911,12.566000,79.579819
3384,43.804845,13.934000,71.766901
3385,43.818098,13.253000,75.454614
3386,43.831393,13.295000,75.216247
3387,43.844256,12.863000,77.742362
3388,43.858114,13.858000,72.160485
3389,43.871369,13.255000,75.443229
3390,43.884091,12.722000,78.603993
3391,43.897549,13.458000,74.305246
3392,43.910629,13.080000,76.452599
3393,43.924002,13.373000,74.777537
3394,43.937909,13.907000,71.906234
3395,43.950725,12.816000,78.027466
3396,43.971349,20.624000,48.487199
3397,43.978370,7.021000,142.429853
3398,43.992467,14.097000,70.937079
3399,44.004499,12.032000,83.111702
3400,44.017946,13.447000,74.366030
3401,44.031596,13.650000,73.260073
3402,44.044089,12.493000,80.044825
3403,44.058482,14.393000,69.478219
3404,44.071799,13.317000,75.091988
3405,44.084530,12.731000,78.548425
3406,44.097976,13.446000,74.371560
3407,44.110764,12.788000,78.198311
3408,44.124684,13.920000,71.839080
3409,44.137433,12.749000,78.437525
3410,44.151091,13.658000,73.217162
3411,44.164631,13.540000,73.855244
3412,44.180098,15.467000,64.653779
3413,44.190756,10.658000,93.826234
3414,44.204764,14.008000,71.387778
3415,44.217287,12.523000,79.853070
3416,44.231633,14.346000,69.705841
3417,44.244920,13.287000,75.261534
3418,44.258243,13.323000,75.058170
3419,44.271519,13.276000,75.323893
3420,44.284130,12.611000,79.295853
3421,44.298303,14.173000,70.556692
3422,44.311582,13.279000,75.306876
3423,44.324462,12.880000,77.639752
3424,44.337612,13.150000,76.045627
3425,44.351422,13.810000,72.411296
3426,44.364540,13.118000,76.231133
3427,44.377859,13.319000,75.080712
3428,44.390718,12.859000,77.766545
3429,44.404355,13.637000,73.329911
3430,44.417886,13.531000,73.904368
3431,44.431323,13.437000,74.421374
3432,44.444624,13.301000,75.182317
3433,44.458199,13.575000,73.664825
3434,44.470724,12.525000,79.840319
3435,44.484657,13.933000,71.772052
3436,44.498053,13.396000,74.649149
3437,44.510704,12.651000,79.045135
3438,44.524797,14.093000,70.957213
3439,44.537881,13.084000,76.429227
3440,44.550678,12.797000,78.143315
3441,44.563827,13.149000,76.051411
3442,44.578213,14.386000,69.512026
3443,44.591167,12.954000,77.196233
3444,44.605807,14.640000,68.306011
3445,44.617522,11.715000,85.360649
3446,44.631056,13.534000,73.887986
3447,44.644861,13.805000,72.437523
3448,44.658233,13.372000,74.783129
3449,44.671532,13.299000,75.193624
3450,44.684197,12.665000,78.957758
3451,44.697851,13.654000,73.238611
3452,44.711160,13.309000,75.137125
3453,44.724278,13.118000,76.231133
3454,44.737636,13.358000,74.861506
3455,44.751111,13.475000,74.211503
3456,44.763995,12.884000,77.615647
3457,44.780318,16.323000,61.263248
3458,44.791444,11.126000,89.879561
3459,44.804530,13.086000,76.417545
3460,44.817212,12.682000,78.851916
3461,44.831415,14.203000,70.407660
3462,44.843941,12.526000,79.833945
3463,44.858235,14.294000,69.959424
3464,44.870701,12.466000,80.218193
3465,44.883788,13.087000,76.411706
3466,44.897696,13.908000,71.901064
3467,44.911047,13.351000,74.900756
3468,44.924277,13.230000,75.585790
3469,44.937755,13.478000,74.194984
3470,44.950917,13.162000,75.976295
3471,44.963910,12.993000,76.964519
3472,44.977589,13.679000,73.104759
3473,44.991272,13.683000,73.083388
3474,45.004025,12.753000,78.412922
