frame,time_s,frame_ms,fps
1,0.037855,37.855000,26.416590
2,0.067435,29.580000,33.806626
3,0.068467,1.032000,968.992248
4,0.078738,10.271000,97.361503
5,0.083301,4.563000,219.154065
6,0.101511,18.210000,54.914882
7,0.180104,78.593000,12.723779
8,0.180675,0.571000,1751.313485
9,0.212642,31.967000,31.282260
10,0.213186,0.544000,1838.235294
11,0.220499,7.313000,136.742787
12,0.226160,5.661000,176.647235
13,0.237606,11.446000,87.366766
14,0.240893,3.287000,304.228780
15,0.245626,4.733000,211.282485
16,0.253076,7.450000,134.228188
17,0.267021,13.945000,71.710290
18,0.279285,12.264000,81.539465
19,0.291890,12.605000,79.333598
20,0.305042,13.152000,76.034063
21,0.319795,14.753000,67.782824
22,0.331768,11.973000,83.521256
23,0.345203,13.435000,74.432453
24,0.358037,12.834000,77.918030
25,0.372804,14.767000,67.718562
26,0.384707,11.903000,84.012434
27,0.397957,13.250000,75.471698
28,0.411483,13.526000,73.931687
29,0.428274,16.791000,59.555714
30,0.437726,9.452000,105.797715
31,0.451128,13.402000,74.615729
32,0.464602,13.474000,74.217011
33,0.477918,13.316000,75.097627
34,0.492392,14.474000,69.089402
35,0.504350,11.958000,83.626024
36,0.518641,14.291000,69.974110
37,0.531218,12.577000,79.510217
38,0.547738,16.520000,60.532688
39,0.558298,10.560000,94.696970
40,0.571632,13.334000,74.996250
41,0.585893,14.261000,70.121310
42,0.598235,12.342000,81.024145
43,0.603606,5.371000,186.185068
44,0.628467,24.861000,40.223643
45,0.639285,10.818000,92.438528
46,0.653921,14.636000,68.324679
47,0.668068,14.147000,70.686365
48,0.670319,2.251000,444.247001
49,0.695246,24.927000,40.117142
50,0.706163,10.917000,91.600256
51,0.720310,14.147000,70.686365
52,0.734149,13.839000,72.259556
53,0.737147,2.998000,333.555704
54,0.761361,24.214000,41.298422
55,0.776130,14.769000,67.709391
56,0.787442,11.312000,88.401697
57,0.800760,13.318000,75.086349
58,0.803576,2.816000,355.113636
59,0.828940,25.364000,39.425958
60,0.839592,10.652000,93.879084
61,0.853859,14.267000,70.091820
62,0.867345,13.486000,74.150971
63,0.871128,3.783000,264.340471
64,0.894509,23.381000,42.769770
65,0.906283,11.774000,84.932903
66,0.920230,13.947000,71.700007
67,0.934508,14.278000,70.037820
68,0.937845,3.337000,299.670363
69,0.961154,23.309000,42.901883
70,0.973338,12.184000,82.074852
71,0.987198,13.860000,72.150072
72,1.002763,15.565000,64.246707
73,1.004265,1.502000,665.778961
74,1.027511,23.246000,43.018154
75,1.039373,11.862000,84.302816
76,1.053226,13.853000,72.186530
77,1.069504,16.278000,61.432608
78,1.070073,0.569000,1757.469244
79,1.092144,22.071000,45.308323
80,1.105245,13.101000,76.330051
81,1.118529,13.284000,75.278531
82,1.131594,13.065000,76.540375
83,1.137249,5.655000,176.834660
84,1.158443,21.194000,47.183165
85,1.172035,13.592000,73.572690
86,1.185731,13.696000,73.014019
87,1.198165,12.434000,80.424642
88,1.203475,5.310000,188.323917
89,1.225192,21.717000,46.046876
90,1.238156,12.964000,77.136686
91,1.252945,14.789000,67.617824
92,1.264656,11.711000,85.389804
93,1.279042,14.386000,69.512026
94,1.291529,12.487000,80.083287
95,1.304943,13.414000,74.548979
96,1.320348,15.405000,64.913989
97,1.331506,11.158000,89.621796
98,1.336908,5.402000,185.116623
99,1.375430,38.522000,25.959192
100,1.375648,0.218000,4587.155963
101,1.375666,0.018000,55555.555556
102,1.383362,7.696000,129.937630
103,1.390098,6.736000,148.456057
104,1.397075,6.977000,143.328078
105,1.403948,6.873000,145.496872
106,1.411197,7.249000,137.950062
107,1.411755,0.558000,1792.114695
108,1.419797,8.042000,124.347177
109,1.424795,4.998000,200.080032
110,1.437935,13.140000,76.103501
111,1.451340,13.405000,74.599030
112,1.464763,13.423000,74.498994
113,1.482006,17.243000,57.994549
114,1.491263,9.257000,108.026358
115,1.504917,13.654000,73.238611
116,1.518060,13.143000,76.086129
117,1.539060,21.000000,47.619048
118,1.557276,18.216000,54.896794
119,1.565420,8.144000,122.789784
120,1.571589,6.169000,162.100827
121,1.585154,13.565000,73.719130
122,1.592089,6.935000,144.196107
123,1.597650,5.561000,179.823773
124,1.611808,14.158000,70.631445
125,1.624746,12.938000,77.291699
126,1.637666,12.920000,77.399381
127,1.655300,17.634000,56.708631
128,1.667935,12.635000,79.145231
129,1.677753,9.818000,101.853738
130,1.691128,13.375000,74.766355
131,1.704711,13.583000,73.621439
132,1.717899,13.188000,75.826509
133,1.730833,12.934000,77.315602
134,1.744520,13.687000,73.062030
135,1.757572,13.052000,76.616610
136,1.770856,13.284000,75.278531
137,1.784346,13.490000,74.128984
138,1.797673,13.327000,75.035642
139,1.810869,13.196000,75.780540
140,1.824756,13.887000,72.009793
141,1.837486,12.730000,78.554595
142,1.851069,13.583000,73.621439
143,1.864568,13.499000,74.079561
144,1.877631,13.063000,76.552094
145,1.890961,13.330000,75.018755
146,1.904525,13.564000,73.724565
147,1.919890,15.365000,65.082981
148,1.931032,11.142000,89.750494
149,1.944565,13.533000,73.893446
150,1.957560,12.995000,76.952674
151,1.970777,13.217000,75.660135
152,1.984662,13.885000,72.020166
153,1.997627,12.965000,77.130737
154,2.010869,13.242000,75.517293
155,2.024404,13.535000,73.882527
156,2.037470,13.066000,76.534517
157,2.051061,13.591000,73.578103
158,2.064563,13.502000,74.063102
159,2.077557,12.994000,76.958596
160,2.090769,13.212000,75.688768
161,2.104603,13.834000,72.285673
162,2.117380,12.777000,78.265634
163,2.131021,13.641000,73.308408
164,2.144493,13.472000,74.228029
165,2.157491,12.998000,76.934913
166,2.170728,13.237000,75.545819
167,2.184286,13.558000,73.757191
168,2.197532,13.246000,75.494489
169,2.211033,13.501000,74.068588
170,2.224505,13.472000,74.228029
171,2.237527,13.022000,76.793119
172,2.250815,13.288000,75.255870
173,2.264870,14.055000,71.149057
174,2.277601,12.731000,78.548425
175,2.295940,18.339000,54.528600
176,2.304569,8.629000,115.888284
177,2.317531,12.962000,77.148588
178,2.330932,13.401000,74.621297
179,2.344608,13.676000,73.120796
180,2.357613,13.005000,76.893502
181,2.370822,13.209000,75.705958
182,2.384484,13.662000,73.195725
183,2.397449,12.965000,77.130737
184,2.410922,13.473000,74.222519
185,2.424475,13.553000,73.784402
186,2.437659,13.184000,75.849515
187,2.450807,13.148000,76.057195
188,2.464783,13.976000,71.551231
189,2.478269,13.486000,74.150971
190,2.491024,12.755000,78.400627
191,2.504481,13.457000,74.310768
192,2.517595,13.114000,76.254385
193,2.530779,13.184000,75.849515
194,2.544387,13.608000,73.486185
195,2.557474,13.087000,76.411706
196,2.570945,13.471000,74.233539
197,2.584579,13.634000,73.346047
198,2.597594,13.015000,76.834422
199,2.610708,13.114000,76.254385
200,2.624558,13.850000,72.202166
201,2.637266,12.708000,78.690589
202,2.651155,13.889000,71.999424
203,2.664426,13.271000,75.352272
204,2.677700,13.274000,75.335242
205,2.690919,13.219000,75.648687
206,2.704542,13.623000,73.405270
207,2.717880,13.338000,74.973759
208,2.730963,13.083000,76.435068
209,2.745050,14.087000,70.987435
210,2.757817,12.767000,78.326937
211,2.770793,12.976000,77.065351
212,2.784556,13.763000,72.658577
213,2.797485,12.929000,77.345502
214,2.810743,13.258000,75.426158
215,2.824671,13.928000,71.797817
216,2.837819,13.148000,76.057195
217,2.850819,13.000000,76.923077
218,2.864530,13.711000,72.934140
219,2.877390,12.860000,77.760498
220,2.890772,13.382000,74.727246
221,2.904339,13.567000,73.708263
222,2.917510,13.171000,75.924379
223,2.930780,13.270000,75.357950
224,2.944704,13.924000,71.818443
225,2.957528,12.824000,77.978790
226,2.970844,13.316000,75.097627
227,2.984584,13.740000,72.780204
228,2.997536,12.952000,77.208153
229,3.010737,13.201000,75.751837
230,3.024332,13.595000,73.556455
231,3.037457,13.125000,76.190476
232,3.057127,19.670000,50.838841
233,3.069426,12.299000,81.307423
234,3.077791,8.365000,119.545726
235,3.090748,12.957000,77.178359
236,3.104407,13.659000,73.211802
237,3.117441,13.034000,76.722418
238,3.130876,13.435000,74.432453
239,3.144344,13.468000,74.250074
240,3.157557,13.213000,75.683039
241,3.170746,13.189000,75.820760
242,3.184642,13.896000,71.963155
243,3.197430,12.788000,78.198311
244,3.210806,13.376000,74.760766
245,3.224436,13.630000,73.367572
246,3.241148,16.712000,59.837243
247,3.250803,9.655000,103.573278
248,3.265334,14.531000,68.818388
249,3.277725,12.391000,80.703737
250,3.290788,13.063000,76.552094
251,3.304432,13.644000,73.292290
252,3.317469,13.037000,76.704763
253,3.330714,13.245000,75.500189
254,3.344462,13.748000,72.737853
255,3.357463,13.001000,76.917160
256,3.370827,13.364000,74.827896
257,3.384438,13.611000,73.469988
258,3.397574,13.136000,76.126675
259,3.410692,13.118000,76.231133
260,3.424612,13.920000,71.839080
261,3.437475,12.863000,77.742362
262,3.450688,13.213000,75.683039
263,3.464460,13.772000,72.611095
264,3.477501,13.041000,76.681236
265,3.490646,13.145000,76.074553
266,3.504680,14.034000,71.255522
267,3.517325,12.645000,79.082641
268,3.530739,13.414000,74.548979
269,3.544104,13.365000,74.822297
270,3.557445,13.341000,74.956900
271,3.570679,13.234000,75.562944
272,3.584332,13.653000,73.243976
273,3.597438,13.106000,76.300931
274,3.610724,13.286000,75.267199
275,3.624266,13.542000,73.844336
276,3.637406,13.140000,76.103501
277,3.650690,13.284000,75.278531
278,3.664567,13.877000,72.061685
279,3.677237,12.670000,78.926598
280,3.690754,13.517000,73.980913
281,3.704380,13.626000,73.389109
282,3.717389,13.009000,76.869859
283,3.730624,13.235000,75.557235
284,3.744271,13.647000,73.276178
285,3.757227,12.956000,77.184316
286,3.770754,13.527000,73.926222
287,3.784167,13.413000,74.554537
288,3.797491,13.324000,75.052537
289,3.810582,13.091000,76.388358
290,3.825490,14.908000,67.078079
291,3.837612,12.122000,82.494638
292,3.850588,12.976000,77.065351
293,3.864262,13.674000,73.131490
294,3.877242,12.980000,77.041602
295,3.890554,13.312000,75.120192
296,3.905297,14.743000,67.828800
297,3.917142,11.845000,84.423808
298,3.930550,13.408000,74.582339
299,3.944092,13.542000,73.844336
300,3.957316,13.224000,75.620085
301,3.970492,13.176000,75.895568
302,3.984164,13.672000,73.142188
303,3.997223,13.059000,76.575542
304,4.010512,13.289000,75.250207
305,4.024246,13.734000,72.811999
306,4.037090,12.844000,77.857365
307,4.050518,13.428000,74.471254
308,4.064312,13.794000,72.495288
309,4.077143,12.831000,77.936248
310,4.090521,13.378000,74.749589
311,4.104180,13.659000,73.211802
312,4.117030,12.850000,77.821012
313,4.130403,13.373000,74.777537
314,4.144297,13.894000,71.973514
315,4.157124,12.827000,77.960552
316,4.170507,13.383000,74.721662
317,4.183926,13.419000,74.521201
318,4.197073,13.147000,76.062980
319,4.210336,13.263000,75.397723
320,4.223979,13.643000,73.297662
321,4.237140,13.161000,75.982068
322,4.250442,13.302000,75.176665
323,4.264218,13.776000,72.590012
324,4.277022,12.804000,78.100594
325,4.290346,13.324000,75.052537
326,4.303945,13.599000,73.534819
327,4.317144,13.199000,75.763315
328,4.330530,13.386000,74.704916
329,4.344334,13.804000,72.442770
330,4.357247,12.913000,77.441338
331,4.370423,13.176000,75.895568
332,4.384140,13.717000,72.902238
333,4.397123,12.983000,77.023800
334,4.410489,13.366000,74.816699
335,4.424204,13.715000,72.912869
336,4.437194,12.990000,76.982294
337,4.450370,13.176000,75.895568
338,4.464175,13.805000,72.437523
339,4.477234,13.059000,76.575542
340,4.490365,13.131000,76.155662
341,4.504221,13.856000,72.170901
342,4.517193,12.972000,77.089115
343,4.530486,13.293000,75.227563
344,4.544049,13.563000,73.730001
345,4.557225,13.176000,75.895568
346,4.570475,13.250000,75.471698
347,4.587108,16.633000,60.121445
348,4.597227,10.119000,98.823994
349,4.610382,13.155000,76.016724
350,4.624150,13.768000,72.632191
351,4.637194,13.044000,76.663600
352,4.650589,13.395000,74.654722
353,4.664159,13.570000,73.691968
354,4.677265,13.106000,76.300931
355,4.690683,13.418000,74.526755
356,4.704351,13.668000,73.163594
357,4.717236,12.885000,77.609624
358,4.730660,13.424000,74.493445
359,4.744044,13.384000,74.716079
360,4.757283,13.239000,75.534406
361,4.770721,13.438000,74.415836
362,4.784256,13.535000,73.882527
363,4.797334,13.078000,76.464291
364,4.810579,13.245000,75.500189
365,4.824397,13.818000,72.369373
366,4.837314,12.917000,77.417357
367,4.850509,13.195000,75.786283
368,4.864186,13.677000,73.115449
369,4.877224,13.038000,76.698880
370,4.890395,13.171000,75.924379
371,4.904771,14.376000,69.560378
372,4.917176,12.405000,80.612656
373,4.930551,13.375000,74.766355
374,4.944200,13.649000,73.265441
375,4.957099,12.899000,77.525390
376,4.970304,13.205000,75.728891
377,4.984051,13.747000,72.743144
378,4.997169,13.118000,76.231133
379,5.010376,13.207000,75.717423
380,5.023969,13.593000,73.567277
381,5.037088,13.119000,76.225322
382,5.050496,13.408000,74.582339
383,5.064096,13.600000,73.529412
384,5.077129,13.033000,76.728305
385,5.090419,13.290000,75.244545
386,5.104158,13.739000,72.785501
387,5.117189,13.031000,76.740081
388,5.130378,13.189000,75.820760
389,5.144128,13.750000,72.727273
390,5.157102,12.974000,77.077231
391,5.170467,13.365000,74.822297
392,5.184440,13.973000,71.566593
393,5.196927,12.487000,80.083287
394,5.210407,13.480000,74.183976
395,5.224114,13.707000,72.955424
396,5.237035,12.921000,77.393391
397,5.250361,13.326000,75.041273
398,5.264416,14.055000,71.149057
399,5.277190,12.774000,78.284014
400,5.290441,13.251000,75.466003
401,5.304247,13.806000,72.432276
402,5.317031,12.784000,78.222778
403,5.330358,13.327000,75.035642
404,5.344622,14.264000,70.106562
405,5.357285,12.663000,78.970228
406,5.370305,13.020000,76.804916
407,5.383977,13.672000,73.142188
408,5.397144,13.167000,75.947444
409,5.410353,13.209000,75.705958
410,5.424124,13.771000,72.616368
411,5.437441,13.317000,75.091988
412,5.450424,12.983000,77.023800
413,5.464179,13.755000,72.700836
414,5.476956,12.777000,78.265634
415,5.490218,13.262000,75.403408
416,5.503817,13.599000,73.534819
417,5.520600,16.783000,59.584103
418,5.530096,9.496000,105.307498
419,5.544094,13.998000,71.438777
420,5.557053,12.959000,77.166448
421,5.570282,13.229000,75.591504
422,5.584080,13.798000,72.474272
423,5.596960,12.880000,77.639752
424,5.610368,13.408000,74.582339
425,5.624083,13.715000,72.912869
426,5.636918,12.835000,77.911959
427,5.650323,13.405000,74.599030
428,5.663793,13.470000,74.239050
429,5.676902,13.109000,76.283469
430,5.690261,13.359000,74.855902
431,5.704098,13.837000,72.270001
432,5.716710,12.612000,79.289565
433,5.730197,13.487000,74.145473
434,5.743994,13.797000,72.479525
435,5.756872,12.878000,77.651809
436,5.770311,13.439000,74.410298
437,5.783716,13.405000,74.599030
438,5.796941,13.225000,75.614367
439,5.810300,13.359000,74.855902
440,5.823904,13.604000,73.507792
441,5.836949,13.045000,76.657723
442,5.850327,13.378000,74.749589
443,5.863919,13.592000,73.572690
444,5.876888,12.969000,77.106947
445,5.890306,13.418000,74.526755
446,5.903808,13.502000,74.063102
447,5.917031,13.223000,75.625804
448,5.930388,13.357000,74.867111
449,5.944111,13.723000,72.870364
450,5.957055,12.944000,77.255871
451,5.970326,13.271000,75.352272
452,5.984074,13.748000,72.737853
453,5.996944,12.870000,77.700078
454,6.010211,13.267000,75.374991
455,6.023867,13.656000,73.227885
456,6.036888,13.021000,76.799017
457,6.050336,13.448000,74.360500
458,6.064088,13.752000,72.716696
459,6.076959,12.871000,77.694041
460,6.095585,18.626000,53.688393
461,6.106040,10.455000,95.648015
462,6.116941,10.901000,91.734703
463,6.130250,13.309000,75.137125
464,6.143802,13.552000,73.789847
465,6.156922,13.120000,76.219512
466,6.170242,13.320000,75.075075
467,6.184080,13.838000,72.264778
468,6.196929,12.849000,77.827068
469,6.210453,13.524000,73.942621
470,6.224269,13.816000,72.379849
471,6.237052,12.783000,78.228898
472,6.250237,13.185000,75.843762
473,6.270075,19.838000,50.408307
474,6.279219,9.144000,109.361330
475,6.290437,11.218000,89.142450
476,6.304234,13.797000,72.479525
477,6.316967,12.733000,78.536087
478,6.330258,13.291000,75.238883
479,6.343719,13.461000,74.288686
480,6.357090,13.371000,74.788722
481,6.370455,13.365000,74.822297
482,6.384084,13.629000,73.372955
483,6.396866,12.782000,78.235018
484,6.410311,13.445000,74.377092
485,6.424152,13.841000,72.249115
486,6.436986,12.834000,77.918030
487,6.450167,13.181000,75.866778
488,6.463788,13.621000,73.416049
489,6.476995,13.207000,75.717423
490,6.490304,13.309000,75.137125
491,6.504286,13.982000,71.520526
492,6.516986,12.700000,78.740157
493,6.530351,13.365000,74.822297
494,6.544178,13.827000,72.322268
495,6.556969,12.791000,78.179970
496,6.570422,13.453000,74.332863
497,6.583968,13.546000,73.822531
498,6.597015,13.047000,76.645972
499,6.610253,13.238000,75.540112
500,6.623824,13.571000,73.686537
501,6.636931,13.107000,76.295109
502,6.650247,13.316000,75.097627
503,6.664331,14.084000,71.002556
504,6.676986,12.655000,79.020150
505,6.690308,13.322000,75.063804
506,6.703905,13.597000,73.545635
507,6.716968,13.063000,76.552094
508,6.730582,13.614000,73.453798
509,6.743942,13.360000,74.850299
510,6.757012,13.070000,76.511094
511,6.770451,13.439000,74.410298
512,6.783975,13.524000,73.942621
513,6.796898,12.923000,77.381413
514,6.810407,13.509000,74.024724
515,6.823827,13.420000,74.515648
516,6.836987,13.160000,75.987842
517,6.850256,13.269000,75.363630
518,6.867923,17.667000,56.602706
519,6.877035,9.112000,109.745391
520,6.891548,14.513000,68.903741
521,6.903907,12.359000,80.912695
522,6.916783,12.876000,77.663871
523,6.930336,13.553000,73.784402
524,6.943724,13.388000,74.693756
525,6.956902,13.178000,75.884049
526,6.970053,13.151000,76.039845
527,6.983757,13.704000,72.971395
528,6.996706,12.949000,77.226041
529,7.010111,13.405000,74.599030
530,7.023887,13.776000,72.590012
531,7.036850,12.963000,77.142637
532,7.056742,19.892000,50.271466
533,7.071943,15.201000,65.785146
534,7.076861,4.918000,203.334689
535,7.090002,13.141000,76.097709
536,7.103600,13.598000,73.540227
537,7.116610,13.010000,76.863951
538,7.129810,13.200000,75.757576
539,7.143731,13.921000,71.833920
540,7.156963,13.232000,75.574365
541,7.170244,13.281000,75.295535
542,7.183889,13.645000,73.286918
543,7.196741,12.852000,77.808901
544,7.210101,13.360000,74.850299
545,7.223878,13.777000,72.584743
546,7.236920,13.042000,76.675357
547,7.250092,13.172000,75.918615
548,7.264075,13.983000,71.515412
549,7.276861,12.786000,78.210543
550,7.290380,13.519000,73.969968
551,7.304082,13.702000,72.982046
552,7.317308,13.226000,75.608650
553,7.330668,13.360000,74.850299
554,7.343899,13.231000,75.580077
555,7.357610,13.711000,72.934140
556,7.370812,13.202000,75.746099
557,7.384436,13.624000,73.399883
558,7.397429,12.993000,76.964519
559,7.410846,13.417000,74.532310
560,7.424447,13.601000,73.524006
561,7.437218,12.771000,78.302404
562,7.450552,13.334000,74.996250
563,7.464497,13.945000,71.710290
564,7.477317,12.820000,78.003120
565,7.490729,13.412000,74.560095
566,7.504620,13.891000,71.989058
567,7.517573,12.953000,77.202193
568,7.530733,13.160000,75.987842
569,7.543715,12.982000,77.029733
570,7.557121,13.406000,74.593466
571,7.570073,12.952000,77.208153
572,7.584128,14.055000,71.149057
573,7.597012,12.884000,77.615647
574,7.610177,13.165000,75.958982
575,7.624091,13.914000,71.870059
576,7.638027,13.936000,71.756602
577,7.650648,12.621000,79.233024
578,7.663844,13.196000,75.780540
579,7.676953,13.109000,76.283469
580,7.690361,13.408000,74.582339
581,7.703582,13.221000,75.637244
582,7.716874,13.292000,75.233223
583,7.730362,13.488000,74.139976
584,7.743912,13.550000,73.800738
585,7.756736,12.824000,77.978790
586,7.770112,13.376000,74.760766
587,7.783818,13.706000,72.960747
588,7.796715,12.897000,77.537412
589,7.809993,13.278000,75.312547
590,7.823963,13.970000,71.581961
591,7.836697,12.734000,78.529920
592,7.850281,13.584000,73.616019
593,7.863920,13.639000,73.319158
594,7.876630,12.710000,78.678206
595,7.890214,13.584000,73.616019
596,7.904182,13.968000,71.592211
597,7.917214,13.032000,76.734193
598,7.930269,13.055000,76.599004
599,7.943612,13.343000,74.945664
600,7.957080,13.468000,74.250074
601,7.970930,13.850000,72.202166
602,7.984761,13.831000,72.301352
603,7.997170,12.409000,80.586671
604,8.010637,13.467000,74.255588
605,8.024642,14.005000,71.403070
606,8.037183,12.541000,79.738458
607,8.051370,14.187000,70.487066
608,8.063957,12.587000,79.447049
609,8.077333,13.376000,74.760766
610,8.091121,13.788000,72.526835
611,8.103707,12.586000,79.453361
612,8.117807,14.100000,70.921986
613,8.130321,12.514000,79.910500
614,8.143839,13.518000,73.975440
615,8.156939,13.100000,76.335878
616,8.170606,13.667000,73.168947
617,8.183752,13.146000,76.068766
618,8.197545,13.793000,72.500544
619,8.210347,12.802000,78.112795
620,8.223800,13.453000,74.332863
621,8.236756,12.956000,77.184316
622,8.250771,14.015000,71.352123
623,8.264351,13.580000,73.637703
624,8.276774,12.423000,80.495854
625,8.290957,14.183000,70.506945
626,8.303890,12.933000,77.321580
627,8.316927,13.037000,76.704763
628,8.330854,13.927000,71.802973
629,8.343763,12.909000,77.465334
630,8.356852,13.089000,76.400031
631,8.370337,13.485000,74.156470
632,8.384192,13.855000,72.176110
633,8.397292,13.100000,76.335878
634,8.415216,17.924000,55.791118
635,8.425787,10.571000,94.598430
636,8.437277,11.490000,87.032202
637,8.450645,13.368000,74.805506
638,8.464208,13.563000,73.730001
639,8.477281,13.073000,76.493536
640,8.490627,13.346000,74.928818
641,8.504045,13.418000,74.526755
642,8.516834,12.789000,78.192196
643,8.530336,13.502000,74.063102
644,8.543939,13.603000,73.513196
645,8.556705,12.766000,78.333072
646,8.570057,13.352000,74.895147
647,8.583824,13.767000,72.637466
648,8.596706,12.882000,77.627698
649,8.610008,13.302000,75.176665
650,8.623856,13.848000,72.212594
651,8.636613,12.757000,78.388336
652,8.649821,13.208000,75.711690
653,8.663601,13.780000,72.568940
654,8.676447,12.846000,77.845244
655,8.689920,13.473000,74.222519
656,8.703535,13.615000,73.448402
657,8.716608,13.073000,76.493536
658,8.730242,13.634000,73.346047
659,8.743601,13.359000,74.855902
660,8.756781,13.180000,75.872534
661,8.769927,13.146000,76.068766
662,8.783685,13.758000,72.684983
663,8.796607,12.922000,77.387401
664,8.809948,13.341000,74.956900
665,8.823569,13.621000,73.416049
666,8.836480,12.911000,77.453334
667,8.849886,13.406000,74.593466
668,8.863483,13.597000,73.545635
669,8.876777,13.294000,75.221905
670,8.889941,13.164000,75.964752
671,8.903709,13.768000,72.632191
672,8.916474,12.765000,78.339209
673,8.929900,13.426000,74.482348
674,8.943671,13.771000,72.616368
675,8.956447,12.776000,78.271760
676,8.969723,13.276000,75.323893
677,8.983514,13.791000,72.511058
678,8.996271,12.757000,78.388336
679,9.014776,18.505000,54.039449
680,9.023396,8.620000,116.009281
681,9.036424,13.028000,76.757753
682,9.049684,13.260000,75.414781
683,9.063358,13.674000,73.131490
684,9.076207,12.849000,77.827068
685,9.089473,13.266000,75.380672
686,9.103143,13.670000,73.152890
687,9.116605,13.462000,74.283167
688,9.129907,13.302000,75.176665
689,9.143857,13.950000,71.684588
690,9.156567,12.710000,78.678206
691,9.169957,13.390000,74.682599
692,9.183414,13.457000,74.310768
693,9.198794,15.380000,65.019506
694,9.210027,11.233000,89.023413
695,9.223504,13.477000,74.200490
696,9.237194,13.690000,73.046019
697,9.249986,12.792000,78.173859
698,9.263603,13.617000,73.437615
699,9.276729,13.126000,76.184672
700,9.290329,13.600000,73.529412
701,9.303537,13.208000,75.711690
702,9.316726,13.189000,75.820760
703,9.330237,13.511000,74.013767
704,9.343586,13.349000,74.911978
705,9.356940,13.354000,74.883930
706,9.370534,13.594000,73.561866
707,9.384005,13.471000,74.233539
708,9.396779,12.774000,78.284014
709,9.410094,13.315000,75.103267
710,9.423596,13.502000,74.063102
711,9.437451,13.855000,72.176110
712,9.450604,13.153000,76.028283
713,9.463997,13.393000,74.665870
714,9.476814,12.817000,78.021378
715,9.489979,13.165000,75.958982
716,9.503431,13.452000,74.338388
717,9.516616,13.185000,75.843762
718,9.535243,18.627000,53.685510
719,9.544765,9.522000,105.019954
720,9.556908,12.143000,82.351972
721,9.570090,13.182000,75.861023
722,9.583952,13.862000,72.139662
723,9.596529,12.577000,79.510217
724,9.609961,13.432000,74.449077
725,9.623375,13.414000,74.548979
726,9.636628,13.253000,75.454614
727,9.649907,13.279000,75.306876
728,9.663456,13.549000,73.806185
729,9.676502,13.046000,76.651847
730,9.689874,13.372000,74.783129
731,9.703528,13.654000,73.238611
732,9.716511,12.983000,77.023800
733,9.729834,13.323000,75.058170
734,9.743397,13.563000,73.730001
735,9.756520,13.123000,76.202088
736,9.769879,13.359000,74.855902
737,9.783489,13.610000,73.475386
738,9.796520,13.031000,76.740081
739,9.809908,13.388000,74.693756
740,9.823436,13.528000,73.920757
741,9.836589,13.153000,76.028283
742,9.850076,13.487000,74.145473
743,9.863942,13.866000,72.118852
744,9.876565,12.623000,79.220471
745,9.889762,13.197000,75.774797
746,9.903547,13.785000,72.542619
747,9.916646,13.099000,76.341705
748,9.929661,13.015000,76.834422
749,9.943098,13.437000,74.421374
750,9.956374,13.276000,75.323893
751,9.969784,13.410000,74.571216
752,9.983402,13.618000,73.432222
753,9.996580,13.178000,75.884049
754,10.009756,13.176000,75.895568
755,10.023303,13.547000,73.817081
756,10.036480,13.177000,75.889808
757,10.053002,16.522000,60.525360
758,10.063375,10.373000,96.404126
759,10.076468,13.093000,76.376690
760,10.089656,13.188000,75.826509
761,10.103257,13.601000,73.524006
762,10.116291,13.034000,76.722418
763,10.129812,13.521000,73.959027
764,10.143270,13.458000,74.305246
765,10.156599,13.329000,75.024383
766,10.169906,13.307000,75.148418
767,10.183600,13.694000,73.024682
768,10.196348,12.748000,78.443677
769,10.209631,13.283000,75.284198
770,10.224189,14.558000,68.690754
771,10.236450,12.261000,81.559416
772,10.249883,13.433000,74.443535
773,10.263258,13.375000,74.766355
774,10.276459,13.201000,75.751837
775,10.289720,13.261000,75.409094
776,10.303287,13.567000,73.708263
777,10.316533,13.246000,75.494489
778,10.329816,13.283000,75.284198
779,10.343240,13.424000,74.493445
780,10.356306,13.066000,76.534517
781,10.370028,13.722000,72.875674
782,10.383194,13.166000,75.953213
783,10.396278,13.084000,76.429227
784,10.409782,13.504000,74.052133
785,10.423286,13.504000,74.052133
786,10.436414,13.128000,76.173065
787,10.449753,13.339000,74.968139
788,10.463446,13.693000,73.030015
789,10.476559,13.113000,76.260200
790,10.490353,13.794000,72.495288
791,10.503169,12.816000,78.027466
792,10.516350,13.181000,75.866778
793,10.529766,13.416000,74.537865
794,10.543292,13.526000,73.931687
795,10.556612,13.320000,75.075075
796,10.569930,13.318000,75.086349
797,10.583429,13.499000,74.079561
798,10.596581,13.152000,76.034063
799,10.616017,19.436000,51.450916
800,10.629124,13.107000,76.295109
801,10.637146,8.022000,124.657193
802,10.662755,25.609000,39.048772
803,10.662787,0.032000,31250.000000
804,10.662806,0.019000,52631.578947
805,10.670596,7.790000,128.369705
806,10.677447,6.851000,145.964093
807,10.684371,6.924000,144.425188
808,10.691212,6.841000,146.177459
809,10.698098,6.886000,145.222190
810,10.705071,6.973000,143.410297
811,10.711867,6.796000,147.145380
812,10.718846,6.979000,143.287004
813,10.725753,6.907000,144.780657
814,10.732642,6.889000,145.158949
815,10.738840,6.198000,161.342369
816,10.746553,7.713000,129.651238
817,10.753311,6.758000,147.972773
818,10.760254,6.943000,144.029958
819,10.766427,6.173000,161.995788
820,10.774131,7.704000,129.802700
821,10.780897,6.766000,147.797813
822,10.787823,6.926000,144.383483
823,10.794745,6.922000,144.466917
824,10.801615,6.870000,145.560408
825,10.808570,6.955000,143.781452
826,10.814985,6.415000,155.884645
827,10.822381,7.396000,135.208221
828,10.829263,6.882000,145.306597
829,10.836135,6.872000,145.518044
830,10.843879,7.744000,129.132231
831,10.851357,7.478000,133.725595
832,10.857301,5.944000,168.236878
833,10.863391,6.090000,164.203612
834,10.870671,7.280000,137.362637
835,10.876958,6.287000,159.058374
836,10.884502,7.544000,132.555673
837,10.891304,6.802000,147.015584
838,10.898201,6.897000,144.990576
839,10.905110,6.909000,144.738747
840,10.911297,6.187000,161.629223
841,10.918510,7.213000,138.638569
842,10.925849,7.339000,136.258346
843,10.931964,6.115000,163.532298
844,10.939691,7.727000,129.416332
845,10.946480,6.789000,147.297098
846,10.952952,6.472000,154.511743
847,10.960386,7.434000,134.517084
848,10.967188,6.802000,147.015584
849,10.974103,6.915000,144.613160
850,10.981010,6.907000,144.780657
851,10.987902,6.892000,145.095763
852,10.994810,6.908000,144.759699
853,11.001693,6.883000,145.285486
854,11.008567,6.874000,145.475706
855,11.015536,6.969000,143.492610
856,11.022411,6.875000,145.454545
857,11.029038,6.627000,150.897842
858,11.036226,7.188000,139.120757
859,11.043072,6.846000,146.070698
860,11.049970,6.898000,144.969556
861,11.057024,7.054000,141.763538
862,11.063936,6.912000,144.675926
863,11.070732,6.796000,147.145380
864,11.077680,6.948000,143.926310
865,11.084523,6.843000,146.134736
866,11.091727,7.204000,138.811771
867,11.098700,6.973000,143.410297
868,11.105168,6.468000,154.607297
869,11.112259,7.091000,141.023833
870,11.119375,7.116000,140.528387
871,11.125901,6.526000,153.233221
872,11.132838,6.937000,144.154534
873,11.141662,8.824000,113.327289
874,11.146673,5.011000,199.560966
875,11.153677,7.004000,142.775557
876,11.160518,6.841000,146.177459
877,11.167796,7.278000,137.400385
878,11.174213,6.417000,155.836060
879,11.181470,7.257000,137.797988
880,11.188437,6.967000,143.533802
881,11.194975,6.538000,152.951973
882,11.201915,6.940000,144.092219
883,11.208913,6.998000,142.897971
884,11.215788,6.875000,145.454545
885,11.222790,7.002000,142.816338
886,11.229476,6.686000,149.566258
887,11.236758,7.282000,137.324911
888,11.243491,6.733000,148.522204
889,11.250330,6.839000,146.220208
890,11.257267,6.937000,144.154534
891,11.263893,6.626000,150.920616
892,11.270369,6.476000,154.416306
893,11.277801,7.432000,134.553283
894,11.284770,6.969000,143.492610
895,11.291954,7.184000,139.198218
896,11.298593,6.639000,150.625094
897,11.305927,7.334000,136.351241
898,11.312237,6.310000,158.478605
899,11.319337,7.100000,140.845070
900,11.325801,6.464000,154.702970
901,11.332991,7.190000,139.082058
902,11.340363,7.372000,135.648399
903,11.347150,6.787000,147.340504
904,11.353650,6.500000,153.846154
905,11.360509,6.859000,145.793847
906,11.367469,6.960000,143.678161
907,11.374305,6.836000,146.284377
908,11.381200,6.895000,145.032632
909,11.387506,6.306000,158.579131
910,11.395186,7.680000,130.208333
911,11.401899,6.713000,148.964695
912,11.408256,6.357000,157.306906
913,11.415844,7.588000,131.787032
914,11.422590,6.746000,148.235992
915,11.429249,6.659000,150.172699
916,11.436544,7.295000,137.080192
917,11.443326,6.782000,147.449130
918,11.450266,6.940000,144.092219
919,11.457432,7.166000,139.547865
920,11.464684,7.252000,137.892995
921,11.471918,7.234000,138.236107
922,11.477703,5.785000,172.860847
923,11.484937,7.234000,138.236107
924,11.492213,7.276000,137.438153
925,11.498512,6.299000,158.755358
926,11.505624,7.112000,140.607424
927,11.512335,6.711000,149.009090
928,11.519817,7.482000,133.654103
929,11.526257,6.440000,155.279503
930,11.533916,7.659000,130.565348
931,11.540221,6.305000,158.604282
932,11.548212,7.991000,125.140783
933,11.553685,5.473000,182.715147
934,11.560732,7.047000,141.904356
935,11.567585,6.853000,145.921494
936,11.574559,6.974000,143.389733
937,11.581168,6.609000,151.308821
938,11.587616,6.448000,155.086849
939,11.594534,6.918000,144.550448
940,11.601534,7.000000,142.857143
941,11.608674,7.140000,140.056022
942,11.615854,7.180000,139.275766
943,11.622534,6.680000,149.700599
944,11.629634,7.100000,140.845070
945,11.636505,6.871000,145.539223
946,11.643405,6.900000,144.927536
947,11.650306,6.901000,144.906535
948,11.657179,6.873000,145.496872
949,11.664080,6.901000,144.906535
950,11.670250,6.170000,162.074554
951,11.677983,7.733000,129.315919
952,11.684774,6.791000,147.253718
953,11.691695,6.921000,144.487791
954,11.698609,6.914000,144.634076
955,11.705490,6.881000,145.327714
956,11.712394,6.904000,144.843569
957,11.719303,6.909000,144.738747
958,11.726182,6.879000,145.369967
959,11.732979,6.797000,147.123731
960,11.739994,7.015000,142.551675
961,11.746902,6.908000,144.759699
962,11.754977,8.075000,123.839009
963,11.761589,6.612000,151.240169
964,11.768204,6.615000,151.171580
965,11.774983,6.779000,147.514383
966,11.781649,6.666000,150.015002
967,11.788332,6.683000,149.633398
968,11.796354,8.022000,124.657193
969,11.802283,5.929000,168.662506
970,11.809200,6.917000,144.571346
971,11.815973,6.773000,147.645061
972,11.823134,7.161000,139.645301
973,11.832449,9.315000,107.353731
974,11.836538,4.089000,244.558572
975,11.846208,9.670000,103.412616
976,11.853254,7.046000,141.924496
977,11.857169,3.915000,255.427842
978,11.864584,7.415000,134.861767
979,11.871262,6.678000,149.745433
980,11.878847,7.585000,131.839156
981,11.884874,6.027000,165.920027
982,11.892132,7.258000,137.779002
983,11.898752,6.620000,151.057402
984,11.907698,8.946000,111.781802
985,11.912262,4.564000,219.106047
986,11.919476,7.214000,138.619351
987,11.926326,6.850000,145.985401
988,11.933232,6.906000,144.801622
989,11.940100,6.868000,145.602796
990,11.947028,6.928000,144.341801
991,11.953969,6.941000,144.071459
992,11.960819,6.850000,145.985401
993,11.967747,6.928000,144.341801
994,11.974640,6.893000,145.074713
995,11.981494,6.854000,145.900204
996,11.988405,6.911000,144.696860
997,11.995336,6.931000,144.279325
998,12.001639,6.303000,158.654609
999,12.009581,7.942000,125.912868
1000,12.016306,6.725000,148.698885
1001,12.023562,7.256000,137.816979
1002,12.029742,6.180000,161.812298
1003,12.038406,8.664000,115.420129
1004,12.044627,6.221000,160.745861
1005,12.050426,5.799000,172.443525
1006,12.057885,7.459000,134.066229
1007,12.064210,6.325000,158.102767
1008,12.071576,7.366000,135.758892
1009,12.078186,6.610000,151.285930
1010,12.085080,6.894000,145.053670
1011,12.092140,7.060000,141.643059
1012,12.099412,7.272000,137.513751
1013,12.106259,6.847000,146.049365
1014,12.112539,6.280000,159.235669
1015,12.119581,7.042000,142.005112
1016,12.126444,6.863000,145.708874
1017,12.132655,6.211000,161.004669
1018,12.140346,7.691000,130.022104
1019,12.146898,6.552000,152.625153
1020,12.154105,7.207000,138.753989
1021,12.160940,6.835000,146.305779
1022,12.167476,6.536000,152.998776
1023,12.174786,7.310000,136.798906
1024,12.181473,6.687000,149.543891
1025,12.188570,7.097000,140.904608
1026,12.195271,6.701000,149.231458
1027,12.202378,7.107000,140.706346
1028,12.209217,6.839000,146.220208
1029,12.216159,6.942000,144.050706
1030,12.223023,6.864000,145.687646
1031,12.229949,6.926000,144.383483
1032,12.236421,6.472000,154.511743
1033,12.243774,7.353000,135.998912
1034,12.250661,6.887000,145.201104
1035,12.257654,6.993000,143.000143
1036,12.264591,6.937000,144.154534
1037,12.271761,7.170000,139.470014
1038,12.278258,6.497000,153.917193
1039,12.285738,7.480000,133.689840
1040,12.292615,6.877000,145.412244
1041,12.299062,6.447000,155.110904
1042,12.305917,6.855000,145.878920
1043,12.312957,7.040000,142.045455
1044,12.319773,6.816000,146.713615
1045,12.326431,6.658000,150.195254
1046,12.333770,7.339000,136.258346
1047,12.340328,6.558000,152.485514
1048,12.347248,6.920000,144.508671
1049,12.354802,7.554000,132.380196
1050,12.361132,6.330000,157.977883
1051,12.368083,6.951000,143.864192
1052,12.374824,6.741000,148.345943
1053,12.381718,6.894000,145.053670
1054,12.388116,6.398000,156.298843
1055,12.395234,7.118000,140.488901
1056,12.402482,7.248000,137.969095
1057,12.409321,6.839000,146.220208
1058,12.416249,6.928000,144.341801
1059,12.423122,6.873000,145.496872
1060,12.430031,6.909000,144.738747
1061,12.436957,6.926000,144.383483
1062,12.443821,6.864000,145.687646
1063,12.450775,6.954000,143.802128
1064,12.457623,6.848000,146.028037
1065,12.464530,6.907000,144.780657
1066,12.470875,6.345000,157.604413
1067,12.478388,7.513000,133.102622
1068,12.485248,6.860000,145.772595
1069,12.491564,6.316000,158.328056
1070,12.498951,7.387000,135.372952
1071,12.506094,7.143000,139.997200
1072,12.512851,6.757000,147.994672
1073,12.519891,7.040000,142.045455
1074,12.526587,6.696000,149.342891
1075,12.533554,6.967000,143.533802
1076,12.540414,6.860000,145.772595
1077,12.547314,6.900000,144.927536
1078,12.554427,7.113000,140.587656
1079,12.561283,6.856000,145.857643
1080,12.568161,6.878000,145.391102
1081,12.575197,7.036000,142.126208
1082,12.582095,6.898000,144.969556
1083,12.589330,7.235000,138.217001
1084,12.596102,6.772000,147.666864
1085,12.602614,6.512000,153.562654
1086,12.609583,6.969000,143.492610
1087,12.615867,6.284000,159.134309
1088,12.623534,7.667000,130.429112
1089,12.630088,6.554000,152.578578
1090,12.637021,6.933000,144.237704
1091,12.643932,6.911000,144.696860
1092,12.650875,6.943000,144.029958
1093,12.657724,6.849000,146.006716
1094,12.664600,6.876000,145.433392
1095,12.671559,6.959000,143.698807
1096,12.678058,6.499000,153.869826
1097,12.685405,7.347000,136.109977
1098,12.692225,6.820000,146.627566
1099,12.699161,6.936000,144.175317
1100,12.706026,6.865000,145.666424
1101,12.712240,6.214000,160.926939
1102,12.719353,7.113000,140.587656
1103,12.726141,6.788000,147.318798
1104,12.733567,7.426000,134.661998
1105,12.740555,6.988000,143.102461
1106,12.747417,6.862000,145.730108
1107,12.754028,6.611000,151.263046
1108,12.761377,7.349000,136.072935
1109,12.768054,6.677000,149.767860
1110,12.775022,6.968000,143.513203
1111,12.782060,7.038000,142.085820
1112,12.788945,6.885000,145.243282
1113,12.796060,7.115000,140.548138
1114,12.802638,6.578000,152.021891
1115,12.809837,7.199000,138.908182
1116,12.816472,6.635000,150.715901
1117,12.823347,6.875000,145.454545
1118,12.831994,8.647000,115.647045
1119,12.837033,5.039000,198.452074
1120,12.843487,6.454000,154.942671
1121,12.851105,7.618000,131.268049
1122,12.858121,7.016000,142.531357
1123,12.864669,6.548000,152.718387
1124,12.871778,7.109000,140.666760
1125,12.878752,6.974000,143.389733
1126,12.886227,7.475000,133.779264
1127,12.892262,6.035000,165.700083
1128,12.899228,6.966000,143.554407
1129,12.906133,6.905000,144.822592
1130,12.913323,7.190000,139.082058
1131,12.919879,6.556000,152.532032
1132,12.926784,6.905000,144.822592
1133,12.933768,6.984000,143.184422
1134,12.940974,7.206000,138.773245
1135,12.947538,6.564000,152.346130
1136,12.954449,6.911000,144.696860
1137,12.961405,6.956000,143.760782
1138,12.968406,7.001000,142.836738
1139,12.975135,6.729000,148.610492
1140,12.982201,7.066000,141.522785
1141,12.989033,6.832000,146.370023
1142,12.995850,6.817000,146.692093
1143,13.002412,6.562000,152.392563
1144,13.009665,7.253000,137.873983
1145,13.016555,6.890000,145.137881
1146,13.023423,6.868000,145.602796
1147,13.030309,6.886000,145.222190
1148,13.037273,6.964000,143.595635
1149,13.044120,6.847000,146.049365
1150,13.050463,6.343000,157.654107
1151,13.058007,7.544000,132.555673
1152,13.064805,6.798000,147.102089
1153,13.071771,6.966000,143.554407
1154,13.078171,6.400000,156.250000
1155,13.085580,7.409000,134.970981
1156,13.092421,6.841000,146.177459
1157,13.099387,6.966000,143.554407
1158,13.106237,6.850000,145.985401
1159,13.113162,6.925000,144.404332
1160,13.120051,6.889000,145.158949
1161,13.126928,6.877000,145.412244
1162,13.133944,7.016000,142.531357
1163,13.140722,6.778000,147.536146
1164,13.147625,6.903000,144.864552
1165,13.154581,6.956000,143.760782
1166,13.161449,6.868000,145.602796
1167,13.168356,6.907000,144.780657
1168,13.175269,6.913000,144.654998
1169,13.182165,6.896000,145.011601
1170,13.189051,6.886000,145.222190
1171,13.196419,7.368000,135.722041
1172,13.203115,6.696000,149.342891
1173,13.209703,6.588000,151.791135
1174,13.216686,6.983000,143.204926
1175,13.223196,6.510000,153.609831
1176,13.233756,10.560000,94.696970
1177,13.236608,2.852000,350.631136
1178,13.244326,7.718000,129.567245
1179,13.251343,7.017000,142.511045
1180,13.258164,6.821000,146.606069
1181,13.269430,11.266000,88.762649
1182,13.271218,1.788000,559.284116
1183,13.278852,7.634000,130.992926
1184,13.288647,9.795000,102.092905
1185,13.292124,3.477000,287.604257
1186,13.299467,7.343000,136.184121
1187,13.306880,7.413000,134.898152
1188,13.313241,6.361000,157.207986
1189,13.320344,7.103000,140.785584
1190,13.326971,6.627000,150.897842
1191,13.334202,7.231000,138.293459
1192,13.340793,6.591000,151.722045
1193,13.348271,7.478000,133.725595
1194,13.350487,2.216000,451.263538
1195,13.372032,21.545000,46.414481
1196,13.386808,14.776000,67.677315
1197,13.388177,1.369000,730.460190
1198,13.402313,14.136000,70.741370
1199,13.422213,19.900000,50.251256
1200,13.429456,7.243000,138.064338
1201,13.441137,11.681000,85.609109
1202,13.449381,8.244000,121.300340
1203,13.462841,13.460000,74.294205
1204,13.476043,13.202000,75.746099
1205,13.489652,13.609000,73.480785
1206,13.505285,15.633000,63.967249
1207,13.516137,10.852000,92.148913
1208,13.529417,13.280000,75.301205
1209,13.542862,13.445000,74.377092
1210,13.555957,13.095000,76.365025
1211,13.570117,14.160000,70.621469
1212,13.583468,13.351000,74.900756
1213,13.596678,13.210000,75.700227
1214,13.612252,15.574000,64.209580
1215,13.627654,15.402000,64.926633
1216,13.636345,8.691000,115.061558
1217,13.650164,13.819000,72.364136
1218,13.665160,14.996000,66.684449
1219,13.681305,16.145000,61.938681
1220,13.689213,7.908000,126.454224
1221,13.702531,13.318000,75.086349
1222,13.716223,13.692000,73.035349
1223,13.729660,13.437000,74.421374
1224,13.743091,13.431000,74.454620
1225,13.768922,25.831000,38.713174
1226,14.019633,250.711000,3.988656
1227,14.027413,7.780000,128.534704
1228,14.035692,8.279000,120.787535
1229,14.049307,13.615000,73.448402
1230,14.056090,6.783000,147.427392
1231,14.063040,6.950000,143.884892
1232,14.076328,13.288000,75.255870
1233,14.089273,12.945000,77.249903
1234,14.102846,13.573000,73.675680
1235,14.116151,13.305000,75.159714
1236,14.129694,13.543000,73.838884
1237,14.142863,13.169000,75.935910
1238,14.156121,13.258000,75.426158
1239,14.169740,13.619000,73.426830
1240,14.183189,13.449000,74.354971
1241,14.196286,13.097000,76.353363
1242,14.209785,13.499000,74.079561
1243,14.310943,101.158000,9.885526
1244,14.311449,0.506000,1976.284585
1245,14.315994,4.545000,220.022002
1246,14.322649,6.655000,150.262960
1247,14.325495,2.846000,351.370344
1248,14.332518,7.023000,142.389292
1249,14.344950,12.432000,80.437580
1250,14.357827,12.877000,77.657840
1251,14.371961,14.134000,70.751380
1252,14.383994,12.033000,83.104795
1253,14.398909,14.915000,67.046597
1254,14.409530,10.621000,94.153093
1255,14.425244,15.714000,63.637521
1256,14.436414,11.170000,89.525515
1257,14.453139,16.725000,59.790732
1258,14.465090,11.951000,83.675006
1259,14.477519,12.429000,80.456996
1260,14.489792,12.273000,81.479671
1261,14.502809,13.017000,76.822617
1262,14.516237,13.428000,74.471254
1263,14.529538,13.301000,75.182317
1264,14.542862,13.324000,75.052537
1265,14.556319,13.457000,74.310768
1266,14.569919,13.600000,73.529412
1267,14.582867,12.948000,77.232005
1268,14.599982,17.115000,58.428279
1269,14.609537,9.555000,104.657248
1270,14.622733,13.196000,75.780540
1271,14.636408,13.675000,73.126143
1272,14.649639,13.231000,75.580077
1273,14.662670,13.031000,76.740081
1274,14.676358,13.688000,73.056692
1275,14.689671,13.313000,75.114550
1276,14.702898,13.227000,75.602933
1277,14.716261,13.363000,74.833495
1278,14.729511,13.250000,75.471698
1279,14.742691,13.180000,75.872534
1280,14.756372,13.681000,73.094072
1281,14.769518,13.146000,76.068766
1282,14.782768,13.250000,75.471698
1283,14.796284,13.516000,73.986387
1284,14.809364,13.080000,76.452599
1285,14.822770,13.406000,74.593466
1286,14.836569,13.799000,72.469019
1287,14.849600,13.031000,76.740081
1288,14.862991,13.391000,74.677022
1289,14.876832,13.841000,72.249115
1290,14.889653,12.821000,77.997036
1291,14.907151,17.498000,57.149389
1292,14.916429,9.278000,107.781850
1293,14.930127,13.698000,73.003358
1294,14.943556,13.429000,74.465709
1295,14.957052,13.496000,74.096028
1296,14.971175,14.123000,70.806486
1297,14.983360,12.185000,82.068117
1298,14.996740,13.380000,74.738416
1299,15.009485,12.745000,78.462142
1300,15.023679,14.194000,70.452304
1301,15.036639,12.960000,77.160494
1302,15.049774,13.135000,76.132470
1303,15.063474,13.700000,72.992701
1304,15.077719,14.245000,70.200070
1305,15.089769,12.050000,82.987552
1306,15.102528,12.759000,78.376048
1307,15.116398,13.870000,72.098053
1308,15.129690,13.292000,75.233223
1309,15.142739,13.049000,76.634225
1310,15.157860,15.121000,66.133192
1311,15.170478,12.618000,79.251862
1312,15.182796,12.318000,81.182010
1313,15.196227,13.431000,74.454620
1314,15.210237,14.010000,71.377587
1315,15.222599,12.362000,80.893059
1316,15.236267,13.668000,73.163594
1317,15.249269,13.002000,76.911244
1318,15.262737,13.468000,74.250074
1319,15.276281,13.544000,73.833432
1320,15.289240,12.959000,77.166448
1321,15.302737,13.497000,74.090539
1322,15.316220,13.483000,74.167470
1323,15.329401,13.181000,75.866778
1324,15.342609,13.208000,75.711690
1325,15.356123,13.514000,73.997336
1326,15.369757,13.634000,73.346047
1327,15.382523,12.766000,78.333072
1328,15.396047,13.524000,73.942621
1329,15.409255,13.208000,75.711690
1330,15.422920,13.665000,73.179656
1331,15.436141,13.221000,75.637244
1332,15.449265,13.124000,76.196282
1333,15.462297,13.032000,76.734193
1334,15.475638,13.341000,74.956900
1335,15.489477,13.839000,72.259556
1336,15.502517,13.040000,76.687117
1337,15.516100,13.583000,73.621439
1338,15.529137,13.037000,76.704763
1339,15.542569,13.432000,74.449077
1340,15.556027,13.458000,74.305246
1341,15.569287,13.260000,75.414781
1342,15.582525,13.238000,75.540112
1343,15.596091,13.566000,73.713696
1344,15.609208,13.117000,76.236944
1345,15.622654,13.446000,74.371560
1346,15.636123,13.469000,74.244562
1347,15.649314,13.191000,75.809264
1348,15.662570,13.256000,75.437538
1349,15.676068,13.498000,74.085050
1350,15.689236,13.168000,75.941677
1351,15.702583,13.347000,74.923204
1352,15.716055,13.472000,74.228029
1353,15.729173,13.118000,76.231133
1354,15.742541,13.368000,74.805506
1355,15.756069,13.528000,73.920757
1356,15.769325,13.256000,75.437538
1357,15.782597,13.272000,75.346594
1358,15.796081,13.484000,74.161970
1359,15.809167,13.086000,76.417545
1360,15.822560,13.393000,74.665870
1361,15.836129,13.569000,73.697398
1362,15.849212,13.083000,76.435068
1363,15.862510,13.298000,75.199278
1364,15.876039,13.529000,73.915293
1365,15.889521,13.482000,74.172971
1366,15.902684,13.163000,75.970523
1367,15.916932,14.248000,70.185289
1368,15.929200,12.268000,81.512879
1369,15.942566,13.366000,74.816699
1370,15.956127,13.561000,73.740875
1371,15.969222,13.095000,76.365025
1372,15.982509,13.287000,75.261534
1373,15.996055,13.546000,73.822531
1374,16.008919,12.864000,77.736318
1375,16.022402,13.483000,74.167470
1376,16.036002,13.600000,73.529412
1377,16.048847,12.845000,77.851304
1378,16.062424,13.577000,73.653974
1379,16.076093,13.669000,73.158241
1380,16.089263,13.170000,75.930144
1381,16.102605,13.342000,74.951282
1382,16.116013,13.408000,74.582339
1383,16.129133,13.120000,76.219512
1384,16.142550,13.417000,74.532310
1385,16.156183,13.633000,73.351427
1386,16.169202,13.019000,76.810815
1387,16.182540,13.338000,74.973759
1388,16.196005,13.465000,74.266617
1389,16.209312,13.307000,75.148418
1390,16.223883,14.571000,68.629469
1391,16.236202,12.319000,81.175420
1392,16.248839,12.637000,79.132706
1393,16.262532,13.693000,73.030015
1394,16.275983,13.451000,74.343915
1395,16.289156,13.173000,75.912852
1396,16.302655,13.499000,74.079561
1397,16.316202,13.547000,73.817081
1398,16.329269,13.067000,76.528660
1399,16.342673,13.404000,74.604596
1400,16.356144,13.471000,74.233539
1401,16.369230,13.086000,76.417545
1402,16.382624,13.394000,74.660296
1403,16.396079,13.455000,74.321813
1404,16.409126,13.047000,76.645972
1405,16.422431,13.305000,75.159714
1406,16.436082,13.651000,73.254707
1407,16.449419,13.337000,74.979381
1408,16.462660,13.241000,75.522997
1409,16.478707,16.047000,62.316944
1410,16.493031,14.324000,69.812901
1411,16.502681,9.650000,103.626943
1412,16.516141,13.460000,74.294205
1413,16.529194,13.053000,76.610741
1414,16.542687,13.493000,74.112503
1415,16.555699,13.012000,76.852136
1416,16.581846,26.147000,38.245305
1417,16.825293,243.447000,4.107670
1418,16.836267,10.974000,91.124476
1419,16.849296,13.029000,76.751861
1420,16.862409,13.113000,76.260200
1421,16.875734,13.325000,75.046904
1422,16.888736,13.002000,76.911244
1423,16.901990,13.254000,75.448921
1424,16.915357,13.367000,74.811102
1425,16.929309,13.952000,71.674312
1426,16.942053,12.744000,78.468299
1427,16.955705,13.652000,73.249341
1428,16.968911,13.206000,75.723156
1429,16.982169,13.258000,75.426158
1430,16.995822,13.653000,73.243976
1431,17.009616,13.794000,72.495288
1432,17.022820,13.204000,75.734626
1433,17.035758,12.938000,77.291699
1434,17.049367,13.609000,73.480785
1435,17.062604,13.237000,75.545819
1436,17.075729,13.125000,76.190476
1437,17.089208,13.479000,74.189480
1438,17.102674,13.466000,74.261102
1439,17.115728,13.054000,76.604872
1440,17.129182,13.454000,74.327338
1441,17.142697,13.515000,73.991861
1442,17.155856,13.159000,75.993617
1443,17.169200,13.344000,74.940048
1444,17.182527,13.327000,75.035642
1445,17.195845,13.318000,75.086349
1446,17.209716,13.871000,72.092856
1447,17.222042,12.326000,81.129320
1448,17.236441,14.399000,69.449267
1449,17.249057,12.616000,79.264426
1450,17.262041,12.984000,77.017868
1451,17.275390,13.349000,74.911978
1452,17.288965,13.575000,73.664825
1453,17.302307,13.342000,74.951282
1454,17.315332,13.025000,76.775432
1455,17.328956,13.624000,73.399883
1456,17.342135,13.179000,75.878291
1457,17.355452,13.317000,75.091988
1458,17.369024,13.572000,73.681108
1459,17.382482,13.458000,74.305246
1460,17.395769,13.287000,75.261534
1461,17.409237,13.468000,74.250074
1462,17.422985,13.748000,72.737853
1463,17.435762,12.777000,78.265634
1464,17.461827,26.065000,38.365624
1465,17.461971,0.144000,6944.444444
1466,17.461997,0.026000,38461.538462
1467,17.469769,7.772000,128.667010
1468,17.477684,7.915000,126.342388
1469,17.483331,5.647000,177.085178
1470,17.490032,6.701000,149.231458
1471,17.497334,7.302000,136.948781
1472,17.504231,6.897000,144.990576
1473,17.511141,6.910000,144.717800
1474,17.517972,6.831000,146.391451
1475,17.524882,6.910000,144.717800
1476,17.531790,6.908000,144.759699
1477,17.538658,6.868000,145.602796
1478,17.545554,6.896000,145.011601
1479,17.552482,6.928000,144.341801
1480,17.559357,6.875000,145.454545
1481,17.566275,6.918000,144.550448
1482,17.573154,6.879000,145.369967
1483,17.580058,6.904000,144.843569
1484,17.586622,6.564000,152.346130
1485,17.601746,15.124000,66.120074
1486,17.601811,0.065000,15384.615385
1487,17.607531,5.720000,174.825175
1488,17.614599,7.068000,141.482739
1489,17.621479,6.880000,145.348837
1490,17.628361,6.882000,145.306597
1491,17.634886,6.525000,153.256705
1492,17.642203,7.317000,136.668033
1493,17.649064,6.861000,145.751348
1494,17.655983,6.919000,144.529556
1495,17.662860,6.877000,145.412244
1496,17.669774,6.914000,144.634076
1497,17.676664,6.890000,145.137881
1498,17.683558,6.894000,145.053670
1499,17.690488,6.930000,144.300144
1500,17.697362,6.874000,145.475706
1501,17.704276,6.914000,144.634076
1502,17.710564,6.288000,159.033079
1503,17.718174,7.610000,131.406045
1504,17.724977,6.803000,146.993973
1505,17.731865,6.888000,145.180023
1506,17.738784,6.919000,144.529556
1507,17.745678,6.894000,145.053670
1508,17.752559,6.881000,145.327714
1509,17.759476,6.917000,144.571346
1510,17.766361,6.885000,145.243282
1511,17.773287,6.926000,144.383483
1512,17.780164,6.877000,145.412244
1513,17.787055,6.891000,145.116819
1514,17.793631,6.576000,152.068127
1515,17.800902,7.271000,137.532664
1516,17.807785,6.883000,145.285486
1517,17.814673,6.888000,145.180023
1518,17.821560,6.887000,145.201104
1519,17.828290,6.730000,148.588410
1520,17.835387,7.097000,140.904608
1521,17.841652,6.265000,159.616919
1522,17.849238,7.586000,131.821777
1523,17.856055,6.817000,146.692093
1524,17.862983,6.928000,144.341801
1525,17.869590,6.607000,151.354624
1526,17.876392,6.802000,147.015584
1527,17.883711,7.319000,136.630687
1528,17.890565,6.854000,145.900204
1529,17.897495,6.930000,144.300144
1530,17.904251,6.756000,148.016578
1531,17.911341,7.090000,141.043724
1532,17.918178,6.837000,146.262981
1533,17.925095,6.917000,144.571346
1534,17.931979,6.884000,145.264381
1535,17.938876,6.897000,144.990576
1536,17.945839,6.963000,143.616257
1537,17.952673,6.834000,146.327188
1538,17.959619,6.946000,143.967751
1539,17.966484,6.865000,145.666424
1540,17.973466,6.982000,143.225437
1541,17.980252,6.786000,147.362216
1542,17.987191,6.939000,144.112985
1543,17.994113,6.922000,144.466917
1544,18.000406,6.293000,158.906722
1545,18.008135,7.729000,129.382844
1546,18.014761,6.626000,150.920616
1547,18.022008,7.247000,137.988133
1548,18.028288,6.280000,159.235669
1549,18.035517,7.229000,138.331719
1550,18.042431,6.914000,144.634076
1551,18.049261,6.830000,146.412884
1552,18.056180,6.919000,144.529556
1553,18.063059,6.879000,145.369967
1554,18.069981,6.922000,144.466917
1555,18.076878,6.897000,144.990576
1556,18.083757,6.879000,145.369967
1557,18.090699,6.942000,144.050706
1558,18.097583,6.884000,145.264381
1559,18.104489,6.906000,144.801622
1560,18.111409,6.920000,144.508671
1561,18.118289,6.880000,145.348837
1562,18.125212,6.923000,144.446049
1563,18.132104,6.892000,145.095763
1564,18.138970,6.866000,145.645208
1565,18.145865,6.895000,145.032632
1566,18.152787,6.922000,144.466917
1567,18.158927,6.140000,162.866450
1568,18.166693,7.766000,128.766418
1569,18.173503,6.810000,146.842878
1570,18.180334,6.831000,146.391451
1571,18.186589,6.255000,159.872102
1572,18.194305,7.716000,129.600829
1573,18.201310,7.005000,142.755175
1574,18.207978,6.668000,149.970006
1575,18.214906,6.928000,144.341801
1576,18.221831,6.925000,144.404332
1577,18.228187,6.356000,157.331655
1578,18.235825,7.638000,130.924326
1579,18.242444,6.619000,151.080224
1580,18.249392,6.948000,143.926310
1581,18.256353,6.961000,143.657520
1582,18.263192,6.839000,146.220208
1583,18.270365,7.173000,139.411683
1584,18.277130,6.765000,147.819660
1585,18.283837,6.707000,149.097957
1586,18.290829,6.992000,143.020595
1587,18.297686,6.857000,145.836372
1588,18.304641,6.955000,143.781452
1589,18.310790,6.149000,162.628070
1590,18.318493,7.703000,129.819551
1591,18.325316,6.823000,146.563095
1592,18.332204,6.888000,145.180023
1593,18.339107,6.903000,144.864552
1594,18.345994,6.887000,145.201104
1595,18.352455,6.461000,154.774803
1596,18.359865,7.410000,134.952767
1597,18.366267,6.402000,156.201187
1598,18.373674,7.407000,135.007425
1599,18.380478,6.804000,146.972369
1600,18.386870,6.392000,156.445557
1601,18.394419,7.549000,132.467877
1602,18.401180,6.761000,147.907114
1603,18.408163,6.983000,143.204926
1604,18.415050,6.887000,145.201104
1605,18.421867,6.817000,146.692093
1606,18.428793,6.926000,144.383483
1607,18.435675,6.882000,145.306597
1608,18.442616,6.941000,144.071459
1609,18.449394,6.778000,147.536146
1610,18.456442,7.048000,141.884222
1611,18.463291,6.849000,146.006716
1612,18.470183,6.892000,145.095763
1613,18.477053,6.870000,145.560408
1614,18.484004,6.951000,143.864192
1615,18.490872,6.868000,145.602796
1616,18.497761,6.889000,145.158949
1617,18.504256,6.495000,153.964588
1618,18.511631,7.375000,135.593220
1619,18.518452,6.821000,146.606069
1620,18.525370,6.918000,144.550448
1621,18.531961,6.591000,151.722045
1622,18.538493,6.532000,153.092468
1623,18.545381,6.888000,145.180023
1624,18.553066,7.685000,130.123617
1625,18.559387,6.321000,158.202816
1626,18.566627,7.240000,138.121547
1627,18.573711,7.084000,141.163185
1628,18.580547,6.836000,146.284377
1629,18.587486,6.939000,144.112985
1630,18.594354,6.868000,145.602796
1631,18.600868,6.514000,153.515505
1632,18.608232,7.364000,135.795763
1633,18.614802,6.570000,152.207002
1634,18.622011,7.209000,138.715495
1635,18.628584,6.573000,152.137532
1636,18.635815,7.231000,138.293459
1637,18.642690,6.875000,145.454545
1638,18.649561,6.871000,145.539223
1639,18.656532,6.971000,143.451442
1640,18.663366,6.834000,146.327188
1641,18.670283,6.917000,144.571346
1642,18.676898,6.615000,151.171580
1643,18.684097,7.199000,138.908182
1644,18.690991,6.894000,145.053670
1645,18.697857,6.866000,145.645208
1646,18.704786,6.929000,144.320970
1647,18.711662,6.876000,145.433392
1648,18.718579,6.917000,144.571346
1649,18.725195,6.616000,151.148730
1650,18.732041,6.846000,146.070698
1651,18.739316,7.275000,137.457045
1652,18.746159,6.843000,146.134736
1653,18.753082,6.923000,144.446049
1654,18.759953,6.871000,145.539223
1655,18.766864,6.911000,144.696860
1656,18.773818,6.954000,143.802128
1657,18.780650,6.832000,146.370023
1658,18.787287,6.637000,150.670484
1659,18.794566,7.279000,137.381508
1660,18.801377,6.811000,146.821318
1661,18.808279,6.902000,144.885540
1662,18.815189,6.910000,144.717800
1663,18.822127,6.938000,144.133756
1664,18.828952,6.825000,146.520147
1665,18.835888,6.936000,144.175317
1666,18.842764,6.876000,145.433392
1667,18.849659,6.895000,145.032632
1668,18.856578,6.919000,144.529556
1669,18.863470,6.892000,145.095763
1670,18.870378,6.908000,144.759699
1671,18.877265,6.887000,145.201104
1672,18.884179,6.914000,144.634076
1673,18.891064,6.885000,145.243282
1674,18.897965,6.901000,144.906535
1675,18.904873,6.908000,144.759699
1676,18.911367,6.494000,153.988297
1677,18.918655,7.288000,137.211855
1678,18.925563,6.908000,144.759699
1679,18.932475,6.912000,144.675926
1680,18.939388,6.913000,144.654998
1681,18.946264,6.876000,145.433392
1682,18.953207,6.943000,144.029958
1683,18.960058,6.851000,145.964093
1684,18.966981,6.923000,144.446049
1685,18.973859,6.878000,145.391102
1686,18.980764,6.905000,144.822592
1687,18.987708,6.944000,144.009217
1688,18.994590,6.882000,145.306597
1689,19.001480,6.890000,145.137881
1690,19.008398,6.918000,144.550448
1691,19.014752,6.354000,157.381177
1692,19.022252,7.500000,133.333333
1693,19.029054,6.802000,147.015584
1694,19.035993,6.939000,144.112985
1695,19.042858,6.865000,145.666424
1696,19.049832,6.974000,143.389733
1697,19.056661,6.829000,146.434324
1698,19.063499,6.838000,146.241591
1699,19.070499,7.000000,142.857143
1700,19.077421,6.922000,144.466917
1701,19.084318,6.897000,144.990576
1702,19.091190,6.872000,145.518044
1703,19.097993,6.803000,146.993973
1704,19.105007,7.014000,142.571999
1705,19.111857,6.850000,145.985401
1706,19.118785,6.928000,144.341801
1707,19.125666,6.881000,145.327714
1708,19.132587,6.921000,144.487791
1709,19.139473,6.886000,145.222190
1710,19.146390,6.917000,144.571346
1711,19.153285,6.895000,145.032632
1712,19.160166,6.881000,145.327714
1713,19.167075,6.909000,144.738747
1714,19.173963,6.888000,145.180023
1715,19.180863,6.900000,144.927536
1716,19.187779,6.916000,144.592250
1717,19.194539,6.760000,147.928994
1718,19.201600,7.061000,141.623000
1719,19.208453,6.853000,145.921494
1720,19.215386,6.933000,144.237704
1721,19.222266,6.880000,145.348837
1722,19.229166,6.900000,144.927536
1723,19.236081,6.915000,144.613160
1724,19.242967,6.886000,145.222190
1725,19.249896,6.929000,144.320970
1726,19.256760,6.864000,145.687646
1727,19.263668,6.908000,144.759699
1728,19.270579,6.911000,144.696860
1729,19.277380,6.801000,147.037200
1730,19.284406,7.026000,142.328494
1731,19.291252,6.846000,146.070698
1732,19.298171,6.919000,144.529556
1733,19.305071,6.900000,144.927536
1734,19.311963,6.892000,145.095763
1735,19.318884,6.921000,144.487791
1736,19.327532,8.648000,115.633673
1737,19.332471,4.939000,202.470136
1738,19.339603,7.132000,140.213124
1739,19.346543,6.940000,144.092219
1740,19.353384,6.841000,146.177459
1741,19.360274,6.890000,145.137881
1742,19.367224,6.950000,143.884892
1743,19.374124,6.900000,144.927536
1744,19.375094,0.970000,1030.927835
1745,19.394426,19.332000,51.727705
1746,19.399581,5.155000,193.986421
1747,19.408936,9.355000,106.894709
1748,19.411697,2.761000,362.187613
1749,19.421535,9.838000,101.646676
1750,19.437340,15.805000,63.271117
1751,19.448731,11.391000,87.788605
1752,19.463221,14.490000,69.013112
1753,19.475293,12.072000,82.836315
1754,19.488427,13.134000,76.138267
1755,19.501918,13.491000,74.123490
1756,19.515406,13.488000,74.139976
1757,19.528576,13.170000,75.930144
1758,19.542046,13.470000,74.239050
1759,19.555342,13.296000,75.210590
1760,19.568632,13.290000,75.244545
1761,19.581808,13.176000,75.895568
1762,19.595359,13.551000,73.795292
1763,19.608426,13.067000,76.528660
1764,19.631089,22.663000,44.124785
1765,19.635405,4.316000,231.696015
1766,19.648492,13.087000,76.411706
1767,19.661825,13.333000,75.001875
1768,19.675454,13.629000,73.372955
1769,19.688481,13.027000,76.763645
1770,19.701952,13.471000,74.233539
1771,19.715365,13.413000,74.554537
1772,19.737269,21.904000,45.653762
1773,19.745151,7.882000,126.871352
1774,19.755391,10.240000,97.656250
1775,19.768533,13.142000,76.091919
1776,19.781683,13.150000,76.045627
1777,19.795362,13.679000,73.104759
1778,19.808455,13.093000,76.376690
1779,19.821784,13.329000,75.024383
1780,19.835376,13.592000,73.572690
1781,19.848476,13.100000,76.335878
1782,19.862120,13.644000,73.292290
1783,19.875245,13.125000,76.190476
1784,19.888802,13.557000,73.762632
1785,19.901710,12.908000,77.471336
1786,19.920305,18.595000,53.777897
1787,19.928777,8.472000,118.035883
1788,19.941944,13.167000,75.947444
1789,19.955532,13.588000,73.594348
1790,19.968690,13.158000,75.999392
1791,19.987958,19.268000,51.899523
1792,19.996554,8.596000,116.333178
1793,20.008499,11.945000,83.717036
1794,20.021892,13.393000,74.665870
1795,20.035465,13.573000,73.675680
1796,20.048420,12.955000,77.190274
1797,20.061937,13.517000,73.980913
1798,20.075291,13.354000,74.883930
1799,20.088453,13.162000,75.976295
1800,20.101833,13.380000,74.738416
1801,20.115326,13.493000,74.112503
1802,20.128360,13.034000,76.722418
1803,20.141701,13.341000,74.956900
1804,20.155239,13.538000,73.866155
1805,20.173193,17.954000,55.697895
1806,20.189038,15.845000,63.111392
1807,20.207694,18.656000,53.602058
1808,20.207728,0.034000,29411.764706
1809,20.207742,0.014000,71428.571429
1810,20.219013,11.271000,88.723272
1811,20.221904,2.891000,345.901072
1812,20.229326,7.422000,134.734573
1813,20.236136,6.810000,146.842878
1814,20.243100,6.964000,143.595635
1815,20.249993,6.893000,145.074713
1816,20.256914,6.921000,144.487791
1817,20.263755,6.841000,146.177459
1818,20.270640,6.885000,145.243282
1819,20.277633,6.993000,143.000143
1820,20.284423,6.790000,147.275405
1821,20.291201,6.778000,147.536146
1822,20.298268,7.067000,141.502759
1823,20.305145,6.877000,145.412244
1824,20.312067,6.922000,144.466917
1825,20.318941,6.874000,145.475706
1826,20.325853,6.912000,144.675926
1827,20.332733,6.880000,145.348837
1828,20.339641,6.908000,144.759699
1829,20.346461,6.820000,146.627566
1830,20.353449,6.988000,143.102461
1831,20.360345,6.896000,145.011601
1832,20.367241,6.896000,145.011601
1833,20.374146,6.905000,144.822592
1834,20.381068,6.922000,144.466917
1835,20.387860,6.792000,147.232038
1836,20.394880,7.020000,142.450142
1837,20.401752,6.872000,145.518044
1838,20.408647,6.895000,145.032632
1839,20.415551,6.904000,144.843569
1840,20.422438,6.887000,145.201104
1841,20.429373,6.935000,144.196107
1842,20.436240,6.867000,145.623999
1843,20.443131,6.891000,145.116819
1844,20.450057,6.926000,144.383483
1845,20.456934,6.877000,145.412244
1846,20.463864,6.930000,144.300144
1847,20.470747,6.883000,145.285486
1848,20.477635,6.888000,145.180023
1849,20.484561,6.926000,144.383483
1850,20.491439,6.878000,145.391102
1851,20.498361,6.922000,144.466917
1852,20.505242,6.881000,145.327714
1853,20.512141,6.899000,144.948543
1854,20.519064,6.923000,144.446049
1855,20.525941,6.877000,145.412244
1856,20.532862,6.921000,144.487791
1857,20.539737,6.875000,145.454545
1858,20.546671,6.934000,144.216902
1859,20.553542,6.871000,145.539223
1860,20.560450,6.908000,144.759699
1861,20.567410,6.960000,143.678161
1862,20.574247,6.837000,146.262981
1863,20.581147,6.900000,144.927536
1864,20.587899,6.752000,148.104265
1865,20.594958,7.059000,141.663125
1866,20.601876,6.918000,144.550448
1867,20.608738,6.862000,145.730108
1868,20.615670,6.932000,144.258511
1869,20.622564,6.894000,145.053670
1870,20.629422,6.858000,145.815106
1871,20.636357,6.935000,144.196107
1872,20.643227,6.870000,145.560408
1873,20.650171,6.944000,144.009217
1874,20.657034,6.863000,145.708874
1875,20.663337,6.303000,158.654609
1876,20.670925,7.588000,131.787032
1877,20.677804,6.879000,145.369967
1878,20.684638,6.834000,146.327188
1879,20.691549,6.911000,144.696860
1880,20.698432,6.883000,145.285486
1881,20.705366,6.934000,144.216902
1882,20.712237,6.871000,145.539223
1883,20.719160,6.923000,144.446049
1884,20.726026,6.866000,145.645208
1885,20.732973,6.947000,143.947027
1886,20.739832,6.859000,145.793847
1887,20.746774,6.942000,144.050706
1888,20.753644,6.870000,145.560408
1889,20.760564,6.920000,144.508671
1890,20.767451,6.887000,145.201104
1891,20.774360,6.909000,144.738747
1892,20.781244,6.884000,145.264381
1893,20.788160,6.916000,144.592250
1894,20.795033,6.873000,145.496872
1895,20.801508,6.475000,154.440154
1896,20.808886,7.378000,135.538086
1897,20.815756,6.870000,145.560408
1898,20.822630,6.874000,145.475706
1899,20.829545,6.915000,144.613160
1900,20.836454,6.909000,144.738747
1901,20.843342,6.888000,145.180023
1902,20.850255,6.913000,144.654998
1903,20.857136,6.881000,145.327714
1904,20.864037,6.901000,144.906535
1905,20.870954,6.917000,144.571346
1906,20.877830,6.876000,145.433392
1907,20.884746,6.916000,144.592250
1908,20.891611,6.865000,145.666424
1909,20.898525,6.914000,144.634076
1910,20.905463,6.938000,144.133756
1911,20.912303,6.840000,146.198830
1912,20.919235,6.932000,144.258511
1913,20.926115,6.880000,145.348837
1914,20.933011,6.896000,145.011601
1915,20.939910,6.899000,144.948543
1916,20.946816,6.906000,144.801622
1917,20.953720,6.904000,144.843569
1918,20.960610,6.890000,145.137881
1919,20.967519,6.909000,144.738747
1920,20.974388,6.869000,145.581598
1921,20.981331,6.943000,144.029958
1922,20.988218,6.887000,145.201104
1923,20.995112,6.894000,145.053670
1924,21.002010,6.898000,144.969556
1925,21.008895,6.885000,145.243282
1926,21.015821,6.926000,144.383483
1927,21.022745,6.924000,144.425188
1928,21.029301,6.556000,152.532032
1929,21.036605,7.304000,136.911281
1930,21.043436,6.831000,146.391451
1931,21.050348,6.912000,144.675926
1932,21.057223,6.875000,145.454545
1933,21.064110,6.887000,145.201104
1934,21.071043,6.933000,144.237704
1935,21.077898,6.855000,145.878920
1936,21.084816,6.918000,144.550448
1937,21.091715,6.899000,144.948543
1938,21.098699,6.984000,143.184422
1939,21.105550,6.851000,145.964093
1940,21.112426,6.876000,145.433392
1941,21.119323,6.897000,144.990576
1942,21.126213,6.890000,145.137881
1943,21.133136,6.923000,144.446049
1944,21.140029,6.893000,145.074713
1945,21.146919,6.890000,145.137881
1946,21.153831,6.912000,144.675926
1947,21.160718,6.887000,145.201104
1948,21.167620,6.902000,144.885540
1949,21.174536,6.916000,144.592250
1950,21.181436,6.900000,144.927536
1951,21.188361,6.925000,144.404332
1952,21.195215,6.854000,145.900204
1953,21.202182,6.967000,143.533802
1954,21.209032,6.850000,145.985401
1955,21.215954,6.922000,144.466917
1956,21.222843,6.889000,145.158949
1957,21.229744,6.901000,144.906535
1958,21.236639,6.895000,145.032632
1959,21.243548,6.909000,144.738747
1960,21.249970,6.422000,155.714731
1961,21.257400,7.430000,134.589502
1962,21.263737,6.337000,157.803377
1963,21.271258,7.521000,132.961042
1964,21.277475,6.217000,160.849284
1965,21.285024,7.549000,132.467877
1966,21.291837,6.813000,146.778218
1967,21.298736,6.899000,144.948543
1968,21.305650,6.914000,144.634076
1969,21.312514,6.864000,145.687646
1970,21.319193,6.679000,149.723012
1971,21.326361,7.168000,139.508929
1972,21.333285,6.924000,144.425188
1973,21.340136,6.851000,145.964093
1974,21.347048,6.912000,144.675926
1975,21.353942,6.894000,145.053670
1976,21.360848,6.906000,144.801622
1977,21.367754,6.906000,144.801622
1978,21.374626,6.872000,145.518044
1979,21.381518,6.892000,145.095763
1980,21.388431,6.913000,144.654998
1981,21.395327,6.896000,145.011601
1982,21.402229,6.902000,144.885540
1983,21.409122,6.893000,145.074713
1984,21.416008,6.886000,145.222190
1985,21.422926,6.918000,144.550448
1986,21.429814,6.888000,145.180023
1987,21.436748,6.934000,144.216902
1988,21.443607,6.859000,145.793847
1989,21.450533,6.926000,144.383483
1990,21.457431,6.898000,144.969556
1991,21.464336,6.905000,144.822592
1992,21.471250,6.914000,144.634076
1993,21.478131,6.881000,145.327714
1994,21.485089,6.958000,143.719460
1995,21.491927,6.838000,146.241591
1996,21.498847,6.920000,144.508671
1997,21.505735,6.888000,145.180023
1998,21.512636,6.901000,144.906535
1999,21.519592,6.956000,143.760782
2000,21.526409,6.817000,146.692093
2001,21.533370,6.961000,143.657520
2002,21.540217,6.847000,146.049365
2003,21.547141,6.924000,144.425188
2004,21.554034,6.893000,145.074713
2005,21.560951,6.917000,144.571346
2006,21.567841,6.890000,145.137881
2007,21.574442,6.601000,151.492198
2008,21.581689,7.247000,137.988133
2009,21.588522,6.833000,146.348602
2010,21.595437,6.915000,144.613160
2011,21.602362,6.925000,144.404332
2012,21.609224,6.862000,145.730108
2013,21.616143,6.919000,144.529556
2014,21.623050,6.907000,144.780657
2015,21.629917,6.867000,145.623999
2016,21.636279,6.362000,157.183276
2017,21.643795,7.516000,133.049494
2018,21.650651,6.856000,145.857643
2019,21.657513,6.862000,145.730108
2020,21.664442,6.929000,144.320970
2021,21.671344,6.902000,144.885540
2022,21.678249,6.905000,144.822592
2023,21.685138,6.889000,145.158949
2024,21.691660,6.522000,153.327200
2025,21.698981,7.321000,136.593362
2026,21.705357,6.376000,156.838143
2027,21.712774,7.417000,134.825401
2028,21.719712,6.938000,144.133756
2029,21.726508,6.796000,147.145380
2030,21.733467,6.959000,143.698807
2031,21.739666,6.199000,161.316341
2032,21.747317,7.651000,130.701869
2033,21.754128,6.811000,146.821318
2034,21.760979,6.851000,145.964093
2035,21.767958,6.979000,143.287004
2036,21.774304,6.346000,157.579578
2037,21.781805,7.501000,133.315558
2038,21.788634,6.829000,146.434324
2039,21.795529,6.895000,145.032632
2040,21.802454,6.925000,144.404332
2041,21.809400,6.946000,143.967751
2042,21.816170,6.770000,147.710487
2043,21.823286,7.116000,140.528387
2044,21.830077,6.791000,147.253718
2045,21.837033,6.956000,143.760782
2046,21.843837,6.804000,146.972369
2047,21.850130,6.293000,158.906722
2048,21.857873,7.743000,129.148909
2049,21.864593,6.720000,148.809524
2050,21.871529,6.936000,144.175317
2051,21.878425,6.896000,145.011601
2052,21.885375,6.950000,143.884892
2053,21.892047,6.672000,149.880096
2054,21.899196,7.149000,139.879703
2055,21.906074,6.878000,145.391102
2056,21.912691,6.617000,151.125888
2057,21.919982,7.291000,137.155397
2058,21.926615,6.633000,150.761345
2059,21.933851,7.236000,138.197899
2060,21.940424,6.573000,152.137532
2061,21.947473,7.049000,141.864094
2062,21.954321,6.848000,146.028037
2063,21.961254,6.933000,144.237704
2064,21.968205,6.951000,143.864192
2065,21.974999,6.794000,147.188696
2066,21.981586,6.587000,151.814179
2067,21.988923,7.337000,136.295489
2068,21.995596,6.673000,149.857635
2069,22.002625,7.029000,142.267748
2070,22.009617,6.992000,143.020595
2071,22.016486,6.869000,145.581598
2072,22.023405,6.919000,144.529556
2073,22.030243,6.838000,146.241591
2074,22.037142,6.899000,144.948543
2075,22.043978,6.836000,146.284377
2076,22.050884,6.906000,144.801622
2077,22.057749,6.865000,145.666424
2078,22.064600,6.851000,145.964093
2079,22.071530,6.930000,144.300144
2080,22.078412,6.882000,145.306597
2081,22.085346,6.934000,144.216902
2082,22.092208,6.862000,145.730108
2083,22.099213,7.005000,142.755175
2084,22.106018,6.805000,146.950771
2085,22.112952,6.934000,144.216902
2086,22.119210,6.258000,159.795462
2087,22.126622,7.412000,134.916352
2088,22.133324,6.702000,149.209191
2089,22.140377,7.053000,141.783638
2090,22.147336,6.959000,143.698807
2091,22.154411,7.075000,141.342756
2092,22.161269,6.858000,145.815106
2093,22.168209,6.940000,144.092219
2094,22.175009,6.800000,147.058824
2095,22.181990,6.981000,143.245953
2096,22.188830,6.840000,146.198830
2097,22.195765,6.935000,144.196107
2098,22.202040,6.275000,159.362550
2099,22.209654,7.614000,131.337011
2100,22.216473,6.819000,146.649069
2101,22.223341,6.868000,145.602796
2102,22.230242,6.901000,144.906535
2103,22.237186,6.944000,144.009217
2104,22.244017,6.831000,146.391451
2105,22.250970,6.953000,143.822810
2106,22.257814,6.844000,146.113384
2107,22.264755,6.941000,144.071459
2108,22.271632,6.877000,145.412244
2109,22.278538,6.906000,144.801622
2110,22.285420,6.882000,145.306597
2111,22.292339,6.919000,144.529556
2112,22.299220,6.881000,145.327714
2113,22.306235,7.015000,142.551675
2114,22.312988,6.753000,148.082334
2115,22.320053,7.065000,141.542817
2116,22.326804,6.751000,148.126204
2117,22.333857,7.053000,141.783638
2118,22.340288,6.431000,155.496812
2119,22.347134,6.846000,146.070698
2120,22.354437,7.303000,136.930029
2121,22.361360,6.923000,144.446049
2122,22.368288,6.928000,144.341801
2123,22.374440,6.152000,162.548765
2124,22.381467,7.027000,142.308240
2125,22.389044,7.577000,131.978356
2126,22.395609,6.565000,152.322925
2127,22.402506,6.897000,144.990576
2128,22.409687,7.181000,139.256371
2129,22.416587,6.900000,144.927536
2130,22.423408,6.821000,146.606069
2131,22.430367,6.959000,143.698807
2132,22.437301,6.934000,144.216902
2133,22.443485,6.184000,161.707633
2134,22.451169,7.684000,130.140552
2135,22.457373,6.204000,161.186331
2136,22.464449,7.076000,141.322781
2137,22.471445,6.996000,142.938822
2138,22.478493,7.048000,141.884222
2139,22.485504,7.011000,142.633005
2140,22.492449,6.945000,143.988481
2141,22.499373,6.924000,144.425188
2142,22.505498,6.125000,163.265306
2143,22.512528,7.030000,142.247511
2144,22.519934,7.406000,135.025655
2145,22.526585,6.651000,150.353330
2146,22.533893,7.308000,136.836344
2147,22.540540,6.647000,150.443809
2148,22.547532,6.992000,143.020595
2149,22.554553,7.021000,142.429853
2150,22.561442,6.889000,145.158949
2151,22.568366,6.924000,144.425188
2152,22.574807,6.441000,155.255395
2153,22.582264,7.457000,134.102186
2154,22.589049,6.785000,147.383935
2155,22.595857,6.808000,146.886016
2156,22.602952,7.095000,140.944327
2157,22.609808,6.856000,145.857643
2158,22.615986,6.178000,161.864681
2159,22.623630,7.644000,130.821559
2160,22.630390,6.760000,147.928994
2161,22.637466,7.076000,141.322781
2162,22.644280,6.814000,146.756677
2163,22.651240,6.960000,143.678161
2164,22.658059,6.819000,146.649069
2165,22.665008,6.949000,143.905598
2166,22.671878,6.870000,145.560408
2167,22.678749,6.871000,145.539223
2168,22.685927,7.178000,139.314572
2169,22.692044,6.117000,163.478829
2170,22.699581,7.537000,132.678785
2171,22.706471,6.890000,145.137881
2172,22.713275,6.804000,146.972369
2173,22.720183,6.908000,144.759699
2174,22.727019,6.836000,146.284377
2175,22.734137,7.118000,140.488901
2176,22.740793,6.656000,150.240385
2177,22.747734,6.941000,144.071459
2178,22.754631,6.897000,144.990576
2179,22.761510,6.879000,145.369967
2180,22.768417,6.907000,144.780657
2181,22.775317,6.900000,144.927536
2182,22.782240,6.923000,144.446049
2183,22.789108,6.868000,145.602796
2184,22.796015,6.907000,144.780657
2185,22.802944,6.929000,144.320970
2186,22.809800,6.856000,145.857643
2187,22.816745,6.945000,143.988481
2188,22.823640,6.895000,145.032632
2189,22.830531,6.891000,145.116819
2190,22.837546,7.015000,142.551675
2191,22.844368,6.822000,146.584579
2192,22.876668,32.300000,30.959752
2193,22.877119,0.451000,2217.294900
2194,22.879598,2.479000,403.388463
2195,22.884903,5.305000,188.501414
2196,22.891481,6.578000,152.021891
2197,22.897891,6.410000,156.006240
2198,22.899313,1.422000,703.234880
2199,22.920380,21.067000,47.467603
2200,22.929025,8.645000,115.673800
2201,22.937741,8.716000,114.731528
2202,22.951910,14.169000,70.576611
2203,22.968013,16.103000,62.100230
2204,22.981746,13.733000,72.817301
2205,22.990210,8.464000,118.147448
2206,22.999203,8.993000,111.197598
2207,23.008349,9.146000,109.337415
2208,23.021724,13.375000,74.766355
2209,23.036704,14.980000,66.755674
2210,23.048421,11.717000,85.346078
2211,23.061752,13.331000,75.013127
2212,23.074494,12.742000,78.480615
2213,23.089396,14.902000,67.105087
2214,23.102343,12.947000,77.237970
2215,23.115653,13.310000,75.131480
2216,23.128238,12.585000,79.459674
2217,23.142174,13.936000,71.756602
2218,23.155385,13.211000,75.694497
2219,23.168970,13.585000,73.610600
2220,23.181993,13.023000,76.787223
2221,23.194181,12.188000,82.047916
2222,23.207681,13.500000,74.074074
2223,23.221073,13.392000,74.671446
2224,23.234531,13.458000,74.305246
2225,23.247885,13.354000,74.883930
2226,23.261076,13.191000,75.809264
2227,23.274292,13.216000,75.665860
2228,23.288086,13.794000,72.495288
2229,23.301023,12.937000,77.297673
2230,23.314491,13.468000,74.250074
2231,23.328105,13.614000,73.453798
2232,23.340855,12.750000,78.431373
2233,23.354180,13.325000,75.046904
2234,23.368113,13.933000,71.772052
2235,23.381182,13.069000,76.516949
2236,23.394777,13.595000,73.556455
2237,23.408453,13.676000,73.120796
2238,23.421150,12.697000,78.758762
2239,23.435049,13.899000,71.947622
2240,23.448484,13.435000,74.432453
2241,23.461413,12.929000,77.345502
2242,23.474943,13.530000,73.909830
2243,23.488559,13.616000,73.443008
2244,23.501040,12.481000,80.121785
2245,23.515363,14.323000,69.817776
2246,23.528714,13.351000,74.900756
2247,23.541144,12.430000,80.450523
2248,23.555622,14.478000,69.070314
2249,23.568653,13.031000,76.740081
2250,23.581435,12.782000,78.235018
2251,23.595827,14.392000,69.483046
2252,23.608817,12.990000,76.982294
2253,23.621152,12.335000,81.070126
2254,23.635689,14.537000,68.789984
2255,23.648336,12.647000,79.070135
2256,23.661861,13.525000,73.937153
2257,23.675307,13.446000,74.371560
2258,23.688278,12.971000,77.095058
2259,23.701184,12.906000,77.483341
2260,23.715862,14.678000,68.129173
2261,23.729065,13.203000,75.740362
2262,23.742946,13.881000,72.040919
2263,23.756883,13.937000,71.751453
2264,23.774780,17.897000,55.875286
2265,23.786198,11.418000,87.581012
2266,23.801088,14.890000,67.159167
2267,23.809044,7.956000,125.691302
2268,23.822231,13.187000,75.832259
2269,23.835512,13.281000,75.295535
2270,23.848737,13.225000,75.614367
2271,23.861854,13.117000,76.236944
2272,23.875043,13.189000,75.820760
2273,23.888614,13.571000,73.686537
2274,23.902081,13.467000,74.255588
2275,23.914976,12.895000,77.549438
2276,23.928602,13.626000,73.389109
2277,23.941293,12.691000,78.795997
2278,23.954566,13.273000,75.340918
2279,23.970706,16.140000,61.957869
2280,23.981306,10.600000,94.339623
2281,23.994394,13.088000,76.405868
2282,24.008008,13.614000,73.453798
2283,24.021147,13.139000,76.109293
2284,24.034625,13.478000,74.194984
2285,24.048107,13.482000,74.172971
2286,24.061136,13.029000,76.751861
2287,24.074222,13.086000,76.417545
2288,24.087975,13.753000,72.711408
2289,24.101087,13.112000,76.266016
2290,24.114284,13.197000,75.774797
2291,24.128116,13.832000,72.296125
2292,24.141418,13.302000,75.176665
2293,24.154504,13.086000,76.417545
2294,24.168128,13.624000,73.399883
2295,24.181042,12.914000,77.435341
2296,24.194405,13.363000,74.833495
2297,24.208340,13.935000,71.761751
2298,24.221201,12.861000,77.754451
2299,24.234475,13.274000,75.335242
2300,24.248258,13.783000,72.553145
2301,24.261092,12.834000,77.918030
2302,24.274367,13.275000,75.329567
2303,24.288235,13.868000,72.108451
2304,24.301081,12.846000,77.845244
2305,24.314475,13.394000,74.660296
2306,24.328251,13.776000,72.590012
2307,24.341140,12.889000,77.585538
2308,24.356977,15.837000,63.143272
2309,24.372322,15.345000,65.167807
2310,24.381111,8.789000,113.778587
2311,24.395028,13.917000,71.854566
2312,24.395100,0.072000,13888.888889
2313,24.395124,0.024000,41666.666667
2314,24.402928,7.804000,128.139416
2315,24.409712,6.784000,147.405660
2316,24.416612,6.900000,144.927536
2317,24.423504,6.892000,145.095763
2318,24.430409,6.905000,144.822592
2319,24.437291,6.882000,145.306597
2320,24.444217,6.926000,144.383483
2321,24.451251,7.034000,142.166619
2322,24.452130,0.879000,1137.656428
2323,24.461625,9.495000,105.318589
2324,24.464638,3.013000,331.895121
2325,24.475989,11.351000,88.097965
2326,24.487868,11.879000,84.182170
2327,24.501326,13.458000,74.305246
2328,24.514280,12.954000,77.196233
2329,24.527641,13.361000,74.844697
2330,24.541218,13.577000,73.653974
2331,24.554189,12.971000,77.095058
2332,24.569622,15.433000,64.796216
2333,24.581250,11.628000,85.999312
2334,24.594257,13.007000,76.881679
2335,24.607476,13.219000,75.648687
2336,24.621082,13.606000,73.496987
2337,24.634197,13.115000,76.248570
2338,24.647517,13.320000,75.075075
2339,24.661300,13.783000,72.553145
2340,24.674191,12.891000,77.573501
2341,24.687508,13.317000,75.091988
2342,24.701230,13.722000,72.875674
2343,24.714514,13.284000,75.278531
2344,24.727563,13.049000,76.634225
2345,24.741238,13.675000,73.126143
2346,24.754038,12.800000,78.125000
2347,24.767490,13.452000,74.338388
2348,24.781304,13.814000,72.390329
2349,24.794142,12.838000,77.893753
2350,24.807542,13.400000,74.626866
2351,24.821012,13.470000,74.239050
2352,24.834126,13.114000,76.254385
2353,24.847592,13.466000,74.261102
2354,24.861020,13.428000,74.471254
2355,24.874272,13.252000,75.460308
2356,24.887674,13.402000,74.615729
2357,24.901426,13.752000,72.716696
2358,24.914261,12.835000,77.911959
2359,24.927552,13.291000,75.238883
2360,24.941012,13.460000,74.294205
2361,24.954201,13.189000,75.820760
2362,24.967538,13.337000,74.979381
2363,24.981231,13.693000,73.030015
2364,24.994145,12.914000,77.435341
2365,25.007503,13.358000,74.861506
2366,25.021266,13.763000,72.658577
2367,25.034190,12.924000,77.375426
2368,25.047440,13.250000,75.471698
2369,25.061072,13.632000,73.356808
2370,25.074371,13.299000,75.193624
2371,25.087481,13.110000,76.277651
2372,25.100917,13.436000,74.426913
2373,25.114131,13.214000,75.677312
2374,25.127408,13.277000,75.318219
2375,25.141175,13.767000,72.637466
2376,25.154195,13.020000,76.804916
2377,25.167543,13.348000,74.917591
2378,25.181370,13.827000,72.322268
2379,25.194191,12.821000,77.997036
2380,25.207424,13.233000,75.568654
2381,25.220996,13.572000,73.681108
2382,25.241473,20.477000,48.835279
2383,25.251062,9.589000,104.286161
2384,25.261501,10.439000,95.794616
2385,25.274122,12.621000,79.233024
2386,25.287333,13.211000,75.694497
2387,25.301004,13.671000,73.147539
2388,25.314082,13.078000,76.464291
2389,25.334163,20.081000,49.798317
2390,25.342211,8.048000,124.254473
2391,25.354202,11.991000,83.395880
2392,25.367341,13.139000,76.109293
2393,25.380698,13.357000,74.867111
2394,25.394070,13.372000,74.783129
2395,25.407172,13.102000,76.324225
2396,25.420978,13.806000,72.432276
2397,25.433953,12.975000,77.071291
2398,25.447253,13.300000,75.187970
2399,25.460690,13.437000,74.421374
2400,25.473895,13.205000,75.728891
2401,25.487185,13.290000,75.244545
2402,25.500657,13.472000,74.228029
2403,25.515080,14.423000,69.333703
2404,25.527612,12.532000,79.795723
2405,25.540797,13.185000,75.843762
2406,25.553842,13.045000,76.657723
2407,25.567266,13.424000,74.493445
2408,25.580816,13.550000,73.800738
2409,25.594184,13.368000,74.805506
2410,25.607600,13.416000,74.537865
2411,25.620969,13.369000,74.799910
2412,25.634023,13.054000,76.604872
2413,25.647466,13.443000,74.388157
2414,25.661072,13.606000,73.496987
2415,25.674229,13.157000,76.005168
2416,25.687557,13.328000,75.030012
2417,25.701107,13.550000,73.800738
2418,25.713817,12.710000,78.678206
2419,25.727140,13.323000,75.058170
2420,25.741009,13.869000,72.103252
2421,25.753877,12.868000,77.712154
2422,25.767280,13.403000,74.610162
2423,25.780953,13.673000,73.136839
2424,25.793927,12.974000,77.077231
2425,25.807315,13.388000,74.693756
2426,25.821081,13.766000,72.642743
2427,25.834013,12.932000,77.327560
2428,25.847247,13.234000,75.562944
2429,25.861143,13.896000,71.963155
2430,25.873930,12.787000,78.204426
2431,25.887290,13.360000,74.850299
2432,25.901145,13.855000,72.176110
2433,25.913923,12.778000,78.259509
2434,25.927247,13.324000,75.052537
2435,25.940978,13.731000,72.827908
2436,25.953894,12.916000,77.423351
2437,25.967304,13.410000,74.571216
2438,25.981041,13.737000,72.796098
2439,25.993979,12.938000,77.291699
2440,26.007221,13.242000,75.517293
2441,26.020776,13.555000,73.773515
2442,26.034005,13.229000,75.591504
2443,26.047353,13.348000,74.917591
2444,26.061139,13.786000,72.537357
2445,26.074054,12.915000,77.429346
2446,26.087286,13.232000,75.574365
2447,26.101419,14.133000,70.756386
2448,26.114030,12.611000,79.295853
2449,26.127256,13.226000,75.608650
2450,26.140631,13.375000,74.766355
2451,26.154006,13.375000,74.766355
2452,26.167208,13.202000,75.746099
2453,26.180777,13.569000,73.697398
2454,26.193974,13.197000,75.774797
2455,26.207258,13.284000,75.278531
2456,26.220796,13.538000,73.866155
2457,26.234028,13.232000,75.574365
2458,26.247314,13.286000,75.267199
2459,26.261113,13.799000,72.469019
2460,26.273910,12.797000,78.143315
2461,26.287221,13.311000,75.125836
2462,26.300964,13.743000,72.764316
2463,26.313867,12.903000,77.501356
2464,26.327401,13.534000,73.887986
2465,26.341097,13.696000,73.014019
2466,26.353924,12.827000,77.960552
2467,26.367364,13.440000,74.404762
2468,26.380722,13.358000,74.861506
2469,26.393848,13.126000,76.184672
2470,26.407170,13.322000,75.063804
2471,26.420794,13.624000,73.399883
2472,26.433835,13.041000,76.681236
2473,26.447216,13.381000,74.732830
2474,26.461036,13.820000,72.358900
2475,26.473784,12.748000,78.443677
2476,26.487227,13.443000,74.388157
2477,26.500722,13.495000,74.101519
2478,26.514002,13.280000,75.301205
2479,26.527251,13.249000,75.477395
2480,26.540851,13.600000,73.529412
2481,26.553833,12.982000,77.029733
2482,26.567111,13.278000,75.312547
2483,26.580960,13.849000,72.207380
2484,26.593926,12.966000,77.124788
2485,26.607208,13.282000,75.289866
2486,26.620957,13.749000,72.732562
2487,26.633786,12.829000,77.948398
2488,26.647251,13.465000,74.266617
2489,26.660886,13.635000,73.340667
2490,26.673805,12.919000,77.405372
2491,26.687219,13.414000,74.548979
2492,26.700940,13.721000,72.880985
2493,26.713851,12.911000,77.453334
2494,26.727333,13.482000,74.172971
2495,26.740590,13.257000,75.431847
2496,26.753839,13.249000,75.477395
2497,26.767216,13.377000,74.755177
2498,26.780749,13.533000,73.893446
2499,26.794212,13.463000,74.277650
2500,26.807172,12.960000,77.160494
2501,26.820614,13.442000,74.393691
2502,26.833867,13.253000,75.454614
2503,26.847240,13.373000,74.777537
2504,26.867978,20.738000,48.220658
2505,26.879370,11.392000,87.780899
2506,26.887667,8.297000,120.525491
2507,26.900590,12.923000,77.381413
2508,26.913701,13.111000,76.271833
2509,26.927059,13.358000,74.861506
2510,26.940649,13.590000,73.583517
2511,26.953665,13.016000,76.828519
2512,26.967169,13.504000,74.052133
2513,26.980712,13.543000,73.838884
2514,26.993648,12.936000,77.303649
2515,27.007176,13.528000,73.920757
2516,27.021657,14.481000,69.056004
2517,27.033986,12.329000,81.109579
2518,27.060241,26.255000,38.087983
2519,27.060278,0.037000,27027.027027
2520,27.060289,0.011000,90909.090909
2521,27.070478,10.189000,98.145058
2522,27.074610,4.132000,242.013553
2523,27.082012,7.402000,135.098622
2524,27.088732,6.720000,148.809524
2525,27.095625,6.893000,145.074713
2526,27.101911,6.286000,159.083678
2527,27.109356,7.445000,134.318334
2528,27.115965,6.609000,151.308821
2529,27.122903,6.938000,144.133756
2530,27.129951,7.048000,141.884222
2531,27.136991,7.040000,142.045455
2532,27.143868,6.877000,145.412244
2533,27.150820,6.952000,143.843498
2534,27.157654,6.834000,146.327188
2535,27.164561,6.907000,144.780657
2536,27.171469,6.908000,144.759699
2537,27.178395,6.926000,144.383483
2538,27.185315,6.920000,144.508671
2539,27.192141,6.826000,146.498682
2540,27.199108,6.967000,143.533802
2541,27.205937,6.829000,146.434324
2542,27.212845,6.908000,144.759699
2543,27.219757,6.912000,144.675926
2544,27.226672,6.915000,144.613160
2545,27.233567,6.895000,145.032632
2546,27.240448,6.881000,145.327714
2547,27.247355,6.907000,144.780657
2548,27.254270,6.915000,144.613160
2549,27.261152,6.882000,145.306597
2550,27.268071,6.919000,144.529556
2551,27.274985,6.914000,144.634076
2552,27.281882,6.897000,144.990576
2553,27.288749,6.867000,145.623999
2554,27.295709,6.960000,143.678161
2555,27.302582,6.873000,145.496872
2556,27.309549,6.967000,143.533802
2557,27.316386,6.837000,146.262981
2558,27.323357,6.971000,143.451442
2559,27.330191,6.834000,146.327188
2560,27.336428,6.237000,160.333494
2561,27.344100,7.672000,130.344108
2562,27.350914,6.814000,146.756677
2563,27.357855,6.941000,144.071459
2564,27.364540,6.685000,149.588631
2565,27.371193,6.653000,150.308132
2566,27.378626,7.433000,134.535181
2567,27.385430,6.804000,146.972369
2568,27.392299,6.869000,145.581598
2569,27.399263,6.964000,143.595635
2570,27.406157,6.894000,145.053670
2571,27.413071,6.914000,144.634076
2572,27.419967,6.896000,145.011601
2573,27.426918,6.951000,143.864192
2574,27.433761,6.843000,146.134736
2575,27.440360,6.599000,151.538112
2576,27.447540,7.180000,139.275766
2577,27.454215,6.675000,149.812734
2578,27.461366,7.151000,139.840582
2579,27.468185,6.819000,146.649069
2580,27.475083,6.898000,144.969556
2581,27.481955,6.872000,145.518044
2582,27.488871,6.916000,144.592250
2583,27.495781,6.910000,144.717800
2584,27.502681,6.900000,144.927536
2585,27.509575,6.894000,145.053670
2586,27.516394,6.819000,146.649069
2587,27.523379,6.985000,143.163923
2588,27.530263,6.884000,145.264381
2589,27.537220,6.957000,143.740118
2590,27.544206,6.986000,143.143430
2591,27.550738,6.532000,153.092468
2592,27.558091,7.353000,135.998912
2593,27.564564,6.473000,154.487873
2594,27.571320,6.756000,148.016578
2595,27.578784,7.464000,133.976420
2596,27.585497,6.713000,148.964695
2597,27.592432,6.935000,144.196107
2598,27.599293,6.861000,145.751348
2599,27.606205,6.912000,144.675926
2600,27.613124,6.919000,144.529556
2601,27.620052,6.928000,144.341801
2602,27.626830,6.778000,147.536146
2603,27.633836,7.006000,142.734799
2604,27.640779,6.943000,144.029958
2605,27.647634,6.855000,145.878920
2606,27.654551,6.917000,144.571346
2607,27.661553,7.002000,142.816338
2608,27.668420,6.867000,145.623999
2609,27.675194,6.774000,147.623265
2610,27.682109,6.915000,144.613160
2611,27.688993,6.884000,145.264381
2612,27.695912,6.919000,144.529556
2613,27.702731,6.819000,146.649069
2614,27.709721,6.990000,143.061516
2615,27.716579,6.858000,145.815106
2616,27.723496,6.917000,144.571346
2617,27.730388,6.892000,145.095763
2618,27.737264,6.876000,145.433392
2619,27.744189,6.925000,144.404332
2620,27.751070,6.881000,145.327714
2621,27.757996,6.926000,144.383483
2622,27.764871,6.875000,145.454545
2623,27.771037,6.166000,162.179695
2624,27.778781,7.744000,129.132231
2625,27.785553,6.772000,147.666864
2626,27.792458,6.905000,144.822592
2627,27.799121,6.663000,150.082545
2628,27.806190,7.069000,141.462725
2629,27.813174,6.984000,143.184422
2630,27.820061,6.887000,145.201104
2631,27.826726,6.665000,150.037509
2632,27.833914,7.188000,139.120757
2633,27.840060,6.146000,162.707452
2634,27.847734,7.674000,130.310138
2635,27.854142,6.408000,156.054931
2636,27.861194,7.052000,141.803744
2637,27.867720,6.526000,153.233221
2638,27.875374,7.654000,130.650640
2639,27.882137,6.763000,147.863374
2640,27.889056,6.919000,144.529556
2641,27.895952,6.896000,145.011601
2642,27.902857,6.905000,144.822592
2643,27.909764,6.907000,144.780657
2644,27.916796,7.032000,142.207053
2645,27.922954,6.158000,162.390386
2646,27.930601,7.647000,130.770237
2647,27.937398,6.797000,147.123731
2648,27.944336,6.938000,144.133756
2649,27.951240,6.904000,144.843569
2650,27.957865,6.625000,150.943396
2651,27.965012,7.147000,139.918847
2652,27.971970,6.958000,143.719460
2653,27.978760,6.790000,147.275405
2654,27.985735,6.975000,143.369176
2655,27.992327,6.592000,151.699029
2656,27.999542,7.215000,138.600139
2657,28.006422,6.880000,145.348837
2658,28.013317,6.895000,145.032632
2659,28.019562,6.245000,160.128102
2660,28.027215,7.653000,130.667712
2661,28.034025,6.810000,146.842878
2662,28.040881,6.856000,145.857643
2663,28.047847,6.966000,143.554407
2664,28.054425,6.578000,152.021891
2665,28.061673,7.248000,137.969095
2666,28.068520,6.847000,146.049365
2667,28.075493,6.973000,143.410297
2668,28.082316,6.823000,146.563095
2669,28.089204,6.888000,145.180023
2670,28.096095,6.891000,145.116819
2671,28.102623,6.528000,153.186275
2672,28.109962,7.339000,136.258346
2673,28.116802,6.840000,146.198830
2674,28.123779,6.977000,143.328078
2675,28.130635,6.856000,145.857643
2676,28.137547,6.912000,144.675926
2677,28.144440,6.893000,145.074713
2678,28.151395,6.955000,143.781452
2679,28.158299,6.904000,144.843569
2680,28.164436,6.137000,162.946065
2681,28.172192,7.756000,128.932439
2682,28.178881,6.689000,149.499178
2683,28.185825,6.944000,144.009217
2684,28.192311,6.486000,154.178230
2685,28.199644,7.333000,136.369835
2686,28.206503,6.859000,145.793847
2687,28.213452,6.949000,143.905598
2688,28.220400,6.948000,143.926310
2689,28.226745,6.345000,157.604413
2690,28.233842,7.097000,140.904608
2691,28.241063,7.221000,138.484974
2692,28.247985,6.922000,144.466917
2693,28.254882,6.897000,144.990576
2694,28.261713,6.831000,146.391451
2695,28.268568,6.855000,145.878920
2696,28.275500,6.932000,144.258511
2697,28.282368,6.868000,145.602796
2698,28.289354,6.986000,143.143430
2699,28.296201,6.847000,146.049365
2700,28.303216,7.015000,142.551675
2701,28.309989,6.773000,147.645061
2702,28.316190,6.201000,161.264312
2703,28.323893,7.703000,129.819551
2704,28.330689,6.796000,147.145380
2705,28.337614,6.925000,144.404332
2706,28.344522,6.908000,144.759699
2707,28.351378,6.856000,145.857643
2708,28.358306,6.928000,144.341801
2709,28.365184,6.878000,145.391102
2710,28.372172,6.988000,143.102461
2711,28.379003,6.831000,146.391451
2712,28.385959,6.956000,143.760782
2713,28.392777,6.818000,146.670578
2714,28.399676,6.899000,144.948543
2715,28.406624,6.948000,143.926310
2716,28.413337,6.713000,148.964695
2717,28.420448,7.111000,140.627197
2718,28.427303,6.855000,145.878920
2719,28.434197,6.894000,145.053670
2720,28.441122,6.925000,144.404332
2721,28.447971,6.849000,146.006716
2722,28.454922,6.951000,143.864192
2723,28.461770,6.848000,146.028037
2724,28.468698,6.928000,144.341801
2725,28.475659,6.961000,143.657520
2726,28.482527,6.868000,145.602796
2727,28.489453,6.926000,144.383483
2728,28.496307,6.854000,145.900204
2729,28.503207,6.900000,144.927536
2730,28.510084,6.877000,145.412244
2731,28.516987,6.903000,144.864552
2732,28.523934,6.947000,143.947027
2733,28.530817,6.883000,145.285486
2734,28.537310,6.493000,154.012013
2735,28.544634,7.324000,136.537411
2736,28.551543,6.909000,144.738747
2737,28.558399,6.856000,145.857643
2738,28.565335,6.936000,144.175317
2739,28.572373,7.038000,142.085820
2740,28.579109,6.736000,148.456057
2741,28.586057,6.948000,143.926310
2742,28.592926,6.869000,145.581598
2743,28.599917,6.991000,143.041053
2744,28.606700,6.783000,147.427392
2745,28.613577,6.877000,145.412244
2746,28.620559,6.982000,143.225437
2747,28.627417,6.858000,145.815106
2748,28.634387,6.970000,143.472023
2749,28.641161,6.774000,147.623265
2750,28.648104,6.943000,144.029958
2751,28.654990,6.886000,145.222190
2752,28.661878,6.888000,145.180023
2753,28.668824,6.946000,143.967751
2754,28.675672,6.848000,146.028037
2755,28.682592,6.920000,144.508671
2756,28.689579,6.987000,143.122943
2757,28.696341,6.762000,147.885241
2758,28.703340,6.999000,142.877554
2759,28.710180,6.840000,146.198830
2760,28.717130,6.950000,143.884892
2761,28.723974,6.844000,146.113384
2762,28.730890,6.916000,144.592250
2763,28.737830,6.940000,144.092219
2764,28.744677,6.847000,146.049365
2765,28.751633,6.956000,143.760782
2766,28.758472,6.839000,146.220208
2767,28.765405,6.933000,144.237704
2768,28.771938,6.533000,153.069034
2769,28.778994,7.056000,141.723356
2770,28.785742,6.748000,148.192057
2771,28.792751,7.009000,142.673705
2772,28.800162,7.411000,134.934557
2773,28.806831,6.669000,149.947518
2774,28.813365,6.534000,153.045608
2775,28.820470,7.105000,140.745954
2776,28.827592,7.122000,140.409997
2777,28.834419,6.827000,146.477223
2778,28.841370,6.951000,143.864192
2779,28.848288,6.918000,144.550448
2780,28.855099,6.811000,146.821318
2781,28.862169,7.070000,141.442716
2782,28.869006,6.837000,146.262981
2783,28.875857,6.851000,145.964093
2784,28.882736,6.879000,145.369967
2785,28.889702,6.966000,143.554407
2786,28.896550,6.848000,146.028037
2787,28.903482,6.932000,144.258511
2788,28.910341,6.859000,145.793847
2789,28.916606,6.265000,159.616919
2790,28.923616,7.010000,142.653352
2791,28.930743,7.127000,140.311492
2792,28.937969,7.226000,138.389150
2793,28.944761,6.792000,147.232038
2794,28.951826,7.065000,141.542817
2795,28.958652,6.826000,146.498682
2796,28.965543,6.891000,145.116819
2797,28.972445,6.902000,144.885540
2798,28.979387,6.942000,144.050706
2799,28.986325,6.938000,144.133756
2800,28.993178,6.853000,145.921494
2801,29.000117,6.939000,144.112985
2802,29.006944,6.827000,146.477223
2803,29.013442,6.498000,153.893506
2804,29.020829,7.387000,135.372952
2805,29.027664,6.835000,146.305779
2806,29.034589,6.925000,144.404332
2807,29.041375,6.786000,147.362216
2808,29.048365,6.990000,143.061516
2809,29.054848,6.483000,154.249576
2810,29.062253,7.405000,135.043889
2811,29.069076,6.823000,146.563095
2812,29.075943,6.867000,145.623999
2813,29.082696,6.753000,148.082334
2814,29.089743,7.047000,141.904356
2815,29.096304,6.561000,152.415790
2816,29.103649,7.345000,136.147039
2817,29.110383,6.734000,148.500149
2818,29.117322,6.939000,144.112985
2819,29.124246,6.924000,144.425188
2820,29.131112,6.866000,145.645208
2821,29.137757,6.645000,150.489090
2822,29.144904,7.147000,139.918847
2823,29.151844,6.940000,144.092219
2824,29.158726,6.882000,145.306597
2825,29.165621,6.895000,145.032632
2826,29.172498,6.877000,145.412244
2827,29.179355,6.857000,145.836372
2828,29.185572,6.217000,160.849284
2829,29.193284,7.712000,129.668050
2830,29.200094,6.810000,146.842878
2831,29.206973,6.879000,145.369967
2832,29.213186,6.213000,160.952841
2833,29.220878,7.692000,130.005200
2834,29.227670,6.792000,147.232038
2835,29.234586,6.916000,144.592250
2836,29.241479,6.893000,145.074713
2837,29.248389,6.910000,144.717800
2838,29.255282,6.893000,145.074713
2839,29.262184,6.902000,144.885540
2840,29.269088,6.904000,144.843569
2841,29.275976,6.888000,145.180023
2842,29.282866,6.890000,145.137881
2843,29.289765,6.899000,144.948543
2844,29.296132,6.367000,157.059840
2845,29.303659,7.527000,132.855055
2846,29.310455,6.796000,147.145380
2847,29.317365,6.910000,144.717800
2848,29.323977,6.612000,151.240169
2849,29.331198,7.221000,138.484974
2850,29.338062,6.864000,145.687646
2851,29.344948,6.886000,145.222190
2852,29.351870,6.922000,144.466917
2853,29.358751,6.881000,145.327714
2854,29.365679,6.928000,144.341801
2855,29.372578,6.899000,144.948543
2856,29.379468,6.890000,145.137881
2857,29.386375,6.907000,144.780657
2858,29.393286,6.911000,144.696860
2859,29.399808,6.522000,153.327200
2860,29.407110,7.302000,136.948781
2861,29.413957,6.847000,146.049365
2862,29.420956,6.999000,142.877554
2863,29.427793,6.837000,146.262981
2864,29.434788,6.995000,142.959257
2865,29.441646,6.858000,145.815106
2866,29.448541,6.895000,145.032632
2867,29.455416,6.875000,145.454545
2868,29.462348,6.932000,144.258511
2869,29.469238,6.890000,145.137881
2870,29.476108,6.870000,145.560408
2871,29.483059,6.951000,143.864192
2872,29.489868,6.809000,146.864444
2873,29.496847,6.979000,143.287004
2874,29.503825,6.978000,143.307538
2875,29.510596,6.771000,147.688672
2876,29.517558,6.962000,143.636886
2877,29.524107,6.549000,152.695068
2878,29.531375,7.268000,137.589433
2879,29.538250,6.875000,145.454545
2880,29.545020,6.770000,147.710487
2881,29.552078,7.058000,141.683196
2882,29.558956,6.878000,145.391102
2883,29.565842,6.886000,145.222190
2884,29.572776,6.934000,144.216902
2885,29.579564,6.788000,147.318798
2886,29.585970,6.406000,156.103653
2887,29.592846,6.876000,145.433392
2888,29.600431,7.585000,131.839156
2889,29.607237,6.806000,146.929180
2890,29.613799,6.562000,152.392563
2891,29.621172,7.373000,135.630001
2892,29.627513,6.341000,157.703832
2893,29.634530,7.017000,142.511045
2894,29.641323,6.793000,147.210364
2895,29.648652,7.329000,136.444263
2896,29.655470,6.818000,146.670578
2897,29.662379,6.909000,144.738747
2898,29.669349,6.970000,143.472023
2899,29.676163,6.814000,146.756677
2900,29.683086,6.923000,144.446049
2901,29.689967,6.881000,145.327714
2902,29.696859,6.892000,145.095763
2903,29.703781,6.922000,144.466917
2904,29.710671,6.890000,145.137881
2905,29.717588,6.917000,144.571346
2906,29.724465,6.877000,145.412244
2907,29.731378,6.913000,144.654998
2908,29.738276,6.898000,144.969556
2909,29.745168,6.892000,145.095763
2910,29.752075,6.907000,144.780657
2911,29.758967,6.892000,145.095763
2912,29.765891,6.924000,144.425188
2913,29.772810,6.919000,144.529556
2914,29.779678,6.868000,145.602796
2915,29.786695,7.017000,142.511045
2916,29.793463,6.768000,147.754137
2917,29.799821,6.358000,157.282164
2918,29.806776,6.955000,143.781452
2919,29.814236,7.460000,134.048257
2920,29.821067,6.831000,146.391451
2921,29.827972,6.905000,144.822592
2922,29.834873,6.901000,144.906535
2923,29.841768,6.895000,145.032632
2924,29.848681,6.913000,144.654998
2925,29.855567,6.886000,145.222190
2926,29.862495,6.928000,144.341801
2927,29.869381,6.886000,145.222190
2928,29.876307,6.926000,144.383483
2929,29.883175,6.868000,145.602796
2930,29.890056,6.881000,145.327714
2931,29.896959,6.903000,144.864552
2932,29.903892,6.933000,144.237704
2933,29.910772,6.880000,145.348837
2934,29.917685,6.913000,144.654998
2935,29.924568,6.883000,145.285486
2936,29.931493,6.925000,144.404332
2937,29.938393,6.900000,144.927536
2938,29.945006,6.613000,151.217299
2939,29.952229,7.223000,138.446629
2940,29.959074,6.845000,146.092038
2941,29.965991,6.917000,144.571346
2942,29.972849,6.858000,145.815106
2943,29.979775,6.926000,144.383483
2944,29.986709,6.934000,144.216902
2945,29.993575,6.866000,145.645208
2946,29.999750,6.175000,161.943320
2947,30.007444,7.694000,129.971406
2948,30.014248,6.804000,146.972369
2949,30.021192,6.944000,144.009217
2950,30.028067,6.875000,145.454545
2951,30.035033,6.966000,143.554407
2952,30.041855,6.822000,146.584579
2953,30.048789,6.934000,144.216902
2954,30.055664,6.875000,145.454545
2955,30.062574,6.910000,144.717800
2956,30.069468,6.894000,145.053670
2957,30.075978,6.510000,153.609831
2958,30.083342,7.364000,135.795763
2959,30.090150,6.808000,146.886016
2960,30.097063,6.913000,144.654998
2961,30.103987,6.924000,144.425188
2962,30.110863,6.876000,145.433392
2963,30.117778,6.915000,144.613160
2964,30.124664,6.886000,145.222190
2965,30.131566,6.902000,144.885540
2966,30.138474,6.908000,144.759699
2967,30.145371,6.897000,144.990576
2968,30.152377,7.006000,142.734799
2969,30.159230,6.853000,145.921494
2970,30.166050,6.820000,146.627566
2971,30.173073,7.023000,142.389292
2972,30.179936,6.863000,145.708874
2973,30.186828,6.892000,145.095763
2974,30.193754,6.926000,144.383483
2975,30.200584,6.830000,146.412884
2976,30.207454,6.870000,145.560408
2977,30.214415,6.961000,143.657520
2978,30.221343,6.928000,144.341801
2979,30.228192,6.849000,146.006716
2980,30.235115,6.923000,144.446049
2981,30.242028,6.913000,144.654998
2982,30.248232,6.204000,161.186331
2983,30.256008,7.776000,128.600823
2984,30.262406,6.398000,156.298843
2985,30.269698,7.292000,137.136588
2986,30.276516,6.818000,146.670578
2987,30.283481,6.965000,143.575018
2988,30.290308,6.827000,146.477223
2989,30.297200,6.892000,145.095763
2990,30.304148,6.948000,143.926310
2991,30.310713,6.565000,152.322925
2992,30.318055,7.342000,136.202670
2993,30.324444,6.389000,156.519017
2994,30.342811,18.367000,54.445473
2995,30.342860,0.049000,20408.163265
2996,30.344966,2.106000,474.833808
2997,30.352495,7.529000,132.819764
2998,30.359262,6.767000,147.775972
2999,30.366233,6.971000,143.451442
3000,30.373025,6.792000,147.232038
3001,30.379961,6.936000,144.175317
3002,30.386897,6.936000,144.175317
3003,30.393760,6.863000,145.708874
3004,30.400690,6.930000,144.300144
3005,30.407168,6.478000,154.368632
3006,30.414535,7.367000,135.740464
3007,30.421374,6.839000,146.220208
3008,30.428283,6.909000,144.738747
3009,30.435186,6.903000,144.864552
3010,30.442071,6.885000,145.243282
3011,30.448978,6.907000,144.780657
3012,30.455871,6.893000,145.074713
3013,30.462756,6.885000,145.243282
3014,30.469678,6.922000,144.466917
3015,30.476547,6.869000,145.581598
3016,30.483485,6.938000,144.133756
3017,30.490358,6.873000,145.496872
3018,30.497280,6.922000,144.466917
3019,30.504157,6.877000,145.412244
3020,30.511064,6.907000,144.780657
3021,30.517971,6.907000,144.780657
3022,30.524861,6.890000,145.137881
3023,30.531790,6.929000,144.320970
3024,30.538655,6.865000,145.666424
3025,30.545584,6.929000,144.320970
3026,30.552473,6.889000,145.158949
3027,30.559381,6.908000,144.759699
3028,30.566278,6.897000,144.990576
3029,30.572991,6.713000,148.964695
3030,30.580105,7.114000,140.567894
3031,30.586308,6.203000,161.212317
3032,30.593892,7.584000,131.856540
3033,30.600827,6.935000,144.196107
3034,30.607297,6.470000,154.559505
3035,30.614046,6.749000,148.170099
3036,30.621528,7.482000,133.654103
3037,30.628393,6.865000,145.666424
3038,30.635297,6.904000,144.843569
3039,30.642251,6.954000,143.802128
3040,30.649202,6.951000,143.864192
3041,30.655962,6.760000,147.928994
3042,30.662897,6.935000,144.196107
3043,30.669767,6.870000,145.560408
3044,30.676146,6.379000,156.764383
3045,30.683106,6.960000,143.678161
3046,30.690537,7.431000,134.571390
3047,30.697385,6.848000,146.028037
3048,30.704277,6.892000,145.095763
3049,30.711172,6.895000,145.032632
3050,30.717606,6.434000,155.424308
3051,30.725049,7.443000,134.354427
3052,30.731888,6.839000,146.220208
3053,30.738779,6.891000,145.116819
3054,30.745711,6.932000,144.258511
3055,30.752580,6.869000,145.581598
3056,30.759476,6.896000,145.011601
3057,30.766396,6.920000,144.508671
3058,30.772999,6.603000,151.446312
3059,30.780229,7.230000,138.312586
3060,30.787068,6.839000,146.220208
3061,30.793968,6.900000,144.927536
3062,30.800907,6.939000,144.112985
3063,30.807765,6.858000,145.815106
3064,30.814677,6.912000,144.675926
3065,30.821576,6.899000,144.948543
3066,30.828507,6.931000,144.279325
3067,30.835377,6.870000,145.560408
3068,30.842284,6.907000,144.780657
3069,30.849187,6.903000,144.864552
3070,30.856074,6.887000,145.201104
3071,30.862993,6.919000,144.529556
3072,30.869878,6.885000,145.243282
3073,30.876775,6.897000,144.990576
3074,30.883704,6.929000,144.320970
3075,30.890574,6.870000,145.560408
3076,30.897493,6.919000,144.529556
3077,30.904368,6.875000,145.454545
3078,30.911274,6.906000,144.801622
3079,30.918148,6.874000,145.475706
3080,30.925070,6.922000,144.466917
3081,30.931980,6.910000,144.717800
3082,30.938859,6.879000,145.369967
3083,30.945868,7.009000,142.673705
3084,30.952245,6.377000,156.813549
3085,30.959642,7.397000,135.189942
3086,30.966540,6.898000,144.969556
3087,30.972745,6.205000,161.160355
3088,30.979605,6.860000,145.772595
3089,30.986661,7.056000,141.723356
3090,30.994232,7.571000,132.082948
3091,31.001018,6.786000,147.362216
3092,31.007692,6.674000,149.835181
3093,31.014570,6.878000,145.391102
3094,31.021758,7.188000,139.120757
3095,31.028644,6.886000,145.222190
3096,31.035496,6.852000,145.942790
3097,31.042408,6.912000,144.675926
3098,31.049341,6.933000,144.237704
3099,31.056220,6.879000,145.369967
3100,31.063186,6.966000,143.554407
3101,31.069517,6.331000,157.952930
3102,31.077072,7.555000,132.362674
3103,31.083798,6.726000,148.676777
3104,31.090705,6.907000,144.780657
3105,31.097342,6.637000,150.670484
3106,31.104589,7.247000,137.988133
3107,31.111451,6.862000,145.730108
3108,31.117697,6.246000,160.102466
3109,31.125333,7.636000,130.958617
3110,31.132131,6.798000,147.102089
3111,31.139060,6.929000,144.320970
3112,31.145962,6.902000,144.885540
3113,31.152826,6.864000,145.687646
3114,31.159758,6.932000,144.258511
3115,31.166464,6.706000,149.120191
3116,31.172950,6.486000,154.178230
3117,31.179941,6.991000,143.041053
3118,31.187339,7.398000,135.171668
3119,31.194271,6.932000,144.258511
3120,31.201052,6.781000,147.470875
3121,31.207970,6.918000,144.550448
3122,31.214458,6.488000,154.130703
3123,31.221846,7.388000,135.354629
3124,31.228718,6.872000,145.518044
3125,31.235346,6.628000,150.875075
3126,31.242614,7.268000,137.589433
3127,31.249445,6.831000,146.391451
3128,31.255632,6.187000,161.629223
3129,31.263285,7.653000,130.667712
3130,31.270103,6.818000,146.670578
3131,31.277077,6.974000,143.389733
3132,31.283397,6.320000,158.227848
3133,31.290894,7.497000,133.386688
3134,31.297237,6.343000,157.654107
3135,31.304727,7.490000,133.511348
3136,31.311590,6.863000,145.708874
3137,31.318479,6.889000,145.158949
3138,31.324663,6.184000,161.707633
3139,31.332352,7.689000,130.055924
3140,31.339107,6.755000,148.038490
3141,31.346025,6.918000,144.550448
3142,31.352899,6.874000,145.475706
3143,31.359912,7.013000,142.592329
3144,31.366744,6.832000,146.370023
3145,31.373152,6.408000,156.054931
3146,31.380632,7.480000,133.689840
3147,31.387443,6.811000,146.821318
3148,31.394356,6.913000,144.654998
3149,31.401199,6.843000,146.134736
3150,31.407697,6.498000,153.893506
3151,31.414396,6.699000,149.276011
3152,31.421960,7.564000,132.205182
3153,31.428799,6.839000,146.220208
3154,31.435674,6.875000,145.454545
3155,31.442611,6.937000,144.154534
3156,31.449487,6.876000,145.433392
3157,31.456398,6.911000,144.696860
3158,31.463313,6.915000,144.613160
3159,31.470182,6.869000,145.581598
3160,31.477112,6.930000,144.300144
3161,31.483965,6.853000,145.921494
3162,31.490902,6.937000,144.154534
3163,31.497611,6.709000,149.053510
3164,31.504694,7.083000,141.183114
3165,31.511588,6.894000,145.053670
3166,31.518480,6.892000,145.095763
3167,31.525389,6.909000,144.738747
3168,31.532278,6.889000,145.158949
3169,31.539174,6.896000,145.011601
3170,31.546111,6.937000,144.154534
3171,31.552960,6.849000,146.006716
3172,31.559893,6.933000,144.237704
3173,31.566765,6.872000,145.518044
3174,31.573678,6.913000,144.654998
3175,31.580521,6.843000,146.134736
3176,31.587496,6.975000,143.369176
3177,31.594393,6.897000,144.990576
3178,31.601171,6.778000,147.536146
3179,31.608194,7.023000,142.389292
3180,31.615081,6.887000,145.201104
3181,31.621983,6.902000,144.885540
3182,31.628887,6.904000,144.843569
3183,31.635828,6.941000,144.071459
3184,31.642690,6.862000,145.730108
3185,31.649583,6.893000,145.074713
3186,31.656546,6.963000,143.616257
3187,31.663379,6.833000,146.348602
3188,31.670071,6.692000,149.432158
3189,31.677211,7.140000,140.056022
3190,31.684082,6.871000,145.539223
3191,31.690981,6.899000,144.948543
3192,31.697910,6.929000,144.320970
3193,31.704770,6.860000,145.772595
3194,31.711684,6.914000,144.634076
3195,31.718577,6.893000,145.074713
3196,31.725480,6.903000,144.864552
3197,31.732396,6.916000,144.592250
3198,31.739284,6.888000,145.180023
3199,31.746166,6.882000,145.306597
3200,31.753098,6.932000,144.258511
3201,31.759968,6.870000,145.560408
3202,31.766911,6.943000,144.029958
3203,31.773779,6.868000,145.602796
3204,31.780721,6.942000,144.050706
3205,31.787582,6.861000,145.751348
3206,31.794477,6.895000,145.032632
3207,31.801352,6.875000,145.454545
3208,31.808296,6.944000,144.009217
3209,31.815197,6.901000,144.906535
3210,31.822072,6.875000,145.454545
3211,31.828684,6.612000,151.240169
3212,31.835938,7.254000,137.854977
3213,31.842769,6.831000,146.391451
3214,31.849680,6.911000,144.696860
3215,31.856581,6.901000,144.906535
3216,31.863139,6.558000,152.485514
3217,31.869992,6.853000,145.921494
3218,31.877322,7.330000,136.425648
3219,31.884206,6.884000,145.264381
3220,31.891075,6.869000,145.581598
3221,31.897987,6.912000,144.675926
3222,31.904970,6.983000,143.204926
3223,31.911323,6.353000,157.405950
3224,31.918796,7.473000,133.815068
3225,31.925575,6.779000,147.514383
3226,31.932037,6.462000,154.750851
3227,31.939032,6.995000,142.959257
3228,31.946134,7.102000,140.805407
3229,31.953252,7.118000,140.488901
3230,31.959615,6.363000,157.158573
3231,31.967137,7.522000,132.943366
3232,31.973446,6.309000,158.503725
3233,31.980363,6.917000,144.571346
3234,31.987795,7.432000,134.553283
3235,31.994039,6.244000,160.153748
3236,32.001590,7.551000,132.432790
3237,32.008409,6.819000,146.649069
3238,32.014696,6.287000,159.058374
3239,32.022345,7.649000,130.736044
3240,32.029114,6.769000,147.732309
3241,32.035797,6.683000,149.633398
3242,32.042963,7.166000,139.547865
3243,32.049846,6.883000,145.285486
3244,32.056724,6.878000,145.391102
3245,32.063604,6.880000,145.348837
3246,32.070509,6.905000,144.822592
3247,32.077382,6.873000,145.496872
3248,32.084388,7.006000,142.734799
3249,32.091224,6.836000,146.284377
3250,32.098155,6.931000,144.279325
3251,32.105101,6.946000,143.967751
3252,32.111949,6.848000,146.028037
3253,32.118835,6.886000,145.222190
3254,32.125760,6.925000,144.404332
3255,32.132618,6.858000,145.815106
3256,32.139530,6.912000,144.675926
3257,32.146392,6.862000,145.730108
3258,32.153173,6.781000,147.470875
3259,32.160250,7.077000,141.302812
3260,32.166501,6.251000,159.974404
3261,32.174067,7.566000,132.170235
3262,32.180876,6.809000,146.864444
3263,32.187799,6.923000,144.446049
3264,32.194691,6.892000,145.095763
3265,32.201614,6.923000,144.446049
3266,32.208483,6.869000,145.581598
3267,32.214882,6.399000,156.274418
3268,32.222237,7.355000,135.961931
3269,32.229193,6.956000,143.760782
3270,32.236116,6.923000,144.446049
3271,32.242994,6.878000,145.391102
3272,32.249891,6.897000,144.990576
3273,32.256784,6.893000,145.074713
3274,32.263676,6.892000,145.095763
3275,32.270602,6.926000,144.383483
3276,32.277063,6.461000,154.774803
3277,32.284437,7.374000,135.611608
3278,32.291286,6.849000,146.006716
3279,32.298173,6.887000,145.201104
3280,32.305105,6.932000,144.258511
3281,32.311966,6.861000,145.751348
3282,32.318887,6.921000,144.487791
3283,32.325766,6.879000,145.369967
3284,32.332680,6.914000,144.634076
3285,32.339590,6.910000,144.717800
3286,32.346117,6.527000,153.209744
3287,32.353456,7.339000,136.258346
3288,32.360280,6.824000,146.541618
3289,32.367219,6.939000,144.112985
3290,32.374079,6.860000,145.772595
3291,32.380981,6.902000,144.885540
3292,32.387910,6.929000,144.320970
3293,32.394783,6.873000,145.496872
3294,32.401705,6.922000,144.466917
3295,32.408583,6.878000,145.391102
3296,32.415489,6.906000,144.801622
3297,32.422368,6.879000,145.369967
3298,32.429283,6.915000,144.613160
3299,32.436190,6.907000,144.780657
3300,32.443091,6.901000,144.906535
3301,32.450000,6.909000,144.738747
3302,32.456662,6.662000,150.105074
3303,32.463812,7.150000,139.860140
3304,32.470694,6.882000,145.306597
3305,32.477575,6.881000,145.327714
3306,32.484503,6.928000,144.341801
3307,32.491415,6.912000,144.675926
3308,32.497839,6.424000,155.666252
3309,32.505366,7.527000,132.855055
3310,32.512054,6.688000,149.521531
3311,32.519058,7.004000,142.775557
3312,32.525905,6.847000,146.049365
3313,32.532619,6.714000,148.942508
3314,32.539732,7.113000,140.587656
3315,32.546620,6.888000,145.180023
3316,32.553525,6.905000,144.822592
3317,32.560138,6.613000,151.217299
3318,32.567389,7.251000,137.912012
3319,32.574248,6.859000,145.793847
3320,32.581139,6.891000,145.116819
3321,32.588027,6.888000,145.180023
3322,32.594966,6.939000,144.112985
3323,32.601817,6.851000,145.964093
3324,32.608762,6.945000,143.988481
3325,32.615266,6.504000,153.751538
3326,32.622557,7.291000,137.155397
3327,32.629435,6.878000,145.391102
3328,32.636344,6.909000,144.738747
3329,32.643185,6.841000,146.177459
3330,32.650129,6.944000,144.009217
3331,32.656917,6.788000,147.318798
3332,32.663930,7.013000,142.592329
3333,32.670224,6.294000,158.881474
3334,32.677791,7.567000,132.152769
3335,32.683897,6.106000,163.773338
3336,32.691614,7.717000,129.584035
3337,32.697935,6.321000,158.202816
3338,32.704580,6.645000,150.489090
3339,32.712285,7.705000,129.785853
3340,32.721039,8.754000,114.233493
3341,32.725797,4.758000,210.172341
3342,32.732944,7.147000,139.918847
3343,32.739883,6.939000,144.112985
3344,32.746671,6.788000,147.318798
3345,32.753608,6.937000,144.154534
3346,32.760490,6.882000,145.306597
3347,32.767409,6.919000,144.529556
3348,32.774316,6.907000,144.780657
3349,32.781236,6.920000,144.508671
3350,32.787504,6.268000,159.540523
3351,32.795110,7.606000,131.475151
3352,32.801946,6.836000,146.284377
3353,32.808820,6.874000,145.475706
3354,32.815080,6.260000,159.744409
3355,32.822772,7.692000,130.005200
3356,32.829513,6.741000,148.345943
3357,32.836068,6.555000,152.555301
3358,32.843371,7.303000,136.930029
3359,32.850285,6.914000,144.634076
3360,32.857119,6.834000,146.327188
3361,32.864019,6.900000,144.927536
3362,32.870805,6.786000,147.362216
3363,32.877578,6.773000,147.645061
3364,32.884131,6.553000,152.601862
3365,32.891703,7.572000,132.065504
3366,32.898521,6.818000,146.670578
3367,32.905158,6.637000,150.670484
3368,32.912185,7.027000,142.308240
3369,32.918512,6.327000,158.052790
3370,32.925963,7.451000,134.210173
3371,32.933104,7.141000,140.036409
3372,32.939881,6.777000,147.557916
3373,32.946172,6.291000,158.957241
3374,32.953828,7.656000,130.616510
3375,32.960608,6.780000,147.492625
3376,32.967275,6.667000,149.992500
3377,32.974449,7.174000,139.392250
3378,32.981327,6.878000,145.391102
3379,32.993367,12.040000,83.056478
3380,32.994378,1.011000,989.119683
3381,33.001714,7.336000,136.314068
3382,33.008305,6.591000,151.722045
3383,33.018731,10.426000,95.914061
3384,33.022237,3.506000,285.225328
3385,33.029650,7.413000,134.898152
3386,33.036366,6.716000,148.898154
3387,33.042686,6.320000,158.227848
3388,33.050388,7.702000,129.836406
3389,33.057167,6.779000,147.514383
3390,33.063503,6.336000,157.828283
3391,33.070526,7.023000,142.389292
3392,33.077940,7.414000,134.879957
3393,33.084768,6.828000,146.455770
3394,33.091346,6.578000,152.021891
3395,33.098134,6.788000,147.318798
3396,33.105568,7.434000,134.517084
3397,33.112373,6.805000,146.950771
3398,33.119316,6.943000,144.029958
3399,33.126164,6.848000,146.028037
3400,33.132625,6.461000,154.774803
3401,33.140025,7.400000,135.135135
3402,33.146865,6.840000,146.198830
3403,33.153784,6.919000,144.529556
3404,33.160663,6.879000,145.369967
3405,33.167604,6.941000,144.071459
3406,33.174458,6.854000,145.900204
3407,33.181363,6.905000,144.822592
3408,33.188295,6.932000,144.258511
3409,33.194420,6.125000,163.265306
3410,33.202196,7.776000,128.600823
3411,33.208473,6.277000,159.311773
3412,33.215968,7.495000,133.422282
3413,33.222783,6.815000,146.735143
3414,33.229682,6.899000,144.948543
3415,33.236591,6.909000,144.738747
3416,33.243483,6.892000,145.095763
3417,33.250397,6.914000,144.634076
3418,33.257277,6.880000,145.348837
3419,33.264180,6.903000,144.864552
3420,33.271093,6.913000,144.654998
3421,33.277967,6.874000,145.475706
3422,33.284906,6.939000,144.112985
3423,33.291781,6.875000,145.454545
3424,33.298691,6.910000,144.717800
3425,33.305586,6.895000,145.032632
3426,33.312068,6.482000,154.273372
3427,33.319506,7.438000,134.444743
3428,33.326115,6.609000,151.308821
3429,33.332659,6.544000,152.811736
3430,33.339927,7.268000,137.589433
3431,33.347048,7.121000,140.429715
3432,33.353939,6.891000,145.116819
3433,33.360805,6.866000,145.645208
3434,33.367744,6.939000,144.112985
3435,33.373976,6.232000,160.462131
3436,33.380967,6.991000,143.041053
3437,33.388553,7.586000,131.821777
3438,33.395322,6.769000,147.732309
3439,33.402256,6.934000,144.216902
3440,33.409000,6.744000,148.279953
3441,33.416057,7.057000,141.703273
3442,33.422955,6.898000,144.969556
3443,33.429858,6.903000,144.864552
3444,33.436783,6.925000,144.404332
3445,33.443659,6.876000,145.433392
3446,33.450603,6.944000,144.009217
3447,33.457450,6.847000,146.049365
3448,33.464310,6.860000,145.772595
3449,33.471259,6.949000,143.905598
3450,33.478140,6.881000,145.327714
3451,33.484674,6.534000,153.045608
3452,33.491894,7.220000,138.504155
3453,33.498796,6.902000,144.885540
3454,33.505751,6.955000,143.781452
3455,33.512644,6.893000,145.074713
3456,33.519540,6.896000,145.011601
3457,33.526446,6.906000,144.801622
3458,33.533341,6.895000,145.032632
3459,33.540256,6.915000,144.613160
3460,33.547124,6.868000,145.602796
3461,33.554081,6.957000,143.740118
3462,33.560898,6.817000,146.692093
3463,33.567871,6.973000,143.410297
3464,33.574722,6.851000,145.964093
3465,33.581635,6.913000,144.654998
3466,33.588512,6.877000,145.412244
3467,33.595157,6.645000,150.489090
3468,33.601926,6.769000,147.732309
3469,33.608435,6.509000,153.633431
3470,33.616191,7.756000,128.932439
3471,33.622976,6.785000,147.383935
3472,33.629887,6.911000,144.696860
3473,33.636833,6.946000,143.967751
3474,33.643761,6.928000,144.341801
3475,33.650627,6.866000,145.645208
3476,33.657569,6.942000,144.050706
3477,33.664437,6.868000,145.602796
3478,33.671392,6.955000,143.781452
3479,33.678200,6.808000,146.886016
3480,33.685199,6.999000,142.877554
3481,33.692017,6.818000,146.670578
3482,33.698204,6.187000,161.629223
3483,33.705420,7.216000,138.580931
3484,33.712075,6.655000,150.262960
3485,33.719746,7.671000,130.361100
3486,33.726173,6.427000,155.593590
3487,33.733492,7.319000,136.630687
3488,33.740275,6.783000,147.427392
3489,33.747187,6.912000,144.675926
3490,33.754106,6.919000,144.529556
3491,33.760513,6.407000,156.079288
3492,33.767979,7.466000,133.940530
3493,33.774788,6.809000,146.864444
3494,33.781622,6.834000,146.327188
3495,33.788607,6.985000,143.163923
3496,33.794791,6.184000,161.707633
3497,33.802493,7.702000,129.836406
3498,33.809278,6.785000,147.383935
3499,33.816205,6.927000,144.362639
3500,33.823075,6.870000,145.560408
3501,33.829986,6.911000,144.696860
3502,33.836888,6.902000,144.885540
3503,33.843778,6.890000,145.137881
3504,33.850686,6.908000,144.759699
3505,33.857599,6.913000,144.654998
3506,33.864488,6.889000,145.158949
3507,33.871399,6.911000,144.696860
3508,33.878307,6.908000,144.759699
3509,33.884914,6.607000,151.354624
3510,33.892155,7.241000,138.102472
3511,33.898995,6.840000,146.198830
3512,33.905879,6.884000,145.264381
3513,33.912791,6.912000,144.675926
3514,33.919740,6.949000,143.905598
3515,33.926564,6.824000,146.541618
3516,33.933572,7.008000,142.694064
3517,33.940386,6.814000,146.756677
3518,33.946819,6.433000,155.448469
3519,33.954257,7.438000,134.444743
3520,33.961076,6.819000,146.649069
3521,33.968001,6.925000,144.404332
3522,33.974885,6.884000,145.264381
3523,33.981785,6.900000,144.927536
3524,33.988710,6.925000,144.404332
3525,33.995593,6.883000,145.285486
3526,34.002503,6.910000,144.717800
3527,34.009388,6.885000,145.243282
3528,34.016300,6.912000,144.675926
3529,34.023185,6.885000,145.243282
3530,34.030068,6.883000,145.285486
3531,34.037004,6.936000,144.175317
3532,34.043880,6.876000,145.433392
3533,34.050791,6.911000,144.696860
3534,34.057671,6.880000,145.348837
3535,34.064573,6.902000,144.885540
3536,34.071508,6.935000,144.196107
3537,34.078385,6.877000,145.412244
3538,34.085306,6.921000,144.487791
3539,34.091615,6.309000,158.503725
3540,34.099175,7.560000,132.275132
3541,34.105811,6.636000,150.693189
3542,34.112902,7.091000,141.023833
3543,34.119808,6.906000,144.801622
3544,34.126675,6.867000,145.623999
3545,34.133617,6.942000,144.050706
3546,34.140475,6.858000,145.815106
3547,34.147385,6.910000,144.717800
3548,34.153893,6.508000,153.657037
3549,34.161246,7.353000,135.998912
3550,34.168104,6.858000,145.815106
3551,34.174991,6.887000,145.201104
3552,34.181515,6.524000,153.280196
3553,34.188842,7.327000,136.481507
3554,34.195690,6.848000,146.028037
3555,34.202592,6.902000,144.885540
3556,34.209482,6.890000,145.137881
3557,34.216403,6.921000,144.487791
3558,34.223282,6.879000,145.369967
3559,34.230194,6.912000,144.675926
3560,34.237097,6.903000,144.864552
3561,34.243977,6.880000,145.348837
3562,34.250906,6.929000,144.320970
3563,34.257785,6.879000,145.369967
3564,34.264679,6.894000,145.053670
3565,34.271611,6.932000,144.258511
3566,34.278484,6.873000,145.496872
3567,34.285403,6.919000,144.529556
3568,34.292313,6.910000,144.717800
3569,34.299197,6.884000,145.264381
3570,34.305795,6.598000,151.561079
3571,34.313025,7.230000,138.312586
3572,34.319903,6.878000,145.391102
3573,34.326787,6.884000,145.264381
3574,34.333704,6.917000,144.571346
3575,34.340585,6.881000,145.327714
3576,34.347477,6.892000,145.095763
3577,34.354409,6.932000,144.258511
3578,34.361275,6.866000,145.645208
3579,34.368212,6.937000,144.154534
3580,34.375085,6.873000,145.496872
3581,34.382005,6.920000,144.508671
3582,34.388871,6.866000,145.645208
3583,34.395779,6.908000,144.759699
3584,34.402698,6.919000,144.529556
3585,34.409579,6.881000,145.327714
3586,34.416496,6.917000,144.571346
3587,34.423376,6.880000,145.348837
3588,34.430280,6.904000,144.843569
3589,34.437204,6.924000,144.425188
3590,34.444072,6.868000,145.602796
3591,34.451002,6.930000,144.300144
3592,34.457882,6.880000,145.348837
3593,34.464796,6.914000,144.634076
3594,34.471496,6.700000,149.253731
3595,34.478145,6.649000,150.398556
3596,34.485553,7.408000,134.989201
3597,34.492382,6.829000,146.434324
3598,34.499307,6.925000,144.404332
3599,34.506187,6.880000,145.348837
3600,34.513101,6.914000,144.634076
3601,34.519982,6.881000,145.327714
3602,34.526887,6.905000,144.822592
3603,34.533807,6.920000,144.508671
3604,34.540675,6.868000,145.602796
3605,34.547568,6.893000,145.074713
3606,34.554503,6.935000,144.196107
3607,34.561390,6.887000,145.201104
3608,34.568305,6.915000,144.613160
3609,34.574907,6.602000,151.469252
3610,34.582138,7.231000,138.293459
3611,34.588975,6.837000,146.262981
3612,34.595893,6.918000,144.550448
3613,34.602661,6.768000,147.754137
3614,34.609696,7.035000,142.146411
3615,34.616604,6.908000,144.759699
3616,34.623487,6.883000,145.285486
3617,34.630379,6.892000,145.095763
3618,34.637312,6.933000,144.237704
3619,34.644184,6.872000,145.518044
3620,34.651123,6.939000,144.112985
3621,34.657985,6.862000,145.730108
3622,34.664877,6.892000,145.095763
3623,34.671803,6.926000,144.383483
3624,34.678689,6.886000,145.222190
3625,34.685593,6.904000,144.843569
3626,34.692389,6.796000,147.145380
3627,34.699426,7.037000,142.106011
3628,34.705700,6.274000,159.387950
3629,34.713252,7.552000,132.415254
3630,34.720098,6.846000,146.070698
3631,34.726984,6.886000,145.222190
3632,34.733896,6.912000,144.675926
3633,34.740786,6.890000,145.137881
3634,34.747674,6.888000,145.180023
3635,34.754596,6.922000,144.466917
3636,34.761467,6.871000,145.539223
3637,34.768418,6.951000,143.864192
3638,34.775294,6.876000,145.433392
3639,34.782205,6.911000,144.696860
3640,34.789092,6.887000,145.201104
3641,34.795995,6.903000,144.864552
3642,34.802904,6.909000,144.738747
3643,34.809798,6.894000,145.053670
3644,34.816721,6.923000,144.446049
3645,34.823571,6.850000,145.985401
3646,34.830490,6.919000,144.529556
3647,34.837393,6.903000,144.864552
3648,34.844258,6.865000,145.666424
3649,34.851224,6.966000,143.554407
3650,34.858165,6.941000,144.071459
3651,34.864976,6.811000,146.821318
3652,34.871930,6.954000,143.802128
3653,34.878046,6.116000,163.505559
3654,34.885864,7.818000,127.909951
3655,34.892368,6.504000,153.751538
3656,34.899295,6.927000,144.362639
3657,34.905678,6.383000,156.666144
3658,34.912796,7.118000,140.488901
3659,34.920282,7.486000,133.582688
3660,34.927138,6.856000,145.857643
3661,34.934069,6.931000,144.279325
3662,34.940917,6.848000,146.028037
3663,34.947818,6.901000,144.906535
3664,34.954775,6.957000,143.740118
3665,34.961647,6.872000,145.518044
3666,34.968544,6.897000,144.990576
3667,34.974881,6.337000,157.803377
3668,34.981899,7.018000,142.490738
3669,34.989278,7.379000,135.519718
3670,34.996118,6.840000,146.198830
3671,35.003122,7.004000,142.775557
3672,35.009855,6.733000,148.522204
3673,35.016925,7.070000,141.442716
3674,35.023732,6.807000,146.907595
3675,35.030644,6.912000,144.675926
3676,35.036866,6.222000,160.720026
3677,35.044322,7.456000,134.120172
3678,35.051347,7.025000,142.348754
3679,35.057545,6.198000,161.342369
3680,35.064404,6.859000,145.793847
3681,35.072079,7.675000,130.293160
3682,35.078880,6.801000,147.037200
3683,35.085887,7.007000,142.714428
3684,35.092688,6.801000,147.037200
3685,35.099405,6.717000,148.875986
3686,35.106499,7.094000,140.964195
3687,35.113451,6.952000,143.843498
3688,35.120343,6.892000,145.095763
3689,35.127214,6.871000,145.539223
3690,35.134140,6.926000,144.383483
3691,35.141003,6.863000,145.708874
3692,35.147886,6.883000,145.285486
3693,35.154913,7.027000,142.308240
3694,35.161535,6.622000,151.011779
3695,35.168677,7.142000,140.016802
3696,35.175469,6.792000,147.232038
3697,35.182434,6.965000,143.575018
3698,35.188744,6.310000,158.478605
3699,35.196261,7.517000,133.031795
3700,35.203141,6.880000,145.348837
3701,35.209636,6.495000,153.964588
3702,35.216641,7.005000,142.755175
3703,35.223860,7.219000,138.523341
3704,35.230734,6.874000,145.475706
3705,35.237394,6.660000,150.150150
3706,35.244575,7.181000,139.256371
3707,35.251433,6.858000,145.815106
3708,35.258314,6.881000,145.327714
3709,35.265186,6.872000,145.518044
3710,35.272096,6.910000,144.717800
3711,35.278980,6.884000,145.264381
3712,35.285181,6.201000,161.264312
3713,35.292311,7.130000,140.252454
3714,35.299794,7.483000,133.636242
3715,35.306578,6.784000,147.405660
3716,35.313491,6.913000,144.654998
3717,35.320412,6.921000,144.487791
3718,35.327284,6.872000,145.518044
3719,35.334215,6.931000,144.279325
3720,35.341101,6.886000,145.222190
3721,35.347992,6.891000,145.116819
3722,35.354913,6.921000,144.487791
3723,35.361347,6.434000,155.424308
3724,35.368761,7.414000,134.879957
3725,35.375589,6.828000,146.455770
3726,35.382505,6.916000,144.592250
3727,35.389379,6.874000,145.475706
3728,35.396282,6.903000,144.864552
3729,35.403196,6.914000,144.634076
3730,35.410075,6.879000,145.369967
3731,35.417017,6.942000,144.050706
3732,35.423883,6.866000,145.645208
3733,35.430782,6.899000,144.948543
3734,35.437697,6.915000,144.613160
3735,35.444563,6.866000,145.645208
3736,35.451503,6.940000,144.092219
3737,35.458378,6.875000,145.454545
3738,35.465301,6.923000,144.446049
3739,35.472179,6.878000,145.391102
3740,35.479089,6.910000,144.717800
3741,35.486007,6.918000,144.550448
3742,35.492243,6.236000,160.359205
3743,35.499884,7.641000,130.872922
3744,35.506666,6.782000,147.449130
3745,35.513600,6.934000,144.216902
3746,35.520489,6.889000,145.158949
3747,35.527391,6.902000,144.885540
3748,35.534293,6.902000,144.885540
3749,35.541184,6.891000,145.116819
3750,35.548091,6.907000,144.780657
3751,35.554359,6.268000,159.540523
3752,35.561967,7.608000,131.440589
3753,35.568802,6.835000,146.305779
3754,35.575678,6.876000,145.433392
3755,35.582606,6.928000,144.341801
3756,35.589481,6.875000,145.454545
3757,35.596384,6.903000,144.864552
3758,35.603309,6.925000,144.404332
3759,35.610193,6.884000,145.264381
3760,35.617116,6.923000,144.446049
3761,35.623979,6.863000,145.708874
3762,35.630888,6.909000,144.738747
3763,35.637810,6.922000,144.466917
3764,35.644686,6.876000,145.433392
3765,35.651622,6.936000,144.175317
3766,35.658473,6.851000,145.964093
3767,35.665389,6.916000,144.592250
3768,35.672269,6.880000,145.348837
3769,35.679178,6.909000,144.738747
3770,35.686092,6.914000,144.634076
3771,35.692994,6.902000,144.885540
3772,35.699895,6.901000,144.906535
3773,35.706784,6.889000,145.158949
3774,35.713679,6.895000,145.032632
3775,35.720613,6.934000,144.216902
3776,35.727479,6.866000,145.645208
3777,35.734428,6.949000,143.905598
3778,35.741281,6.853000,145.921494
3779,35.748182,6.901000,144.906535
3780,35.755107,6.925000,144.404332
3781,35.761985,6.878000,145.391102
3782,35.768882,6.897000,144.990576
3783,35.775767,6.885000,145.243282
3784,35.782681,6.914000,144.634076
3785,35.789579,6.898000,144.969556
3786,35.796472,6.893000,145.074713
3787,35.803436,6.964000,143.595635
3788,35.810273,6.837000,146.262981
3789,35.817195,6.922000,144.466917
3790,35.824071,6.876000,145.433392
3791,35.830988,6.917000,144.571346
3792,35.837893,6.905000,144.822592
3793,35.844787,6.894000,145.053670
3794,35.851713,6.926000,144.383483
3795,35.858575,6.862000,145.730108
3796,35.865527,6.952000,143.843498
3797,35.872382,6.855000,145.878920
3798,35.879297,6.915000,144.613160
3799,35.886204,6.907000,144.780657
3800,35.893077,6.873000,145.496872
3801,35.900006,6.929000,144.320970
3802,35.906884,6.878000,145.391102
3803,35.913709,6.825000,146.520147
3804,35.920707,6.998000,142.897971
3805,35.927582,6.875000,145.454545
3806,35.934512,6.930000,144.300144
3807,35.941384,6.872000,145.518044
3808,35.948283,6.899000,144.948543
3809,35.955196,6.913000,144.654998
3810,35.962067,6.871000,145.539223
3811,35.969023,6.956000,143.760782
3812,35.975871,6.848000,146.028037
3813,35.982795,6.924000,144.425188
3814,35.989684,6.889000,145.158949
3815,35.996588,6.904000,144.843569
3816,36.003489,6.901000,144.906535
3817,36.010406,6.917000,144.571346
3818,36.017300,6.894000,145.053670
3819,36.024177,6.877000,145.412244
3820,36.031093,6.916000,144.592250
3821,36.037999,6.906000,144.801622
3822,36.044890,6.891000,145.116819
3823,36.051815,6.925000,144.404332
3824,36.058683,6.868000,145.602796
3825,36.065584,6.901000,144.906535
3826,36.072492,6.908000,144.759699
3827,36.079373,6.881000,145.327714
3828,36.086303,6.930000,144.300144
3829,36.092645,6.342000,157.678966
3830,36.100152,7.507000,133.209005
3831,36.106971,6.819000,146.649069
3832,36.113889,6.918000,144.550448
3833,36.120793,6.904000,144.843569
3834,36.127664,6.871000,145.539223
3835,36.134603,6.939000,144.112985
3836,36.141498,6.895000,145.032632
3837,36.148371,6.873000,145.496872
3838,36.155290,6.919000,144.529556
3839,36.161974,6.684000,149.611011
3840,36.169112,7.138000,140.095265
3841,36.175967,6.855000,145.878920
3842,36.182873,6.906000,144.801622
3843,36.189769,6.896000,145.011601
3844,36.196662,6.893000,145.074713
3845,36.203581,6.919000,144.529556
3846,36.210477,6.896000,145.011601
3847,36.217407,6.930000,144.300144
3848,36.224242,6.835000,146.305779
3849,36.231192,6.950000,143.884892
3850,36.238094,6.902000,144.885540
3851,36.244995,6.901000,144.906535
3852,36.251916,6.921000,144.487791
3853,36.258768,6.852000,145.942790
3854,36.265517,6.749000,148.170099
3855,36.272599,7.082000,141.203050
3856,36.278793,6.194000,161.446561
3857,36.286468,7.675000,130.293160
3858,36.293108,6.640000,150.602410
3859,36.300230,7.122000,140.409997
3860,36.307082,6.852000,145.942790
3861,36.313969,6.887000,145.201104
3862,36.320911,6.942000,144.050706
3863,36.327807,6.896000,145.011601
3864,36.334695,6.888000,145.180023
3865,36.341535,6.840000,146.198830
3866,36.348480,6.945000,143.988481
3867,36.355395,6.915000,144.613160
3868,36.362264,6.869000,145.581598
3869,36.369186,6.922000,144.466917
3870,36.376065,6.879000,145.369967
3871,36.382973,6.908000,144.759699
3872,36.389864,6.891000,145.116819
3873,36.396777,6.913000,144.654998
3874,36.403697,6.920000,144.508671
3875,36.410563,6.866000,145.645208
3876,36.417507,6.944000,144.009217
3877,36.424360,6.853000,145.921494
3878,36.431278,6.918000,144.550448
3879,36.438195,6.917000,144.571346
3880,36.445076,6.881000,145.327714
3881,36.451978,6.902000,144.885540
3882,36.458883,6.905000,144.822592
3883,36.465450,6.567000,152.276534
3884,36.472703,7.253000,137.873983
3885,36.479572,6.869000,145.581598
3886,36.486314,6.742000,148.323939
3887,36.493401,7.087000,141.103429
3888,36.500288,6.887000,145.201104
3889,36.507183,6.895000,145.032632
3890,36.514069,6.886000,145.222190
3891,36.520987,6.918000,144.550448
3892,36.527865,6.878000,145.391102
3893,36.534810,6.945000,143.988481
3894,36.541672,6.862000,145.730108
3895,36.548584,6.912000,144.675926
3896,36.555457,6.873000,145.496872
3897,36.562380,6.923000,144.446049
3898,36.569267,6.887000,145.201104
3899,36.576190,6.923000,144.446049
3900,36.583058,6.868000,145.602796
3901,36.589977,6.919000,144.529556
3902,36.596849,6.872000,145.518044
3903,36.603782,6.933000,144.237704
3904,36.610655,6.873000,145.496872
3905,36.617596,6.941000,144.071459
3906,36.624450,6.854000,145.900204
3907,36.631363,6.913000,144.654998
3908,36.638277,6.914000,144.634076
3909,36.645175,6.898000,144.969556
3910,36.652088,6.913000,144.654998
3911,36.658970,6.882000,145.306597
3912,36.665875,6.905000,144.822592
3913,36.672785,6.910000,144.717800
3914,36.679684,6.899000,144.948543
3915,36.686598,6.914000,144.634076
3916,36.693488,6.890000,145.137881
3917,36.700381,6.893000,145.074713
3918,36.707276,6.895000,145.032632
3919,36.714180,6.904000,144.843569
3920,36.721101,6.921000,144.487791
3921,36.727976,6.875000,145.454545
3922,36.734888,6.912000,144.675926
3923,36.741769,6.881000,145.327714
3924,36.748694,6.925000,144.404332
3925,36.755573,6.879000,145.369967
3926,36.762476,6.903000,144.864552
3927,36.769401,6.925000,144.404332
3928,36.776285,6.884000,145.264381
3929,36.783204,6.919000,144.529556
3930,36.790084,6.880000,145.348837
3931,36.796981,6.897000,144.990576
3932,36.803900,6.919000,144.529556
3933,36.810779,6.879000,145.369967
3934,36.817703,6.924000,144.425188
3935,36.824500,6.797000,147.123731
3936,36.831483,6.983000,143.204926
3937,36.838417,6.934000,144.216902
3938,36.845282,6.865000,145.666424
3939,36.851518,6.236000,160.359205
3940,36.859180,7.662000,130.514226
3941,36.865483,6.303000,158.654609
3942,36.872957,7.474000,133.797164
3943,36.879807,6.850000,145.985401
3944,36.886701,6.894000,145.053670
3945,36.893595,6.894000,145.053670
3946,36.900515,6.920000,144.508671
3947,36.907395,6.880000,145.348837
3948,36.914277,6.882000,145.306597
3949,36.921218,6.941000,144.071459
3950,36.928108,6.890000,145.137881
3951,36.934999,6.891000,145.116819
3952,36.941353,6.354000,157.381177
3953,36.948730,7.377000,135.556459
3954,36.955691,6.961000,143.657520
3955,36.962586,6.895000,145.032632
3956,36.969478,6.892000,145.095763
3957,36.976381,6.903000,144.864552
3958,36.983277,6.896000,145.011601
3959,36.990180,6.903000,144.864552
3960,36.997050,6.870000,145.560408
3961,37.003986,6.936000,144.175317
3962,37.010854,6.868000,145.602796
3963,37.017810,6.956000,143.760782
3964,37.024663,6.853000,145.921494
3965,37.031563,6.900000,144.927536
3966,37.037931,6.368000,157.035176
3967,37.045327,7.396000,135.208221
3968,37.052044,6.717000,148.875986
3969,37.058528,6.484000,154.225787
3970,37.065364,6.836000,146.284377
3971,37.073060,7.696000,129.937630
3972,37.079871,6.811000,146.821318
3973,37.086783,6.912000,144.675926
3974,37.093668,6.885000,145.243282
3975,37.100582,6.914000,144.634076
3976,37.107471,6.889000,145.158949
3977,37.114367,6.896000,145.011601
3978,37.121303,6.936000,144.175317
3979,37.127954,6.651000,150.353330
3980,37.135122,7.168000,139.508929
3981,37.141959,6.837000,146.262981
3982,37.148902,6.943000,144.029958
3983,37.155790,6.888000,145.180023
3984,37.162152,6.362000,157.183276
3985,37.169678,7.526000,132.872708
3986,37.176488,6.810000,146.842878
3987,37.183414,6.926000,144.383483
3988,37.190302,6.888000,145.180023
3989,37.197199,6.897000,144.990576
3990,37.204105,6.906000,144.801622
3991,37.211016,6.911000,144.696860
3992,37.217915,6.899000,144.948543
3993,37.224808,6.893000,145.074713
3994,37.231690,6.882000,145.306597
3995,37.238128,6.438000,155.327742
3996,37.245570,7.442000,134.372481
3997,37.252031,6.461000,154.774803
3998,37.259334,7.303000,136.930029
3999,37.266196,6.862000,145.730108
4000,37.273086,6.890000,145.137881
4001,37.280002,6.916000,144.592250
4002,37.286903,6.901000,144.906535
4003,37.293790,6.887000,145.201104
4004,37.300687,6.897000,144.990576
4005,37.307584,6.897000,144.990576
4006,37.313877,6.293000,158.906722
4007,37.321495,7.618000,131.268049
4008,37.328258,6.763000,147.863374
4009,37.335215,6.957000,143.740118
4010,37.342060,6.845000,146.092038
4011,37.349028,6.968000,143.513203
4012,37.355887,6.859000,145.793847
4013,37.362791,6.904000,144.843569
4014,37.369719,6.928000,144.341801
4015,37.376586,6.867000,145.623999
4016,37.383494,6.908000,144.759699
4017,37.390392,6.898000,144.969556
4018,37.397291,6.899000,144.948543
4019,37.404193,6.902000,144.885540
4020,37.411095,6.902000,144.885540
4021,37.418025,6.930000,144.300144
4022,37.424899,6.874000,145.475706
4023,37.431794,6.895000,145.032632
4024,37.438207,6.413000,155.933261
4025,37.445639,7.432000,134.553283
4026,37.452507,6.868000,145.602796
4027,37.459177,6.670000,149.925037
4028,37.466291,7.114000,140.567894
4029,37.473156,6.865000,145.666424
4030,37.479907,6.751000,148.126204
4031,37.486977,7.070000,141.442716
4032,37.493871,6.894000,145.053670
4033,37.500764,6.893000,145.074713
4034,37.507643,6.879000,145.369967
4035,37.514548,6.905000,144.822592
4036,37.521460,6.912000,144.675926
4037,37.528170,6.710000,149.031297
4038,37.535166,6.996000,142.938822
4039,37.542156,6.990000,143.061516
4040,37.548701,6.545000,152.788388
4041,37.555989,7.288000,137.211855
4042,37.562842,6.853000,145.921494
4043,37.569750,6.908000,144.759699
4044,37.576486,6.736000,148.456057
4045,37.583573,7.087000,141.103429
4046,37.590452,6.879000,145.369967
4047,37.597344,6.892000,145.095763
4048,37.604273,6.929000,144.320970
4049,37.611161,6.888000,145.180023
4050,37.618103,6.942000,144.050706
4051,37.624955,6.852000,145.942790
4052,37.631869,6.914000,144.634076
4053,37.638758,6.889000,145.158949
4054,37.645658,6.900000,144.927536
4055,37.651937,6.279000,159.261029
4056,37.659536,7.599000,131.596263
4057,37.666366,6.830000,146.412884
4058,37.673256,6.890000,145.137881
4059,37.680156,6.900000,144.927536
4060,37.687072,6.916000,144.592250
4061,37.693975,6.903000,144.864552
4062,37.700863,6.888000,145.180023
4063,37.707745,6.882000,145.306597
4064,37.714643,6.898000,144.969556
4065,37.721554,6.911000,144.696860
4066,37.728451,6.897000,144.990576
4067,37.735353,6.902000,144.885540
4068,37.742241,6.888000,145.180023
4069,37.749154,6.913000,144.654998
4070,37.756050,6.896000,145.011601
4071,37.762956,6.906000,144.801622
4072,37.769892,6.936000,144.175317
4073,37.776749,6.857000,145.836372
4074,37.783656,6.907000,144.780657
4075,37.790555,6.899000,144.948543
4076,37.797453,6.898000,144.969556
4077,37.804362,6.909000,144.738747
4078,37.811244,6.882000,145.306597
4079,37.818157,6.913000,144.654998
4080,37.825048,6.891000,145.116819
4081,37.831950,6.902000,144.885540
4082,37.838843,6.893000,145.074713
4083,37.845749,6.906000,144.801622
4084,37.852664,6.915000,144.613160
4085,37.859540,6.876000,145.433392
4086,37.866456,6.916000,144.592250
4087,37.873344,6.888000,145.180023
4088,37.880354,7.010000,142.653352
4089,37.887243,6.889000,145.158949
4090,37.893400,6.157000,162.416761
4091,37.901143,7.743000,129.148909
4092,37.907239,6.096000,164.041995
4093,37.914911,7.672000,130.344108
4094,37.921727,6.816000,146.713615
4095,37.928632,6.905000,144.822592
4096,37.935534,6.902000,144.885540
4097,37.942312,6.778000,147.536146
4098,37.948922,6.610000,151.285930
4099,37.955499,6.577000,152.045005
4100,37.963236,7.737000,129.249063
4101,37.970070,6.834000,146.327188
4102,37.976862,6.792000,147.232038
4103,37.983889,7.027000,142.308240
4104,37.990724,6.835000,146.305779
4105,37.997641,6.917000,144.571346
4106,38.004570,6.929000,144.320970
4107,38.011423,6.853000,145.921494
4108,38.018365,6.942000,144.050706
4109,38.025247,6.882000,145.306597
4110,38.032163,6.916000,144.592250
4111,38.038629,6.466000,154.655119
4112,38.045601,6.972000,143.430866
4113,38.052926,7.325000,136.518771
4114,38.059708,6.782000,147.449130
4115,38.066685,6.977000,143.328078
4116,38.072927,6.242000,160.205062
4117,38.080497,7.570000,132.100396
4118,38.087336,6.839000,146.220208
4119,38.094207,6.871000,145.539223
4120,38.101152,6.945000,143.988481
4121,38.107702,6.550000,152.671756
4122,38.114413,6.711000,149.009090
4123,38.121855,7.442000,134.372481
4124,38.128103,6.248000,160.051216
4125,38.135522,7.419000,134.789055
4126,38.142563,7.041000,142.025280
4127,38.149440,6.877000,145.412244
4128,38.156309,6.869000,145.581598
4129,38.163218,6.909000,144.738747
4130,38.170148,6.930000,144.300144
4131,38.177025,6.877000,145.412244
4132,38.183938,6.913000,144.654998
4133,38.190847,6.909000,144.738747
4134,38.197750,6.903000,144.864552
4135,38.204600,6.850000,145.985401
4136,38.211525,6.925000,144.404332
4137,38.218441,6.916000,144.592250
4138,38.225312,6.871000,145.539223
4139,38.232237,6.925000,144.404332
4140,38.238427,6.190000,161.550889
4141,38.246074,7.647000,130.770237
4142,38.252956,6.882000,145.306597
4143,38.259786,6.830000,146.412884
4144,38.266745,6.959000,143.698807
4145,38.273319,6.574000,152.114390
4146,38.280250,6.931000,144.279325
4147,38.287490,7.240000,138.121547
4148,38.293665,6.175000,161.943320
4149,38.300780,7.115000,140.548138
4150,38.308169,7.389000,135.336311
4151,38.315029,6.860000,145.772595
4152,38.321920,6.891000,145.116819
4153,38.328809,6.889000,145.158949
4154,38.335697,6.888000,145.180023
4155,38.342592,6.895000,145.032632
4156,38.349504,6.912000,144.675926
4157,38.355997,6.493000,154.012013
4158,38.363321,7.324000,136.537411
4159,38.370189,6.868000,145.602796
4160,38.377093,6.904000,144.843569
4161,38.383989,6.896000,145.011601
4162,38.390885,6.896000,145.011601
4163,38.397792,6.907000,144.780657
4164,38.404690,6.898000,144.969556
4165,38.411565,6.875000,145.454545
4166,38.418485,6.920000,144.508671
4167,38.424632,6.147000,162.680983
4168,38.432390,7.758000,128.899201
4169,38.439147,6.757000,147.994672
4170,38.446063,6.916000,144.592250
4171,38.452966,6.903000,144.864552
4172,38.459858,6.892000,145.095763
4173,38.466773,6.915000,144.613160
4174,38.473649,6.876000,145.433392
4175,38.480544,6.895000,145.032632
4176,38.487465,6.921000,144.487791
4177,38.494345,6.880000,145.348837
4178,38.500768,6.423000,155.690487
4179,38.508209,7.441000,134.390539
4180,38.515051,6.842000,146.156095
4181,38.521961,6.910000,144.717800
4182,38.528845,6.884000,145.264381
4183,38.535754,6.909000,144.738747
4184,38.542646,6.892000,145.095763
4185,38.549552,6.906000,144.801622
4186,38.556450,6.898000,144.969556
4187,38.563356,6.906000,144.801622
4188,38.570263,6.907000,144.780657
4189,38.577156,6.893000,145.074713
4190,38.584080,6.924000,144.425188
4191,38.590946,6.866000,145.645208
4192,38.597851,6.905000,144.822592
4193,38.604541,6.690000,149.476831
4194,38.611459,6.918000,144.550448
4195,38.618596,7.137000,140.114894
4196,38.625440,6.844000,146.113384
4197,38.632421,6.981000,143.245953
4198,38.639299,6.878000,145.391102
4199,38.646204,6.905000,144.822592
4200,38.653129,6.925000,144.404332
4201,38.659810,6.681000,149.678192
4202,38.666990,7.180000,139.275766
4203,38.673787,6.797000,147.123731
4204,38.680678,6.891000,145.116819
4205,38.687700,7.022000,142.409570
4206,38.693850,6.150000,162.601626
4207,38.701488,7.638000,130.924326
4208,38.708313,6.825000,146.520147
4209,38.714980,6.667000,149.992500
4210,38.722169,7.189000,139.101405
4211,38.728964,6.795000,147.167035
4212,38.735467,6.503000,153.775181
4213,38.742801,7.334000,136.351241
4214,38.749655,6.854000,145.900204
4215,38.756544,6.889000,145.158949
4216,38.763449,6.905000,144.822592
4217,38.770356,6.907000,144.780657
4218,38.777357,7.001000,142.836738
4219,38.783982,6.625000,150.943396
4220,38.791149,7.167000,139.528394
4221,38.798027,6.878000,145.391102
4222,38.804525,6.498000,153.893506
4223,38.811879,7.354000,135.980419
4224,38.818728,6.849000,146.006716
4225,38.825263,6.535000,153.022188
4226,38.832212,6.949000,143.905598
4227,38.839286,7.074000,141.362737
4228,38.846246,6.960000,143.678161
4229,38.853220,6.974000,143.389733
4230,38.860130,6.910000,144.717800
4231,38.866964,6.834000,146.327188
4232,38.873940,6.976000,143.348624
4233,38.880793,6.853000,145.921494
4234,38.887745,6.952000,143.843498
4235,38.894608,6.863000,145.708874
4236,38.901532,6.924000,144.425188
4237,38.908413,6.881000,145.327714
4238,38.915346,6.933000,144.237704
4239,38.922195,6.849000,146.006716
4240,38.929122,6.927000,144.362639
4241,38.936106,6.984000,143.184422
4242,38.942910,6.804000,146.972369
4243,38.949602,6.692000,149.432158
4244,38.956590,6.988000,143.102461
4245,38.963406,6.816000,146.713615
4246,38.970309,6.903000,144.864552
4247,38.976668,6.359000,157.257430
4248,38.984315,7.647000,130.770237
4249,38.991240,6.925000,144.404332
4250,38.998102,6.862000,145.730108
4251,39.005075,6.973000,143.410297
4252,39.011324,6.249000,160.025604
4253,39.018917,7.593000,131.700250
4254,39.025664,6.747000,148.214021
4255,39.032638,6.974000,143.389733
4256,39.038838,6.200000,161.290323
4257,39.046496,7.658000,130.582397
4258,39.053340,6.844000,146.113384
4259,39.060228,6.888000,145.180023
4260,39.067220,6.992000,143.020595
4261,39.073878,6.658000,150.195254
4262,39.080941,7.063000,141.582897
4263,39.087829,6.888000,145.180023
4264,39.094683,6.854000,145.900204
4265,39.101591,6.908000,144.759699
4266,39.108450,6.859000,145.793847
4267,39.115357,6.907000,144.780657
4268,39.122272,6.915000,144.613160
4269,39.129161,6.889000,145.158949
4270,39.136081,6.920000,144.508671
4271,39.142965,6.884000,145.264381
4272,39.149458,6.493000,154.012013
4273,39.156820,7.362000,135.832654
4274,39.163654,6.834000,146.327188
4275,39.170561,6.907000,144.780657
4276,39.177478,6.917000,144.571346
4277,39.184369,6.891000,145.116819
4278,39.191259,6.890000,145.137881
4279,39.198144,6.885000,145.243282
4280,39.205079,6.935000,144.196107
4281,39.211952,6.873000,145.496872
4282,39.218855,6.903000,144.864552
4283,39.225748,6.893000,145.074713
4284,39.232652,6.904000,144.843569
4285,39.239545,6.893000,145.074713
4286,39.246443,6.898000,144.969556
4287,39.253359,6.916000,144.592250
4288,39.260277,6.918000,144.550448
4289,39.267191,6.914000,144.634076
4290,39.274067,6.876000,145.433392
4291,39.281002,6.935000,144.196107
4292,39.287888,6.886000,145.222190
4293,39.294773,6.885000,145.243282
4294,39.301692,6.919000,144.529556
4295,39.308561,6.869000,145.581598
4296,39.315474,6.913000,144.654998
4297,39.322360,6.886000,145.222190
4298,39.329271,6.911000,144.696860
4299,39.336190,6.919000,144.529556
4300,39.343061,6.871000,145.539223
4301,39.349975,6.914000,144.634076
4302,39.356478,6.503000,153.775181
4303,39.363828,7.350000,136.054422
4304,39.370683,6.855000,145.878920
4305,39.377562,6.879000,145.369967
4306,39.384577,7.015000,142.551675
4307,39.391371,6.794000,147.188696
4308,39.398280,6.909000,144.738747
4309,39.405252,6.972000,143.430866
4310,39.412111,6.859000,145.793847
4311,39.419017,6.906000,144.801622
4312,39.425285,6.268000,159.540523
4313,39.432257,6.972000,143.430866
4314,39.439724,7.467000,133.922593
4315,39.446656,6.932000,144.258511
4316,39.453645,6.989000,143.081986
4317,39.460478,6.833000,146.348602
4318,39.467385,6.907000,144.780657
4319,39.474250,6.865000,145.666424
4320,39.483754,9.504000,105.218855
4321,39.487689,3.935000,254.129606
4322,39.494964,7.275000,137.457045
4323,39.501807,6.843000,146.134736
4324,39.508788,6.981000,143.245953
4325,39.515576,6.788000,147.318798
4326,39.522517,6.941000,144.071459
4327,39.529467,6.950000,143.884892
4328,39.536337,6.870000,145.560408
4329,39.543019,6.682000,149.655792
4330,39.549618,6.599000,151.538112
4331,39.557073,7.455000,134.138162
4332,39.563967,6.894000,145.053670
4333,39.570690,6.723000,148.743121
4334,39.577007,6.317000,158.302992
4335,39.584428,7.421000,134.752729
4336,39.591535,7.107000,140.706346
4337,39.597857,6.322000,158.177792
4338,39.605369,7.512000,133.120341
4339,39.611537,6.168000,162.127108
4340,39.619199,7.662000,130.514226
4341,39.625972,6.773000,147.645061
4342,39.632908,6.936000,144.175317
4343,39.639827,6.919000,144.529556
4344,39.646733,6.906000,144.801622
4345,39.653314,6.581000,151.952591
4346,39.660411,7.097000,140.904608
4347,39.666953,6.542000,152.858453
4348,39.674381,7.428000,134.625740
4349,39.681209,6.828000,146.455770
4350,39.687983,6.774000,147.623265
4351,39.694699,6.716000,148.898154
4352,39.701333,6.634000,150.738619
4353,39.708883,7.550000,132.450331
4354,39.715547,6.664000,150.060024
4355,39.722642,7.095000,140.944327
4356,39.729495,6.853000,145.921494
4357,39.736418,6.923000,144.446049
4358,39.743273,6.855000,145.878920
4359,39.750218,6.945000,143.988481
4360,39.757076,6.858000,145.815106
4361,39.763299,6.223000,160.694199
4362,39.771008,7.709000,129.718511
4363,39.777766,6.758000,147.972773
4364,39.784697,6.931000,144.279325
4365,39.791599,6.902000,144.885540
4366,39.798491,6.892000,145.095763
4367,39.805400,6.909000,144.738747
4368,39.812275,6.875000,145.454545
4369,39.819207,6.932000,144.258511
4370,39.826102,6.895000,145.032632
4371,39.833010,6.908000,144.759699
4372,39.839882,6.872000,145.518044
4373,39.846787,6.905000,144.822592
4374,39.853688,6.901000,144.906535
4375,39.860576,6.888000,145.180023
4376,39.867488,6.912000,144.675926
4377,39.874369,6.881000,145.327714
4378,39.881286,6.917000,144.571346
4379,39.888220,6.934000,144.216902
4380,39.895076,6.856000,145.857643
4381,39.902005,6.929000,144.320970
4382,39.908877,6.872000,145.518044
4383,39.915806,6.929000,144.320970
4384,39.922678,6.872000,145.518044
4385,39.929583,6.905000,144.822592
4386,39.936502,6.919000,144.529556
4387,39.943351,6.849000,146.006716
4388,39.950315,6.964000,143.595635
4389,39.957196,6.881000,145.327714
4390,39.964054,6.858000,145.815106
4391,39.971003,6.949000,143.905598
4392,39.977861,6.858000,145.815106
4393,39.984793,6.932000,144.258511
4394,39.991694,6.901000,144.906535
4395,39.998615,6.921000,144.487791
4396,40.005495,6.880000,145.348837
4397,40.012398,6.903000,144.864552
4398,40.019313,6.915000,144.613160
4399,40.026184,6.871000,145.539223
4400,40.033096,6.912000,144.675926
4401,40.039328,6.232000,160.462131
4402,40.046931,7.603000,131.527029
4403,40.053771,6.840000,146.198830
4404,40.060696,6.925000,144.404332
4405,40.067569,6.873000,145.496872
4406,40.074462,6.893000,145.074713
4407,40.080972,6.510000,153.609831
4408,40.088352,7.380000,135.501355
4409,40.095152,6.800000,147.058824
4410,40.102104,6.952000,143.843498
4411,40.108987,6.883000,145.285486
4412,40.115902,6.915000,144.613160
4413,40.122834,6.932000,144.258511
4414,40.129667,6.833000,146.348602
4415,40.136031,6.364000,157.133878
4416,40.143551,7.520000,132.978723
4417,40.150373,6.822000,146.584579
4418,40.157284,6.911000,144.696860
4419,40.164173,6.889000,145.158949
4420,40.171103,6.930000,144.300144
4421,40.177973,6.870000,145.560408
4422,40.184961,6.988000,143.102461
4423,40.191765,6.804000,146.972369
4424,40.198681,6.916000,144.592250
4425,40.205594,6.913000,144.654998
4426,40.212483,6.889000,145.158949
4427,40.219395,6.912000,144.675926
4428,40.226263,6.868000,145.602796
4429,40.232864,6.601000,151.492198
4430,40.240098,7.234000,138.236107
4431,40.246964,6.866000,145.645208
4432,40.253930,6.966000,143.554407
4433,40.260759,6.829000,146.434324
4434,40.267717,6.958000,143.719460
4435,40.274573,6.856000,145.857643
4436,40.281487,6.914000,144.634076
4437,40.288427,6.940000,144.092219
4438,40.295286,6.859000,145.793847
4439,40.302194,6.908000,144.759699
4440,40.309117,6.923000,144.446049
4441,40.316038,6.921000,144.487791
4442,40.322930,6.892000,145.095763
4443,40.329803,6.873000,145.496872
4444,40.336730,6.927000,144.362639
4445,40.343610,6.880000,145.348837
4446,40.350530,6.920000,144.508671
4447,40.357315,6.785000,147.383935
4448,40.364313,6.998000,142.897971
4449,40.371230,6.917000,144.571346
4450,40.377739,6.509000,153.633431
4451,40.384986,7.247000,137.988133
4452,40.391914,6.928000,144.341801
4453,40.398833,6.919000,144.529556
4454,40.405682,6.849000,146.006716
4455,40.412598,6.916000,144.592250
4456,40.419527,6.929000,144.320970
4457,40.426353,6.826000,146.498682
4458,40.433297,6.944000,144.009217
4459,40.440154,6.857000,145.836372
4460,40.447101,6.947000,143.947027
4461,40.453972,6.871000,145.539223
4462,40.460863,6.891000,145.116819
4463,40.467785,6.922000,144.466917
4464,40.474662,6.877000,145.412244
4465,40.481555,6.893000,145.074713
4466,40.488510,6.955000,143.781452
4467,40.495365,6.855000,145.878920
4468,40.502278,6.913000,144.654998
4469,40.509163,6.885000,145.243282
4470,40.516205,7.042000,142.005112
4471,40.522994,6.789000,147.297098
4472,40.530032,7.038000,142.085820
4473,40.536638,6.606000,151.377536
4474,40.543604,6.966000,143.554407
4475,40.550607,7.003000,142.795945
4476,40.557421,6.814000,146.756677
4477,40.564354,6.933000,144.237704
4478,40.571332,6.978000,143.307538
4479,40.578170,6.838000,146.241591
4480,40.585229,7.059000,141.663125
4481,40.592001,6.772000,147.666864
4482,40.598902,6.901000,144.906535
4483,40.605788,6.886000,145.222190
4484,40.612731,6.943000,144.029958
4485,40.619656,6.925000,144.404332
4486,40.626564,6.908000,144.759699
4487,40.633446,6.882000,145.306597
4488,40.640338,6.892000,145.095763
4489,40.647215,6.877000,145.412244
4490,40.654166,6.951000,143.864192
4491,40.661043,6.877000,145.412244
4492,40.667928,6.885000,145.243282
4493,40.674827,6.899000,144.948543
4494,40.681719,6.892000,145.095763
4495,40.688640,6.921000,144.487791
4496,40.695494,6.854000,145.900204
4497,40.702402,6.908000,144.759699
4498,40.709309,6.907000,144.780657
4499,40.715869,6.560000,152.439024
4500,40.723158,7.289000,137.193031
4501,40.730011,6.853000,145.921494
4502,40.736912,6.901000,144.906535
4503,40.743815,6.903000,144.864552
4504,40.750673,6.858000,145.815106
4505,40.757593,6.920000,144.508671
4506,40.764460,6.867000,145.623999
4507,40.771378,6.918000,144.550448
4508,40.778248,6.870000,145.560408
4509,40.785186,6.938000,144.133756
4510,40.792082,6.896000,145.011601
4511,40.799015,6.933000,144.237704
4512,40.805893,6.878000,145.391102
4513,40.812822,6.929000,144.320970
4514,40.819800,6.978000,143.307538
4515,40.826583,6.783000,147.427392
4516,40.833510,6.927000,144.362639
4517,40.840374,6.864000,145.687646
4518,40.846619,6.245000,160.128102
4519,40.854303,7.684000,130.140552
4520,40.861070,6.767000,147.775972
4521,40.867507,6.437000,155.351872
4522,40.874802,7.295000,137.080192
4523,40.881002,6.200000,161.290323
4524,40.888776,7.774000,128.633908
4525,40.895545,6.769000,147.732309
4526,40.902511,6.966000,143.554407
4527,40.909385,6.874000,145.475706
4528,40.916266,6.881000,145.327714
4529,40.923188,6.922000,144.466917
4530,40.930077,6.889000,145.158949
4531,40.936998,6.921000,144.487791
4532,40.943846,6.848000,146.028037
4533,40.950787,6.941000,144.071459
4534,40.957653,6.866000,145.645208
4535,40.964570,6.917000,144.571346
4536,40.971488,6.918000,144.550448
4537,40.978358,6.870000,145.560408
4538,40.985264,6.906000,144.801622
4539,40.992154,6.890000,145.137881
4540,40.999130,6.976000,143.348624
4541,41.005944,6.814000,146.756677
4542,41.012888,6.944000,144.009217
4543,41.019755,6.867000,145.623999
4544,41.026654,6.899000,144.948543
4545,41.033564,6.910000,144.717800
4546,41.040483,6.919000,144.529556
4547,41.047453,6.970000,143.472023
4548,41.053572,6.119000,163.425396
4549,41.061285,7.713000,129.651238
4550,41.068108,6.823000,146.563095
4551,41.074976,6.868000,145.602796
4552,41.081956,6.980000,143.266476
4553,41.088779,6.823000,146.563095
4554,41.095683,6.904000,144.843569
4555,41.101942,6.259000,159.769931
4556,41.109599,7.657000,130.599451
4557,41.116416,6.817000,146.692093
4558,41.123325,6.909000,144.738747
4559,41.130207,6.882000,145.306597
4560,41.137155,6.948000,143.926310
4561,41.144011,6.856000,145.857643
4562,41.150928,6.917000,144.571346
4563,41.157800,6.872000,145.518044
4564,41.164720,6.920000,144.508671
4565,41.171519,6.799000,147.080453
4566,41.178540,7.021000,142.429853
4567,41.184708,6.168000,162.127108
4568,41.192408,7.700000,129.870130
4569,41.199198,6.790000,147.275405
4570,41.206172,6.974000,143.389733
4571,41.212450,6.278000,159.286397
4572,41.220046,7.596000,131.648236
4573,41.226794,6.748000,148.192057
4574,41.233715,6.921000,144.487791
4575,41.240588,6.873000,145.496872
4576,41.247541,6.953000,143.822810
4577,41.254503,6.962000,143.636886
4578,41.261345,6.842000,146.156095
4579,41.268292,6.947000,143.947027
4580,41.275172,6.880000,145.348837
4581,41.282093,6.921000,144.487791
4582,41.288926,6.833000,146.348602
4583,41.295862,6.936000,144.175317
4584,41.302820,6.958000,143.719460
4585,41.309580,6.760000,147.928994
4586,41.315998,6.418000,155.811779
4587,41.323536,7.538000,132.661183
4588,41.329869,6.333000,157.903048
4589,41.336618,6.749000,148.170099
4590,41.344264,7.646000,130.787340
4591,41.350879,6.615000,151.171580
4592,41.358054,7.175000,139.372822
4593,41.364890,6.836000,146.284377
4594,41.371279,6.389000,156.519017
4595,41.378749,7.470000,133.868809
4596,41.385667,6.918000,144.550448
4597,41.392452,6.785000,147.383935
4598,41.399453,7.001000,142.836738
4599,41.406018,6.565000,152.322925
4600,41.413174,7.156000,139.742873
4601,41.420175,7.001000,142.836738
4602,41.426901,6.726000,148.676777
4603,41.433852,6.951000,143.864192
4604,41.440720,6.868000,145.602796
4605,41.447629,6.909000,144.738747
4606,41.454578,6.949000,143.905598
4607,41.461427,6.849000,146.006716
4608,41.468196,6.769000,147.732309
4609,41.475356,7.160000,139.664804
4610,41.482245,6.889000,145.158949
4611,41.489014,6.769000,147.732309
4612,41.495922,6.908000,144.759699
4613,41.502882,6.960000,143.678161
4614,41.509716,6.834000,146.327188
4615,41.516638,6.922000,144.466917
4616,41.523540,6.902000,144.885540
4617,41.530431,6.891000,145.116819
4618,41.537392,6.961000,143.657520
4619,41.544241,6.849000,146.006716
4620,41.550957,6.716000,148.898154
4621,41.558067,7.110000,140.646976
4622,41.564207,6.140000,162.866450
4623,41.571416,7.209000,138.715495
4624,41.578735,7.319000,136.630687
4625,41.585609,6.874000,145.475706
4626,41.592485,6.876000,145.433392
4627,41.599428,6.943000,144.029958
4628,41.606291,6.863000,145.708874
4629,41.613194,6.903000,144.864552
4630,41.620238,7.044000,141.964793
4631,41.626984,6.746000,148.235992
4632,41.633935,6.951000,143.864192
4633,41.640801,6.866000,145.645208
4634,41.647688,6.887000,145.201104
4635,41.654652,6.964000,143.595635
4636,41.661514,6.862000,145.730108
4637,41.668434,6.920000,144.508671
4638,41.675282,6.848000,146.028037
4639,41.682227,6.945000,143.988481
4640,41.689092,6.865000,145.666424
4641,41.695991,6.899000,144.948543
4642,41.702904,6.913000,144.654998
4643,41.709796,6.892000,145.095763
4644,41.716693,6.897000,144.990576
4645,41.723570,6.877000,145.412244
4646,41.730491,6.921000,144.487791
4647,41.737393,6.902000,144.885540
4648,41.744291,6.898000,144.969556
4649,41.751202,6.911000,144.696860
4650,41.758094,6.892000,145.095763
4651,41.764993,6.899000,144.948543
4652,41.771341,6.348000,157.529931
4653,41.778848,7.507000,133.209005
4654,41.785697,6.849000,146.006716
4655,41.792591,6.894000,145.053670
4656,41.798926,6.335000,157.853197
4657,41.806477,7.551000,132.432790
4658,41.813202,6.725000,148.698885
4659,41.820223,7.021000,142.429853
4660,41.827085,6.862000,145.730108
4661,41.834001,6.916000,144.592250
4662,41.840877,6.876000,145.433392
4663,41.847776,6.899000,144.948543
4664,41.854702,6.926000,144.383483
4665,41.861103,6.401000,156.225590
4666,41.868564,7.461000,134.030291
4667,41.875363,6.799000,147.080453
4668,41.882310,6.947000,143.947027
4669,41.889170,6.860000,145.772595
4670,41.896067,6.897000,144.990576
4671,41.902984,6.917000,144.571346
4672,41.909728,6.744000,148.279953
4673,41.916834,7.106000,140.726147
4674,41.923673,6.839000,146.220208
4675,41.930577,6.904000,144.843569
4676,41.937501,6.924000,144.425188
4677,41.943722,6.221000,160.745861
4678,41.951390,7.668000,130.412102
4679,41.957976,6.586000,151.837230
4680,41.965101,7.125000,140.350877
4681,41.971309,6.208000,161.082474
4682,41.978967,7.658000,130.582397
4683,41.985639,6.672000,149.880096
4684,41.992678,7.039000,142.065634
4685,41.999601,6.923000,144.446049
4686,42.006454,6.853000,145.921494
4687,42.013392,6.938000,144.133756
4688,42.020072,6.680000,149.700599
4689,42.027195,7.123000,140.390285
4690,42.034075,6.880000,145.348837
4691,42.040959,6.884000,145.264381
4692,42.047861,6.902000,144.885540
4693,42.054777,6.916000,144.592250
4694,42.061673,6.896000,145.011601
4695,42.068592,6.919000,144.529556
4696,42.075461,6.869000,145.581598
4697,42.082390,6.929000,144.320970
4698,42.088688,6.298000,158.780565
4699,42.096228,7.540000,132.625995
4700,42.103060,6.832000,146.370023
4701,42.109961,6.901000,144.906535
4702,42.116891,6.930000,144.300144
4703,42.123780,6.889000,145.158949
4704,42.130702,6.922000,144.466917
4705,42.137689,6.987000,143.122943
4706,42.144509,6.820000,146.627566
4707,42.151431,6.922000,144.466917
4708,42.157985,6.554000,152.578578
4709,42.165238,7.253000,137.873983
4710,42.172218,6.980000,143.266476
4711,42.179040,6.822000,146.584579
4712,42.185959,6.919000,144.529556
4713,42.192781,6.822000,146.584579
4714,42.199769,6.988000,143.102461
4715,42.206651,6.882000,145.306597
4716,42.213523,6.872000,145.518044
4717,42.220099,6.576000,152.068127
4718,42.227303,7.204000,138.811771
4719,42.233694,6.391000,156.470036
4720,42.241138,7.444000,134.336378
4721,42.247982,6.844000,146.113384
4722,42.254902,6.920000,144.508671
4723,42.261779,6.877000,145.412244
4724,42.268522,6.743000,148.301943
4725,42.275026,6.504000,153.751538
4726,42.282554,7.528000,132.837407
4727,42.289358,6.804000,146.972369
4728,42.296269,6.911000,144.696860
4729,42.303207,6.938000,144.133756
4730,42.309648,6.441000,155.255395
4731,42.317128,7.480000,133.689840
4732,42.323654,6.526000,153.233221
4733,42.330431,6.777000,147.557916
4734,42.337734,7.303000,136.930029
4735,42.344648,6.914000,144.634076
4736,42.351473,6.825000,146.520147
4737,42.358437,6.964000,143.595635
4738,42.365273,6.836000,146.284377
4739,42.372298,7.025000,142.348754
4740,42.379081,6.783000,147.427392
4741,42.385891,6.810000,146.842878
4742,42.392889,6.998000,142.897971
4743,42.399882,6.993000,143.000143
4744,42.406675,6.793000,147.210364
4745,42.413658,6.983000,143.204926
4746,42.420296,6.638000,150.647785
4747,42.427444,7.148000,139.899273
4748,42.434286,6.842000,146.156095
4749,42.441217,6.931000,144.279325
4750,42.448072,6.855000,145.878920
4751,42.455045,6.973000,143.410297
4752,42.461856,6.811000,146.821318
4753,42.468818,6.962000,143.636886
4754,42.475666,6.848000,146.028037
4755,42.482741,7.075000,141.342756
4756,42.489463,6.722000,148.765248
4757,42.496481,7.018000,142.490738
4758,42.503339,6.858000,145.815106
4759,42.510254,6.915000,144.613160
4760,42.517098,6.844000,146.113384
4761,42.524040,6.942000,144.050706
4762,42.530859,6.819000,146.649069
4763,42.537990,7.131000,140.232786
4764,42.544691,6.701000,149.231458
4765,42.551734,7.043000,141.984950
4766,42.557890,6.156000,162.443145
4767,42.565697,7.807000,128.090175
4768,42.572275,6.578000,152.021891
4769,42.579010,6.735000,148.478099
4770,42.586161,7.151000,139.840582
4771,42.593227,7.066000,141.522785
4772,42.599895,6.668000,149.970006
4773,42.606890,6.995000,142.959257
4774,42.613690,6.800000,147.058824
4775,42.620995,7.305000,136.892539
4776,42.627505,6.510000,153.609831
4777,42.634597,7.092000,141.003948
4778,42.640751,6.154000,162.495938
4779,42.648399,7.648000,130.753138
4780,42.654670,6.271000,159.464200
4781,42.662190,7.520000,132.978723
4782,42.668525,6.335000,157.853197
4783,42.675918,7.393000,135.263087
4784,42.682774,6.856000,145.857643
4785,42.689728,6.954000,143.802128
4786,42.696540,6.812000,146.799765
4787,42.703564,7.024000,142.369021
4788,42.709926,6.362000,157.183276
4789,42.717082,7.156000,139.742873
4790,42.723595,6.513000,153.539076
4791,42.731121,7.526000,132.872708
4792,42.737894,6.773000,147.645061
4793,42.744861,6.967000,143.533802
4794,42.751680,6.819000,146.649069
4795,42.757909,6.229000,160.539412
4796,42.765588,7.679000,130.225290
4797,42.772683,7.095000,140.944327
4798,42.779254,6.571000,152.183838
4799,42.786340,7.086000,141.123342
4800,42.793061,6.721000,148.787383
4801,42.800166,7.105000,140.745954
4802,42.806872,6.706000,149.120191
4803,42.813897,7.025000,142.348754
4804,42.820672,6.775000,147.601476
4805,42.827640,6.968000,143.513203
4806,42.834496,6.856000,145.857643
4807,42.841468,6.972000,143.430866
4808,42.848276,6.808000,146.886016
4809,42.855302,7.026000,142.328494
4810,42.862067,6.765000,147.819660
4811,42.869075,7.008000,142.694064
4812,42.875874,6.799000,147.080453
4813,42.882882,7.008000,142.694064
4814,42.889678,6.796000,147.145380
4815,42.896683,7.005000,142.755175
4816,42.903502,6.819000,146.649069
4817,42.910422,6.920000,144.508671
4818,42.917322,6.900000,144.927536
4819,42.926911,9.589000,104.286161
4820,42.931602,4.691000,213.174163
4821,42.938006,6.404000,156.152405
4822,42.944643,6.637000,150.670484
4823,42.952213,7.570000,132.100396
4824,42.959683,7.470000,133.868809
4825,42.965541,5.858000,170.706726
4826,42.972545,7.004000,142.775557
4827,42.979536,6.991000,143.041053
4828,42.986874,7.338000,136.276915
4829,42.992585,5.711000,175.100683
4830,43.000191,7.606000,131.475151
4831,43.007055,6.864000,145.687646
4832,43.013915,6.860000,145.772595
4833,43.021088,7.173000,139.411683
4834,43.027015,5.927000,168.719420
4835,43.034743,7.728000,129.399586
4836,43.041455,6.712000,148.986889
4837,43.048710,7.255000,137.835975
4838,43.055250,6.540000,152.905199
4839,43.062261,7.011000,142.633005
4840,43.069110,6.849000,146.006716
4841,43.076191,7.081000,141.222991
4842,43.082883,6.692000,149.432158
4843,43.089884,7.001000,142.836738
4844,43.096673,6.789000,147.297098
4845,43.103655,6.982000,143.225437
4846,43.110657,7.002000,142.816338
4847,43.117529,6.872000,145.518044
4848,43.124265,6.736000,148.456057
4849,43.131209,6.944000,144.009217
4850,43.137378,6.169000,162.100827
4851,43.145267,7.889000,126.758778
4852,43.151877,6.610000,151.285930
4853,43.158953,7.076000,141.322781
4854,43.165674,6.721000,148.787383
4855,43.172401,6.727000,148.654675
4856,43.179509,7.108000,140.686550
4857,43.186642,7.133000,140.193467
4858,43.192728,6.086000,164.311535
4859,43.200332,7.604000,131.509732
4860,43.207067,6.735000,148.478099
4861,43.214049,6.982000,143.225437
4862,43.220201,6.152000,162.548765
4863,43.227440,7.239000,138.140627
4864,43.234746,7.306000,136.873802
4865,43.241807,7.061000,141.623000
4866,43.247819,6.012000,166.333999
4867,43.255493,7.674000,130.310138
4868,43.262267,6.774000,147.623265
4869,43.269297,7.030000,142.247511
4870,43.276079,6.782000,147.449130
4871,43.282414,6.335000,157.853197
4872,43.289955,7.541000,132.608407
4873,43.296869,6.914000,144.634076
4874,43.303703,6.834000,146.327188
4875,43.310689,6.986000,143.143430
4876,43.317498,6.809000,146.864444
4877,43.324487,6.989000,143.081986
4878,43.331134,6.647000,150.443809
4879,43.338346,7.212000,138.657793
4880,43.344413,6.067000,164.826108
4881,43.352161,7.748000,129.065565
4882,43.358858,6.697000,149.320591
4883,43.365878,7.020000,142.450142
4884,43.372583,6.705000,149.142431
4885,43.379843,7.260000,137.741047
4886,43.386486,6.643000,150.534397
4887,43.393481,6.995000,142.959257
4888,43.400280,6.799000,147.080453
4889,43.407252,6.972000,143.430866
4890,43.414075,6.823000,146.563095
4891,43.420937,6.862000,145.730108
4892,43.427880,6.943000,144.029958
4893,43.434861,6.981000,143.245953
4894,43.441676,6.815000,146.735143
4895,43.448687,7.011000,142.633005
4896,43.455471,6.784000,147.405660
4897,43.462465,6.994000,142.979697
4898,43.469282,6.817000,146.692093
4899,43.476252,6.970000,143.472023
4900,43.483056,6.804000,146.972369
4901,43.490053,6.997000,142.918394
4902,43.496864,6.811000,146.821318
4903,43.503928,7.064000,141.562854
4904,43.510661,6.733000,148.522204
4905,43.517666,7.005000,142.755175
4906,43.524379,6.713000,148.964695
4907,43.531167,6.788000,147.318798
4908,43.538237,7.070000,141.442716
4909,43.545206,6.969000,143.492610
4910,43.552094,6.888000,145.180023
4911,43.559028,6.934000,144.216902
4912,43.565889,6.861000,145.751348
4913,43.572591,6.702000,149.209191
4914,43.579712,7.121000,140.429715
4915,43.586802,7.090000,141.043724
4916,43.593487,6.685000,149.588631
4917,43.600442,6.955000,143.781452
4918,43.606793,6.351000,157.455519
4919,43.614255,7.462000,134.012329
4920,43.621105,6.850000,145.985401
4921,43.627985,6.880000,145.348837
4922,43.634989,7.004000,142.775557
4923,43.641771,6.782000,147.449130
4924,43.648826,7.055000,141.743444
4925,43.655572,6.746000,148.235992
4926,43.662590,7.018000,142.490738
4927,43.669399,6.809000,146.864444
4928,43.676336,6.937000,144.154534
4929,43.683209,6.873000,145.496872
4930,43.690129,6.920000,144.508671
4931,43.696839,6.710000,149.031297
4932,43.703924,7.085000,141.143260
4933,43.710539,6.615000,151.171580
4934,43.717742,7.203000,138.831043
4935,43.724588,6.846000,146.070698
4936,43.731052,6.464000,154.702970
4937,43.738462,7.410000,134.952767
4938,43.745277,6.815000,146.735143
4939,43.752219,6.942000,144.050706
4940,43.759089,6.870000,145.560408
4941,43.766005,6.916000,144.592250
4942,43.772915,6.910000,144.717800
4943,43.789704,16.789000,59.562809
4944,43.789779,0.075000,13333.333333
4945,43.793604,3.825000,261.437908
4946,43.800310,6.706000,149.120191
4947,43.807431,7.121000,140.429715
4948,43.819307,11.876000,84.203436
4949,43.820638,1.331000,751.314801
4950,43.827410,6.772000,147.666864
4951,43.835183,7.773000,128.650457
4952,43.842453,7.270000,137.551582
4953,43.849881,7.428000,134.625740
4954,43.855565,5.684000,175.932442
4955,43.862923,7.358000,135.906496
4956,43.870064,7.141000,140.036409
4957,43.876392,6.328000,158.027813
4958,43.883443,7.051000,141.823855
4959,43.890616,7.173000,139.411683
4960,43.897091,6.475000,154.440154
4961,43.904444,7.353000,135.998912
4962,43.910846,6.402000,156.201187
4963,43.917932,7.086000,141.123342
4964,43.924627,6.695000,149.365198
4965,43.931202,6.575000,152.091255
4966,43.938758,7.556000,132.345156
4967,43.945369,6.611000,151.263046
4968,43.952945,7.576000,131.995776
4969,43.959232,6.287000,159.058374
4970,43.966122,6.890000,145.137881
4971,43.973265,7.143000,139.997200
4972,43.985444,12.179000,82.108547
4973,43.986130,0.686000,1457.725948
4974,43.994030,7.900000,126.582278
4975,44.000021,5.991000,166.917042
4976,44.007772,7.751000,129.015611
4977,44.014361,6.589000,151.768098
4978,44.021038,6.677000,149.767860
4979,44.028224,7.186000,139.159477
4980,44.035390,7.166000,139.547865
4981,44.041950,6.560000,152.439024
4982,44.049028,7.078000,141.282848
4983,44.055768,6.740000,148.367953
4984,44.062721,6.953000,143.822810
4985,44.069599,6.878000,145.391102
4986,44.076778,7.179000,139.295166
4987,44.083377,6.599000,151.538112
4988,44.090300,6.923000,144.446049
4989,44.097229,6.929000,144.320970
4990,44.104395,7.166000,139.547865
4991,44.111296,6.901000,144.906535
4992,44.117910,6.614000,151.194436
4993,44.124798,6.888000,145.180023
4994,44.132129,7.331000,136.407039
4995,44.138728,6.599000,151.538112
4996,44.145472,6.744000,148.279953
4997,44.152409,6.937000,144.154534
4998,44.159594,7.185000,139.178845
4999,44.166620,7.026000,142.328494
5000,44.173051,6.431000,155.496812
5001,44.180005,6.954000,143.802128
5002,44.187114,7.109000,140.666760
5003,44.193655,6.541000,152.881822
5004,44.200727,7.072000,141.402715
5005,44.207596,6.869000,145.581598
5006,44.214671,7.075000,141.342756
5007,44.221631,6.960000,143.678161
5008,44.228055,6.424000,155.666252
5009,44.235241,7.186000,139.159477
5010,44.242110,6.869000,145.581598
5011,44.249410,7.300000,136.986301
5012,44.255836,6.426000,155.617803
5013,44.262808,6.972000,143.430866
5014,44.269727,6.919000,144.529556
5015,44.276589,6.862000,145.730108
5016,44.283516,6.927000,144.362639
5017,44.290528,7.012000,142.612664
5018,44.297318,6.790000,147.275405
5019,44.304256,6.938000,144.133756
5020,44.310946,6.690000,149.476831
5021,44.317799,6.853000,145.921494
5022,44.324803,7.004000,142.775557
5023,44.331800,6.997000,142.918394
5024,44.338712,6.912000,144.675926
5025,44.345589,6.877000,145.412244
5026,44.352440,6.851000,145.964093
5027,44.359397,6.957000,143.740118
5028,44.366310,6.913000,144.654998
5029,44.373184,6.874000,145.475706
5030,44.379720,6.536000,152.998776
5031,44.387080,7.360000,135.869565
5032,44.393921,6.841000,146.177459
5033,44.400815,6.894000,145.053670
5034,44.407696,6.881000,145.327714
5035,44.414065,6.369000,157.010520
5036,44.421572,7.507000,133.209005
5037,44.428382,6.810000,146.842878
5038,44.435320,6.938000,144.133756
5039,44.442206,6.886000,145.222190
5040,44.449113,6.907000,144.780657
5041,44.455991,6.878000,145.391102
5042,44.462989,6.998000,142.897971
5043,44.469811,6.822000,146.584579
5044,44.476692,6.881000,145.327714
5045,44.483165,6.473000,154.487873
5046,44.490133,6.968000,143.513203
5047,44.497498,7.365000,135.777325
5048,44.504297,6.799000,147.080453
5049,44.511193,6.896000,145.011601
5050,44.517643,6.450000,155.038760
5051,44.525046,7.403000,135.080373
5052,44.531906,6.860000,145.772595
5053,44.538788,6.882000,145.306597
5054,44.545710,6.922000,144.466917
5055,44.552604,6.894000,145.053670
5056,44.559524,6.920000,144.508671
5057,44.566457,6.933000,144.237704
5058,44.573307,6.850000,145.985401
5059,44.580056,6.749000,148.170099
5060,44.587257,7.201000,138.869601
5061,44.593480,6.223000,160.694199
5062,44.600985,7.505000,133.244504
5063,44.607775,6.790000,147.275405
5064,44.614713,6.938000,144.133756
5065,44.621753,7.040000,142.045455
5066,44.628467,6.714000,148.942508
5067,44.635416,6.949000,143.905598
5068,44.641572,6.156000,162.443145
5069,44.649092,7.520000,132.978723
5070,44.655391,6.299000,158.755358
5071,44.662452,7.061000,141.623000
5072,44.669686,7.234000,138.236107
5073,44.676298,6.612000,151.240169
5074,44.683819,7.521000,132.961042
5075,44.690096,6.277000,159.311773
5076,44.696939,6.843000,146.134736
5077,44.704111,7.172000,139.431121
5078,44.710885,6.774000,147.623265
5079,44.717643,6.758000,147.972773
5080,44.724366,6.723000,148.743121
5081,44.732132,7.766000,128.766418
5082,44.738874,6.742000,148.323939
5083,44.745800,6.926000,144.383483
5084,44.752717,6.917000,144.571346
5085,44.759574,6.857000,145.836372
5086,44.766497,6.923000,144.446049
5087,44.773403,6.906000,144.801622
5088,44.780296,6.893000,145.074713
5089,44.787218,6.922000,144.466917
5090,44.794079,6.861000,145.751348
5091,44.801009,6.930000,144.300144
5092,44.807893,6.884000,145.264381
5093,44.814792,6.899000,144.948543
5094,44.821796,7.004000,142.775557
5095,44.828577,6.781000,147.470875
5096,44.835515,6.938000,144.133756
5097,44.842389,6.874000,145.475706
5098,44.849319,6.930000,144.300144
5099,44.856187,6.868000,145.602796
5100,44.863101,6.914000,144.634076
5101,44.869253,6.152000,162.548765
5102,44.876987,7.734000,129.299198
5103,44.883801,6.814000,146.756677
5104,44.890695,6.894000,145.053670
5105,44.897585,6.890000,145.137881
5106,44.904225,6.640000,150.602410
5107,44.911412,7.187000,139.140114
5108,44.918291,6.879000,145.369967
5109,44.925192,6.901000,144.906535
5110,44.932117,6.925000,144.404332
5111,44.938977,6.860000,145.772595
5112,44.945881,6.904000,144.843569
5113,44.952812,6.931000,144.279325
5114,44.959692,6.880000,145.348837
5115,44.966636,6.944000,144.009217
5116,44.973526,6.890000,145.137881
5117,44.979999,6.473000,154.487873
5118,44.987352,7.353000,135.998912
5119,44.994187,6.835000,146.305779
5120,45.001113,6.926000,144.383483
5121,45.007984,6.871000,145.539223
5122,45.014885,6.901000,144.906535
5123,45.021790,6.905000,144.822592
5124,45.028684,6.894000,145.053670
5125,45.035258,6.574000,152.114390
5126,45.042522,7.264000,137.665198
5127,45.049409,6.887000,145.201104
5128,45.056273,6.864000,145.687646
5129,45.063191,6.918000,144.550448
5130,45.070099,6.908000,144.759699
5131,45.076973,6.874000,145.475706
5132,45.083910,6.937000,144.154534
5133,45.090779,6.869000,145.581598
5134,45.097688,6.909000,144.738747
5135,45.104174,6.486000,154.178230
5136,45.111102,6.928000,144.341801
5137,45.117836,6.734000,148.500149
5138,45.125426,7.590000,131.752306
5139,45.132212,6.786000,147.362216
5140,45.139198,6.986000,143.143430
5141,45.145395,6.197000,161.368404
5142,45.153128,7.733000,129.315919
5143,45.159810,6.682000,149.655792
5144,45.166479,6.669000,149.947518
5145,45.172967,6.488000,154.130703
5146,45.180548,7.581000,131.908719
5147,45.187422,6.874000,145.475706
5148,45.193798,6.376000,156.838143
5149,45.200597,6.799000,147.080453
5150,45.208153,7.556000,132.345156
5151,45.215005,6.852000,145.942790
5152,45.221957,6.952000,143.843498
5153,45.228784,6.827000,146.477223
5154,45.235752,6.968000,143.513203
5155,45.242647,6.895000,145.032632
5156,45.249603,6.956000,143.760782
5157,45.256421,6.818000,146.670578
5158,45.262718,6.297000,158.805781
5159,45.270627,7.909000,126.438235
5160,45.276586,5.959000,167.813392
5161,45.283615,7.029000,142.267748
5162,45.291020,7.405000,135.043889
5163,45.297606,6.586000,151.837230
5164,45.304767,7.161000,139.645301
5165,45.311519,6.752000,148.104265
5166,45.318572,7.053000,141.783638
5167,45.325416,6.844000,146.113384
5168,45.332558,7.142000,140.016802
5169,45.339176,6.618000,151.103052
5170,45.346202,7.026000,142.328494
5171,45.353100,6.898000,144.969556
5172,45.359935,6.835000,146.305779
5173,45.366850,6.915000,144.613160
5174,45.373741,6.891000,145.116819
5175,45.380652,6.911000,144.696860
5176,45.387541,6.889000,145.158949
5177,45.394440,6.899000,144.948543
5178,45.401370,6.930000,144.300144
5179,45.408253,6.883000,145.285486
5180,45.415084,6.831000,146.391451
5181,45.422109,7.025000,142.348754
5182,45.428923,6.814000,146.756677
5183,45.435879,6.956000,143.760782
5184,45.442695,6.816000,146.713615
5185,45.449150,6.455000,154.918668
5186,45.456465,7.315000,136.705400
5187,45.463152,6.687000,149.543891
5188,45.470391,7.239000,138.140627
5189,45.477238,6.847000,146.049365
5190,45.484131,6.893000,145.074713
5191,45.491055,6.924000,144.425188
5192,45.497725,6.670000,149.925037
5193,45.504216,6.491000,154.059467
5194,45.511204,6.988000,143.102461
5195,45.518713,7.509000,133.173525
5196,45.525529,6.816000,146.713615
5197,45.532429,6.900000,144.927536
5198,45.539312,6.883000,145.285486
5199,45.545806,6.494000,153.988297
5200,45.553164,7.358000,135.906496
5201,45.559969,6.805000,146.950771
5202,45.566935,6.966000,143.554407
5203,45.573790,6.855000,145.878920
5204,45.580691,6.901000,144.906535
5205,45.587603,6.912000,144.675926
5206,45.594478,6.875000,145.454545
5207,45.601215,6.737000,148.434021
5208,45.608298,7.083000,141.183114
5209,45.615185,6.887000,145.201104
5210,45.621985,6.800000,147.058824
5211,45.628992,7.007000,142.714428
5212,45.635898,6.906000,144.801622
5213,45.642789,6.891000,145.116819
5214,45.649697,6.908000,144.759699
5215,45.656572,6.875000,145.454545
5216,45.663495,6.923000,144.446049
5217,45.670412,6.917000,144.571346
5218,45.677289,6.877000,145.412244
5219,45.684191,6.902000,144.885540
5220,45.690750,6.559000,152.462266
5221,45.698022,7.272000,137.513751
5222,45.704882,6.860000,145.772595
5223,45.711769,6.887000,145.201104
5224,45.718689,6.920000,144.508671
5225,45.725565,6.876000,145.433392
5226,45.732537,6.972000,143.430866
5227,45.739382,6.845000,146.092038
5228,45.746277,6.895000,145.032632
5229,45.753203,6.926000,144.383483
5230,45.760079,6.876000,145.433392
5231,45.767015,6.936000,144.175317
5232,45.773872,6.857000,145.836372
5233,45.780805,6.933000,144.237704
5234,45.787694,6.889000,145.158949
5235,45.794594,6.900000,144.927536
5236,45.801491,6.897000,144.990576
5237,45.808381,6.890000,145.137881
5238,45.814547,6.166000,162.179695
5239,45.822299,7.752000,128.998968
5240,45.829080,6.781000,147.470875
5241,45.835310,6.230000,160.513644
5242,45.842968,7.658000,130.582397
5243,45.849796,6.828000,146.455770
5244,45.855968,6.172000,162.022035
5245,45.863678,7.710000,129.701686
5246,45.870264,6.586000,151.837230
5247,45.877448,7.184000,139.198218
5248,45.884306,6.858000,145.815106
5249,45.891249,6.943000,144.029958
5250,45.898103,6.854000,145.900204
5251,45.905031,6.928000,144.341801
5252,45.911944,6.913000,144.654998
5253,45.918614,6.670000,149.925037
5254,45.925697,7.083000,141.183114
5255,45.932634,6.937000,144.154534
5256,45.938952,6.318000,158.277936
5257,45.946490,7.538000,132.661183
5258,45.953322,6.832000,146.370023
5259,45.960226,6.904000,144.843569
5260,45.967053,6.827000,146.477223
5261,45.974013,6.960000,143.678161
5262,45.980937,6.924000,144.425188
5263,45.987839,6.902000,144.885540
5264,45.994737,6.898000,144.969556
5265,46.001695,6.958000,143.719460
5266,46.008528,6.833000,146.348602
5267,46.015406,6.878000,145.391102
5268,46.022374,6.968000,143.513203
5269,46.028814,6.440000,155.279503
5270,46.036269,7.455000,134.138162
5271,46.043025,6.756000,148.016578
5272,46.049999,6.974000,143.389733
5273,46.056856,6.857000,145.836372
5274,46.063726,6.870000,145.560408
5275,46.070639,6.913000,144.654998
5276,46.077523,6.884000,145.264381
5277,46.084448,6.925000,144.404332
5278,46.091307,6.859000,145.793847
5279,46.098220,6.913000,144.654998
5280,46.105131,6.911000,144.696860
5281,46.112052,6.921000,144.487791
5282,46.118404,6.352000,157.430730
5283,46.125923,7.519000,132.996409
5284,46.132157,6.234000,160.410651
5285,46.139351,7.194000,139.004726
5286,46.146584,7.233000,138.255219
5287,46.153403,6.819000,146.649069
5288,46.160298,6.895000,145.032632
5289,46.167216,6.918000,144.550448
5290,46.173635,6.419000,155.787506
5291,46.181116,7.481000,133.671969
5292,46.187948,6.832000,146.370023
5293,46.194820,6.872000,145.518044
5294,46.201220,6.400000,156.250000
5295,46.208697,7.477000,133.743480
5296,46.215534,6.837000,146.262981
5297,46.222449,6.915000,144.613160
5298,46.229345,6.896000,145.011601
5299,46.236224,6.879000,145.369967
5300,46.243188,6.964000,143.595635
5301,46.250055,6.867000,145.623999
5302,46.256910,6.855000,145.878920
5303,46.263448,6.538000,152.951973
5304,46.270755,7.307000,136.855070
5305,46.277561,6.806000,146.929180
5306,46.284182,6.621000,151.034587
5307,46.290666,6.484000,154.225787
5308,46.298482,7.816000,127.942682
5309,46.305225,6.743000,148.301943
5310,46.312125,6.900000,144.927536
5311,46.318396,6.271000,159.464200
5312,46.325702,7.306000,136.873802
5313,46.332869,7.167000,139.528394
5314,46.339678,6.809000,146.864444
5315,46.346586,6.908000,144.759699
5316,46.353499,6.913000,144.654998
5317,46.360370,6.871000,145.539223
5318,46.367313,6.943000,144.029958
5319,46.374179,6.866000,145.645208
5320,46.381082,6.903000,144.864552
5321,46.388003,6.921000,144.487791
5322,46.394882,6.879000,145.369967
5323,46.401790,6.908000,144.759699
5324,46.408650,6.860000,145.772595
5325,46.415603,6.953000,143.822810
5326,46.422494,6.891000,145.116819
5327,46.429373,6.879000,145.369967
5328,46.436304,6.931000,144.279325
5329,46.443165,6.861000,145.751348
5330,46.450088,6.923000,144.446049
5331,46.456984,6.896000,145.011601
5332,46.463864,6.880000,145.348837
5333,46.470811,6.947000,143.947027
5334,46.477275,6.464000,154.702970
5335,46.484643,7.368000,135.722041
5336,46.491462,6.819000,146.649069
5337,46.498379,6.917000,144.571346
5338,46.505307,6.928000,144.341801
5339,46.512167,6.860000,145.772595
5340,46.518402,6.235000,160.384924
5341,46.526057,7.655000,130.633573
5342,46.532859,6.802000,147.015584
5343,46.539775,6.916000,144.592250
5344,46.546667,6.892000,145.095763
5345,46.553577,6.910000,144.717800
5346,46.560463,6.886000,145.222190
5347,46.567378,6.915000,144.613160
5348,46.574261,6.883000,145.285486
5349,46.581184,6.923000,144.446049
5350,46.588073,6.889000,145.158949
5351,46.594968,6.895000,145.032632
5352,46.601877,6.909000,144.738747
5353,46.608786,6.909000,144.738747
5354,46.615706,6.920000,144.508671
5355,46.622603,6.897000,144.990576
5356,46.629510,6.907000,144.780657
5357,46.636372,6.862000,145.730108
5358,46.643270,6.898000,144.969556
5359,46.650229,6.959000,143.698807
5360,46.657106,6.877000,145.412244
5361,46.664026,6.920000,144.508671
5362,46.670974,6.948000,143.926310
5363,46.677286,6.312000,158.428390
5364,46.684807,7.521000,132.961042
5365,46.691633,6.826000,146.498682
5366,46.697828,6.195000,161.420500
5367,46.705609,7.781000,128.518185
5368,46.712319,6.710000,149.031297
5369,46.719257,6.938000,144.133756
5370,46.726190,6.933000,144.237704
5371,46.732647,6.457000,154.870683
5372,46.740048,7.401000,135.116876
5373,46.746837,6.789000,147.297098
5374,46.753817,6.980000,143.266476
5375,46.760295,6.478000,154.368632
5376,46.767464,7.169000,139.489469
5377,46.774504,7.040000,142.045455
5378,46.781356,6.852000,145.942790
5379,46.788280,6.924000,144.425188
5380,46.795054,6.774000,147.623265
5381,46.801997,6.943000,144.029958
5382,46.808946,6.949000,143.905598
5383,46.815997,7.051000,141.823855
5384,46.822774,6.777000,147.557916
5385,46.829449,6.675000,149.812734
5386,46.836671,7.222000,138.465799
5387,46.843425,6.754000,148.060409
5388,46.850358,6.933000,144.237704
5389,46.856835,6.477000,154.392466
5390,46.863626,6.791000,147.253718
5391,46.870627,7.001000,142.836738
5392,46.877518,6.891000,145.116819
5393,46.884969,7.451000,134.210173
5394,46.891505,6.536000,152.998776
5395,46.898677,7.172000,139.431121
5396,46.905507,6.830000,146.412884
5397,46.911848,6.341000,157.703832
5398,46.919227,7.379000,135.519718
5399,46.926267,7.040000,142.045455
5400,46.933013,6.746000,148.235992
5401,46.940065,7.052000,141.803744
5402,46.946934,6.869000,145.581598
5403,46.954040,7.106000,140.726147
5404,46.960704,6.664000,150.060024
5405,46.967668,6.964000,143.595635
5406,46.974489,6.821000,146.606069
5407,46.981380,6.891000,145.116819
5408,46.988396,7.016000,142.531357
5409,46.995191,6.795000,147.167035
5410,47.001629,6.438000,155.327742
5411,47.009080,7.451000,134.210173
5412,47.015919,6.839000,146.220208
5413,47.022791,6.872000,145.518044
5414,47.029685,6.894000,145.053670
5415,47.036623,6.938000,144.133756
5416,47.043394,6.771000,147.688672
5417,47.050438,7.044000,141.964793
5418,47.057264,6.826000,146.498682
5419,47.064204,6.940000,144.092219
5420,47.071081,6.877000,145.412244
5421,47.078011,6.930000,144.300144
5422,47.084915,6.904000,144.843569
5423,47.091785,6.870000,145.560408
5424,47.098706,6.921000,144.487791
5425,47.105594,6.888000,145.180023
5426,47.112496,6.902000,144.885540
5427,47.119391,6.895000,145.032632
5428,47.126266,6.875000,145.454545
5429,47.133196,6.930000,144.300144
5430,47.140097,6.901000,144.906535
5431,47.146986,6.889000,145.158949
5432,47.153910,6.924000,144.425188
5433,47.160793,6.883000,145.285486
5434,47.167701,6.908000,144.759699
5435,47.174565,6.864000,145.687646
5436,47.181471,6.906000,144.801622
5437,47.188396,6.925000,144.404332
5438,47.194989,6.593000,151.676020
5439,47.202296,7.307000,136.855070
5440,47.209071,6.775000,147.601476
5441,47.215989,6.918000,144.550448
5442,47.222870,6.881000,145.327714
5443,47.229782,6.912000,144.675926
5444,47.236472,6.690000,149.476831
5445,47.243619,7.147000,139.918847
5446,47.250486,6.867000,145.623999
5447,47.257367,6.881000,145.327714
5448,47.264259,6.892000,145.095763
5449,47.271172,6.913000,144.654998
5450,47.278062,6.890000,145.137881
5451,47.284991,6.929000,144.320970
5452,47.291881,6.890000,145.137881
5453,47.298783,6.902000,144.885540
5454,47.305662,6.879000,145.369967
5455,47.312576,6.914000,144.634076
5456,47.319479,6.903000,144.864552
5457,47.326379,6.900000,144.927536
5458,47.333314,6.935000,144.196107
5459,47.340172,6.858000,145.815106
5460,47.347091,6.919000,144.529556
5461,47.353989,6.898000,144.969556
5462,47.360856,6.867000,145.623999
5463,47.367800,6.944000,144.009217
5464,47.374682,6.882000,145.306597
5465,47.381121,6.439000,155.303619
5466,47.388538,7.417000,134.825401
5467,47.395360,6.822000,146.584579
5468,47.402283,6.923000,144.446049
5469,47.409172,6.889000,145.158949
5470,47.415688,6.516000,153.468386
5471,47.423039,7.351000,136.035913
5472,47.429854,6.815000,146.735143
5473,47.436782,6.928000,144.341801
5474,47.443657,6.875000,145.454545
5475,47.450658,7.001000,142.836738
5476,47.457460,6.802000,147.015584
5477,47.463771,6.311000,158.453494
5478,47.471364,7.593000,131.700250
5479,47.478156,6.792000,147.232038
5480,47.485099,6.943000,144.029958
5481,47.491967,6.868000,145.602796
5482,47.498891,6.924000,144.425188
5483,47.505781,6.890000,145.137881
5484,47.512694,6.913000,144.654998
5485,47.519459,6.765000,147.819660
5486,47.526497,7.038000,142.085820
5487,47.533423,6.926000,144.383483
5488,47.540268,6.845000,146.092038
5489,47.547162,6.894000,145.053670
5490,47.554067,6.905000,144.822592
5491,47.561006,6.939000,144.112985
5492,47.567918,6.912000,144.675926
5493,47.574752,6.834000,146.327188
5494,47.581700,6.948000,143.926310
5495,47.588589,6.889000,145.158949
5496,47.595539,6.950000,143.884892
5497,47.602373,6.834000,146.327188
5498,47.608848,6.475000,154.440154
5499,47.616128,7.280000,137.362637
5500,47.622821,6.693000,149.409831
5501,47.630000,7.179000,139.295166
5502,47.636887,6.887000,145.201104
5503,47.643239,6.352000,157.430730
5504,47.650782,7.543000,132.573247
5505,47.657573,6.791000,147.253718
5506,47.663743,6.170000,162.074554
5507,47.671477,7.734000,129.299198
5508,47.678241,6.764000,147.841514
5509,47.685201,6.960000,143.678161
5510,47.692065,6.864000,145.687646
5511,47.699043,6.978000,143.307538
5512,47.705872,6.829000,146.434324
5513,47.712784,6.912000,144.675926
5514,47.719758,6.974000,143.389733
5515,47.726101,6.343000,157.654107
5516,47.733604,7.503000,133.280021
5517,47.740384,6.780000,147.492625
5518,47.747282,6.898000,144.969556
5519,47.754240,6.958000,143.719460
5520,47.761104,6.864000,145.687646
5521,47.767524,6.420000,155.763240
5522,47.774956,7.432000,134.553283
5523,47.781827,6.871000,145.539223
5524,47.788755,6.928000,144.341801
5525,47.795643,6.888000,145.180023
5526,47.802541,6.898000,144.969556
5527,47.809389,6.848000,146.028037
5528,47.816312,6.923000,144.446049
5529,47.823341,7.029000,142.267748
5530,47.829891,6.550000,152.671756
5531,47.837176,7.285000,137.268360
5532,47.843435,6.259000,159.769931
5533,47.850538,7.103000,140.785584
5534,47.857777,7.239000,138.140627
5535,47.864602,6.825000,146.520147
5536,47.871529,6.927000,144.362639
5537,47.878477,6.948000,143.926310
5538,47.885373,6.896000,145.011601
5539,47.891602,6.229000,160.539412
5540,47.899191,7.589000,131.769667
5541,47.905982,6.791000,147.253718
5542,47.912914,6.932000,144.258511
5543,47.919846,6.932000,144.258511
5544,47.926195,6.349000,157.505119
5545,47.933780,7.585000,131.839156
5546,47.940436,6.656000,150.240385
5547,47.947405,6.969000,143.492610
5548,47.954306,6.901000,144.906535
5549,47.961198,6.892000,145.095763
5550,47.968284,7.086000,141.123342
5551,47.975003,6.719000,148.831671
5552,47.981951,6.948000,143.926310
5553,47.988320,6.369000,157.010520
5554,47.995521,7.201000,138.869601
5555,48.002618,7.097000,140.904608
5556,48.009403,6.785000,147.383935
5557,48.016155,6.752000,148.104265
5558,48.023316,7.161000,139.645301
5559,48.030220,6.904000,144.843569
5560,48.037109,6.889000,145.158949
5561,48.043957,6.848000,146.028037
5562,48.050528,6.571000,152.183838
5563,48.057816,7.288000,137.211855
5564,48.064696,6.880000,145.348837
5565,48.071592,6.896000,145.011601
5566,48.078603,7.011000,142.633005
5567,48.085389,6.786000,147.362216
5568,48.091564,6.175000,161.943320
5569,48.099320,7.756000,128.932439
5570,48.105546,6.226000,160.616768
5571,48.112445,6.899000,144.948543
5572,48.119297,6.852000,145.942790
5573,48.126114,6.817000,146.692093
5574,48.133854,7.740000,129.198966
5575,48.140139,6.285000,159.108990
5576,48.147540,7.401000,135.116876
5577,48.154404,6.864000,145.687646
5578,48.161275,6.871000,145.539223
5579,48.168215,6.940000,144.092219
5580,48.175078,6.863000,145.708874
5581,48.182003,6.925000,144.404332
5582,48.188874,6.871000,145.539223
5583,48.195772,6.898000,144.969556
5584,48.202735,6.963000,143.616257
5585,48.209559,6.824000,146.541618
5586,48.216481,6.922000,144.466917
5587,48.223365,6.884000,145.264381
5588,48.230253,6.888000,145.180023
5589,48.237188,6.935000,144.196107
5590,48.244058,6.870000,145.560408
5591,48.250394,6.336000,157.828283
5592,48.257961,7.567000,132.152769
5593,48.264759,6.798000,147.102089
5594,48.271697,6.938000,144.133756
5595,48.278591,6.894000,145.053670
5596,48.285494,6.903000,144.864552
5597,48.292395,6.901000,144.906535
5598,48.299285,6.890000,145.137881
5599,48.306180,6.895000,145.032632
5600,48.313086,6.906000,144.801622
5601,48.319450,6.364000,157.133878
5602,48.326971,7.521000,132.961042
5603,48.333566,6.595000,151.630023
5604,48.340096,6.530000,153.139357
5605,48.347696,7.600000,131.578947
5606,48.354531,6.835000,146.305779
5607,48.361070,6.539000,152.928582
5608,48.368370,7.300000,136.986301
5609,48.375213,6.843000,146.134736
5610,48.382207,6.994000,142.979697
5611,48.389012,6.805000,146.950771
5612,48.395903,6.891000,145.116819
5613,48.402843,6.940000,144.092219
5614,48.409729,6.886000,145.222190
5615,48.416659,6.930000,144.300144
5616,48.423253,6.594000,151.653018
5617,48.430430,7.177000,139.333984
5618,48.437174,6.744000,148.279953
5619,48.444244,7.070000,141.442716
5620,48.451006,6.762000,147.885241
5621,48.458063,7.057000,141.703273
5622,48.464939,6.876000,145.433392
5623,48.472082,7.143000,139.997200
5624,48.478713,6.631000,150.806816
5625,48.485786,7.073000,141.382723
5626,48.492568,6.782000,147.449130
5627,48.499465,6.897000,144.990576
5628,48.506303,6.838000,146.241591
5629,48.512922,6.619000,151.080224
5630,48.520162,7.240000,138.121547
5631,48.527011,6.849000,146.006716
5632,48.534040,7.029000,142.267748
5633,48.540827,6.787000,147.340504
5634,48.547804,6.977000,143.328078
5635,48.554751,6.947000,143.947027
5636,48.561538,6.787000,147.340504
5637,48.568537,6.999000,142.877554
5638,48.575316,6.779000,147.514383
5639,48.582358,7.042000,142.005112
5640,48.589148,6.790000,147.275405
5641,48.596011,6.863000,145.708874
5642,48.602923,6.912000,144.675926
5643,48.609805,6.882000,145.306597
5644,48.616776,6.971000,143.451442
5645,48.623619,6.843000,146.134736
5646,48.630527,6.908000,144.759699
5647,48.637024,6.497000,153.917193
5648,48.644373,7.349000,136.072935
5649,48.651232,6.859000,145.793847
5650,48.658148,6.916000,144.592250
5651,48.664985,6.837000,146.262981
5652,48.671919,6.934000,144.216902
5653,48.678762,6.843000,146.134736
5654,48.685457,6.695000,149.365198
5655,48.692629,7.172000,139.431121
5656,48.699394,6.765000,147.819660
5657,48.706424,7.030000,142.247511
5658,48.712700,6.276000,159.337157
5659,48.720325,7.625000,131.147541
5660,48.727103,6.778000,147.536146
5661,48.734076,6.973000,143.410297
5662,48.740877,6.801000,147.037200
5663,48.747808,6.931000,144.279325
5664,48.754695,6.887000,145.201104
5665,48.761658,6.963000,143.616257
5666,48.768306,6.648000,150.421179
5667,48.775218,6.912000,144.675926
5668,48.782381,7.163000,139.606310
5669,48.789186,6.805000,146.950771
5670,48.796334,7.148000,139.899273
5671,48.803021,6.687000,149.543891
5672,48.809921,6.900000,144.927536
5673,48.816883,6.962000,143.636886
5674,48.823711,6.828000,146.455770
5675,48.830587,6.876000,145.433392
5676,48.837049,6.462000,154.750851
5677,48.844451,7.402000,135.098622
5678,48.851312,6.861000,145.751348
5679,48.858184,6.872000,145.518044
5680,48.865221,7.037000,142.106011
5681,48.872056,6.835000,146.305779
5682,48.878927,6.871000,145.539223
5683,48.886003,7.076000,141.322781
5684,48.892656,6.653000,150.308132
5685,48.899636,6.980000,143.266476
5686,48.906460,6.824000,146.541618
5687,48.913370,6.910000,144.717800
5688,48.920306,6.936000,144.175317
5689,48.927157,6.851000,145.964093
5690,48.934114,6.957000,143.740118
5691,48.940982,6.868000,145.602796
5692,48.947635,6.653000,150.308132
5693,48.954455,6.820000,146.627566
5694,48.961775,7.320000,136.612022
5695,48.968617,6.842000,146.156095
5696,48.975140,6.523000,153.303695
5697,48.982453,7.313000,136.742787
5698,48.989275,6.822000,146.584579
5699,48.996183,6.908000,144.759699
5700,49.003023,6.840000,146.198830
5701,49.009977,6.954000,143.802128
5702,49.016894,6.917000,144.571346
5703,49.023584,6.690000,149.476831
5704,49.030712,7.128000,140.291807
5705,49.037611,6.899000,144.948543
5706,49.044517,6.906000,144.801622
5707,49.051493,6.976000,143.348624
5708,49.058372,6.879000,145.369967
5709,49.065365,6.993000,143.000143
5710,49.072141,6.776000,147.579693
5711,49.079039,6.898000,144.969556
5712,49.085991,6.952000,143.843498
5713,49.092812,6.821000,146.606069
5714,49.099817,7.005000,142.755175
5715,49.106560,6.743000,148.301943
5716,49.113607,7.047000,141.904356
5717,49.120499,6.892000,145.095763
5718,49.127466,6.967000,143.533802
5719,49.134298,6.832000,146.370023
5720,49.140896,6.598000,151.561079
5721,49.148196,7.300000,136.986301
5722,49.155021,6.825000,146.520147
5723,49.161888,6.867000,145.623999
5724,49.168859,6.971000,143.451442
5725,49.175468,6.609000,151.308821
5726,49.182534,7.066000,141.522785
5727,49.189441,6.907000,144.780657
5728,49.196298,6.857000,145.836372
5729,49.202934,6.636000,150.693189
5730,49.210295,7.361000,135.851107
5731,49.216595,6.300000,158.730159
5732,49.223755,7.160000,139.664804
5733,49.230182,6.427000,155.593590
5734,49.237878,7.696000,129.937630
5735,49.244635,6.757000,147.994672
5736,49.251554,6.919000,144.529556
5737,49.258391,6.837000,146.262981
5738,49.265472,7.081000,141.222991
5739,49.272230,6.758000,147.972773
5740,49.279319,7.089000,141.063620
5741,49.285862,6.543000,152.835091
5742,49.292976,7.114000,140.567894
5743,49.299753,6.777000,147.557916
5744,49.306316,6.563000,152.369343
5745,49.313792,7.476000,133.761370
5746,49.320583,6.791000,147.253718
5747,49.327394,6.811000,146.821318
5748,49.334463,7.069000,141.462725
5749,49.341234,6.771000,147.688672
5750,49.348221,6.987000,143.122943
5751,49.355187,6.966000,143.554407
5752,49.361972,6.785000,147.383935
5753,49.368858,6.886000,145.222190
5754,49.375149,6.291000,158.957241
5755,49.382808,7.659000,130.565348
5756,49.389604,6.796000,147.145380
5757,49.396272,6.668000,149.970006
5758,49.403009,6.737000,148.434021
5759,49.410430,7.421000,134.752729
5760,49.417275,6.845000,146.092038
5761,49.424112,6.837000,146.262981
5762,49.430923,6.811000,146.821318
5763,49.437881,6.958000,143.719460
5764,49.444797,6.916000,144.592250
5765,49.451690,6.893000,145.074713
5766,49.458405,6.715000,148.920328
5767,49.465452,7.047000,141.904356
5768,49.472307,6.855000,145.878920
5769,49.479235,6.928000,144.341801
5770,49.486105,6.870000,145.560408
5771,49.493022,6.917000,144.571346
5772,49.499937,6.915000,144.613160
5773,49.506825,6.888000,145.180023
5774,49.513710,6.885000,145.243282
5775,49.520710,7.000000,142.857143
5776,49.527205,6.495000,153.964588
5777,49.534488,7.283000,137.306055
5778,49.541357,6.869000,145.581598
5779,49.548216,6.859000,145.793847
5780,49.555098,6.882000,145.306597
5781,49.562006,6.908000,144.759699
5782,49.568909,6.903000,144.864552
5783,49.575812,6.903000,144.864552
5784,49.582749,6.937000,144.154534
5785,49.589601,6.852000,145.942790
5786,49.596537,6.936000,144.175317
5787,49.603284,6.747000,148.214021
5788,49.610151,6.867000,145.623999
5789,49.617240,7.089000,141.063620
5790,49.624103,6.863000,145.708874
5791,49.630991,6.888000,145.180023
5792,49.638004,7.013000,142.592329
5793,49.644783,6.779000,147.514383
5794,49.651726,6.943000,144.029958
5795,49.658609,6.883000,145.285486
5796,49.665186,6.577000,152.045005
5797,49.672471,7.285000,137.268360
5798,49.679305,6.834000,146.327188
5799,49.685817,6.512000,153.562654
5800,49.692932,7.115000,140.548138
5801,49.700053,7.121000,140.429715
5802,49.706876,6.823000,146.563095
5803,49.713791,6.915000,144.613160
5804,49.720707,6.916000,144.592250
5805,49.727587,6.880000,145.348837
5806,49.734583,6.996000,142.938822
5807,49.741373,6.790000,147.275405
5808,49.748300,6.927000,144.362639
5809,49.755044,6.744000,148.279953
5810,49.762131,7.087000,141.103429
5811,49.769046,6.915000,144.613160
5812,49.775871,6.825000,146.520147
5813,49.782831,6.960000,143.678161
5814,49.789692,6.861000,145.751348
5815,49.796592,6.900000,144.927536
5816,49.803003,6.411000,155.981906
5817,49.810133,7.130000,140.252454
5818,49.817331,7.198000,138.927480
5819,49.823439,6.108000,163.719712
5820,49.831149,7.710000,129.701686
5821,49.838022,6.873000,145.496872
5822,49.844905,6.883000,145.285486
5823,49.851744,6.839000,146.220208
5824,49.858716,6.972000,143.430866
5825,49.865347,6.631000,150.806816
5826,49.872535,7.188000,139.120757
5827,49.879381,6.846000,146.070698
5828,49.885674,6.293000,158.906722
5829,49.893323,7.649000,130.736044
5830,49.900179,6.856000,145.857643
5831,49.906952,6.773000,147.645061
5832,49.913974,7.022000,142.409570
5833,49.920812,6.838000,146.241591
5834,49.927462,6.650000,150.375940
5835,49.934382,6.920000,144.508671
5836,49.941345,6.963000,143.616257
5837,49.948490,7.145000,139.958013
5838,49.955364,6.874000,145.475706
5839,49.962086,6.722000,148.765248
5840,49.969190,7.104000,140.765766
5841,49.976030,6.840000,146.198830
5842,49.983036,7.006000,142.734799
5843,49.989858,6.822000,146.584579
5844,49.996775,6.917000,144.571346
5845,50.003682,6.907000,144.780657
5846,50.010218,6.536000,152.998776
5847,50.017391,7.173000,139.411683
5848,50.024366,6.975000,143.369176
5849,50.031238,6.872000,145.518044
5850,50.037414,6.176000,161.917098
5851,50.045132,7.718000,129.567245
5852,50.051634,6.502000,153.798831
5853,50.058955,7.321000,136.593362
5854,50.065707,6.752000,148.104265
5855,50.072645,6.938000,144.133756
5856,50.079497,6.852000,145.942790
5857,50.086529,7.032000,142.207053
5858,50.093123,6.594000,151.653018
5859,50.100303,7.180000,139.275766
5860,50.107121,6.818000,146.670578
5861,50.114063,6.942000,144.050706
5862,50.120925,6.862000,145.730108
5863,50.127828,6.903000,144.864552
5864,50.134724,6.896000,145.011601
5865,50.141728,7.004000,142.775557
5866,50.148540,6.812000,146.799765
5867,50.155431,6.891000,145.116819
5868,50.162294,6.863000,145.708874
5869,50.169194,6.900000,144.927536
5870,50.176137,6.943000,144.029958
5871,50.183068,6.931000,144.279325
5872,50.189935,6.867000,145.623999
5873,50.196783,6.848000,146.028037
5874,50.203760,6.977000,143.328078
5875,50.210630,6.870000,145.560408
5876,50.217600,6.970000,143.472023
5877,50.223949,6.349000,157.505119
5878,50.231046,7.097000,140.904608
5879,50.237640,6.594000,151.653018
5880,50.245200,7.560000,132.275132
5881,50.252034,6.834000,146.327188
5882,50.258909,6.875000,145.454545
5883,50.265793,6.884000,145.264381
5884,50.272060,6.267000,159.565981
5885,50.279659,7.599000,131.596263
5886,50.286501,6.842000,146.156095
5887,50.293411,6.910000,144.717800
5888,50.300297,6.886000,145.222190
5889,50.307141,6.844000,146.113384
5890,50.314079,6.938000,144.133756
5891,50.320999,6.920000,144.508671
5892,50.327871,6.872000,145.518044
5893,50.334806,6.935000,144.196107
5894,50.341672,6.866000,145.645208
5895,50.348592,6.920000,144.508671
5896,50.355462,6.870000,145.560408
5897,50.362359,6.897000,144.990576
5898,50.369318,6.959000,143.698807
5899,50.376165,6.847000,146.049365
5900,50.383080,6.915000,144.613160
5901,50.389965,6.885000,145.243282
5902,50.396892,6.927000,144.362639
5903,50.403789,6.897000,144.990576
5904,50.410025,6.236000,160.359205
5905,50.417245,7.220000,138.504155
5906,50.424558,7.313000,136.742787
5907,50.431363,6.805000,146.950771
5908,50.438333,6.970000,143.472023
5909,50.445187,6.854000,145.900204
5910,50.452095,6.908000,144.759699
5911,50.458993,6.898000,144.969556
5912,50.465899,6.906000,144.801622
5913,50.472774,6.875000,145.454545
5914,50.479694,6.920000,144.508671
5915,50.485876,6.182000,161.759948
5916,50.493583,7.707000,129.752173
5917,50.500377,6.794000,147.188696
5918,50.507281,6.904000,144.843569
5919,50.514170,6.889000,145.158949
5920,50.521104,6.934000,144.216902
5921,50.527974,6.870000,145.560408
5922,50.534889,6.915000,144.613160
5923,50.541770,6.881000,145.327714
5924,50.548713,6.943000,144.029958
5925,50.555612,6.899000,144.948543
5926,50.562512,6.900000,144.927536
5927,50.569479,6.967000,143.533802
5928,50.576302,6.823000,146.563095
5929,50.583292,6.990000,143.061516
5930,50.590117,6.825000,146.520147
5931,50.597008,6.891000,145.116819
5932,50.603940,6.932000,144.258511
5933,50.610811,6.871000,145.539223
5934,50.617722,6.911000,144.696860
5935,50.624594,6.872000,145.518044
5936,50.631530,6.936000,144.175317
5937,50.638495,6.965000,143.575018
5938,50.645282,6.787000,147.340504
5939,50.652253,6.971000,143.451442
5940,50.659125,6.872000,145.518044
5941,50.665317,6.192000,161.498708
5942,50.673046,7.729000,129.382844
5943,50.679269,6.223000,160.694199
5944,50.686012,6.743000,148.301943
5945,50.693640,7.628000,131.095962
5946,50.700520,6.880000,145.348837
5947,50.707401,6.881000,145.327714
5948,50.714125,6.724000,148.720999
5949,50.721318,7.193000,139.024051
5950,50.727496,6.178000,161.864681
5951,50.734491,6.995000,142.959257
5952,50.741170,6.679000,149.723012
5953,50.748352,7.182000,139.236981
5954,50.755187,6.835000,146.305779
5955,50.762693,7.506000,133.226752
5956,50.769564,6.871000,145.539223
5957,50.776127,6.563000,152.369343
5958,50.783448,7.321000,136.593362
5959,50.789814,6.366000,157.084511
5960,50.797170,7.356000,135.943448
5961,50.804061,6.891000,145.116819
5962,50.811019,6.958000,143.719460
5963,50.817874,6.855000,145.878920
5964,50.824774,6.900000,144.927536
5965,50.831618,6.844000,146.113384
5966,50.838177,6.559000,152.462266
5967,50.845527,7.350000,136.054422
5968,50.852383,6.856000,145.857643
5969,50.859279,6.896000,145.011601
5970,50.865764,6.485000,154.202005
5971,50.873153,7.389000,135.336311
5972,50.879908,6.755000,148.038490
5973,50.887094,7.186000,139.159477
5974,50.893734,6.640000,150.602410
5975,50.900707,6.973000,143.410297
5976,50.907560,6.853000,145.921494
5977,50.914479,6.919000,144.529556
5978,50.920737,6.258000,159.795462
5979,50.928342,7.605000,131.492439
5980,50.934693,6.351000,157.455519
5981,50.942180,7.487000,133.564846
5982,50.948451,6.271000,159.464200
5983,50.955839,7.388000,135.354629
5984,50.962856,7.017000,142.511045
5985,50.969665,6.809000,146.864444
5986,50.976232,6.567000,152.276534
5987,50.983624,7.392000,135.281385
5988,50.990374,6.750000,148.148148
5989,50.997259,6.885000,145.243282
5990,51.003921,6.662000,150.105074
5991,51.011108,7.187000,139.140114
5992,51.017427,6.319000,158.252888
5993,51.024876,7.449000,134.246208
5994,51.031738,6.862000,145.730108
5995,51.038605,6.867000,145.623999
5996,51.045546,6.941000,144.071459
5997,51.052519,6.973000,143.410297
5998,51.059403,6.884000,145.264381
5999,51.066271,6.868000,145.602796
6000,51.073101,6.830000,146.412884
6001,51.079952,6.851000,145.964093
6002,51.086959,7.007000,142.714428
6003,51.093840,6.881000,145.327714
6004,51.100237,6.397000,156.323277
6005,51.107677,7.440000,134.408602
6006,51.114461,6.784000,147.405660
6007,51.121487,7.026000,142.328494
6008,51.128288,6.801000,147.037200
6009,51.135215,6.927000,144.362639
6010,51.142081,6.866000,145.645208
6011,51.148444,6.363000,157.158573
6012,51.155964,7.520000,132.978723
6013,51.162752,6.788000,147.318798
6014,51.169697,6.945000,143.988481
6015,51.176573,6.876000,145.433392
6016,51.183508,6.935000,144.196107
6017,51.190360,6.852000,145.942790
6018,51.197267,6.907000,144.780657
6019,51.204200,6.933000,144.237704
6020,51.211064,6.864000,145.687646
6021,51.217992,6.928000,144.341801
6022,51.224873,6.881000,145.327714
6023,51.231765,6.892000,145.095763
6024,51.238709,6.944000,144.009217
6025,51.245572,6.863000,145.708874
6026,51.252477,6.905000,144.822592
6027,51.259378,6.901000,144.906535
6028,51.266282,6.904000,144.843569
6029,51.273213,6.931000,144.279325
6030,51.280074,6.861000,145.751348
6031,51.286988,6.914000,144.634076
6032,51.293864,6.876000,145.433392
6033,51.300793,6.929000,144.320970
6034,51.307656,6.863000,145.708874
6035,51.314599,6.943000,144.029958
6036,51.321532,6.933000,144.237704
6037,51.328382,6.850000,145.985401
6038,51.335315,6.933000,144.237704
6039,51.342203,6.888000,145.180023
6040,51.349068,6.865000,145.666424
6041,51.355961,6.893000,145.074713
6042,51.362912,6.951000,143.864192
6043,51.369977,7.065000,141.542817
6044,51.376735,6.758000,147.972773
6045,51.383676,6.941000,144.071459
6046,51.390558,6.882000,145.306597
6047,51.396910,6.352000,157.430730
6048,51.403919,7.009000,142.673705
6049,51.411317,7.398000,135.171668
6050,51.417976,6.659000,150.172699
6051,51.425124,7.148000,139.899273
6052,51.432245,7.121000,140.429715
6053,51.438875,6.630000,150.829563
6054,51.445915,7.040000,142.045455
6055,51.452694,6.779000,147.514383
6056,51.459587,6.893000,145.074713
6057,51.466503,6.916000,144.592250
6058,51.472952,6.449000,155.062800
6059,51.480316,7.364000,135.795763
6060,51.487254,6.938000,144.133756
6061,51.494073,6.819000,146.649069
6062,51.500669,6.596000,151.607035
6063,51.507926,7.257000,137.797988
6064,51.514775,6.849000,146.006716
6065,51.521838,7.063000,141.582897
6066,51.528543,6.705000,149.142431
6067,51.535554,7.011000,142.633005
6068,51.542241,6.687000,149.543891
6069,51.549504,7.263000,137.684153
6070,51.556187,6.683000,149.633398
6071,51.563064,6.877000,145.412244
6072,51.570132,7.068000,141.482739
6073,51.576843,6.711000,149.009090
6074,51.583790,6.947000,143.947027
6075,51.590303,6.513000,153.539076
6076,51.597581,7.278000,137.400385
6077,51.604443,6.862000,145.730108
6078,51.611314,6.871000,145.539223
6079,51.618106,6.792000,147.232038
6080,51.625146,7.040000,142.045455
6081,51.632022,6.876000,145.433392
6082,51.638891,6.869000,145.581598
6083,51.645807,6.916000,144.592250
6084,51.652721,6.914000,144.634076
6085,51.659417,6.696000,149.342891
6086,51.666521,7.104000,140.765766
6087,51.673384,6.863000,145.708874
6088,51.680339,6.955000,143.781452
6089,51.687206,6.867000,145.623999
6090,51.694093,6.887000,145.201104
6091,51.701000,6.907000,144.780657
6092,51.707932,6.932000,144.258511
6093,51.714782,6.850000,145.985401
6094,51.721783,7.001000,142.836738
6095,51.728696,6.913000,144.654998
6096,51.735210,6.514000,153.515505
6097,51.742434,7.224000,138.427464
6098,51.749437,7.003000,142.795945
6099,51.756217,6.780000,147.492625
6100,51.762954,6.737000,148.434021
6101,51.770093,7.139000,140.075641
6102,51.776982,6.889000,145.158949
6103,51.783283,6.301000,158.704967
6104,51.790975,7.692000,130.005200
6105,51.797564,6.589000,151.768098
6106,51.804521,6.957000,143.740118
6107,51.811420,6.899000,144.948543
6108,51.818382,6.962000,143.636886
6109,51.825297,6.915000,144.613160
6110,51.832158,6.861000,145.751348
6111,51.838961,6.803000,146.993973
6112,51.845529,6.568000,152.253350
6113,51.852581,7.052000,141.803744
6114,51.859348,6.767000,147.775972
6115,51.866661,7.313000,136.742787
6116,51.873509,6.848000,146.028037
6117,51.880415,6.906000,144.801622
6118,51.887346,6.931000,144.279325
6119,51.894154,6.808000,146.886016
6120,51.901169,7.015000,142.551675
6121,51.907972,6.803000,146.993973
6122,51.914878,6.906000,144.801622
6123,51.921889,7.011000,142.633005
6124,51.928671,6.782000,147.449130
6125,51.935648,6.977000,143.328078
6126,51.942477,6.829000,146.434324
6127,51.949597,7.120000,140.449438
6128,51.956255,6.658000,150.195254
6129,51.963171,6.916000,144.592250
6130,51.970088,6.917000,144.571346
6131,51.976986,6.898000,144.969556
6132,51.983877,6.891000,145.116819
6133,51.990765,6.888000,145.180023
6134,51.997651,6.886000,145.222190
6135,52.004632,6.981000,143.245953
6136,52.011475,6.843000,146.134736
6137,52.018419,6.944000,144.009217
6138,52.025298,6.879000,145.369967
6139,52.032214,6.916000,144.592250
6140,52.039084,6.870000,145.560408
6141,52.046012,6.928000,144.341801
6142,52.052885,6.873000,145.496872
6143,52.059783,6.898000,144.969556
6144,52.066737,6.954000,143.802128
6145,52.073571,6.834000,146.327188
6146,52.080536,6.965000,143.575018
6147,52.087397,6.861000,145.751348
6148,52.094349,6.952000,143.843498
6149,52.101234,6.885000,145.243282
6150,52.108140,6.906000,144.801622
6151,52.114993,6.853000,145.921494
6152,52.121936,6.943000,144.029958
6153,52.128922,6.986000,143.143430
6154,52.135224,6.302000,158.679784
6155,52.142673,7.449000,134.246208
6156,52.149534,6.861000,145.751348
6157,52.156402,6.868000,145.602796
6158,52.163303,6.901000,144.906535
6159,52.169806,6.503000,153.775181
6160,52.176682,6.876000,145.433392
6161,52.184118,7.436000,134.480904
6162,52.190851,6.733000,148.522204
6163,52.197804,6.953000,143.822810
6164,52.204689,6.885000,145.243282
6165,52.211586,6.897000,144.990576
6166,52.218500,6.914000,144.634076
6167,52.225381,6.881000,145.327714
6168,52.232296,6.915000,144.613160
6169,52.239203,6.907000,144.780657
6170,52.246062,6.859000,145.793847
6171,52.253036,6.974000,143.389733
6172,52.259863,6.827000,146.477223
6173,52.266776,6.913000,144.654998
6174,52.273009,6.233000,160.436387
6175,52.280659,7.650000,130.718954
6176,52.287600,6.941000,144.071459
6177,52.294374,6.774000,147.623265
6178,52.301309,6.935000,144.196107
6179,52.308203,6.894000,145.053670
6180,52.315091,6.888000,145.180023
6181,52.322113,7.022000,142.409570
6182,52.328875,6.762000,147.885241
6183,52.335796,6.921000,144.487791
6184,52.342691,6.895000,145.032632
6185,52.349681,6.990000,143.061516
6186,52.356482,6.801000,147.037200
6187,52.363429,6.947000,143.947027
6188,52.370326,6.897000,144.990576
6189,52.377172,6.846000,146.070698
6190,52.384132,6.960000,143.678161
6191,52.390977,6.845000,146.092038
6192,52.397887,6.910000,144.717800
6193,52.404794,6.907000,144.780657
6194,52.411658,6.864000,145.687646
6195,52.418734,7.076000,141.322781
6196,52.425492,6.758000,147.972773
6197,52.432464,6.972000,143.430866
6198,52.439401,6.937000,144.154534
6199,52.446252,6.851000,145.964093
6200,52.453031,6.779000,147.514383
6201,52.459792,6.761000,147.907114
6202,52.466649,6.857000,145.836372
6203,52.473216,6.567000,152.276534
6204,52.480801,7.585000,131.839156
6205,52.487773,6.972000,143.430866
6206,52.494505,6.732000,148.544266
6207,52.501427,6.922000,144.466917
6208,52.508294,6.867000,145.623999
6209,52.515358,7.064000,141.562854
6210,52.522198,6.840000,146.198830
6211,52.529103,6.905000,144.822592
6212,52.536098,6.995000,142.959257
6213,52.542871,6.773000,147.645061
6214,52.549819,6.948000,143.926310
6215,52.556747,6.928000,144.341801
6216,52.563409,6.662000,150.105074
6217,52.570566,7.157000,139.723348
6218,52.577358,6.792000,147.232038
6219,52.584296,6.938000,144.133756
6220,52.591150,6.854000,145.900204
6221,52.597993,6.843000,146.134736
6222,52.604931,6.938000,144.133756
6223,52.611784,6.853000,145.921494
6224,52.618699,6.915000,144.613160
6225,52.625595,6.896000,145.011601
6226,52.632524,6.929000,144.320970
6227,52.639382,6.858000,145.815106
6228,52.646275,6.893000,145.074713
6229,52.653222,6.947000,143.947027
6230,52.660052,6.830000,146.412884
6231,52.667002,6.950000,143.884892
6232,52.673876,6.874000,145.475706
6233,52.680794,6.918000,144.550448
6234,52.687723,6.929000,144.320970
6235,52.694587,6.864000,145.687646
6236,52.701533,6.946000,143.967751
6237,52.708348,6.815000,146.735143
6238,52.715339,6.991000,143.041053
6239,52.722177,6.838000,146.241591
6240,52.729084,6.907000,144.780657
6241,52.736016,6.932000,144.258511
6242,52.742899,6.883000,145.285486
6243,52.749827,6.928000,144.341801
6244,52.756708,6.881000,145.327714
6245,52.763560,6.852000,145.942790
6246,52.770498,6.938000,144.133756
6247,52.777381,6.883000,145.285486
6248,52.784287,6.906000,144.801622
6249,52.791189,6.902000,144.885540
6250,52.798053,6.864000,145.687646
6251,52.805010,6.957000,143.740118
6252,52.811903,6.893000,145.074713
6253,52.818993,7.090000,141.043724
6254,52.825706,6.713000,148.964695
6255,52.832668,6.962000,143.636886
6256,52.839656,6.988000,143.102461
6257,52.846469,6.813000,146.778218
6258,52.853380,6.911000,144.696860
6259,52.860177,6.797000,147.123731
6260,52.867127,6.950000,143.884892
6261,52.874072,6.945000,143.988481
6262,52.880972,6.900000,144.927536
6263,52.887829,6.857000,145.836372
6264,52.894095,6.266000,159.591446
6265,52.901710,7.615000,131.319764
6266,52.908445,6.735000,148.478099
6267,52.915454,7.009000,142.673705
6268,52.922289,6.835000,146.305779
6269,52.929167,6.878000,145.391102
6270,52.935948,6.781000,147.470875
6271,52.943003,7.055000,141.743444
6272,52.949892,6.889000,145.158949
6273,52.956300,6.408000,156.054931
6274,52.963742,7.442000,134.372481
6275,52.970597,6.855000,145.878920
6276,52.977458,6.861000,145.751348
6277,52.984381,6.923000,144.446049
6278,52.991298,6.917000,144.571346
6279,52.998241,6.943000,144.029958
6280,53.005188,6.947000,143.947027
6281,53.012055,6.867000,145.623999
6282,53.019047,6.992000,143.020595
6283,53.025811,6.764000,147.841514
6284,53.032792,6.981000,143.245953
6285,53.039654,6.862000,145.730108
6286,53.046518,6.864000,145.687646
6287,53.053457,6.939000,144.112985
6288,53.060323,6.866000,145.645208
6289,53.067042,6.719000,148.831671
6290,53.074225,7.183000,139.217597
6291,53.081104,6.879000,145.369967
6292,53.088219,7.115000,140.548138
6293,53.094187,5.968000,167.560322
6294,53.102013,7.826000,127.779198
6295,53.108657,6.644000,150.511740
6296,53.115451,6.794000,147.188696
6297,53.121801,6.350000,157.480315
6298,53.129354,7.553000,132.397723
6299,53.136014,6.660000,150.150150
6300,53.142534,6.520000,153.374233
6301,53.150233,7.699000,129.886998
6302,53.156338,6.105000,163.800164
6303,53.163973,7.635000,130.975769
6304,53.170767,6.794000,147.188696
6305,53.177606,6.839000,146.220208
6306,53.184575,6.969000,143.492610
6307,53.191395,6.820000,146.627566
6308,53.198354,6.959000,143.698807
6309,53.205261,6.907000,144.780657
6310,53.212186,6.925000,144.404332
6311,53.218911,6.725000,148.698885
6312,53.225945,7.034000,142.166619
6313,53.232905,6.960000,143.678161
6314,53.239744,6.839000,146.220208
6315,53.246624,6.880000,145.348837
6316,53.252964,6.340000,157.728707
6317,53.260563,7.599000,131.596263
6318,53.267101,6.538000,152.951973
6319,53.274287,7.186000,139.159477
6320,53.281202,6.915000,144.613160
6321,53.288139,6.937000,144.154534
6322,53.294969,6.830000,146.412884
6323,53.302018,7.049000,141.864094
6324,53.308780,6.762000,147.885241
6325,53.315757,6.977000,143.328078
6326,53.322560,6.803000,146.993973
6327,53.329535,6.975000,143.369176
6328,53.336647,7.112000,140.607424
6329,53.343223,6.576000,152.068127
6330,53.349940,6.717000,148.875986
6331,53.356846,6.906000,144.801622
6332,53.363987,7.141000,140.036409
6333,53.370635,6.648000,150.421179
6334,53.377819,7.184000,139.198218
6335,53.384419,6.600000,151.515152
6336,53.391443,7.024000,142.369021
6337,53.398490,7.047000,141.904356
6338,53.405428,6.938000,144.133756
6339,53.412274,6.846000,146.070698
6340,53.419359,7.085000,141.143260
6341,53.426007,6.648000,150.421179
6342,53.433115,7.108000,140.686550
6343,53.439836,6.721000,148.787383
6344,53.446705,6.869000,145.581598
6345,53.453667,6.962000,143.636886
6346,53.460504,6.837000,146.262981
6347,53.467433,6.929000,144.320970
6348,53.474278,6.845000,146.092038
6349,53.481177,6.899000,144.948543
6350,53.488146,6.969000,143.492610
6351,53.494971,6.825000,146.520147
6352,53.502012,7.041000,142.025280
6353,53.508790,6.778000,147.536146
6354,53.515723,6.933000,144.237704
6355,53.522623,6.900000,144.927536
6356,53.529511,6.888000,145.180023
6357,53.536388,6.877000,145.412244
6358,53.543336,6.948000,143.926310
6359,53.550213,6.877000,145.412244
6360,53.557095,6.882000,145.306597
6361,53.564024,6.929000,144.320970
6362,53.570902,6.878000,145.391102
6363,53.577813,6.911000,144.696860
6364,53.584677,6.864000,145.687646
6365,53.591621,6.944000,144.009217
6366,53.598478,6.857000,145.836372
6367,53.605387,6.909000,144.738747
6368,53.612310,6.923000,144.446049
6369,53.619287,6.977000,143.328078
6370,53.626063,6.776000,147.579693
6371,53.633041,6.978000,143.307538
6372,53.639227,6.186000,161.655351
6373,53.646920,7.693000,129.988301
6374,53.653750,6.830000,146.412884
6375,53.660613,6.863000,145.708874
6376,53.667506,6.893000,145.074713
6377,53.674367,6.861000,145.751348
6378,53.681265,6.898000,144.969556
6379,53.688187,6.922000,144.466917
6380,53.694872,6.685000,149.588631
6381,53.702043,7.171000,139.450565
6382,53.708853,6.810000,146.842878
6383,53.715811,6.958000,143.719460
6384,53.722647,6.836000,146.284377
6385,53.729612,6.965000,143.575018
6386,53.736568,6.956000,143.760782
6387,53.743350,6.782000,147.449130
6388,53.750285,6.935000,144.196107
6389,53.757158,6.873000,145.496872
6390,53.764068,6.910000,144.717800
6391,53.770986,6.918000,144.550448
6392,53.777853,6.867000,145.623999
6393,53.784785,6.932000,144.258511
6394,53.791670,6.885000,145.243282
6395,53.798571,6.901000,144.906535
6396,53.805487,6.916000,144.592250
6397,53.812387,6.900000,144.927536
6398,53.819295,6.908000,144.759699
6399,53.826209,6.914000,144.634076
6400,53.833250,7.041000,142.025280
6401,53.839744,6.494000,153.988297
6402,53.846340,6.596000,151.607035
6403,53.853781,7.441000,134.390539
6404,53.860788,7.007000,142.714428
6405,53.867709,6.921000,144.487791
6406,53.874688,6.979000,143.287004
6407,53.881496,6.808000,146.886016
6408,53.888396,6.900000,144.927536
6409,53.895313,6.917000,144.571346
6410,53.901479,6.166000,162.179695
6411,53.909260,7.781000,128.518185
6412,53.915912,6.652000,150.330728
6413,53.922803,6.891000,145.116819
6414,53.929591,6.788000,147.318798
6415,53.936647,7.056000,141.723356
6416,53.943475,6.828000,146.455770
6417,53.950499,7.024000,142.369021
6418,53.957423,6.924000,144.425188
6419,53.964253,6.830000,146.412884
6420,53.971036,6.783000,147.427392
6421,53.978078,7.042000,142.005112
6422,53.985016,6.938000,144.133756
6423,53.991109,6.093000,164.122764
6424,53.998916,7.807000,128.090175
6425,54.005693,6.777000,147.557916
6426,54.012288,6.595000,151.630023
6427,54.019711,7.423000,134.716422
6428,54.026325,6.614000,151.194436
6429,54.032772,6.447000,155.110904
6430,54.040188,7.416000,134.843581
6431,54.046671,6.483000,154.249576
6432,54.054046,7.375000,135.593220
6433,54.060395,6.349000,157.505119
6434,54.067570,7.175000,139.372822
6435,54.074717,7.147000,139.918847
6436,54.081636,6.919000,144.529556
6437,54.087860,6.224000,160.668380
6438,54.095473,7.613000,131.354262
6439,54.102297,6.824000,146.541618
6440,54.109202,6.905000,144.822592
6441,54.116160,6.958000,143.719460
6442,54.122942,6.782000,147.449130
6443,54.129601,6.659000,150.172699
6444,54.136875,7.274000,137.475942
6445,54.143734,6.859000,145.793847
6446,54.150581,6.847000,146.049365
6447,54.157439,6.858000,145.815106
6448,54.164352,6.913000,144.654998
6449,54.171337,6.985000,143.163923
6450,54.177818,6.481000,154.297176
6451,54.185188,7.370000,135.685210
6452,54.191251,6.063000,164.934851
6453,54.198956,7.705000,129.785853
6454,54.205817,6.861000,145.751348
6455,54.212699,6.882000,145.306597
6456,54.219195,6.496000,153.940887
6457,54.226519,7.324000,136.537411
6458,54.233375,6.856000,145.857643
6459,54.240293,6.918000,144.550448
6460,54.247192,6.899000,144.948543
6461,54.254077,6.885000,145.243282
6462,54.260918,6.841000,146.177459
6463,54.267840,6.922000,144.466917
6464,54.274687,6.847000,146.049365
6465,54.281587,6.900000,144.927536
6466,54.288155,6.568000,152.253350
6467,54.295474,7.319000,136.630687
6468,54.302302,6.828000,146.455770
6469,54.309234,6.932000,144.258511
6470,54.316146,6.912000,144.675926
6471,54.323120,6.974000,143.389733
6472,54.329884,6.764000,147.841514
6473,54.336787,6.903000,144.864552
6474,54.343690,6.903000,144.864552
6475,54.350635,6.945000,143.988481
6476,54.357482,6.847000,146.049365
6477,54.364380,6.898000,144.969556
6478,54.371318,6.938000,144.133756
6479,54.378161,6.843000,146.134736
6480,54.385091,6.930000,144.300144
6481,54.391968,6.877000,145.412244
6482,54.398883,6.915000,144.613160
6483,54.405358,6.475000,154.440154
6484,54.412732,7.374000,135.611608
6485,54.419593,6.861000,145.751348
6486,54.426483,6.890000,145.137881
6487,54.433403,6.920000,144.508671
6488,54.439722,6.319000,158.252888
6489,54.447278,7.556000,132.345156
6490,54.454086,6.808000,146.886016
6491,54.460333,6.247000,160.076837
6492,54.467989,7.656000,130.616510
6493,54.474773,6.784000,147.405660
6494,54.481688,6.915000,144.613160
6495,54.488616,6.928000,144.341801
6496,54.495562,6.946000,143.967751
6497,54.502402,6.840000,146.198830
6498,54.509274,6.872000,145.518044
6499,54.516195,6.921000,144.487791
6500,54.523068,6.873000,145.496872
6501,54.529389,6.321000,158.202816
6502,54.536948,7.559000,132.292631
6503,54.543748,6.800000,147.058824
6504,54.550690,6.942000,144.050706
6505,54.557566,6.876000,145.433392
6506,54.564464,6.898000,144.969556
6507,54.571390,6.926000,144.383483
6508,54.578292,6.902000,144.885540
6509,54.585201,6.909000,144.738747
6510,54.592146,6.945000,143.988481
6511,54.598996,6.850000,145.985401
6512,54.605928,6.932000,144.258511
6513,54.612806,6.878000,145.391102
6514,54.619790,6.984000,143.184422
6515,54.626605,6.815000,146.735143
6516,54.633557,6.952000,143.843498
6517,54.640401,6.844000,146.113384
6518,54.647005,6.604000,151.423380
6519,54.654275,7.270000,137.551582
6520,54.661123,6.848000,146.028037
6521,54.667409,6.286000,159.083678
6522,54.674982,7.573000,132.048065
6523,54.681821,6.839000,146.220208
6524,54.688781,6.960000,143.678161
6525,54.695588,6.807000,146.907595
6526,54.702055,6.467000,154.631205
6527,54.709483,7.428000,134.625740
6528,54.716149,6.666000,150.015002
6529,54.723239,7.090000,141.043724
6530,54.729403,6.164000,162.232317
6531,54.736774,7.371000,135.666802
6532,54.743785,7.011000,142.633005
6533,54.750131,6.346000,157.579578
6534,54.757798,7.667000,130.429112
6535,54.764604,6.806000,146.929180
6536,54.771531,6.927000,144.362639
6537,54.778400,6.869000,145.581598
6538,54.785403,7.003000,142.795945
6539,54.791682,6.279000,159.261029
6540,54.799248,7.566000,132.170235
6541,54.805989,6.741000,148.345943
6542,54.812953,6.964000,143.595635
6543,54.819855,6.902000,144.885540
6544,54.826673,6.818000,146.670578
6545,54.833672,6.999000,142.877554
6546,54.840546,6.874000,145.475706
6547,54.847444,6.898000,144.969556
6548,54.854382,6.938000,144.133756
6549,54.861176,6.794000,147.188696
6550,54.868188,7.012000,142.612664
6551,54.874492,6.304000,158.629442
6552,54.881717,7.225000,138.408304
6553,54.888367,6.650000,150.375940
6554,54.895571,7.204000,138.811771
6555,54.902714,7.143000,139.997200
6556,54.908883,6.169000,162.100827
6557,54.916059,7.176000,139.353400
6558,54.923337,7.278000,137.400385
6559,54.930216,6.879000,145.369967
6560,54.937152,6.936000,144.175317
6561,54.943982,6.830000,146.412884
6562,54.950960,6.978000,143.307538
6563,54.957489,6.529000,153.162812
6564,54.964800,7.311000,136.780194
6565,54.971606,6.806000,146.929180
6566,54.978503,6.897000,144.990576
6567,54.985523,7.020000,142.450142
6568,54.992328,6.805000,146.950771
6569,54.999275,6.947000,143.947027
6570,55.005763,6.488000,154.130703
6571,55.012627,6.864000,145.687646
6572,55.019786,7.159000,139.684313
6573,55.026907,7.121000,140.429715
6574,55.033692,6.785000,147.383935
6575,55.040595,6.903000,144.864552
6576,55.047485,6.890000,145.137881
6577,55.054403,6.918000,144.550448
6578,55.061287,6.884000,145.264381
6579,55.068189,6.902000,144.885540
6580,55.075094,6.905000,144.822592
6581,55.081988,6.894000,145.053670
6582,55.088899,6.911000,144.696860
6583,55.095772,6.873000,145.496872
6584,55.102706,6.934000,144.216902
6585,55.109590,6.884000,145.264381
6586,55.116018,6.428000,155.569384
6587,55.123425,7.407000,135.007425
6588,55.130281,6.856000,145.857643
6589,55.136888,6.607000,151.354624
6590,55.144127,7.239000,138.140627
6591,55.151005,6.878000,145.391102
6592,55.157889,6.884000,145.264381
6593,55.164772,6.883000,145.285486
6594,55.171684,6.912000,144.675926
6595,55.177977,6.293000,158.906722
6596,55.185559,7.582000,131.891322
6597,55.192357,6.798000,147.102089
6598,55.199291,6.934000,144.216902
6599,55.206173,6.882000,145.306597
6600,55.213085,6.912000,144.675926
6601,55.220005,6.920000,144.508671
6602,55.226868,6.863000,145.708874
6603,55.233794,6.926000,144.383483
6604,55.240672,6.878000,145.391102
6605,55.247592,6.920000,144.508671
6606,55.254487,6.895000,145.032632
6607,55.261386,6.899000,144.948543
6608,55.268278,6.892000,145.095763
6609,55.275188,6.910000,144.717800
6610,55.282073,6.885000,145.243282
6611,55.288967,6.894000,145.053670
6612,55.295884,6.917000,144.571346
6613,55.302794,6.910000,144.717800
6614,55.309667,6.873000,145.496872
6615,55.316630,6.963000,143.616257
6616,55.323546,6.916000,144.592250
6617,55.330411,6.865000,145.666424
6618,55.337324,6.913000,144.654998
6619,55.344193,6.869000,145.581598
6620,55.351160,6.967000,143.533802
6621,55.357993,6.833000,146.348602
6622,55.364656,6.663000,150.082545
6623,55.371878,7.222000,138.465799
6624,55.378880,7.002000,142.816338
6625,55.385671,6.791000,147.253718
6626,55.392167,6.496000,153.940887
6627,55.399472,7.305000,136.892539
6628,55.406116,6.644000,150.511740
6629,55.413279,7.163000,139.606310
6630,55.419577,6.298000,158.780565
6631,55.426388,6.811000,146.821318
6632,55.434086,7.698000,129.903871
6633,55.440527,6.441000,155.255395
6634,55.447771,7.244000,138.045279
6635,55.454433,6.662000,150.105074
6636,55.461554,7.121000,140.429715
6637,55.468398,6.844000,146.113384
6638,55.475048,6.650000,150.375940
6639,55.482196,7.148000,139.899273
6640,55.489142,6.946000,143.967751
6641,55.496073,6.931000,144.279325
6642,55.502753,6.680000,149.700599
6643,55.509840,7.087000,141.103429
6644,55.516740,6.900000,144.927536
6645,55.523301,6.561000,152.415790
6646,55.530548,7.247000,137.988133
6647,55.537410,6.862000,145.730108
6648,55.544171,6.761000,147.907114
6649,55.551233,7.062000,141.602945
6650,55.558084,6.851000,145.964093
6651,55.564981,6.897000,144.990576
6652,55.571936,6.955000,143.781452
6653,55.578823,6.887000,145.201104
6654,55.585712,6.889000,145.158949
6655,55.592592,6.880000,145.348837
6656,55.599505,6.913000,144.654998
6657,55.606385,6.880000,145.348837
6658,55.613276,6.891000,145.116819
6659,55.620251,6.975000,143.369176
6660,55.627067,6.816000,146.713615
6661,55.634006,6.939000,144.112985
6662,55.640905,6.899000,144.948543
6663,55.647778,6.873000,145.496872
6664,55.654715,6.937000,144.154534
6665,55.661607,6.892000,145.095763
6666,55.668504,6.897000,144.990576
6667,55.675396,6.892000,145.095763
6668,55.682367,6.971000,143.451442
6669,55.689183,6.816000,146.713615
6670,55.696102,6.919000,144.529556
6671,55.702988,6.886000,145.222190
6672,55.709900,6.912000,144.675926
6673,55.716784,6.884000,145.264381
6674,55.723698,6.914000,144.634076
6675,55.730553,6.855000,145.878920
6676,55.737507,6.954000,143.802128
6677,55.744381,6.874000,145.475706
6678,55.751303,6.922000,144.466917
6679,55.758211,6.908000,144.759699
6680,55.765068,6.857000,145.836372
6681,55.772035,6.967000,143.533802
6682,55.778903,6.868000,145.602796
6683,55.785867,6.964000,143.595635
6684,55.792701,6.834000,146.327188
6685,55.799626,6.925000,144.404332
6686,55.806481,6.855000,145.878920
6687,55.813495,7.014000,142.571999
6688,55.820317,6.822000,146.584579
6689,55.827185,6.868000,145.602796
6690,55.834159,6.974000,143.389733
6691,55.841033,6.874000,145.475706
6692,55.847900,6.867000,145.623999
6693,55.854848,6.948000,143.926310
6694,55.861511,6.663000,150.082545
6695,55.868676,7.165000,139.567341
6696,55.875492,6.816000,146.713615
6697,55.882446,6.954000,143.802128
6698,55.889344,6.898000,144.969556
6699,55.896200,6.856000,145.857643
6700,55.903144,6.944000,144.009217
6701,55.909964,6.820000,146.627566
6702,55.916915,6.951000,143.864192
6703,55.923788,6.873000,145.496872
6704,55.930688,6.900000,144.927536
6705,55.937716,7.028000,142.287991
6706,55.944465,6.749000,148.170099
6707,55.951542,7.077000,141.302812
6708,55.958257,6.715000,148.920328
6709,55.965169,6.912000,144.675926
6710,55.972129,6.960000,143.678161
6711,55.978985,6.856000,145.857643
6712,55.985880,6.895000,145.032632
6713,55.992793,6.913000,144.654998
6714,55.999686,6.893000,145.074713
6715,56.006587,6.901000,144.906535
6716,56.013476,6.889000,145.158949
6717,56.020390,6.914000,144.634076
6718,56.027303,6.913000,144.654998
6719,56.034230,6.927000,144.362639
6720,56.041064,6.834000,146.327188
6721,56.047988,6.924000,144.425188
6722,56.054906,6.918000,144.550448
6723,56.061506,6.600000,151.515152
6724,56.068707,7.201000,138.869601
6725,56.075617,6.910000,144.717800
6726,56.082481,6.864000,145.687646
6727,56.089161,6.680000,149.700599
6728,56.096311,7.150000,139.860140
6729,56.103181,6.870000,145.560408
6730,56.110054,6.873000,145.496872
6731,56.117009,6.955000,143.781452
6732,56.123856,6.847000,146.049365
6733,56.130772,6.916000,144.592250
6734,56.137694,6.922000,144.466917
6735,56.144611,6.917000,144.571346
6736,56.151540,6.929000,144.320970
6737,56.158474,6.934000,144.216902
6738,56.165335,6.861000,145.751348
6739,56.172183,6.848000,146.028037
6740,56.179064,6.881000,145.327714
6741,56.186080,7.016000,142.531357
6742,56.192868,6.788000,147.318798
6743,56.199835,6.967000,143.533802
6744,56.206667,6.832000,146.370023
6745,56.213570,6.903000,144.864552
6746,56.220713,7.143000,139.997200
6747,56.227393,6.680000,149.700599
6748,56.234570,7.177000,139.333984
6749,56.241158,6.588000,151.791135
6750,56.248137,6.979000,143.287004
6751,56.255018,6.881000,145.327714
6752,56.262045,7.027000,142.308240
6753,56.268984,6.939000,144.112985
6754,56.275798,6.814000,146.756677
6755,56.282345,6.547000,152.741714
6756,56.289533,7.188000,139.120757
6757,56.296378,6.845000,146.092038
6758,56.303308,6.930000,144.300144
6759,56.310217,6.909000,144.738747
6760,56.317094,6.877000,145.412244
6761,56.323996,6.902000,144.885540
6762,56.331063,7.067000,141.502759
6763,56.337869,6.806000,146.929180
6764,56.344667,6.798000,147.102089
6765,56.351553,6.886000,145.222190
6766,56.358494,6.941000,144.071459
6767,56.365456,6.962000,143.636886
6768,56.372256,6.800000,147.058824
6769,56.379220,6.964000,143.595635
6770,56.386160,6.940000,144.092219
6771,56.392704,6.544000,152.811736
6772,56.399664,6.960000,143.678161
6773,56.406898,7.234000,138.236107
6774,56.413606,6.708000,149.075730
6775,56.420616,7.010000,142.653352
6776,56.427479,6.863000,145.708874
6777,56.434425,6.946000,143.967751
6778,56.441255,6.830000,146.412884
6779,56.448269,7.014000,142.571999
6780,56.454832,6.563000,152.369343
6781,56.462141,7.309000,136.817622
6782,56.468390,6.249000,160.025604
6783,56.476028,7.638000,130.924326
6784,56.482290,6.262000,159.693389
6785,56.489699,7.409000,134.970981
6786,56.496196,6.497000,153.917193
6787,56.503456,7.260000,137.741047
6788,56.510334,6.878000,145.391102
6789,56.517265,6.931000,144.279325
6790,56.524180,6.915000,144.613160
6791,56.531214,7.034000,142.166619
6792,56.537936,6.722000,148.765248
6793,56.544133,6.197000,161.368404
6794,56.551893,7.760000,128.865979
6795,56.558691,6.798000,147.102089
6796,56.565258,6.567000,152.276534
6797,56.572435,7.177000,139.333984
6798,56.579300,6.865000,145.666424
6799,56.586229,6.929000,144.320970
6800,56.593108,6.879000,145.369967
6801,56.600018,6.910000,144.717800
6802,56.606906,6.888000,145.180023
6803,56.613881,6.975000,143.369176
6804,56.620749,6.868000,145.602796
6805,56.627636,6.887000,145.201104
6806,56.634559,6.923000,144.446049
6807,56.641365,6.806000,146.929180
6808,56.648296,6.931000,144.279325
6809,56.655236,6.940000,144.092219
6810,56.662128,6.892000,145.095763
6811,56.669052,6.924000,144.425188
6812,56.675863,6.811000,146.821318
6813,56.682818,6.955000,143.781452
6814,56.689739,6.921000,144.487791
6815,56.696756,7.017000,142.511045
6816,56.703513,6.757000,147.994672
6817,56.710369,6.856000,145.857643
6818,56.717331,6.962000,143.636886
6819,56.724201,6.870000,145.560408
6820,56.731120,6.919000,144.529556
6821,56.738039,6.919000,144.529556
6822,56.744891,6.852000,145.942790
6823,56.751828,6.937000,144.154534
6824,56.758678,6.850000,145.985401
6825,56.765598,6.920000,144.508671
6826,56.772462,6.864000,145.687646
6827,56.779084,6.622000,151.011779
6828,56.786316,7.232000,138.274336
6829,56.793166,6.850000,145.985401
6830,56.799897,6.731000,148.566335
6831,56.807008,7.111000,140.627197
6832,56.813851,6.843000,146.134736
6833,56.820798,6.947000,143.947027
6834,56.827706,6.908000,144.759699
6835,56.834644,6.938000,144.133756
6836,56.841501,6.857000,145.836372
6837,56.848436,6.935000,144.196107
6838,56.855165,6.729000,148.610492
6839,56.862230,7.065000,141.542817
6840,56.869163,6.933000,144.237704
6841,56.876034,6.871000,145.539223
6842,56.882556,6.522000,153.327200
6843,56.889850,7.294000,137.098985
6844,56.896685,6.835000,146.305779
6845,56.903550,6.865000,145.666424
6846,56.910500,6.950000,143.884892
6847,56.916875,6.375000,156.862745
6848,56.924340,7.465000,133.958473
6849,56.931180,6.840000,146.198830
6850,56.938078,6.898000,144.969556
6851,56.944975,6.897000,144.990576
6852,56.951929,6.954000,143.802128
6853,56.958776,6.847000,146.049365
6854,56.965717,6.941000,144.071459
6855,56.972604,6.887000,145.201104
6856,56.979512,6.908000,144.759699
6857,56.986422,6.910000,144.717800
6858,56.993283,6.861000,145.751348
6859,57.000221,6.938000,144.133756
6860,57.007197,6.976000,143.348624
6861,57.013483,6.286000,159.083678
6862,57.021041,7.558000,132.310135
6863,57.027869,6.828000,146.455770
6864,57.034758,6.889000,145.158949
6865,57.041724,6.966000,143.554407
6866,57.047904,6.180000,161.812298
6867,57.055548,7.644000,130.821559
6868,57.062400,6.852000,145.942790
6869,57.069314,6.914000,144.634076
6870,57.075820,6.506000,153.704273
6871,57.083207,7.387000,135.372952
6872,57.090116,6.909000,144.738747
6873,57.096370,6.254000,159.897665
6874,57.103802,7.432000,134.553283
6875,57.110634,6.832000,146.370023
6876,57.117289,6.655000,150.262960
6877,57.124468,7.179000,139.295166
6878,57.131301,6.833000,146.348602
6879,57.137659,6.358000,157.282164
6880,57.144771,7.112000,140.607424
6881,57.152163,7.392000,135.281385
6882,57.158685,6.522000,153.327200
6883,57.165968,7.283000,137.306055
6884,57.172777,6.809000,146.864444
6885,57.179651,6.874000,145.475706
6886,57.186586,6.935000,144.196107
6887,57.193464,6.878000,145.391102
6888,57.200473,7.009000,142.673705
6889,57.207287,6.814000,146.756677
6890,57.214205,6.918000,144.550448
6891,57.221199,6.994000,142.979697
6892,57.227916,6.717000,148.875986
6893,57.234942,7.026000,142.328494
6894,57.241826,6.884000,145.264381
6895,57.248543,6.717000,148.875986
6896,57.255607,7.064000,141.562854
6897,57.262427,6.820000,146.627566
6898,57.269338,6.911000,144.696860
6899,57.275788,6.450000,155.038760
6900,57.282913,7.125000,140.350877
6901,57.289480,6.567000,152.276534
6902,57.296649,7.169000,139.489469
6903,57.303999,7.350000,136.054422
6904,57.310766,6.767000,147.775972
6905,57.317967,7.201000,138.869601
6906,57.324534,6.567000,152.276534
6907,57.331082,6.548000,152.718387
6908,57.337905,6.823000,146.563095
6909,57.345257,7.352000,136.017410
6910,57.352289,7.032000,142.207053
6911,57.358594,6.305000,158.604282
6912,57.366096,7.502000,133.297787
6913,57.372869,6.773000,147.645061
6914,57.379797,6.928000,144.341801
6915,57.386795,6.998000,142.897971
6916,57.393599,6.804000,146.972369
6917,57.400514,6.915000,144.613160
6918,57.407144,6.630000,150.829563
6919,57.414235,7.091000,141.023833
6920,57.421186,6.951000,143.864192
6921,57.427980,6.794000,147.188696
6922,57.434927,6.947000,143.947027
6923,57.441761,6.834000,146.327188
6924,57.447994,6.233000,160.436387
6925,57.455174,7.180000,139.275766
6926,57.462240,7.066000,141.522785
6927,57.469487,7.247000,137.988133
6928,57.476287,6.800000,147.058824
6929,57.483253,6.966000,143.554407
6930,57.490087,6.834000,146.327188
6931,57.496972,6.885000,145.243282
6932,57.504025,7.053000,141.783638
6933,57.510820,6.795000,147.167035
6934,57.517760,6.940000,144.092219
6935,57.524649,6.889000,145.158949
6936,57.531554,6.905000,144.822592
6937,57.538448,6.894000,145.053670
6938,57.545314,6.866000,145.645208
6939,57.552267,6.953000,143.822810
6940,57.559332,7.065000,141.542817
6941,57.566003,6.671000,149.902563
6942,57.572323,6.320000,158.227848
6943,57.579903,7.580000,131.926121
6944,57.586713,6.810000,146.842878
6945,57.593603,6.890000,145.137881
6946,57.600500,6.897000,144.990576
6947,57.607386,6.886000,145.222190
6948,57.614298,6.912000,144.675926
6949,57.621204,6.906000,144.801622
6950,57.628085,6.881000,145.327714
6951,57.635046,6.961000,143.657520
6952,57.641865,6.819000,146.649069
6953,57.648820,6.955000,143.781452
6954,57.655671,6.851000,145.964093
6955,57.662269,6.598000,151.561079
6956,57.669554,7.285000,137.268360
6957,57.676351,6.797000,147.123731
6958,57.683317,6.966000,143.554407
6959,57.690088,6.771000,147.688672
6960,57.697109,7.021000,142.429853
6961,57.704034,6.925000,144.404332
6962,57.710885,6.851000,145.964093
6963,57.717289,6.404000,156.152405
6964,57.724778,7.489000,133.529176
6965,57.731578,6.800000,147.058824
6966,57.738512,6.934000,144.216902
6967,57.744722,6.210000,161.030596
6968,57.752424,7.702000,129.836406
6969,57.759160,6.736000,148.456057
6970,57.766081,6.921000,144.487791
6971,57.772981,6.900000,144.927536
6972,57.779891,6.910000,144.717800
6973,57.786831,6.940000,144.092219
6974,57.793673,6.842000,146.156095
6975,57.800582,6.909000,144.738747
6976,57.807471,6.889000,145.158949
6977,57.814359,6.888000,145.180023
6978,57.821183,6.824000,146.541618
6979,57.828202,7.019000,142.470437
6980,57.835090,6.888000,145.180023
6981,57.841971,6.881000,145.327714
6982,57.848905,6.934000,144.216902
6983,57.855753,6.848000,146.028037
6984,57.862676,6.923000,144.446049
6985,57.869576,6.900000,144.927536
6986,57.876472,6.896000,145.011601
6987,57.883382,6.910000,144.717800
6988,57.890259,6.877000,145.412244
6989,57.897176,6.917000,144.571346
6990,57.904065,6.889000,145.158949
6991,57.910964,6.899000,144.948543
6992,57.917887,6.923000,144.446049
6993,57.924769,6.882000,145.306597
6994,57.931668,6.899000,144.948543
6995,57.938589,6.921000,144.487791
6996,57.945457,6.868000,145.602796
6997,57.952385,6.928000,144.341801
6998,57.959276,6.891000,145.116819
6999,57.966210,6.934000,144.216902
7000,57.973052,6.842000,146.156095
7001,57.979986,6.934000,144.216902
7002,57.986883,6.897000,144.990576
7003,57.993811,6.928000,144.341801
7004,58.000686,6.875000,145.454545
7005,58.007583,6.897000,144.990576
7006,58.014450,6.867000,145.623999
7007,58.021396,6.946000,143.967751
7008,58.028274,6.878000,145.391102
7009,58.035200,6.926000,144.383483
7010,58.042072,6.872000,145.518044
7011,58.048979,6.907000,144.780657
7012,58.055858,6.879000,145.369967
7013,58.062198,6.340000,157.728707
7014,58.069761,7.563000,132.222663
7015,58.076580,6.819000,146.649069
7016,58.083500,6.920000,144.508671
7017,58.090115,6.615000,151.171580
7018,58.097313,7.198000,138.927480
7019,58.103524,6.211000,161.004669
7020,58.110471,6.947000,143.947027
7021,58.118048,7.577000,131.978356
7022,58.124874,6.826000,146.498682
7023,58.131342,6.468000,154.607297
7024,58.138747,7.405000,135.043889
7025,58.145546,6.799000,147.080453
7026,58.152503,6.957000,143.740118
7027,58.159369,6.866000,145.645208
7028,58.166298,6.929000,144.320970
7029,58.173164,6.866000,145.645208
7030,58.180082,6.918000,144.550448
7031,58.187004,6.922000,144.466917
7032,58.193879,6.875000,145.454545
7033,58.200799,6.920000,144.508671
7034,58.207665,6.866000,145.645208
7035,58.214544,6.879000,145.369967
7036,58.221500,6.956000,143.760782
7037,58.228377,6.877000,145.412244
7038,58.235282,6.905000,144.822592
7039,58.242184,6.902000,144.885540
7040,58.249087,6.903000,144.864552
7041,58.255954,6.867000,145.623999
7042,58.262891,6.937000,144.154534
7043,58.269770,6.879000,145.369967
7044,58.276677,6.907000,144.780657
7045,58.283589,6.912000,144.675926
7046,58.290504,6.915000,144.613160
7047,58.297358,6.854000,145.900204
7048,58.304276,6.918000,144.550448
7049,58.310438,6.162000,162.284972
7050,58.318226,7.788000,128.402671
7051,58.324949,6.723000,148.743121
7052,58.331886,6.937000,144.154534
7053,58.338799,6.913000,144.654998
7054,58.345659,6.860000,145.772595
7055,58.352597,6.938000,144.133756
7056,58.359448,6.851000,145.964093
7057,58.366429,6.981000,143.245953
7058,58.373240,6.811000,146.821318
7059,58.380181,6.941000,144.071459
7060,58.387073,6.892000,145.095763
7061,58.393961,6.888000,145.180023
7062,58.400868,6.907000,144.780657
7063,58.407765,6.897000,144.990576
7064,58.414651,6.886000,145.222190
7065,58.421586,6.935000,144.196107
7066,58.428454,6.868000,145.602796
7067,58.435404,6.950000,143.884892
7068,58.442287,6.883000,145.285486
7069,58.449215,6.928000,144.341801
7070,58.455480,6.265000,159.616919
7071,58.463050,7.570000,132.100396
7072,58.469869,6.819000,146.649069
7073,58.476767,6.898000,144.969556
7074,58.483680,6.913000,144.654998
7075,58.490559,6.879000,145.369967
7076,58.497487,6.928000,144.341801
7077,58.504382,6.895000,145.032632
7078,58.511317,6.935000,144.196107
7079,58.517910,6.593000,151.676020
7080,58.525065,7.155000,139.762404
7081,58.531618,6.553000,152.601862
7082,58.539110,7.492000,133.475707
7083,58.545519,6.409000,156.030582
7084,58.552735,7.216000,138.580931
7085,58.559579,6.844000,146.113384
7086,58.566099,6.520000,153.374233
7087,58.573487,7.388000,135.354629
7088,58.580296,6.809000,146.864444
7089,58.587252,6.956000,143.760782
7090,58.594252,7.000000,142.857143
7091,58.600585,6.333000,157.903048
7092,58.608178,7.593000,131.700250
7093,58.614230,6.052000,165.234633
7094,58.621400,7.170000,139.470014
7095,58.628697,7.297000,137.042620
7096,58.635676,6.979000,143.287004
7097,58.642390,6.714000,148.942508
7098,58.649454,7.064000,141.562854
7099,58.656217,6.763000,147.863374
7100,58.663164,6.947000,143.947027
7101,58.669969,6.805000,146.950771
7102,58.678020,8.051000,124.208173
7103,58.683763,5.743000,174.125022
7104,58.690710,6.947000,143.947027
7105,58.697599,6.889000,145.158949
7106,58.704838,7.239000,138.140627
7107,58.711410,6.572000,152.160682
7108,58.718454,7.044000,141.964793
7109,58.725142,6.688000,149.521531
7110,58.732197,7.055000,141.743444
7111,58.739164,6.967000,143.533802
7112,58.746074,6.910000,144.717800
7113,58.752895,6.821000,146.606069
7114,58.759750,6.855000,145.878920
7115,58.766646,6.896000,145.011601
7116,58.777267,10.621000,94.153093
7117,58.780036,2.769000,361.141206
7118,58.787520,7.484000,133.618386
7119,58.794224,6.704000,149.164678
7120,58.801374,7.150000,139.860140
7121,58.808925,7.551000,132.432790
7122,58.814809,5.884000,169.952413
7123,58.821805,6.996000,142.938822
7124,58.829447,7.642000,130.855797
7125,58.835591,6.144000,162.760417
7126,58.842540,6.949000,143.905598
7127,58.849399,6.859000,145.793847
7128,58.856281,6.882000,145.306597
7129,58.863217,6.936000,144.175317
7130,58.870141,6.924000,144.425188
7131,58.877014,6.873000,145.496872
7132,58.883971,6.957000,143.740118
7133,58.890812,6.841000,146.177459
7134,58.897627,6.815000,146.735143
7135,58.904791,7.164000,139.586823
7136,58.911523,6.732000,148.544266
7137,58.918516,6.993000,143.000143
7138,58.925258,6.742000,148.323939
7139,58.932260,7.002000,142.816338
7140,58.939051,6.791000,147.253718
7141,58.946055,7.004000,142.775557
7142,58.952895,6.840000,146.198830
7143,58.959178,6.283000,159.159637
7144,58.966796,7.618000,131.268049
7145,58.973650,6.854000,145.900204
7146,58.980190,6.540000,152.905199
7147,58.987527,7.337000,136.295489
7148,58.994266,6.739000,148.389969
7149,59.001269,7.003000,142.795945
7150,59.008100,6.831000,146.391451
7151,59.015200,7.100000,140.845070
7152,59.021899,6.699000,149.276011
7153,59.029062,7.163000,139.606310
7154,59.035428,6.366000,157.084511
7155,59.042766,7.338000,136.276915
7156,59.049462,6.696000,149.342891
7157,59.056431,6.969000,143.492610
7158,59.063267,6.836000,146.284377
7159,59.070154,6.887000,145.201104
7160,59.077050,6.896000,145.011601
7161,59.084109,7.059000,141.663125
7162,59.090854,6.745000,148.257969
7163,59.097847,6.993000,143.000143
7164,59.104686,6.839000,146.220208
7165,59.111631,6.945000,143.988481
7166,59.118493,6.862000,145.730108
7167,59.125471,6.978000,143.307538
7168,59.132030,6.559000,152.462266
7169,59.139304,7.274000,137.475942
7170,59.146044,6.740000,148.367953
7171,59.153175,7.131000,140.232786
7172,59.159831,6.656000,150.240385
7173,59.166849,7.018000,142.490738
7174,59.173657,6.808000,146.886016
7175,59.180656,6.999000,142.877554
7176,59.187471,6.815000,146.735143
7177,59.194482,7.011000,142.633005
7178,59.201250,6.768000,147.754137
7179,59.207785,6.535000,153.022188
7180,59.215126,7.341000,136.221223
7181,59.221546,6.420000,155.763240
7182,59.228941,7.395000,135.226504
7183,59.235896,6.955000,143.781452
7184,59.242649,6.753000,148.082334
7185,59.249414,6.765000,147.819660
7186,59.255970,6.556000,152.532032
7187,59.263462,7.492000,133.475707
7188,59.270264,6.802000,147.015584
7189,59.277413,7.149000,139.879703
7190,59.284282,6.869000,145.581598
7191,59.291137,6.855000,145.878920
7192,59.298061,6.924000,144.425188
7193,59.304682,6.621000,151.034587
7194,59.311780,7.098000,140.884756
7195,59.318955,7.175000,139.372822
7196,59.325717,6.762000,147.885241
7197,59.332450,6.733000,148.522204
7198,59.339287,6.837000,146.262981
7199,59.346099,6.812000,146.799765
7200,59.352657,6.558000,152.485514
7201,59.360165,7.508000,133.191263
7202,59.367123,6.958000,143.719460
7203,59.373905,6.782000,147.449130
7204,59.380860,6.955000,143.781452
7205,59.387750,6.890000,145.137881
7206,59.394672,6.922000,144.466917
7207,59.401156,6.484000,154.225787
7208,59.408595,7.439000,134.426670
7209,59.415229,6.634000,150.738619
7210,59.422158,6.929000,144.320970
7211,59.428957,6.799000,147.080453
7212,59.436171,7.214000,138.619351
7213,59.442803,6.632000,150.784077
7214,59.449882,7.079000,141.262890
7215,59.456416,6.534000,153.045608
7216,59.464297,7.881000,126.887451
7217,59.470125,5.828000,171.585450
7218,59.477560,7.435000,134.498991
7219,59.484497,6.937000,144.154534
7220,59.491374,6.877000,145.412244
7221,59.497643,6.269000,159.515074
7222,59.505234,7.591000,131.734949
7223,59.511787,6.553000,152.601862
7224,59.519213,7.426000,134.661998
7225,59.525761,6.548000,152.718387
7226,59.532744,6.983000,143.204926
7227,59.539378,6.634000,150.738619
7228,59.546560,7.182000,139.236981
7229,59.553233,6.673000,149.857635
7230,59.560451,7.218000,138.542533
7231,59.567024,6.573000,152.137532
7232,59.574323,7.299000,137.005069
7233,59.580763,6.440000,155.279503
7234,59.588165,7.402000,135.098622
7235,59.594851,6.686000,149.566258
7236,59.601632,6.781000,147.470875
7237,59.608375,6.743000,148.301943
7238,59.615437,7.062000,141.602945
7239,59.622170,6.733000,148.522204
7240,59.629162,6.992000,143.020595
7241,59.636062,6.900000,144.927536
7242,59.642946,6.884000,145.264381
7243,59.649873,6.927000,144.362639
7244,59.656698,6.825000,146.520147
7245,59.663640,6.942000,144.050706
7246,59.670559,6.919000,144.529556
7247,59.677379,6.820000,146.627566
7248,59.684326,6.947000,143.947027
7249,59.691082,6.756000,148.016578
7250,59.698247,7.165000,139.567341
7251,59.705078,6.831000,146.391451
7252,59.711923,6.845000,146.092038
7253,59.718812,6.889000,145.158949
7254,59.725658,6.846000,146.070698
7255,59.732638,6.980000,143.266476
7256,59.739737,7.099000,140.864911
7257,59.746361,6.624000,150.966184
7258,59.753340,6.979000,143.287004
7259,59.760191,6.851000,145.964093
7260,59.767136,6.945000,143.988481
7261,59.773994,6.858000,145.815106
7262,59.780900,6.906000,144.801622
7263,59.787844,6.944000,144.009217
7264,59.794695,6.851000,145.964093
7265,59.801624,6.929000,144.320970
7266,59.808275,6.651000,150.353330
7267,59.815460,7.185000,139.178845
7268,59.822260,6.800000,147.058824
7269,59.829179,6.919000,144.529556
7270,59.835618,6.439000,155.303619
7271,59.843082,7.464000,133.976420
7272,59.849691,6.609000,151.308821
7273,59.856851,7.160000,139.664804
7274,59.863681,6.830000,146.412884
7275,59.870617,6.936000,144.175317
7276,59.877000,6.383000,156.666144
7277,59.883860,6.860000,145.772595
7278,59.891352,7.492000,133.475707
7279,59.898176,6.824000,146.541618
7280,59.905081,6.905000,144.822592
7281,59.911975,6.894000,145.053670
7282,59.918870,6.895000,145.032632
7283,59.925774,6.904000,144.843569
7284,59.932671,6.897000,144.990576
7285,59.939704,7.033000,142.186833
7286,59.946456,6.752000,148.104265
7287,59.953403,6.947000,143.947027
7288,59.960286,6.883000,145.285486
7289,59.967196,6.910000,144.717800
7290,59.974062,6.866000,145.645208
7291,59.980913,6.851000,145.964093
7292,59.995342,14.429000,69.304872
7293,59.995400,0.058000,17241.379310
7294,60.001643,6.243000,160.179401
7295,60.008803,7.160000,139.664804
7296,60.015526,6.723000,148.743121
7297,60.022521,6.995000,142.959257
7298,60.107301,84.780000,11.795235
7299,60.108359,1.058000,945.179584
7300,60.559848,451.489000,2.214893
7301,60.568171,8.323000,120.148985
7302,60.576837,8.666000,115.393492
7303,60.591531,14.694000,68.054988
7304,60.596890,5.359000,186.601978
7305,60.618707,21.817000,45.835816
7306,60.619279,0.572000,1748.251748
7307,60.630827,11.548000,86.595081
7308,60.636082,5.255000,190.294957
7309,60.651747,15.665000,63.836578
7310,60.657281,5.534000,180.701120
7311,60.671176,13.895000,71.968334
7312,60.676670,5.494000,182.016746
7313,60.685285,8.615000,116.076611
7314,60.691534,6.249000,160.025604
7315,60.709996,18.462000,54.165313
7316,60.717374,7.378000,135.538086
7317,60.724632,7.258000,137.779002
7318,60.732392,7.760000,128.865979
7319,60.738081,5.689000,175.777817
7320,60.744824,6.743000,148.301943
7321,60.751989,7.165000,139.567341
7322,60.758860,6.871000,145.539223
7323,60.773024,14.164000,70.601525
7324,60.781803,8.779000,113.908190
7325,60.790689,8.886000,112.536574
7326,60.798920,8.231000,121.491921
7327,60.803230,4.310000,232.018561
7328,60.812095,8.865000,112.803158
7329,60.816468,4.373000,228.675966
7330,60.824596,8.128000,123.031496
7331,60.829499,4.903000,203.956761
7332,60.835923,6.424000,155.666252
7333,60.842744,6.821000,146.606069
7334,60.846347,3.603000,277.546489
7335,60.856090,9.743000,102.637791
7336,60.861941,5.851000,170.910955
7337,60.869809,7.868000,127.097102
7338,60.873410,3.601000,277.700639
7339,60.899456,26.046000,38.393611
7340,60.903029,3.573000,279.876854
7341,60.923832,20.803000,48.069990
7342,60.928381,4.549000,219.828534
7343,60.950179,21.798000,45.875768
7344,60.954698,4.519000,221.287896
7345,60.962551,7.853000,127.339870
7346,60.966314,3.763000,265.745416
7347,60.976027,9.713000,102.954803
7348,60.980891,4.864000,205.592105
7349,60.989690,8.799000,113.649278
7350,60.995818,6.128000,163.185379
7351,61.003112,7.294000,137.098985
7352,61.006226,3.114000,321.130379
7353,61.013494,7.268000,137.589433
7354,61.016599,3.105000,322.061192
7355,61.029242,12.643000,79.095151
7356,61.034750,5.508000,181.554103
7357,61.042597,7.847000,127.437237
7358,61.046571,3.974000,251.635632
7359,61.055683,9.112000,109.745391
7360,61.059051,3.368000,296.912114
7361,61.069274,10.223000,97.818644
7362,61.075284,6.010000,166.389351
7363,61.082739,7.455000,134.138162
7364,61.090168,7.429000,134.607619
7365,61.096347,6.179000,161.838485
7366,61.102474,6.127000,163.212012
7367,61.106579,4.105000,243.605359
7368,61.109576,2.997000,333.667000
7369,61.123526,13.950000,71.684588
7370,61.127129,3.603000,277.546489
7371,61.136956,9.827000,101.760456
7372,61.141215,4.259000,234.796901
7373,61.148659,7.444000,134.336378
7374,61.152247,3.588000,278.706800
7375,61.164399,12.152000,82.290981
7376,61.170463,6.064000,164.907652
7377,61.175223,4.760000,210.084034
7378,61.178619,3.396000,294.464075
7379,61.189086,10.467000,95.538359
7380,61.195138,6.052000,165.234633
7381,61.202766,7.628000,131.095962
7382,61.209745,6.979000,143.287004
7383,61.215822,6.077000,164.554879
7384,61.223269,7.447000,134.282261
7385,61.229166,5.897000,169.577751
7386,61.236422,7.256000,137.816979
7387,61.242273,5.851000,170.910955
7388,61.250051,7.778000,128.567755
7389,61.255601,5.550000,180.180180
7390,61.264738,9.137000,109.445113
7391,61.268927,4.189000,238.720458
7392,61.277657,8.730000,114.547537
7393,61.285947,8.290000,120.627262
7394,61.291060,5.113000,195.579894
7395,61.309656,18.596000,53.775005
7396,61.319350,9.694000,103.156592
7397,61.324344,4.994000,200.240288
7398,61.329695,5.351000,186.880957
7399,61.336234,6.539000,152.928582
7400,61.346098,9.864000,101.378751
7401,61.352403,6.305000,158.604282
7402,61.362756,10.353000,96.590360
7403,61.373837,11.081000,90.244563
7404,61.379692,5.855000,170.794193
7405,61.387965,8.273000,120.875136
7406,61.392546,4.581000,218.292949
7407,61.402794,10.248000,97.580016
7408,61.410729,7.935000,126.023945
7409,61.414845,4.116000,242.954325
7410,61.418012,3.167000,315.756236
7411,61.429705,11.693000,85.521252
7412,61.437372,7.667000,130.429112
7413,61.441254,3.882000,257.599176
7414,61.444273,3.019000,331.235508
7415,61.447690,3.417000,292.654375
7416,61.453425,5.735000,174.367916
7417,61.455975,2.550000,392.156863
7418,61.459301,3.326000,300.661455
7419,61.463792,4.491000,222.667557
7420,61.470135,6.343000,157.654107
7421,61.482859,12.724000,78.591638
7422,61.489197,6.338000,157.778479
7423,61.491478,2.281000,438.404209
7424,61.494123,2.645000,378.071834
7425,61.509512,15.389000,64.981480
7426,61.515245,5.733000,174.428746
7427,61.519178,3.933000,254.258835
7428,61.522766,3.588000,278.706800
7429,61.526722,3.956000,252.780586
7430,61.532132,5.410000,184.842884
7431,61.535746,3.614000,276.701716
7432,61.540807,5.061000,197.589409
7433,61.544346,3.539000,282.565697
7434,61.546770,2.424000,412.541254
7435,61.552650,5.880000,170.068027
7436,61.556795,4.145000,241.254524
7437,61.561793,4.998000,200.080032
7438,61.564484,2.691000,371.609067
7439,61.571216,6.732000,148.544266
7440,61.573855,2.639000,378.931413
7441,61.589437,15.582000,64.176614
7442,61.594548,5.111000,195.656427
7443,61.598453,3.905000,256.081946
7444,61.601013,2.560000,390.625000
7445,61.615680,14.667000,68.180269
7446,61.618690,3.010000,332.225914
7447,61.623999,5.309000,188.359390
7448,61.626359,2.360000,423.728814
7449,61.642759,16.400000,60.975610
7450,61.647631,4.872000,205.254516
7451,61.650566,2.935000,340.715503
7452,61.652886,2.320000,431.034483
7453,61.669169,16.283000,61.413744
7454,61.673126,3.957000,252.716705
7455,61.677843,4.717000,211.999152
7456,61.680209,2.366000,422.654269
7457,61.685223,5.014000,199.441564
7458,61.687964,2.741000,364.830354
7459,61.695930,7.966000,125.533517
7460,61.698952,3.022000,330.906684
7461,61.706390,7.438000,134.444743
7462,61.709086,2.696000,370.919881
7463,61.716985,7.899000,126.598304
7464,61.719952,2.967000,337.040782
7465,61.735857,15.905000,62.873310
7466,61.738861,3.004000,332.889481
7467,61.754726,15.865000,63.031831
7468,61.757785,3.059000,326.904217
7469,61.775725,17.940000,55.741360
7470,61.778769,3.044000,328.515112
7471,61.786623,7.854000,127.323657
7472,61.789307,2.684000,372.578241
7473,61.795014,5.707000,175.223410
7474,61.798101,3.087000,323.939099
7475,61.804901,6.800000,147.058824
7476,61.808012,3.111000,321.440051
7477,61.814775,6.763000,147.863374
7478,61.817463,2.688000,372.023810
7479,61.823715,6.252000,159.948816
7480,61.826823,3.108000,321.750322
7481,61.842365,15.542000,64.341784
7482,61.845463,3.098000,322.788896
7483,61.852018,6.555000,152.555301
7484,61.854679,2.661000,375.798572
7485,61.860604,5.925000,168.776371
7486,61.863978,3.374000,296.384114
7487,61.869125,5.147000,194.287935
7488,61.871970,2.845000,351.493849
7489,61.878916,6.946000,143.967751
7490,61.881597,2.681000,372.995151
7491,61.885927,4.330000,230.946882
7492,61.888814,2.887000,346.380326
7493,61.894616,5.802000,172.354361
7494,61.897239,2.623000,381.242852
7495,61.903892,6.653000,150.308132
7496,61.906915,3.023000,330.797221
7497,61.913989,7.074000,141.362737
7498,61.917082,3.093000,323.310702
7499,61.923218,6.136000,162.972621
7500,61.926299,3.081000,324.569945
7501,61.932271,5.972000,167.448091
7502,61.934636,2.365000,422.832981
7503,61.944579,9.943000,100.573268
7504,61.947262,2.683000,372.717108
7505,61.962275,15.013000,66.608939
7506,61.965372,3.097000,322.893122
7507,61.970624,5.252000,190.403656
7508,61.973071,2.447000,408.663670
7509,61.988907,15.836000,63.147259
7510,61.992152,3.245000,308.166410
7511,61.997438,5.286000,189.178963
7512,61.999949,2.511000,398.247710
7513,62.015730,15.781000,63.367340
7514,62.020504,4.774000,209.467951
7515,62.025441,4.937000,202.552157
7516,62.028030,2.589000,386.249517
7517,62.033879,5.849000,170.969396
7518,62.037327,3.448000,290.023202
7519,62.043000,5.673000,176.273577
7520,62.046121,3.121000,320.410125
7521,62.052185,6.064000,164.907652
7522,62.054736,2.551000,392.003136
7523,62.060623,5.887000,169.865806
7524,62.064085,3.462000,288.850376
7525,62.070262,6.177000,161.890886
7526,62.076110,5.848000,170.998632
7527,62.079050,2.940000,340.136054
7528,62.082188,3.138000,318.674315
7529,62.085116,2.928000,341.530055
7530,62.090358,5.242000,190.766883
7531,62.094173,3.815000,262.123198
7532,62.096760,2.587000,386.548125
7533,62.103670,6.910000,144.717800
7534,62.106770,3.100000,322.580645
7535,62.122487,15.717000,63.625374
7536,62.128515,6.028000,165.892502
7537,62.131462,2.947000,339.328130
7538,62.134018,2.556000,391.236307
7539,62.149236,15.218000,65.711657
7540,62.155416,6.180000,161.812298
7541,62.157514,2.098000,476.644423
7542,62.160025,2.511000,398.247710
7543,62.175897,15.872000,63.004032
7544,62.181789,5.892000,169.721656
7545,62.184222,2.433000,411.015208
7546,62.187042,2.820000,354.609929
7547,62.202506,15.464000,64.666322
7548,62.209048,6.542000,152.858453
7549,62.211148,2.100000,476.190476
7550,62.213318,2.170000,460.829493
7551,62.229309,15.991000,62.535176
7552,62.235262,5.953000,167.982530
7553,62.237575,2.313000,432.338954
7554,62.240597,3.022000,330.906684
7555,62.255878,15.281000,65.440743
7556,62.261980,6.102000,163.880695
7557,62.264640,2.660000,375.939850
7558,62.266864,2.224000,449.640288
7559,62.282507,15.643000,63.926357
7560,62.288807,6.300000,158.730159
7561,62.291171,2.364000,423.011844
7562,62.294188,3.017000,331.455088
7563,62.309323,15.135000,66.072019
7564,62.316322,6.999000,142.877554
7565,62.318668,2.346000,426.257460
7566,62.322399,3.731000,268.024658
7567,62.325011,2.612000,382.848392
7568,62.331012,6.001000,166.638894
7569,62.334656,3.644000,274.423710
7570,62.337425,2.769000,361.141206
7571,62.343582,6.157000,162.416761
7572,62.346589,3.007000,332.557366
7573,62.362529,15.940000,62.735257
7574,62.368834,6.305000,158.604282
7575,62.375787,6.953000,143.822810
7576,62.382345,6.558000,152.485514
7577,62.389079,6.734000,148.500149
7578,62.395065,5.986000,167.056465
7579,62.397630,2.565000,389.863548
7580,62.400654,3.024000,330.687831
7581,62.415928,15.274000,65.470735
7582,62.422216,6.288000,159.033079
7583,62.424694,2.478000,403.551251
7584,62.427004,2.310000,432.900433
7585,62.442118,15.114000,66.163822
7586,62.445500,3.382000,295.683028
7587,62.451527,6.027000,165.920027
7588,62.454121,2.594000,385.505012
7589,62.460319,6.198000,161.342369
7590,62.463725,3.406000,293.599530
7591,62.469374,5.649000,177.022482
7592,62.472441,3.067000,326.051516
7593,62.478335,5.894000,169.664065
7594,62.481034,2.699000,370.507595
7595,62.486344,5.310000,188.323917
7596,62.489869,3.525000,283.687943
7597,62.495119,5.250000,190.476190
7598,62.497748,2.629000,380.372765
7599,62.508850,11.102000,90.073861
7600,62.512290,3.440000,290.697674
7601,62.517660,5.370000,186.219739
7602,62.521092,3.432000,291.375291
7603,62.535615,14.523000,68.856297
7604,62.538938,3.323000,300.932892
7605,62.544149,5.211000,191.901746
7606,62.547466,3.317000,301.477238
7607,62.562377,14.911000,67.064583
7608,62.566564,4.187000,238.834488
7609,62.571208,4.644000,215.331611
7610,62.574573,3.365000,297.176820
7611,62.578818,4.245000,235.571260
7612,62.582603,3.785000,264.200793
7613,62.588962,6.359000,157.257430
7614,62.592592,3.630000,275.482094
7615,62.599642,7.050000,141.843972
7616,62.602918,3.276000,305.250305
7617,62.610454,7.536000,132.696391
7618,62.615264,4.810000,207.900208
7619,62.619955,4.691000,213.174163
7620,62.623446,3.491000,286.450874
7621,62.629560,6.114000,163.559045
7622,62.632719,3.159000,316.555872
7623,62.638636,5.917000,169.004563
7624,62.641309,2.673000,374.111485
7625,62.655589,14.280000,70.028011
7626,62.660170,4.581000,218.292949
7627,62.664951,4.781000,209.161263
7628,62.667713,2.762000,362.056481
7629,62.682299,14.586000,68.558892
7630,62.685739,3.440000,290.697674
7631,62.691741,6.002000,166.611130
7632,62.694387,2.646000,377.928949
7633,62.699825,5.438000,183.891136
7634,62.703369,3.544000,282.167043
7635,62.708913,5.544000,180.375180
7636,62.711884,2.971000,336.587008
7637,62.718271,6.387000,156.568029
7638,62.720949,2.678000,373.412995
7639,62.729233,8.284000,120.714631
7640,62.732497,3.264000,306.372549
7641,62.737358,4.861000,205.718988
7642,62.741086,3.728000,268.240343
7643,62.748761,7.675000,130.293160
7644,62.752070,3.309000,302.206105
7645,62.757227,5.157000,193.911189
7646,62.759593,2.366000,422.654269
7647,62.775572,15.979000,62.582139
7648,62.778820,3.248000,307.881773
7649,62.784016,5.196000,192.455735
7650,62.786621,2.605000,383.877159
7651,62.793515,6.894000,145.053670
7652,62.796802,3.287000,304.228780
7653,62.803391,6.589000,151.768098
7654,62.806629,3.238000,308.832613
7655,62.813542,6.913000,144.654998
7656,62.816628,3.086000,324.044070
7657,62.823545,6.917000,144.571346
7658,62.826811,3.266000,306.184936
7659,62.842295,15.484000,64.582795
7660,62.845777,3.482000,287.191269
7661,62.852918,7.141000,140.036409
7662,62.855885,2.967000,337.040782
7663,62.860919,5.034000,198.649186
7664,62.865683,4.764000,209.907641
7665,62.869935,4.252000,235.183443
7666,62.874830,4.895000,204.290092
7667,62.879013,4.183000,239.062874
7668,62.881624,2.611000,382.995021
7669,62.887191,5.567000,179.629962
7670,62.890518,3.327000,300.571085
7671,62.896489,5.971000,167.476135
7672,62.899536,3.047000,328.191664
7673,62.905689,6.153000,162.522347
7674,62.908293,2.604000,384.024578
7675,62.914320,6.027000,165.920027
7676,62.917580,3.260000,306.748466
7677,62.923165,5.585000,179.051030
7678,62.926142,2.977000,335.908633
7679,62.932630,6.488000,154.130703
7680,62.935286,2.656000,376.506024
7681,62.948726,13.440000,74.404762
7682,62.951899,3.173000,315.159155
7683,62.956828,4.929000,202.880909
7684,62.959373,2.545000,392.927308
7685,62.975449,16.076000,62.204528
7686,62.978833,3.384000,295.508274
7687,62.983829,4.996000,200.160128
7688,62.986459,2.630000,380.228137
7689,63.002179,15.720000,63.613232
7690,63.006893,4.714000,212.134069
7691,63.010815,3.922000,254.971953
7692,63.013082,2.267000,441.111601
7693,63.028869,15.787000,63.343257
7694,63.032314,3.445000,290.275762
7695,63.037703,5.389000,185.563184
7696,63.041108,3.405000,293.685756
7697,63.055470,14.362000,69.628185
7698,63.059071,3.601000,277.700639
7699,63.064468,5.397000,185.288123
7700,63.066929,2.461000,406.338887
7701,63.082155,15.226000,65.677131
7702,63.087904,5.749000,173.943294
7703,63.091717,3.813000,262.260687
7704,63.095342,3.625000,275.862069
7705,63.108723,13.381000,74.732830
7706,63.113565,4.842000,206.526229
7707,63.118759,5.194000,192.529842
7708,63.122468,3.709000,269.614451
7709,63.135457,12.989000,76.988221
7710,63.142306,6.849000,146.006716
7711,63.148768,6.462000,154.750851
7712,63.154151,5.383000,185.770017
7713,63.161724,7.573000,132.048065
7714,63.166038,4.314000,231.803431
7715,63.172322,6.284000,159.134309
7716,63.176207,3.885000,257.400257
7717,63.179663,3.456000,289.351852
7718,63.182935,3.272000,305.623472
7719,63.188691,5.756000,173.731758
7720,63.193352,4.661000,214.546235
7721,63.198276,4.924000,203.086921
7722,63.200893,2.617000,382.116928
7723,63.215614,14.721000,67.930168
7724,63.220636,5.022000,199.123855
7725,63.226121,5.485000,182.315406
7726,63.229199,3.078000,324.886290
7727,63.242091,12.892000,77.567484
7728,63.245689,3.598000,277.932185
7729,63.251491,5.802000,172.354361
7730,63.254430,2.939000,340.251786
7731,63.259790,5.360000,186.567164
7732,63.263250,3.460000,289.017341
7733,63.269713,6.463000,154.726907
7734,63.273074,3.361000,297.530497
7735,63.279659,6.585000,151.860289
7736,63.282480,2.821000,354.484225
7737,63.288150,5.670000,176.366843
7738,63.291680,3.530000,283.286119
7739,63.298012,6.332000,157.927985
7740,63.301305,3.293000,303.674461
7741,63.307120,5.815000,171.969046
7742,63.310112,2.992000,334.224599
7743,63.325380,15.268000,65.496463
7744,63.328878,3.498000,285.877644
7745,63.335591,6.713000,148.964695
7746,63.338914,3.323000,300.932892
7747,63.344839,5.925000,168.776371
7748,63.347552,2.713000,368.595651
7749,63.352402,4.850000,206.185567
7750,63.357450,5.048000,198.098257
7751,63.362210,4.760000,210.084034
7752,63.365385,3.175000,314.960630
7753,63.372105,6.720000,148.809524
7754,63.374919,2.814000,355.366027
7755,63.381598,6.679000,149.723012
7756,63.384831,3.233000,309.310238
7757,63.390828,5.997000,166.750042
7758,63.393769,2.941000,340.020401
7759,63.400173,6.404000,156.152405
7760,63.403059,2.886000,346.500347
7761,63.410465,7.406000,135.025655
7762,63.413724,3.259000,306.842590
7763,63.428881,15.157000,65.976117
7764,63.432215,3.334000,299.940012
7765,63.437946,5.731000,174.489618
7766,63.440539,2.593000,385.653683
7767,63.455471,14.932000,66.970265
7768,63.458782,3.311000,302.023558
7769,63.465114,6.332000,157.927985
7770,63.467784,2.670000,374.531835
7771,63.481990,14.206000,70.392792
7772,63.484961,2.971000,336.587008
7773,63.490394,5.433000,184.060372
7774,63.492877,2.483000,402.738623
7775,63.508770,15.893000,62.920783
7776,63.512166,3.396000,294.464075
7777,63.518105,5.939000,168.378515
7778,63.520616,2.511000,398.247710
7779,63.533318,12.702000,78.727759
7780,63.536381,3.063000,326.477310
7781,63.548653,12.272000,81.486310
7782,63.552764,4.111000,243.249818
7783,63.557342,4.578000,218.435998
7784,63.560644,3.302000,302.846760
7785,63.563413,2.769000,361.141206
7786,63.568471,5.058000,197.706603
7787,63.571581,3.110000,321.543408
7788,63.574106,2.525000,396.039604
7789,63.581032,6.926000,144.383483
7790,63.584386,3.354000,298.151461
7791,63.590967,6.581000,151.952591
7792,63.594130,3.163000,316.155549
7793,63.603481,9.351000,106.940434
7794,63.606699,3.218000,310.752020
7795,63.613842,7.143000,139.997200
7796,63.616281,2.439000,410.004100
7797,63.628679,12.398000,80.658171
7798,63.631865,3.186000,313.873195
7799,63.636985,5.120000,195.312500
7800,63.639365,2.380000,420.168067
7801,63.655351,15.986000,62.554735
7802,63.658509,3.158000,316.656111
7803,63.664391,5.882000,170.010201
7804,63.666782,2.391000,418.235048
7805,63.681888,15.106000,66.198861
7806,63.685041,3.153000,317.158262
7807,63.689951,4.910000,203.665988
7808,63.692497,2.546000,392.772977
7809,63.708605,16.108000,62.080954
7810,63.711841,3.236000,309.023486
7811,63.717023,5.182000,192.975685
7812,63.719433,2.410000,414.937759
7813,63.735213,15.780000,63.371356
7814,63.738346,3.133000,319.182892
7815,63.743833,5.487000,182.248952
7816,63.746324,2.491000,401.445203
7817,63.761986,15.662000,63.848806
7818,63.765428,3.442000,290.528762
7819,63.770452,5.024000,199.044586
7820,63.773564,3.112000,321.336761
7821,63.777942,4.378000,228.414801
7822,63.781247,3.305000,302.571861
7823,63.788071,6.824000,146.541618
7824,63.791006,2.935000,340.715503
7825,63.796201,5.195000,192.492782
7826,63.799459,3.258000,306.936771
7827,63.815251,15.792000,63.323202
7828,63.819505,4.254000,235.072873
7829,63.824186,4.681000,213.629566
7830,63.826655,2.469000,405.022276
7831,63.841901,15.246000,65.590975
7832,63.849314,7.413000,134.898152
7833,63.851271,1.957000,510.986203
7834,63.854977,3.706000,269.832704
7835,63.868671,13.694000,73.024682
7836,63.876273,7.602000,131.544330
7837,63.878544,2.271000,440.334654
7838,63.881996,3.452000,289.687138
7839,63.895198,13.202000,75.746099
7840,63.899924,4.726000,211.595430
7841,63.905422,5.498000,181.884322
7842,63.910098,4.676000,213.857998
7843,63.922164,12.066000,82.877507
7844,63.930505,8.341000,119.889701
7845,63.935287,4.782000,209.117524
7846,63.939945,4.658000,214.684414
7847,63.948586,8.641000,115.727346
7848,63.956188,7.602000,131.544330
7849,63.963359,7.171000,139.450565
7850,63.968374,5.015000,199.401795
7851,63.975173,6.799000,147.080453
7852,63.986744,11.571000,86.422954
7853,63.992495,5.751000,173.882803
7854,64.002332,9.837000,101.657009
7855,64.006091,3.759000,266.028199
7856,64.015548,9.457000,105.741779
7857,64.021408,5.860000,170.648464
7858,64.026171,4.763000,209.951711
7859,64.030345,4.174000,239.578342
7860,64.042220,11.875000,84.210526
7861,64.047822,5.602000,178.507676
7862,64.052815,4.993000,200.280393
7863,64.056371,3.556000,281.214848
7864,64.068677,12.306000,81.261173
7865,64.073488,4.811000,207.856994
7866,64.078972,5.484000,182.348651
7867,64.083487,4.515000,221.483942
7868,64.095256,11.769000,84.968986
7869,64.099984,4.728000,211.505922
7870,64.106317,6.333000,157.903048
7871,64.109851,3.534000,282.965478
7872,64.116615,6.764000,147.841514
7873,64.119235,2.620000,381.679389
7874,64.125021,5.786000,172.830971
7875,64.129104,4.083000,244.917952
7876,64.135529,6.425000,155.642023
7877,64.138912,3.383000,295.595625
7878,64.148785,9.873000,101.286336
7879,64.152162,3.377000,296.120817
7880,64.157799,5.637000,177.399326
7881,64.160337,2.538000,394.011032
7882,64.175273,14.936000,66.952330
7883,64.178489,3.216000,310.945274
7884,64.184684,6.195000,161.420500
7885,64.187246,2.562000,390.320062
7886,64.192541,5.295000,188.857413
7887,64.195907,3.366000,297.088532
7888,64.201254,5.347000,187.020759
7889,64.203753,2.499000,400.160064
7890,64.209723,5.970000,167.504188
7891,64.212821,3.098000,322.788896
7892,64.228590,15.769000,63.415562
7893,64.231717,3.127000,319.795331
7894,64.237033,5.316000,188.111362
7895,64.239377,2.344000,426.621160
7896,64.255132,15.755000,63.471914
7897,64.258242,3.110000,321.543408
7898,64.263775,5.533000,180.733779
7899,64.266164,2.389000,418.585182
7900,64.281852,15.688000,63.742988
7901,64.287033,5.181000,193.012932
7902,64.290281,3.248000,307.881773
7903,64.292643,2.362000,423.370025
7904,64.311860,19.217000,52.037259
7905,64.314893,3.033000,329.706561
7906,64.321750,6.857000,145.836372
7907,64.324805,3.055000,327.332242
7908,64.329342,4.537000,220.409963
7909,64.331616,2.274000,439.753738
7910,64.338919,7.303000,136.930029
7911,64.341932,3.013000,331.895121
7912,64.349088,7.156000,139.742873
7913,64.354024,4.936000,202.593193
7914,64.357806,3.782000,264.410365
7915,64.360204,2.398000,417.014178
7916,64.367161,6.957000,143.740118
7917,64.371055,3.894000,256.805342
7918,64.375338,4.283000,233.481205
7919,64.377985,2.647000,377.786173
7920,64.385386,7.401000,135.116876
7921,64.388036,2.650000,377.358491
7922,64.393317,5.281000,189.358076
7923,64.396408,3.091000,323.519896
7924,64.401842,5.434000,184.026500
7925,64.404566,2.724000,367.107195
7926,64.410401,5.835000,171.379606
7927,64.412689,2.288000,437.062937
7928,64.417919,5.230000,191.204589
7929,64.422512,4.593000,217.722621
7930,64.426668,4.156000,240.615977
7931,64.428977,2.309000,433.087917
7932,64.434364,5.387000,185.632077
7933,64.437359,2.995000,333.889816
7934,64.442205,4.846000,206.355757
7935,64.444853,2.648000,377.643505
7936,64.450645,5.792000,172.651934
7937,64.452969,2.324000,430.292599
7938,64.468592,15.623000,64.008193
7939,64.472093,3.501000,285.632676
7940,64.477680,5.587000,178.986934
7941,64.480297,2.617000,382.116928
7942,64.484566,4.269000,234.246896
7943,64.487220,2.654000,376.789751
7944,64.492285,5.065000,197.433366
7945,64.494627,2.342000,426.985482
7946,64.508500,13.873000,72.082462
7947,64.511929,3.429000,291.630213
7948,64.516355,4.426000,225.937641
7949,64.519880,3.525000,283.687943
7950,64.535099,15.219000,65.707340
7951,64.538150,3.051000,327.761390
7952,64.542848,4.698000,212.856535
7953,64.545204,2.356000,424.448217
7954,64.562042,16.838000,59.389476
7955,64.567330,5.288000,189.107413
7956,64.570017,2.687000,372.162263
7957,64.572897,2.880000,347.222222
7958,64.577402,4.505000,221.975583
7959,64.580494,3.092000,323.415265
7960,64.586960,6.466000,154.655119
7961,64.589299,2.339000,427.533134
7962,64.601871,12.572000,79.541839
7963,64.604978,3.107000,321.853878
7964,64.612042,7.064000,141.562854
7965,64.614732,2.690000,371.747212
7966,64.621050,6.318000,158.277936
7967,64.624305,3.255000,307.219662
7968,64.630189,5.884000,169.952413
7969,64.635982,5.793000,172.622130
7970,64.638252,2.270000,440.528634
7971,64.640480,2.228000,448.833034
7972,64.655438,14.958000,66.853857
7973,64.660689,5.251000,190.439916
7974,64.665444,4.755000,210.304942
7975,64.667984,2.540000,393.700787
7976,64.673670,5.686000,175.870559
7977,64.679160,5.490000,182.149362
7978,64.681756,2.596000,385.208012
7979,64.683948,2.192000,456.204380
7980,64.689802,5.854000,170.823369
7981,64.695533,5.731000,174.489618
7982,64.708888,13.355000,74.878323
7983,64.715106,6.218000,160.823416
7984,64.718393,3.287000,304.228780
7985,64.721049,2.656000,376.506024
7986,64.726507,5.458000,183.217296
7987,64.732546,6.039000,165.590330
7988,64.735113,2.567000,389.559797
7989,64.737737,2.624000,381.097561
7990,64.748740,11.003000,90.884304
7991,64.753568,4.828000,207.125104
7992,64.757803,4.235000,236.127509
7993,64.760164,2.361000,423.549343
7994,64.775653,15.489000,64.561947
7995,64.782171,6.518000,153.421295
7996,64.784596,2.425000,412.371134
7997,64.787785,3.189000,313.577924
7998,64.792830,5.045000,198.216056
7999,64.796576,3.746000,266.951415
8000,64.802368,5.792000,172.651934
8001,64.808997,6.629000,150.852316
8002,64.812284,3.287000,304.228780
8003,64.815132,2.848000,351.123596
8004,64.822755,7.623000,131.181949
8005,64.828741,5.986000,167.056465
8006,64.842027,13.286000,75.267199
8007,64.848374,6.347000,157.554750
8008,64.852791,4.417000,226.398008
8009,64.856138,3.347000,298.775022
8010,64.861791,5.653000,176.897223
8011,64.866760,4.969000,201.247736
8012,64.882232,15.472000,64.632885
8013,64.889096,6.864000,145.687646
8014,64.894142,5.046000,198.176774
8015,64.898946,4.804000,208.159867
8016,64.912116,13.170000,75.930144
8017,64.919264,7.148000,139.899273
8018,64.924936,5.672000,176.304654
8019,64.932242,7.306000,136.873802
8020,64.935958,3.716000,269.106566
8021,64.939628,3.670000,272.479564
8022,64.948674,9.046000,110.546098
8023,64.956063,7.389000,135.336311
8024,64.959181,3.118000,320.718409
8025,64.963010,3.829000,261.164795
8026,64.975244,12.234000,81.739415
8027,64.982385,7.141000,140.036409
8028,64.985426,3.041000,328.839198
8029,64.988181,2.755000,362.976407
8030,65.001943,13.762000,72.663857
8031,65.009646,7.703000,129.819551
8032,65.012261,2.615000,382.409178
8033,65.016728,4.467000,223.863891
8034,65.028796,12.068000,82.863772
8035,65.035849,7.053000,141.783638
8036,65.039164,3.315000,301.659125
8037,65.042690,3.526000,283.607487
8038,65.055304,12.614000,79.276994
8039,65.062744,7.440000,134.408602
8040,65.066227,3.483000,287.108814
8041,65.069839,3.612000,276.854928
8042,65.082044,12.205000,81.933634
8043,65.089594,7.550000,132.450331
8044,65.092859,3.265000,306.278714
8045,65.097278,4.419000,226.295542
8046,65.109817,12.539000,79.751176
8047,65.116974,7.157000,139.723348
8048,65.120471,3.497000,285.959394
8049,65.125179,4.708000,212.404418
8050,65.128327,3.148000,317.662008
8051,65.133844,5.517000,181.257930
8052,65.138717,4.873000,205.212395
8053,65.142841,4.124000,242.483026
8054,65.149585,6.744000,148.279953
8055,65.153037,3.452000,289.687138
8056,65.160056,7.019000,142.470437
8057,65.163039,2.983000,335.232987
8058,65.169957,6.918000,144.550448
8059,65.173304,3.347000,298.775022
8060,65.188756,15.452000,64.716542
8061,65.192294,3.538000,282.645562
8062,65.198488,6.194000,161.446561
8063,65.201118,2.630000,380.228137
8064,65.207302,6.184000,161.707633
8065,65.210554,3.252000,307.503075
8066,65.216484,5.930000,168.634064
8067,65.219215,2.731000,366.166239
8068,65.225544,6.329000,158.002844
8069,65.228048,2.504000,399.361022
8070,65.241947,13.899000,71.947622
8071,65.244901,2.954000,338.524035
8072,65.251440,6.539000,152.928582
8073,65.254191,2.751000,363.504180
8074,65.259951,5.760000,173.611111
8075,65.263177,3.226000,309.981401
8076,65.269500,6.323000,158.152776
8077,65.272463,2.963000,337.495781
8078,65.278144,5.681000,176.025348
8079,65.280496,2.352000,425.170068
8080,65.286333,5.837000,171.320884
8081,65.289558,3.225000,310.077519
8082,65.295556,5.998000,166.722241
8083,65.298440,2.884000,346.740638
8084,65.304132,5.692000,175.685172
8085,65.306543,2.411000,414.765657
8086,65.321891,15.348000,65.155069
8087,65.324730,2.839000,352.236703
8088,65.330940,6.210000,161.030596
8089,65.333587,2.647000,377.786173
8090,65.340515,6.928000,144.341801
8091,65.343581,3.066000,326.157860
8092,65.349129,5.548000,180.245133
8093,65.351878,2.749000,363.768643
8094,65.356914,5.036000,198.570294
8095,65.359258,2.344000,426.621160
8096,65.375232,15.974000,62.601728
8097,65.378239,3.007000,332.557366
8098,65.383815,5.576000,179.340029
8099,65.386243,2.428000,411.861614
8100,65.401890,15.647000,63.910015
8101,65.404591,2.701000,370.233247
8102,65.410239,5.648000,177.053824
8103,65.412587,2.348000,425.894378
8104,65.428522,15.935000,62.754942
8105,65.431499,2.977000,335.908633
8106,65.436074,4.575000,218.579235
8107,65.438682,2.608000,383.435583
8108,65.444356,5.674000,176.242510
8109,65.447373,3.017000,331.455088
8110,65.455666,8.293000,120.583625
8111,65.458738,3.072000,325.520833
8112,65.465936,7.198000,138.927480
8113,65.468651,2.715000,368.324125
8114,65.476047,7.396000,135.208221
8115,65.479874,3.827000,261.301280
8116,65.495118,15.244000,65.599580
8117,65.498264,3.146000,317.863954
8118,65.503958,5.694000,175.623463
8119,65.506353,2.395000,417.536534
8120,65.521761,15.408000,64.901350
8121,65.524865,3.104000,322.164948
8122,65.531100,6.235000,160.384924
8123,65.533565,2.465000,405.679513
8124,65.548498,14.933000,66.965780
8125,65.551728,3.230000,309.597523
8126,65.558045,6.317000,158.302992
8127,65.560825,2.780000,359.712230
8128,65.567439,6.614000,151.194436
8129,65.570782,3.343000,299.132516
8130,65.576579,5.797000,172.503019
8131,65.580830,4.251000,235.238767
8132,65.587599,6.769000,147.732309
8133,65.590693,3.094000,323.206206
8134,65.597944,7.251000,137.912012
8135,65.601288,3.344000,299.043062
8136,65.608006,6.718000,148.853826
8137,65.611383,3.377000,296.120817
8138,65.617541,6.158000,162.390386
8139,65.620693,3.152000,317.258883
8140,65.627026,6.333000,157.903048
8141,65.629836,2.810000,355.871886
8142,65.634069,4.233000,236.239074
8143,65.637360,3.291000,303.859009
8144,65.642507,5.147000,194.287935
8145,65.647089,4.582000,218.245308
8146,65.655294,8.205000,121.876904
8147,65.658546,3.252000,307.503075
8148,65.664037,5.491000,182.116190
8149,65.666638,2.601000,384.467512
8150,65.681858,15.220000,65.703022
8151,65.685319,3.461000,288.933834
8152,65.690831,5.512000,181.422351
8153,65.693409,2.578000,387.897595
8154,65.708648,15.239000,65.621104
8155,65.711974,3.326000,300.661455
8156,65.717331,5.357000,186.671645
8157,65.719737,2.406000,415.627598
8158,65.735146,15.409000,64.897138
8159,65.740950,5.804000,172.294969
8160,65.744579,3.629000,275.558005
8161,65.747954,3.375000,296.296296
8162,65.761861,13.907000,71.906234
8163,65.766455,4.594000,217.675229
8164,65.771493,5.038000,198.491465
8165,65.775263,3.770000,265.251989
8166,65.788502,13.239000,75.534406
8167,65.795644,7.142000,140.016802
8168,65.798919,3.275000,305.343511
8169,65.801646,2.727000,366.703337
8170,65.815216,13.570000,73.691968
8171,65.822953,7.737000,129.249063
8172,65.826238,3.285000,304.414003
8173,65.831592,5.354000,186.776242
8174,65.841892,10.300000,97.087379
8175,65.850480,8.588000,116.441546
8176,65.855369,4.889000,204.540806
8177,65.860450,5.081000,196.811651
8178,65.868466,8.016000,124.750499
8179,65.878423,9.957000,100.431857
8180,65.885215,6.792000,147.232038
8181,65.890087,4.872000,205.254516
8182,65.898376,8.289000,120.641814
8183,65.905426,7.050000,141.843972
8184,65.909525,4.099000,243.961942
8185,65.915775,6.250000,160.000000
8186,65.920832,5.057000,197.745699
8187,65.924252,3.420000,292.397661
8188,65.932641,8.389000,119.203719
8189,65.936243,3.602000,277.623542
8190,65.948565,12.322000,81.155657
8191,65.954813,6.248000,160.051216
8192,65.958245,3.432000,291.375291
8193,65.961176,2.931000,341.180484
8194,65.967659,6.483000,154.249576
8195,65.971135,3.476000,287.686997
8196,65.977355,6.220000,160.771704
8197,65.980518,3.163000,316.155549
8198,65.987538,7.020000,142.450142
8199,65.990627,3.089000,323.729362
8200,65.996301,5.674000,176.242510
8201,65.999809,3.508000,285.062714
8202,66.015233,15.424000,64.834025
8203,66.018648,3.415000,292.825769
8204,66.023862,5.214000,191.791331
8205,66.026436,2.574000,388.500389
8206,66.041855,15.419000,64.855049
8207,66.045158,3.303000,302.755071
8208,66.051981,6.823000,146.563095
8209,66.054981,3.000000,333.333333
8210,66.061229,6.248000,160.051216
8211,66.064628,3.399000,294.204178
8212,66.071175,6.547000,152.741714
8213,66.074591,3.416000,292.740047
8214,66.082138,7.547000,132.502981
8215,66.085455,3.317000,301.477238
8216,66.091510,6.055000,165.152766
8217,66.093990,2.480000,403.225806
8218,66.108362,14.372000,69.579738
8219,66.111685,3.323000,300.932892
8220,66.117877,6.192000,161.498708
8221,66.120441,2.564000,390.015601
8222,66.127087,6.646000,150.466446
8223,66.130318,3.231000,309.501702
8224,66.136317,5.999000,166.694449
8225,66.139294,2.977000,335.908633
8226,66.148464,9.170000,109.051254
8227,66.151899,3.435000,291.120815
8228,66.157458,5.559000,179.888469
8229,66.159996,2.538000,394.011032
8230,66.166985,6.989000,143.081986
8231,66.170169,3.184000,314.070352
8232,66.177196,7.027000,142.308240
8233,66.180156,2.960000,337.837838
8234,66.189965,9.809000,101.947191
8235,66.193092,3.127000,319.795331
8236,66.199762,6.670000,149.925037
8237,66.202604,2.842000,351.864884
8238,66.209463,6.859000,145.793847
8239,66.212532,3.069000,325.839036
8240,66.228238,15.706000,63.669935
8241,66.233047,4.809000,207.943439
8242,66.237120,4.073000,245.519273
8243,66.239571,2.451000,407.996736
8244,66.254907,15.336000,65.206051
8245,66.259433,4.526000,220.945647
8246,66.264005,4.572000,218.722660
8247,66.266472,2.467000,405.350628
8248,66.281626,15.154000,65.989178
8249,66.284908,3.282000,304.692261
8250,66.289888,4.980000,200.803213
8251,66.292593,2.705000,369.685767
8252,66.308147,15.554000,64.292144
8253,66.311601,3.454000,289.519398
8254,66.316705,5.104000,195.924765
8255,66.319264,2.559000,390.777648
8256,66.325003,5.739000,174.246384
8257,66.329458,4.455000,224.466891
8258,66.333742,4.284000,233.426704
8259,66.336242,2.500000,400.000000
8260,66.348321,12.079000,82.788310
8261,66.352501,4.180000,239.234450
8262,66.357045,4.544000,220.070423
8263,66.361094,4.049000,246.974562
8264,66.363736,2.642000,378.501136
8265,66.369494,5.758000,173.671414
8266,66.372444,2.950000,338.983051
8267,66.375178,2.734000,365.764448
8268,66.382599,7.421000,134.752729
8269,66.385947,3.348000,298.685783
8270,66.401694,15.747000,63.504160
8271,66.405170,3.476000,287.686997
8272,66.412251,7.081000,141.222991
8273,66.415251,3.000000,333.333333
8274,66.421754,6.503000,153.775181
8275,66.425312,3.558000,281.056773
8276,66.432685,7.373000,135.630001
8277,66.436219,3.534000,282.965478
8278,66.442502,6.283000,159.159637
8279,66.445727,3.225000,310.077519
8280,66.452303,6.576000,152.068127
8281,66.455032,2.729000,366.434591
8282,66.461497,6.465000,154.679041
8283,66.467257,5.760000,173.611111
8284,66.471090,3.833000,260.892252
8285,66.474227,3.137000,318.775901
8286,66.481150,6.923000,144.446049
8287,66.484242,3.092000,323.415265
8288,66.500579,16.337000,61.210749
8289,66.504354,3.775000,264.900662
8290,66.521775,17.421000,57.401986
8291,66.526706,4.931000,202.798621
8292,66.531999,5.293000,188.928774
8293,66.534914,2.915000,343.053173
8294,66.541936,7.022000,142.409570
8295,66.545520,3.584000,279.017857
8296,66.561898,16.378000,61.057516
8297,66.568118,6.220000,160.771704
8298,66.571205,3.087000,323.939099
8299,66.574304,3.099000,322.684737
8300,66.588216,13.912000,71.880391
8301,66.593928,5.712000,175.070028
8302,66.597510,3.582000,279.173646
8303,66.601464,3.954000,252.908447
8304,66.614982,13.518000,73.975440
8305,66.621923,6.941000,144.071459
8306,66.625176,3.253000,307.408546
8307,66.629377,4.201000,238.038562
8308,66.641616,12.239000,81.706022
8309,66.648672,7.056000,141.723356
8310,66.652032,3.360000,297.619048
8311,66.656620,4.588000,217.959895
8312,66.668522,11.902000,84.019493
8313,66.676378,7.856000,127.291242
8314,66.679665,3.287000,304.228780
8315,66.685057,5.392000,185.459941
8316,66.694889,9.832000,101.708706
8317,66.702868,7.979000,125.328989
8318,66.708204,5.336000,187.406297
8319,66.714176,5.972000,167.448091
8320,66.721138,6.962000,143.636886
8321,66.724119,2.981000,335.457900
8322,66.734933,10.814000,92.472721
8323,66.741395,6.462000,154.750851
8324,66.744728,3.333000,300.030003
8325,66.748898,4.170000,239.808153
8326,66.761574,12.676000,78.889240
8327,66.766538,4.964000,201.450443
8328,66.770981,4.443000,225.073149
8329,66.774398,3.417000,292.654375
8330,66.788199,13.801000,72.458517
8331,66.791928,3.729000,268.168410
8332,66.797402,5.474000,182.681768
8333,66.801037,3.635000,275.103164
8334,66.815053,14.016000,71.347032
8335,66.820869,5.816000,171.939477
8336,66.824626,3.757000,266.169816
8337,66.827882,3.256000,307.125307
8338,66.841533,13.651000,73.254707
8339,66.845152,3.619000,276.319425
8340,66.850605,5.453000,183.385292
8341,66.854268,3.663000,273.000273
8342,66.868467,14.199000,70.427495
8343,66.873074,4.607000,217.060994
8344,66.878068,4.994000,200.240288
8345,66.881091,3.023000,330.797221
8346,66.886127,5.036000,198.570294
8347,66.889642,3.515000,284.495021
8348,66.897467,7.825000,127.795527
8349,66.903265,5.798000,172.473267
8350,66.908540,5.275000,189.573460
8351,66.914512,5.972000,167.448091
8352,66.919480,4.968000,201.288245
8353,66.922484,3.004000,332.889481
8354,66.930154,7.670000,130.378096
8355,66.933569,3.415000,292.825769
8356,66.948298,14.729000,67.893272
8357,66.952660,4.362000,229.252636
8358,66.957321,4.661000,214.546235
8359,66.959741,2.420000,413.223140
8360,66.974866,15.125000,66.115702
8361,66.978529,3.663000,273.000273
8362,66.984674,6.145000,162.733930
8363,66.987457,2.783000,359.324470
8364,66.993082,5.625000,177.777778
8365,66.996660,3.578000,279.485746
8366,67.002054,5.394000,185.391175
8367,67.005147,3.093000,323.310702
8368,67.014858,9.711000,102.976007
8369,67.019106,4.248000,235.404896
8370,67.023923,4.817000,207.598090
8371,67.026577,2.654000,376.789751
8372,67.041521,14.944000,66.916488
8373,67.047936,6.415000,155.884645
8374,67.051023,3.087000,323.939099
8375,67.053371,2.348000,425.894378
8376,67.068190,14.819000,67.480937
8377,67.071905,3.715000,269.179004
8378,67.077812,5.907000,169.290672
8379,67.080523,2.711000,368.867577
8380,67.094874,14.351000,69.681555
8381,67.101273,6.399000,156.274418
8382,67.104473,3.200000,312.500000
8383,67.108490,4.017000,248.941997
8384,67.121497,13.007000,76.881679
8385,67.128829,7.332000,136.388434
8386,67.131984,3.155000,316.957211
8387,67.136210,4.226000,236.630383
8388,67.148091,11.881000,84.167999
8389,67.155671,7.580000,131.926121
8390,67.160468,4.797000,208.463623
8391,67.163544,3.076000,325.097529
8392,67.170302,6.758000,147.972773
8393,67.174593,4.291000,233.045910
8394,67.177564,2.971000,336.587008
8395,67.183316,5.752000,173.852573
8396,67.185922,2.606000,383.729854
8397,67.188337,2.415000,414.078675
8398,67.191786,3.449000,289.939113
8399,67.195205,3.419000,292.483182
8400,67.198229,3.024000,330.687831
8401,67.214977,16.748000,59.708622
8402,67.218119,3.142000,318.268619
8403,67.224730,6.611000,151.263046
8404,67.227206,2.476000,403.877221
8405,67.235156,7.950000,125.786164
8406,67.238271,3.115000,321.027287
8407,67.255130,16.859000,59.315499
8408,67.259066,3.936000,254.065041
8409,67.266231,7.165000,139.567341
8410,67.269017,2.786000,358.937545
8411,67.284952,15.935000,62.754942
8412,67.287904,2.952000,338.753388
8413,67.295901,7.997000,125.046893
8414,67.298790,2.889000,346.140533
8415,67.304310,5.520000,181.159420
8416,67.306595,2.285000,437.636761
8417,67.321468,14.873000,67.235931
8418,67.325937,4.469000,223.763706
8419,67.329989,4.052000,246.791708
8420,67.332633,2.644000,378.214826
8421,67.348099,15.466000,64.657959
8422,67.352560,4.461000,224.164985
8423,67.356160,3.600000,277.777778
8424,67.358648,2.488000,401.929260
8425,67.374756,16.108000,62.080954
8426,67.378177,3.421000,292.312189
8427,67.382351,4.174000,239.578342
8428,67.384545,2.194000,455.788514
8429,67.401344,16.799000,59.527353
8430,67.404316,2.972000,336.473755
8431,67.408764,4.448000,224.820144
8432,67.410841,2.077000,481.463649
8433,67.428016,17.175000,58.224163
8434,67.430902,2.886000,346.500347
8435,67.435321,4.419000,226.295542
8436,67.437444,2.123000,471.031559
8437,67.441987,4.543000,220.118864
8438,67.444664,2.677000,373.552484
8439,67.452031,7.367000,135.740464
8440,67.454417,2.386000,419.111484
8441,67.461273,6.856000,145.857643
8442,67.464254,2.981000,335.457900
8443,67.469492,5.238000,190.912562
8444,67.472180,2.688000,372.023810
8445,67.480530,8.350000,119.760479
8446,67.483092,2.562000,390.320062
8447,67.489385,6.293000,158.906722
8448,67.493732,4.347000,230.043708
8449,67.508074,14.342000,69.725282
8450,67.511017,2.943000,339.789331
8451,67.516742,5.725000,174.672489
8452,67.519220,2.478000,403.551251
8453,67.524944,5.724000,174.703005
8454,67.527931,2.987000,334.784064
8455,67.533584,5.653000,176.897223
8456,67.535927,2.343000,426.803244
8457,67.541873,5.946000,168.180289
8458,67.545918,4.045000,247.218789
8459,67.561385,15.467000,64.653779
8460,67.564353,2.968000,336.927224
8461,67.569546,5.193000,192.566917
8462,67.571895,2.349000,425.713069
8463,67.588051,16.156000,61.896509
8464,67.591157,3.106000,321.957502
8465,67.596523,5.366000,186.358554
8466,67.598883,2.360000,423.728814
8467,67.614802,15.919000,62.818016
8468,67.617907,3.105000,322.061192
8469,67.623788,5.881000,170.039109
8470,67.626242,2.454000,407.497963
8471,67.641689,15.447000,64.737489
8472,67.648236,6.547000,152.741714
8473,67.650200,1.964000,509.164969
8474,67.653178,2.978000,335.795836
8475,67.668151,14.973000,66.786883
8476,67.673668,5.517000,181.257930
8477,67.676923,3.255000,307.219662
8478,67.679879,2.956000,338.294993
8479,67.694781,14.902000,67.105087
8480,67.700936,6.155000,162.469537
8481,67.703652,2.716000,368.188513
8482,67.707008,3.356000,297.973778
8483,67.721680,14.672000,68.157034
8484,67.729180,7.500000,133.333333
8485,67.732463,3.283000,304.599452
8486,67.735707,3.244000,308.261406
8487,67.748525,12.818000,78.015291
8488,67.756741,8.216000,121.713729
8489,67.760710,3.969000,251.952633
8490,67.764555,3.845000,260.078023
8491,67.775044,10.489000,95.337973
8492,67.784787,9.743000,102.637791
8493,67.789477,4.690000,213.219616
8494,67.798536,9.059000,110.387460
8495,67.802769,4.233000,236.239074
8496,67.806333,3.564000,280.583614
8497,67.812764,6.431000,155.496812
8498,67.815308,2.544000,393.081761
8499,67.818900,3.592000,278.396437
8500,67.822148,3.248000,307.881773
8501,67.825603,3.455000,289.435601
8502,67.841787,16.184000,61.789422
8503,67.848665,6.878000,145.391102
8504,67.850531,1.866000,535.905681
8505,67.853407,2.876000,347.705146
8506,67.867930,14.523000,68.856297
8507,67.871091,3.161000,316.355584
8508,67.876271,5.180000,193.050193
8509,67.878923,2.652000,377.073906
8510,67.894865,15.942000,62.727387
8511,67.900281,5.416000,184.638109
8512,67.902695,2.414000,414.250207
8513,67.906248,3.553000,281.452294
8514,67.908270,2.022000,494.559842
8515,67.911039,2.769000,361.141206
8516,67.917356,6.317000,158.302992
8517,67.920622,3.266000,306.184936
8518,67.924381,3.759000,266.028199
8519,67.930232,5.851000,170.910955
8520,67.932249,2.017000,495.785821
8521,67.934302,2.053000,487.092060
8522,67.948221,13.919000,71.844242
8523,67.953809,5.588000,178.954903
8524,67.956195,2.386000,419.111484
8525,67.959449,3.254000,307.314075
8526,67.974944,15.495000,64.536947
8527,67.980605,5.661000,176.647235
8528,67.982991,2.386000,419.111484
8529,67.985849,2.858000,349.895031
8530,68.001338,15.489000,64.561947
8531,68.004286,2.948000,339.213026
8532,68.009142,4.856000,205.930807
8533,68.011396,2.254000,443.655723
8534,68.028066,16.670000,59.988002
8535,68.031013,2.947000,339.328130
8536,68.035306,4.293000,232.937340
8537,68.037661,2.355000,424.628450
8538,68.042087,4.426000,225.937641
8539,68.044666,2.579000,387.747189
8540,68.053047,8.381000,119.317504
8541,68.055646,2.599000,384.763371
8542,68.061469,5.823000,171.732784
8543,68.064337,2.868000,348.675035
8544,68.077968,13.631000,73.362189
8545,68.080938,2.970000,336.700337
8546,68.094864,13.926000,71.808129
8547,68.097942,3.078000,324.886290
8548,68.104461,6.519000,153.397760
8549,68.107087,2.626000,380.807312
8550,68.114215,7.128000,140.291807
8551,68.117282,3.067000,326.051516
8552,68.123398,6.116000,163.505559
8553,68.126098,2.700000,370.370370
8554,68.132184,6.086000,164.311535
8555,68.134847,2.663000,375.516335
8556,68.140279,5.432000,184.094256
8557,68.143200,2.921000,342.348511
8558,68.148406,5.206000,192.086055
8559,68.151179,2.773000,360.620267
8560,68.161278,10.099000,99.019705
8561,68.164349,3.071000,325.626832
8562,68.169506,5.157000,193.911189
8563,68.171839,2.333000,428.632662
8564,68.187892,16.053000,62.293652
8565,68.191142,3.250000,307.692308
8566,68.196247,5.105000,195.886386
8567,68.198708,2.461000,406.338887
8568,68.214477,15.769000,63.415562
8569,68.217726,3.249000,307.787011
8570,68.222133,4.407000,226.911731
8571,68.224629,2.496000,400.641026
8572,68.241271,16.642000,60.088932
8573,68.244454,3.183000,314.169023
8574,68.249566,5.112000,195.618153
8575,68.251845,2.279000,438.788943
8576,68.271020,19.175000,52.151239
8577,68.276236,5.216000,191.717791
8578,68.280698,4.462000,224.114747
8579,68.283723,3.025000,330.578512
8580,68.290591,6.868000,145.602796
8581,68.293524,2.933000,340.947835
8582,68.298685,5.161000,193.760899
8583,68.302848,4.163000,240.211386
8584,68.307793,4.945000,202.224469
8585,68.311074,3.281000,304.785126
8586,68.316579,5.505000,181.653043
8587,68.318969,2.390000,418.410042
8588,68.334551,15.582000,64.176614
8589,68.337902,3.351000,298.418383
8590,68.343368,5.466000,182.949140
8591,68.345757,2.389000,418.585182
8592,68.350917,5.160000,193.798450
8593,68.354997,4.080000,245.098039
8594,68.359601,4.604000,217.202433
8595,68.362654,3.053000,327.546675
8596,68.374412,11.758000,85.048478
8597,68.378924,4.512000,221.631206
8598,68.383430,4.506000,221.926320
8599,68.386428,2.998000,333.555704
8600,68.401463,15.035000,66.511473
8601,68.408261,6.798000,147.102089
8602,68.411197,2.936000,340.599455
8603,68.414776,3.579000,279.407656
8604,68.428087,13.311000,75.125836
8605,68.435039,6.952000,143.843498
8606,68.437598,2.559000,390.777648
8607,68.441642,4.044000,247.279921
8608,68.448363,6.721000,148.787383
8609,68.452190,3.827000,261.301280
8610,68.455139,2.949000,339.097999
8611,68.457882,2.743000,364.564346
8612,68.463184,5.302000,188.608072
8613,68.465848,2.664000,375.375375
8614,68.472956,7.108000,140.686550
8615,68.478886,5.930000,168.634064
8616,68.481277,2.391000,418.235048
8617,68.487030,5.753000,173.822354
8618,68.489662,2.632000,379.939210
8619,68.492352,2.690000,371.747212
8620,68.508237,15.885000,62.952471
8621,68.513548,5.311000,188.288458
8622,68.517321,3.773000,265.041081
8623,68.520005,2.684000,372.578241
8624,68.526600,6.595000,151.630023
8625,68.531877,5.277000,189.501611
8626,68.534348,2.471000,404.694456
8627,68.536357,2.009000,497.760080
8628,68.542574,6.217000,160.849284
8629,68.548171,5.597000,178.667143
8630,68.550534,2.363000,423.190859
8631,68.555682,5.148000,194.250194
8632,68.557923,2.241000,446.229362
8633,68.560164,2.241000,446.229362
8634,68.565621,5.457000,183.250870
8635,68.570723,5.102000,196.001568
8636,68.573093,2.370000,421.940928
8637,68.575179,2.086000,479.386385
8638,68.588135,12.956000,77.184316
8639,68.593471,5.336000,187.406297
8640,68.596167,2.696000,370.919881
8641,68.598501,2.334000,428.449015
8642,68.614587,16.086000,62.165859
8643,68.617540,2.953000,338.638673
8644,68.622234,4.694000,213.037921
8645,68.624676,2.442000,409.500410
8646,68.641351,16.675000,59.970015
8647,68.645910,4.559000,219.346348
8648,68.649187,3.277000,305.157156
8649,68.652604,3.417000,292.654375
8650,68.667759,15.155000,65.984823
8651,68.670774,3.015000,331.674959
8652,68.675671,4.897000,204.206657
8653,68.678959,3.288000,304.136253
8654,68.694896,15.937000,62.747067
8655,68.699749,4.853000,206.058108
8656,68.702559,2.810000,355.871886
8657,68.704935,2.376000,420.875421
8658,68.721624,16.689000,59.919708
8659,68.726594,4.970000,201.207243
8660,68.729556,2.962000,337.609723
8661,68.732771,3.215000,311.041991
8662,68.735709,2.938000,340.367597
8663,68.740839,5.130000,194.931774
8664,68.743268,2.429000,411.692054
8665,68.745891,2.623000,381.242852
8666,68.761509,15.618000,64.028685
8667,68.766784,5.275000,189.573460
8668,68.769131,2.347000,426.075841
8669,68.771758,2.627000,380.662352
8670,68.787912,16.154000,61.904172
8671,68.791545,3.633000,275.254611
8672,68.795535,3.990000,250.626566
8673,68.797890,2.355000,424.628450
8674,68.814632,16.742000,59.730020
8675,68.817841,3.209000,311.623559
8676,68.822904,5.063000,197.511357
8677,68.825215,2.311000,432.713111
8678,68.841303,16.088000,62.158130
8679,68.844600,3.297000,303.306036
8680,68.849202,4.602000,217.296827
8681,68.851437,2.235000,447.427293
8682,68.868729,17.292000,57.830211
8683,68.871715,2.986000,334.896182
8684,68.876132,4.417000,226.398008
8685,68.878378,2.246000,445.235975
8686,68.894718,16.340000,61.199510
8687,68.897677,2.959000,337.952011
8688,68.902130,4.453000,224.567707
8689,68.904328,2.198000,454.959054
8690,68.921278,16.950000,58.997050
8691,68.924271,2.993000,334.112930
8692,68.928787,4.516000,221.434898
8693,68.931196,2.409000,415.110004
8694,68.948705,17.509000,57.113484
8695,68.951714,3.009000,332.336324
8696,68.956677,4.963000,201.491034
8697,68.958677,2.000000,500.000000
8698,68.974706,16.029000,62.386924
8699,68.977745,3.039000,329.055610
8700,68.982411,4.666000,214.316331
8701,68.984431,2.020000,495.049505
8702,69.001033,16.602000,60.233707
8703,69.004130,3.097000,322.893122
8704,69.009026,4.896000,204.248366
8705,69.011093,2.067000,483.792937
8706,69.027790,16.697000,59.890998
8707,69.031744,3.954000,252.908447
8708,69.036115,4.371000,228.780599
8709,69.039146,3.031000,329.924117
8710,69.042102,2.956000,338.294993
8711,69.045148,3.046000,328.299409
8712,69.050201,5.053000,197.902236
8713,69.052421,2.220000,450.450450
8714,69.067894,15.473000,64.628708
8715,69.070945,3.051000,327.761390
8716,69.075974,5.029000,198.846689
8717,69.078038,2.064000,484.496124
8718,69.094475,16.437000,60.838352
8719,69.097741,3.266000,306.184936
8720,69.102530,4.789000,208.811861
8721,69.104695,2.165000,461.893764
8722,69.121054,16.359000,61.128431
8723,69.124344,3.290000,303.951368
8724,69.129561,5.217000,191.681043
8725,69.131692,2.131000,469.263257
8726,69.148083,16.391000,61.009090
8727,69.153799,5.716000,174.947516
8728,69.156371,2.572000,388.802488
8729,69.159599,3.228000,309.789343
8730,69.174623,15.024000,66.560170
8731,69.178079,3.456000,289.351852
8732,69.183375,5.296000,188.821752
8733,69.185780,2.405000,415.800416
8734,69.201289,15.509000,64.478690
8735,69.206683,5.394000,185.391175
8736,69.210102,3.419000,292.483182
8737,69.212542,2.440000,409.836066
8738,69.227802,15.260000,65.530799
8739,69.234051,6.249000,160.025604
8740,69.237181,3.130000,319.488818
8741,69.241178,3.997000,250.187641
8742,69.244202,3.024000,330.687831
8743,69.249842,5.640000,177.304965
8744,69.252376,2.534000,394.632991
8745,69.255951,3.575000,279.720280
8746,69.259045,3.094000,323.206206
8747,69.262098,3.053000,327.546675
8748,69.267590,5.492000,182.083030
8749,69.270519,2.929000,341.413452
8750,69.276894,6.375000,156.862745
8751,69.279462,2.568000,389.408100
8752,69.285342,5.880000,170.068027
8753,69.291004,5.662000,176.616037
8754,69.294988,3.984000,251.004016
8755,69.297727,2.739000,365.096751
8756,69.303598,5.871000,170.328734
8757,69.305911,2.313000,432.338954
8758,69.311445,5.534000,180.701120
8759,69.314545,3.100000,322.580645
8760,69.319641,5.096000,196.232339
8761,69.321996,2.355000,424.628450
8762,69.327552,5.556000,179.985601
8763,69.330274,2.722000,367.376929
8764,69.335383,5.109000,195.733020
8765,69.338003,2.620000,381.679389
8766,69.343512,5.509000,181.521147
8767,69.345796,2.284000,437.828371
8768,69.351013,5.217000,191.681043
8769,69.353919,2.906000,344.115623
8770,69.359071,5.152000,194.099379
8771,69.361339,2.268000,440.917108
8772,69.366933,5.594000,178.762960
8773,69.369661,2.728000,366.568915
8774,69.374943,5.282000,189.322226
8775,69.377410,2.467000,405.350628
8776,69.384395,6.985000,143.163923
8777,69.386651,2.256000,443.262411
8778,69.390756,4.105000,243.605359
8779,69.393231,2.475000,404.040404
8780,69.399593,6.362000,157.183276
8781,69.401798,2.205000,453.514739
8782,69.409029,7.231000,138.293459
8783,69.411951,2.922000,342.231348
8784,69.418010,6.059000,165.043737
8785,69.421037,3.027000,330.360093
8786,69.426543,5.506000,181.620051
8787,69.428798,2.255000,443.458980
8788,69.435092,6.294000,158.881474
8789,69.438087,2.995000,333.889816
8790,69.443240,5.153000,194.061712
8791,69.445839,2.599000,384.763371
8792,69.451388,5.549000,180.212651
8793,69.453730,2.342000,426.985482
8794,69.459633,5.903000,169.405387
8795,69.463516,3.883000,257.532835
8796,69.468478,4.962000,201.531640
8797,69.471221,2.743000,364.564346
8798,69.478537,7.316000,136.686714
8799,69.480906,2.369000,422.119038
8800,69.486653,5.747000,174.003828
8801,69.489669,3.016000,331.564987
8802,69.494847,5.178000,193.124759
8803,69.497551,2.704000,369.822485
8804,69.502610,5.059000,197.667523
8805,69.504846,2.236000,447.227191
8806,69.510598,5.752000,173.852573
8807,69.513234,2.636000,379.362671
8808,69.518514,5.280000,189.393939
8809,69.520819,2.305000,433.839479
8810,69.525714,4.895000,204.290092
8811,69.528915,3.201000,312.402374
8812,69.533613,4.698000,212.856535
8813,69.535575,1.962000,509.683996
8814,69.547519,11.944000,83.724046
8815,69.550410,2.891000,345.901072
8816,69.555183,4.773000,209.511837
8817,69.557160,1.977000,505.816894
8818,69.574475,17.315000,57.753393
8819,69.577423,2.948000,339.213026
8820,69.582374,4.951000,201.979398
8821,69.584848,2.474000,404.203719
8822,69.601259,16.411000,60.934739
8823,69.604229,2.970000,336.700337
8824,69.609263,5.034000,198.649186
8825,69.611586,2.323000,430.477830
8826,69.627787,16.201000,61.724585
8827,69.630805,3.018000,331.345262
8828,69.635373,4.568000,218.914186
8829,69.637801,2.428000,411.861614
8830,69.642282,4.481000,223.164472
8831,69.644913,2.631000,380.083618
8832,69.659428,14.515000,68.894247
8833,69.662142,2.714000,368.459838
8834,69.666700,4.558000,219.394471
8835,69.668973,2.273000,439.947206
8836,69.676553,7.580000,131.926121
8837,69.679488,2.935000,340.715503
8838,69.686338,6.850000,145.985401
8839,69.689430,3.092000,323.415265
8840,69.695196,5.766000,173.430454
8841,69.697923,2.727000,366.703337
8842,69.704593,6.670000,149.925037
8843,69.707243,2.650000,377.358491
8844,69.713346,6.103000,163.853842
8845,69.718154,4.808000,207.986689
8846,69.721726,3.572000,279.955207
8847,69.724491,2.765000,361.663653
8848,69.730073,5.582000,179.147259
8849,69.732594,2.521000,396.667989
8850,69.747588,14.994000,66.693344
8851,69.750684,3.096000,322.997416
8852,69.755683,4.999000,200.040008
8853,69.758056,2.373000,421.407501
8854,69.774376,16.320000,61.274510
8855,69.777418,3.042000,328.731098
8856,69.782657,5.239000,190.876121
8857,69.785072,2.415000,414.078675
8858,69.801326,16.254000,61.523317
8859,69.804620,3.294000,303.582271
8860,69.810784,6.164000,162.232317
8861,69.813385,2.601000,384.467512
8862,69.819675,6.290000,158.982512
8863,69.825269,5.594000,178.762960
8864,69.828855,3.586000,278.862242
8865,69.833966,5.111000,195.656427
8866,69.841272,7.306000,136.873802
8867,69.844698,3.426000,291.885581
8868,69.850052,5.354000,186.776242
8869,69.852368,2.316000,431.778929
8870,69.868117,15.749000,63.496095
8871,69.871538,3.421000,292.312189
8872,69.877011,5.473000,182.715147
8873,69.879649,2.638000,379.075057
8874,69.894680,15.031000,66.529173
8875,69.900988,6.308000,158.528852
8876,69.904650,3.662000,273.074823
8877,69.907525,2.875000,347.826087
8878,69.921302,13.777000,72.584743
8879,69.929331,8.029000,124.548512
8880,69.932000,2.669000,374.672162
8881,69.936264,4.264000,234.521576
8882,69.947998,11.734000,85.222431
8883,69.956020,8.022000,124.657193
8884,69.959652,3.632000,275.330396
8885,69.965614,5.962000,167.728950
8886,69.974280,8.666000,115.393492
8887,69.983558,9.278000,107.781850
8888,69.989458,5.900000,169.491525
8889,69.994389,4.931000,202.798621
8890,70.001051,6.662000,150.105074
8891,70.012125,11.074000,90.301607
8892,70.016712,4.587000,218.007412
8893,70.027128,10.416000,96.006144
8894,70.032612,5.484000,182.348651
8895,70.039949,7.337000,136.295489
8896,70.044051,4.102000,243.783520
8897,70.050888,6.837000,146.262981
8898,70.054566,3.678000,271.886895
8899,70.057966,3.400000,294.117647
8900,70.067815,9.849000,101.533151
8901,70.072577,4.762000,209.995800
8902,70.077069,4.492000,222.617988
8903,70.079888,2.819000,354.735722
8904,70.095440,15.552000,64.300412
8905,70.098948,3.508000,285.062714
8906,70.108991,10.043000,99.571841
8907,70.112433,3.442000,290.528762
8908,70.121098,8.665000,115.406809
8909,70.124457,3.359000,297.707651
8910,70.131677,7.220000,138.504155
8911,70.134302,2.625000,380.952381
8912,70.140692,6.390000,156.494523
8913,70.144076,3.384000,295.508274
8914,70.161606,17.530000,57.045066
8915,70.164876,3.270000,305.810398
8916,70.174849,9.973000,100.270731
