frame,time_s,frame_ms,fps
1,0.039261,39.261000,25.470569
2,0.066256,26.995000,37.043897
3,0.071822,5.566000,179.662235
4,0.081254,9.432000,106.022053
5,0.088477,7.223000,138.446629
6,0.096813,8.336000,119.961612
7,0.105323,8.510000,117.508813
8,0.120326,15.003000,66.653336
9,0.121982,1.656000,603.864734
10,0.198638,76.656000,13.045293
11,0.199366,0.728000,1373.626374
12,0.204991,5.625000,177.777778
13,0.223973,18.982000,52.681488
14,0.237367,13.394000,74.660296
15,0.242206,4.839000,206.654267
16,0.251095,8.889000,112.498594
17,0.266134,15.039000,66.493783
18,0.278139,12.005000,83.298626
19,0.290687,12.548000,79.693975
20,0.303899,13.212000,75.688768
21,0.317112,13.213000,75.683039
22,0.330644,13.532000,73.898906
23,0.349914,19.270000,51.894136
24,0.357244,7.330000,136.425648
25,0.370918,13.674000,73.131490
26,0.384593,13.675000,73.126143
27,0.397715,13.122000,76.207895
28,0.412035,14.320000,69.832402
29,0.424446,12.411000,80.573685
30,0.445989,21.543000,46.418790
31,0.455423,9.434000,105.999576
32,0.464077,8.654000,115.553501
33,0.477303,13.226000,75.608650
34,0.491045,13.742000,72.769611
35,0.504198,13.153000,76.028283
36,0.517568,13.370000,74.794316
37,0.530771,13.203000,75.740362
38,0.544517,13.746000,72.748436
39,0.557374,12.857000,77.778642
40,0.570653,13.279000,75.306876
41,0.584206,13.553000,73.784402
42,0.597264,13.058000,76.581406
43,0.610747,13.483000,74.167470
44,0.624072,13.325000,75.046904
45,0.642016,17.944000,55.728934
46,0.650425,8.409000,118.920205
47,0.664256,13.831000,72.301352
48,0.677473,13.217000,75.660135
49,0.691520,14.047000,71.189578
50,0.704360,12.840000,77.881620
51,0.717454,13.094000,76.370857
52,0.730949,13.495000,74.101519
53,0.746117,15.168000,65.928270
54,0.757895,11.778000,84.904058
55,0.771252,13.357000,74.867111
56,0.785675,14.423000,69.333703
57,0.798121,12.446000,80.347099
58,0.812754,14.633000,68.338687
59,0.825170,12.416000,80.541237
60,0.838059,12.889000,77.585538
61,0.851239,13.180000,75.872534
62,0.864694,13.455000,74.321813
63,0.879537,14.843000,67.371825
64,0.891186,11.649000,85.844278
65,0.905957,14.771000,67.700223
66,0.918109,12.152000,82.290981
67,0.932780,14.671000,68.161680
68,0.945518,12.738000,78.505260
69,0.958289,12.771000,78.302404
70,0.971463,13.174000,75.907090
71,0.985904,14.441000,69.247282
72,0.998193,12.289000,81.373586
73,1.012101,13.908000,71.901064
74,1.025171,13.070000,76.511094
75,1.038102,12.931000,77.333540
76,1.051488,13.386000,74.704916
77,1.065312,13.824000,72.337963
78,1.078773,13.461000,74.288686
79,1.092777,14.004000,71.408169
80,1.105204,12.427000,80.469944
81,1.118419,13.215000,75.671585
82,1.131540,13.121000,76.213703
83,1.146440,14.900000,67.114094
84,1.158587,12.147000,82.324854
85,1.172020,13.433000,74.443535
86,1.184488,12.468000,80.205326
87,1.198205,13.717000,72.902238
88,1.211481,13.276000,75.323893
89,1.224737,13.256000,75.437538
90,1.244079,19.342000,51.700962
91,1.251276,7.197000,138.946783
92,1.264825,13.549000,73.806185
93,1.277926,13.101000,76.330051
94,1.291590,13.664000,73.185012
95,1.310753,19.163000,52.183896
96,1.317518,6.765000,147.819660
97,1.331108,13.590000,73.583517
98,1.344688,13.580000,73.637703
99,1.357316,12.628000,79.189104
100,1.370603,13.287000,75.261534
101,1.384350,13.747000,72.743144
102,1.397194,12.844000,77.857365
103,1.410403,13.209000,75.705958
104,1.424468,14.065000,71.098471
105,1.439269,14.801000,67.563002
106,1.450368,11.099000,90.098207
107,1.463970,13.602000,73.518600
108,1.477241,13.271000,75.352272
109,1.490327,13.086000,76.417545
110,1.504205,13.878000,72.056492
111,1.517204,12.999000,76.928995
112,1.530893,13.689000,73.051355
113,1.544189,13.296000,75.210590
114,1.557468,13.279000,75.306876
115,1.571738,14.270000,70.077085
116,1.585334,13.596000,73.551044
117,1.598066,12.732000,78.542256
118,1.611437,13.371000,74.788722
119,1.629433,17.996000,55.567904
120,1.638313,8.880000,112.612613
121,1.652133,13.820000,72.358900
122,1.666236,14.103000,70.906899
123,1.678198,11.962000,83.598061
124,1.691484,13.286000,75.267199
125,1.705415,13.931000,71.782356
126,1.718286,12.871000,77.694041
127,1.731659,13.373000,74.777537
128,1.747765,16.106000,62.088663
129,1.758208,10.443000,95.757924
130,1.771483,13.275000,75.329567
131,1.785485,14.002000,71.418369
132,1.798138,12.653000,79.032640
133,1.811702,13.564000,73.724565
134,1.825433,13.731000,72.827908
135,1.838119,12.686000,78.827053
136,1.851900,13.781000,72.563675
137,1.864897,12.997000,76.940832
138,1.877956,13.059000,76.575542
139,1.891642,13.686000,73.067368
140,1.905029,13.387000,74.699335
141,1.917683,12.654000,79.026395
142,1.931238,13.555000,73.773515
143,1.944829,13.591000,73.578103
144,1.957860,13.031000,76.740081
145,1.970761,12.901000,77.513371
146,1.984243,13.482000,74.172971
147,1.997645,13.402000,74.615729
148,2.011024,13.379000,74.744002
149,2.033594,22.570000,44.306602
150,2.050185,16.591000,60.273642
151,2.057388,7.203000,138.831043
152,2.063877,6.489000,154.106950
153,2.077524,13.647000,73.276178
154,2.093222,15.698000,63.702382
155,2.104350,11.128000,89.863408
156,2.117320,12.970000,77.101002
157,2.131115,13.795000,72.490033
158,2.144527,13.412000,74.560095
159,2.157467,12.940000,77.279753
160,2.171121,13.654000,73.238611
161,2.184434,13.313000,75.114550
162,2.197521,13.087000,76.411706
163,2.211047,13.526000,73.931687
164,2.226050,15.003000,66.653336
165,2.237353,11.303000,88.472087
166,2.251872,14.519000,68.875267
167,2.264533,12.661000,78.982703
168,2.278442,13.909000,71.895895
169,2.291314,12.872000,77.688005
170,2.305189,13.875000,72.072072
171,2.318268,13.079000,76.458445
172,2.331932,13.664000,73.185012
173,2.345519,13.587000,73.599764
174,2.357779,12.260000,81.566069
175,2.372527,14.748000,67.805804
176,2.384963,12.436000,80.411708
177,2.398646,13.683000,73.083388
178,2.411762,13.116000,76.242757
179,2.425381,13.619000,73.426830
180,2.438403,13.022000,76.793119
181,2.453116,14.713000,67.967104
182,2.465167,12.051000,82.980666
183,2.479892,14.725000,67.911715
184,2.491680,11.788000,84.832033
185,2.505390,13.710000,72.939460
186,2.518496,13.106000,76.300931
187,2.531733,13.237000,75.545819
188,2.548037,16.304000,61.334642
189,2.557935,9.898000,101.030511
190,2.572025,14.090000,70.972321
191,2.585167,13.142000,76.091919
192,2.597829,12.662000,78.976465
193,2.611680,13.851000,72.196953
194,2.625243,13.563000,73.730001
195,2.638076,12.833000,77.924102
196,2.651014,12.938000,77.291699
197,2.664786,13.772000,72.611095
198,2.677919,13.133000,76.144065
199,2.691603,13.684000,73.078047
200,2.705052,13.449000,74.354971
201,2.717363,12.311000,81.228170
202,2.731430,14.067000,71.088363
203,2.744538,13.108000,76.289289
204,2.757545,13.007000,76.881679
205,2.771354,13.809000,72.416540
206,2.784484,13.130000,76.161462
207,2.797493,13.009000,76.869859
208,2.813975,16.482000,60.672249
209,2.830541,16.566000,60.364602
210,2.837626,7.085000,141.143260
211,2.851854,14.228000,70.283947
212,2.864926,13.072000,76.499388
213,2.877790,12.864000,77.736318
214,2.891555,13.765000,72.648020
215,2.904875,13.320000,75.075075
216,2.917735,12.860000,77.760498
217,2.931402,13.667000,73.168947
218,2.944498,13.096000,76.359194
219,2.957468,12.970000,77.101002
220,2.971215,13.747000,72.743144
221,2.984515,13.300000,75.187970
222,2.997345,12.830000,77.942323
223,3.011153,13.808000,72.421784
224,3.024306,13.153000,76.028283
225,3.040745,16.439000,60.830951
226,3.051017,10.272000,97.352025
227,3.064748,13.731000,72.827908
228,3.077175,12.427000,80.469944
229,3.090802,13.627000,73.383723
230,3.103857,13.055000,76.599004
231,3.116912,13.055000,76.599004
232,3.130483,13.571000,73.686537
233,3.144022,13.539000,73.860699
234,3.156972,12.950000,77.220077
235,3.170659,13.687000,73.062030
236,3.184021,13.362000,74.839096
237,3.197127,13.106000,76.300931
238,3.210550,13.423000,74.498994
239,3.224330,13.780000,72.568940
240,3.237202,12.872000,77.688005
241,3.250871,13.669000,73.158241
242,3.264626,13.755000,72.700836
243,3.277600,12.974000,77.077231
244,3.291426,13.826000,72.327499
245,3.305244,13.818000,72.369373
246,3.317705,12.461000,80.250381
247,3.331299,13.594000,73.561866
248,3.345687,14.388000,69.502363
249,3.357634,11.947000,83.703022
250,3.371035,13.401000,74.621297
251,3.384592,13.557000,73.762632
252,3.397736,13.144000,76.080341
253,3.411253,13.517000,73.980913
254,3.424617,13.364000,74.827896
255,3.437625,13.008000,76.875769
256,3.451479,13.854000,72.181319
257,3.464580,13.101000,76.330051
258,3.477517,12.937000,77.297673
259,3.491152,13.635000,73.340667
260,3.504257,13.105000,76.306753
261,3.517250,12.993000,76.964519
262,3.530958,13.708000,72.950102
263,3.544244,13.286000,75.267199
264,3.557280,13.036000,76.710647
265,3.570859,13.579000,73.643125
266,3.583961,13.102000,76.324225
267,3.597146,13.185000,75.843762
268,3.610312,13.166000,75.953213
269,3.623900,13.588000,73.594348
270,3.636899,12.999000,76.928995
271,3.650324,13.425000,74.487896
272,3.663659,13.335000,74.990626
273,3.676961,13.302000,75.176665
274,3.690231,13.270000,75.357950
275,3.703765,13.534000,73.887986
276,3.716779,13.014000,76.840326
277,3.730296,13.517000,73.980913
278,3.743565,13.269000,75.363630
279,3.756919,13.354000,74.883930
280,3.770508,13.589000,73.588932
281,3.783573,13.065000,76.540375
282,3.796939,13.366000,74.816699
283,3.810581,13.642000,73.303035
284,3.823948,13.367000,74.811102
285,3.836850,12.902000,77.507363
286,3.850203,13.353000,74.889538
287,3.863968,13.765000,72.648020
288,3.876788,12.820000,78.003120
289,3.890314,13.526000,73.931687
290,3.903679,13.365000,74.822297
291,3.916750,13.071000,76.505241
292,3.930331,13.581000,73.632280
293,3.943744,13.413000,74.554537
294,3.956900,13.156000,76.010946
295,3.970293,13.393000,74.665870
296,3.983840,13.547000,73.817081
297,3.996720,12.880000,77.639752
298,4.010518,13.798000,72.474272
299,4.023873,13.355000,74.878323
300,4.036745,12.872000,77.688005
301,4.050527,13.782000,72.558410
302,4.063887,13.360000,74.850299
303,4.076730,12.843000,77.863428
304,4.090579,13.849000,72.207380
305,4.103854,13.275000,75.329567
306,4.116684,12.830000,77.942323
307,4.130394,13.710000,72.939460
308,4.143796,13.402000,74.615729
309,4.156992,13.196000,75.780540
310,4.170522,13.530000,73.909830
311,4.183904,13.382000,74.727246
312,4.196705,12.801000,78.118897
313,4.210605,13.900000,71.942446
314,4.223467,12.862000,77.748406
315,4.236724,13.257000,75.431847
316,4.250377,13.653000,73.243976
317,4.263794,13.417000,74.532310
318,4.276699,12.905000,77.489345
319,4.290149,13.450000,74.349442
320,4.303701,13.552000,73.789847
321,4.316765,13.064000,76.546234
322,4.330452,13.687000,73.062030
323,4.344002,13.550000,73.800738
324,4.356854,12.852000,77.808901
325,4.370333,13.479000,74.189480
326,4.385351,15.018000,66.586763
327,4.396711,11.360000,88.028169
328,4.410154,13.443000,74.388157
329,4.423492,13.338000,74.973759
330,4.436650,13.158000,75.999392
331,4.450126,13.476000,74.205996
332,4.463378,13.252000,75.460308
333,4.476783,13.405000,74.599030
334,4.490102,13.319000,75.080712
335,4.503593,13.491000,74.123490
336,4.516655,13.062000,76.557954
337,4.530152,13.497000,74.090539
338,4.543572,13.420000,74.515648
339,4.556628,13.056000,76.593137
340,4.570181,13.553000,73.784402
341,4.583794,13.613000,73.459193
342,4.596508,12.714000,78.653453
343,4.610400,13.892000,71.983876
344,4.623508,13.108000,76.289289
345,4.636654,13.146000,76.068766
346,4.650155,13.501000,74.068588
347,4.663576,13.421000,74.510096
348,4.676693,13.117000,76.236944
349,4.690244,13.551000,73.795292
350,4.703627,13.383000,74.721662
351,4.716707,13.080000,76.452599
352,4.730435,13.728000,72.843823
353,4.743553,13.118000,76.231133
354,4.756688,13.135000,76.132470
355,4.770580,13.892000,71.983876
356,4.783584,13.004000,76.899416
357,4.796653,13.069000,76.516949
358,4.810500,13.847000,72.217809
359,4.823993,13.493000,74.112503
360,4.836622,12.629000,79.182833
361,4.850134,13.512000,74.008289
362,4.863697,13.563000,73.730001
363,4.876591,12.894000,77.555452
364,4.890312,13.721000,72.880985
365,4.903654,13.342000,74.951282
366,4.916456,12.802000,78.112795
367,4.930378,13.922000,71.828760
368,4.943910,13.532000,73.898906
369,4.956570,12.660000,78.988942
370,4.970427,13.857000,72.165692
371,4.983693,13.266000,75.380672
372,4.996728,13.035000,76.716532
373,5.010413,13.685000,73.072707
374,5.023843,13.430000,74.460164
375,5.036552,12.709000,78.684397
376,5.050381,13.829000,72.311809
377,5.063667,13.286000,75.267199
378,5.076590,12.923000,77.381413
379,5.090445,13.855000,72.176110
380,5.103704,13.259000,75.420469
381,5.116632,12.928000,77.351485
382,5.130089,13.457000,74.310768
383,5.143465,13.376000,74.760766
384,5.158945,15.480000,64.599483
385,5.169910,10.965000,91.199270
386,5.183462,13.552000,73.789847
387,5.196513,13.051000,76.622481
388,5.210416,13.903000,71.926922
389,5.223456,13.040000,76.687117
390,5.236550,13.094000,76.370857
391,5.250098,13.548000,73.811633
392,5.263517,13.419000,74.521201
393,5.276604,13.087000,76.411706
394,5.290203,13.599000,73.534819
395,5.303664,13.461000,74.288686
396,5.316547,12.883000,77.621672
397,5.330328,13.781000,72.563675
398,5.351826,21.498000,46.515955
399,5.357924,6.098000,163.988193
400,5.370352,12.428000,80.463470
401,5.383888,13.536000,73.877069
402,5.397894,14.006000,71.397972
403,5.410276,12.382000,80.762397
404,5.423515,13.239000,75.534406
405,5.436794,13.279000,75.306876
406,5.454203,17.409000,57.441553
407,5.465695,11.492000,87.017055
408,5.479747,14.052000,71.164247
409,5.492566,12.819000,78.009205
410,5.503639,11.073000,90.309762
411,5.517032,13.393000,74.665870
412,5.530042,13.010000,76.863951
413,5.543348,13.306000,75.154066
414,5.556849,13.501000,74.068588
415,5.570357,13.508000,74.030204
416,5.583429,13.072000,76.499388
417,5.596633,13.204000,75.734626
418,5.610139,13.506000,74.041167
419,5.623426,13.287000,75.261534
420,5.636962,13.536000,73.877069
421,5.650181,13.219000,75.648687
422,5.663250,13.069000,76.516949
423,5.676827,13.577000,73.653974
424,5.690163,13.336000,74.985003
425,5.703337,13.174000,75.907090
426,5.716740,13.403000,74.610162
427,5.730272,13.532000,73.898906
428,5.743286,13.014000,76.840326
429,5.756897,13.611000,73.469988
430,5.769866,12.969000,77.106947
431,5.783396,13.530000,73.909830
432,5.797081,13.685000,73.072707
433,5.810119,13.038000,76.698880
434,5.823530,13.411000,74.565655
435,5.836938,13.408000,74.582339
436,5.850147,13.209000,75.705958
437,5.863608,13.461000,74.288686
438,5.876935,13.327000,75.035642
439,5.890252,13.317000,75.091988
440,5.903544,13.292000,75.233223
441,5.916760,13.216000,75.665860
442,5.931214,14.454000,69.185001
443,5.943257,12.043000,83.035788
444,5.956669,13.412000,74.560095
445,5.969925,13.256000,75.437538
446,5.983555,13.630000,73.367572
447,5.996606,13.051000,76.622481
448,6.009868,13.262000,75.403408
449,6.023420,13.552000,73.789847
450,6.036584,13.164000,75.964752
451,6.049942,13.358000,74.861506
452,6.063515,13.573000,73.675680
453,6.076660,13.145000,76.074553
454,6.089827,13.167000,75.947444
455,6.103531,13.704000,72.971395
456,6.121160,17.629000,56.724715
457,6.129879,8.719000,114.692052
458,6.143449,13.570000,73.691968
459,6.156682,13.233000,75.568654
460,6.169996,13.314000,75.108908
461,6.183136,13.140000,76.103501
462,6.196658,13.522000,73.953557
463,6.210229,13.571000,73.686537
464,6.223237,13.008000,76.875769
465,6.236626,13.389000,74.688177
466,6.249948,13.322000,75.063804
467,6.263241,13.293000,75.227563
468,6.276862,13.621000,73.416049
469,6.290091,13.229000,75.591504
470,6.303727,13.636000,73.335289
471,6.316860,13.133000,76.144065
472,6.330090,13.230000,75.585790
473,6.343238,13.148000,76.057195
474,6.357223,13.985000,71.505184
475,6.370245,13.022000,76.793119
476,6.383586,13.341000,74.956900
477,6.396945,13.359000,74.855902
478,6.410383,13.438000,74.415836
479,6.423566,13.183000,75.855268
480,6.436746,13.180000,75.872534
481,6.449778,13.032000,76.734193
482,6.463372,13.594000,73.561866
483,6.476993,13.621000,73.416049
484,6.490112,13.119000,76.225322
485,6.503434,13.322000,75.063804
486,6.516849,13.415000,74.543422
487,6.530050,13.201000,75.751837
488,6.543466,13.416000,74.537865
489,6.556933,13.467000,74.255588
490,6.569954,13.021000,76.799017
491,6.583145,13.191000,75.809264
492,6.596729,13.584000,73.616019
493,6.609797,13.068000,76.522804
494,6.623085,13.288000,75.255870
495,6.636799,13.714000,72.918186
496,6.649906,13.107000,76.295109
497,6.663259,13.353000,74.889538
498,6.676657,13.398000,74.638006
499,6.689839,13.182000,75.861023
500,6.703266,13.427000,74.476800
501,6.716644,13.378000,74.749589
502,6.729809,13.165000,75.958982
503,6.743084,13.275000,75.329567
504,6.756764,13.680000,73.099415
505,6.769895,13.131000,76.155662
506,6.783099,13.204000,75.734626
507,6.796639,13.540000,73.855244
508,6.809982,13.343000,74.945664
509,6.823235,13.253000,75.454614
510,6.836556,13.321000,75.069439
511,6.849738,13.182000,75.861023
512,6.863227,13.489000,74.134480
513,6.876864,13.637000,73.329911
514,6.889985,13.121000,76.213703
515,6.903184,13.199000,75.763315
516,6.916751,13.567000,73.708263
517,6.930100,13.349000,74.911978
518,6.943484,13.384000,74.716079
519,6.956467,12.983000,77.023800
520,6.969904,13.437000,74.421374
521,6.983160,13.256000,75.437538
522,6.996393,13.233000,75.568654
523,7.009714,13.321000,75.069439
524,7.023173,13.459000,74.299725
525,7.036513,13.340000,74.962519
526,7.049914,13.401000,74.621297
527,7.063287,13.373000,74.777537
528,7.076735,13.448000,74.360500
529,7.089834,13.099000,76.341705
530,7.103005,13.171000,75.924379
531,7.116670,13.665000,73.179656
532,7.129883,13.213000,75.683039
533,7.143188,13.305000,75.159714
534,7.156382,13.194000,75.792027
535,7.169786,13.404000,74.604596
536,7.183304,13.518000,73.975440
537,7.196796,13.492000,74.117996
538,7.209709,12.913000,77.441338
539,7.222954,13.245000,75.500189
540,7.236658,13.704000,72.971395
541,7.250030,13.372000,74.783129
542,7.263253,13.223000,75.625804
543,7.276677,13.424000,74.493445
544,7.289946,13.269000,75.363630
545,7.303484,13.538000,73.866155
546,7.316497,13.013000,76.846231
547,7.329616,13.119000,76.225322
548,7.343109,13.493000,74.112503
549,7.356366,13.257000,75.431847
550,7.369957,13.591000,73.578103
551,7.383241,13.284000,75.278531
552,7.396512,13.271000,75.352272
553,7.409695,13.183000,75.855268
554,7.423302,13.607000,73.491585
555,7.436863,13.561000,73.740875
556,7.450055,13.192000,75.803517
557,7.469430,19.375000,51.612903
558,7.476719,7.289000,137.193031
559,7.490335,13.616000,73.443008
560,7.506520,16.185000,61.785604
561,7.516307,9.787000,102.176356
562,7.529820,13.513000,74.002812
563,7.543193,13.373000,74.777537
564,7.556190,12.997000,76.940832
565,7.575992,19.802000,50.499950
566,7.589074,13.082000,76.440911
567,7.600373,11.299000,88.503407
568,7.616794,16.421000,60.897631
569,7.623584,6.790000,147.275405
570,7.640713,17.129000,58.380524
571,7.649764,9.051000,110.485029
572,7.663191,13.427000,74.476800
573,7.676647,13.456000,74.316290
574,7.689829,13.182000,75.861023
575,7.703251,13.422000,74.504545
576,7.716295,13.044000,76.663600
577,7.729983,13.688000,73.056692
578,7.742920,12.937000,77.297673
579,7.756485,13.565000,73.719130
580,7.769850,13.365000,74.822297
581,7.782867,13.017000,76.822617
582,7.796464,13.597000,73.545635
583,7.809592,13.128000,76.173065
584,7.823166,13.574000,73.670252
585,7.836358,13.192000,75.803517
586,7.849644,13.286000,75.267199
587,7.863034,13.390000,74.682599
588,7.876514,13.480000,74.183976
589,7.889748,13.234000,75.562944
590,7.903252,13.504000,74.052133
591,7.916438,13.186000,75.838010
592,7.929965,13.527000,73.926222
593,7.942849,12.884000,77.615647
594,7.956338,13.489000,74.134480
595,7.969894,13.556000,73.768073
596,7.983308,13.414000,74.548979
597,7.996672,13.364000,74.827896
598,8.010004,13.332000,75.007501
599,8.022985,12.981000,77.035668
600,8.036565,13.580000,73.637703
601,8.049548,12.983000,77.023800
602,8.062932,13.384000,74.716079
603,8.076336,13.404000,74.604596
604,8.089812,13.476000,74.205996
605,8.103140,13.328000,75.030012
606,8.116621,13.481000,74.178473
607,8.129972,13.351000,74.900756
608,8.143004,13.032000,76.734193
609,8.156533,13.529000,73.915293
610,8.169748,13.215000,75.671585
611,8.182992,13.244000,75.505889
612,8.196457,13.465000,74.266617
613,8.209914,13.457000,74.310768
614,8.222880,12.966000,77.124788
615,8.236542,13.662000,73.195725
616,8.249930,13.388000,74.693756
617,8.262863,12.933000,77.321580
618,8.276282,13.419000,74.521201
619,8.289747,13.465000,74.266617
620,8.304858,15.111000,66.176957
621,8.316450,11.592000,86.266391
622,8.329798,13.348000,74.917591
623,8.342933,13.135000,76.132470
624,8.356147,13.214000,75.677312
625,8.369668,13.521000,73.959027
626,8.383063,13.395000,74.654722
627,8.396422,13.359000,74.855902
628,8.409830,13.408000,74.582339
629,8.422991,13.161000,75.982068
630,8.436325,13.334000,74.996250
631,8.449559,13.234000,75.562944
632,8.462934,13.375000,74.766355
633,8.476354,13.420000,74.515648
634,8.489716,13.362000,74.839096
635,8.505873,16.157000,61.892678
636,8.516183,10.310000,96.993210
637,8.529506,13.323000,75.058170
638,8.542850,13.344000,74.940048
639,8.556336,13.486000,74.150971
640,8.569469,13.133000,76.144065
641,8.582798,13.329000,75.024383
642,8.596031,13.233000,75.568654
643,8.609800,13.769000,72.626916
644,8.622931,13.131000,76.155662
645,8.636442,13.511000,74.013767
646,8.649823,13.381000,74.732830
647,8.663271,13.448000,74.360500
648,8.676479,13.208000,75.711690
649,8.690186,13.707000,72.955424
650,8.703506,13.320000,75.075075
651,8.717066,13.560000,73.746313
652,8.729909,12.843000,77.863428
653,8.743697,13.788000,72.526835
654,8.756358,12.661000,78.982703
655,8.770015,13.657000,73.222523
656,8.783555,13.540000,73.855244
657,8.796815,13.260000,75.414781
658,8.810248,13.433000,74.443535
659,8.823584,13.336000,74.985003
660,8.836881,13.297000,75.204933
661,8.850440,13.559000,73.751752
662,8.863607,13.167000,75.947444
663,8.876692,13.085000,76.423386
664,8.890221,13.529000,73.915293
665,8.903846,13.625000,73.394495
666,8.916827,12.981000,77.035668
667,8.931112,14.285000,70.003500
668,8.944282,13.170000,75.930144
669,8.958359,14.077000,71.037863
670,8.971668,13.309000,75.137125
671,8.984005,12.337000,81.056983
672,8.997211,13.206000,75.723156
673,9.010782,13.571000,73.686537
674,9.024053,13.271000,75.352272
675,9.037009,12.956000,77.184316
676,9.050432,13.423000,74.498994
677,9.063340,12.908000,77.471336
678,9.077513,14.173000,70.556692
679,9.089740,12.227000,81.786211
680,9.107531,17.791000,56.208195
681,9.116788,9.257000,108.026358
682,9.130515,13.727000,72.849129
683,9.142931,12.416000,80.541237
684,9.156499,13.568000,73.702830
685,9.170162,13.663000,73.190368
686,9.183000,12.838000,77.893753
687,9.197024,14.024000,71.306332
688,9.210391,13.367000,74.811102
689,9.223228,12.837000,77.899821
690,9.236609,13.381000,74.732830
691,9.254160,17.551000,56.976810
692,9.263460,9.300000,107.526882
693,9.276389,12.929000,77.345502
694,9.289818,13.429000,74.465709
695,9.303094,13.276000,75.323893
696,9.316225,13.131000,76.155662
697,9.330095,13.870000,72.098053
698,9.343202,13.107000,76.295109
699,9.356479,13.277000,75.318219
700,9.370342,13.863000,72.134459
701,9.383594,13.252000,75.460308
702,9.396829,13.235000,75.557235
703,9.410356,13.527000,73.926222
704,9.423741,13.385000,74.710497
705,9.436922,13.181000,75.866778
706,9.449729,12.807000,78.082299
707,9.463869,14.140000,70.721358
708,9.477315,13.446000,74.371560
709,9.490744,13.429000,74.465709
710,9.504006,13.262000,75.403408
711,9.517302,13.296000,75.210590
712,9.529922,12.620000,79.239303
713,9.543390,13.468000,74.250074
714,9.557099,13.709000,72.944781
715,9.570234,13.135000,76.132470
716,9.583658,13.424000,74.493445
717,9.596742,13.084000,76.429227
718,9.610098,13.356000,74.872716
719,9.623520,13.422000,74.504545
720,9.636813,13.293000,75.227563
721,9.650006,13.193000,75.797772
722,9.663337,13.331000,75.013127
723,9.676789,13.452000,74.338388
724,9.689883,13.094000,76.370857
725,9.703497,13.614000,73.453798
726,9.717726,14.229000,70.279008
727,9.730238,12.512000,79.923274
728,9.744617,14.379000,69.545865
729,9.756940,12.323000,81.149071
730,9.770446,13.506000,74.041167
731,9.783777,13.331000,75.013127
732,9.796867,13.090000,76.394194
733,9.810318,13.451000,74.343915
734,9.823586,13.268000,75.369310
735,9.836895,13.309000,75.137125
736,9.850164,13.269000,75.363630
737,9.863329,13.165000,75.958982
738,9.876916,13.587000,73.599764
739,9.898272,21.356000,46.825248
740,9.915950,17.678000,56.567485
741,9.920388,4.438000,225.326724
742,9.925562,5.174000,193.274063
743,9.931482,5.920000,168.918919
744,9.944168,12.686000,78.827053
745,9.958352,14.184000,70.501974
746,9.970098,11.746000,85.135365
747,9.984515,14.417000,69.362558
748,9.996669,12.154000,82.277440
749,10.010696,14.027000,71.291081
750,10.024287,13.591000,73.578103
751,10.036774,12.487000,80.083287
752,10.050512,13.738000,72.790799
753,10.063334,12.822000,77.990953
754,10.076651,13.317000,75.091988
755,10.089950,13.299000,75.193624
756,10.109384,19.434000,51.456211
757,10.118741,9.357000,106.871861
758,10.129961,11.220000,89.126560
759,10.143440,13.479000,74.189480
760,10.157738,14.298000,69.939852
761,10.170497,12.759000,78.376048
762,10.183152,12.655000,79.020150
763,10.196985,13.833000,72.290899
764,10.210123,13.138000,76.115086
765,10.223965,13.842000,72.243895
766,10.237099,13.134000,76.138267
767,10.250482,13.383000,74.721662
768,10.263439,12.957000,77.178359
769,10.277304,13.865000,72.124053
770,10.290587,13.283000,75.284198
771,10.304150,13.563000,73.730001
772,10.317469,13.319000,75.080712
773,10.330479,13.010000,76.863951
774,10.343779,13.300000,75.187970
775,10.357202,13.423000,74.498994
776,10.370761,13.559000,73.751752
777,10.383962,13.201000,75.751837
778,10.396803,12.841000,77.875555
779,10.410989,14.186000,70.492034
780,10.423102,12.113000,82.555932
781,10.437137,14.035000,71.250445
782,10.450413,13.276000,75.323893
783,10.463908,13.495000,74.101519
784,10.477208,13.300000,75.187970
785,10.490510,13.302000,75.176665
786,10.503425,12.915000,77.429346
787,10.517354,13.929000,71.792663
788,10.530487,13.133000,76.144065
789,10.543584,13.097000,76.353363
790,10.557073,13.489000,74.134480
791,10.570420,13.347000,74.923204
792,10.583311,12.891000,77.573501
793,10.597059,13.748000,72.737853
794,10.610246,13.187000,75.832259
795,10.623566,13.320000,75.075075
796,10.636408,12.842000,77.869491
797,10.649765,13.357000,74.867111
798,10.663460,13.695000,73.019350
799,10.678004,14.544000,68.756876
800,10.690046,12.042000,83.042684
801,10.703397,13.351000,74.900756
802,10.719643,16.246000,61.553613
803,10.730026,10.383000,96.311278
804,10.742989,12.963000,77.142637
805,10.756584,13.595000,73.556455
806,10.770001,13.417000,74.532310
807,10.783485,13.484000,74.161970
808,10.796427,12.942000,77.267810
809,10.810164,13.737000,72.796098
810,10.823698,13.534000,73.887986
811,10.836891,13.193000,75.797772
812,10.850234,13.343000,74.945664
813,10.863585,13.351000,74.900756
814,10.876870,13.285000,75.272864
815,10.889955,13.085000,76.423386
816,10.903372,13.417000,74.532310
817,10.916795,13.423000,74.498994
818,10.930053,13.258000,75.426158
819,10.943270,13.217000,75.660135
820,10.956888,13.618000,73.432222
821,10.970149,13.261000,75.409094
822,10.983440,13.291000,75.238883
823,10.996646,13.206000,75.723156
824,11.009426,12.780000,78.247261
825,11.023233,13.807000,72.427030
826,11.036654,13.421000,74.510096
827,11.049994,13.340000,74.962519
828,11.063327,13.333000,75.001875
829,11.076790,13.463000,74.277650
830,11.090015,13.225000,75.614367
831,11.103749,13.734000,72.811999
832,11.116737,12.988000,76.994148
833,11.130380,13.643000,73.297662
834,11.143363,12.983000,77.023800
835,11.156418,13.055000,76.599004
836,11.170054,13.636000,73.335289
837,11.183519,13.465000,74.266617
838,11.196727,13.208000,75.711690
839,11.210288,13.561000,73.740875
840,11.223751,13.463000,74.277650
841,11.236183,12.432000,80.437580
842,11.249971,13.788000,72.526835
843,11.263780,13.809000,72.416540
844,11.276520,12.740000,78.492936
845,11.290410,13.890000,71.994240
846,11.303384,12.974000,77.077231
847,11.316352,12.968000,77.112893
848,11.330283,13.931000,71.782356
849,11.343623,13.340000,74.962519
850,11.356927,13.304000,75.165364
851,11.370261,13.334000,74.996250
852,11.383361,13.100000,76.335878
853,11.396826,13.465000,74.266617
854,11.410206,13.380000,74.738416
855,11.422904,12.698000,78.752559
856,11.436702,13.798000,72.474272
857,11.450055,13.353000,74.889538
858,11.463175,13.120000,76.219512
859,11.476723,13.548000,73.811633
860,11.489924,13.201000,75.751837
861,11.507995,18.071000,55.337281
862,11.516310,8.315000,120.264582
863,11.529878,13.568000,73.702830
864,11.545106,15.228000,65.668505
865,11.556596,11.490000,87.032202
866,11.569921,13.325000,75.046904
867,11.582941,13.020000,76.804916
868,11.596569,13.628000,73.378339
869,11.609864,13.295000,75.216247
870,11.623142,13.278000,75.312547
871,11.636490,13.348000,74.917591
872,11.649502,13.012000,76.852136
873,11.663314,13.812000,72.400811
874,11.676486,13.172000,75.918615
875,11.689765,13.279000,75.306876
876,11.703038,13.273000,75.340918
877,11.716158,13.120000,76.219512
878,11.730010,13.852000,72.191741
879,11.742983,12.973000,77.083173
880,11.757370,14.387000,69.507194
881,11.770503,13.133000,76.144065
882,11.783106,12.603000,79.346187
883,11.796700,13.594000,73.561866
884,11.810273,13.573000,73.675680
885,11.823534,13.261000,75.409094
886,11.836759,13.225000,75.614367
887,11.850737,13.978000,71.540993
888,11.863370,12.633000,79.157761
889,11.877469,14.099000,70.927016
890,11.890113,12.644000,79.088896
891,11.903172,13.059000,76.575542
892,11.917342,14.170000,70.571630
893,11.930393,13.051000,76.622481
894,11.943585,13.192000,75.803517
895,11.956859,13.274000,75.335242
896,11.970869,14.010000,71.377587
897,11.983841,12.972000,77.089115
898,11.997871,14.030000,71.275837
899,12.010475,12.604000,79.339892
900,12.023471,12.996000,76.946753
901,12.036787,13.316000,75.097627
902,12.050010,13.223000,75.625804
903,12.063441,13.431000,74.454620
904,12.076617,13.176000,75.895568
905,12.090231,13.614000,73.453798
906,12.103682,13.451000,74.343915
907,12.116651,12.969000,77.106947
908,12.129988,13.337000,74.979381
909,12.143781,13.793000,72.500544
910,12.156743,12.962000,77.148588
911,12.170169,13.426000,74.482348
912,12.183299,13.130000,76.161462
913,12.196945,13.646000,73.281548
914,12.210295,13.350000,74.906367
915,12.223483,13.188000,75.826509
916,12.236784,13.301000,75.182317
917,12.250470,13.686000,73.067368
918,12.263244,12.774000,78.284014
919,12.276983,13.739000,72.785501
920,12.290358,13.375000,74.766355
921,12.302577,12.219000,81.839758
922,12.317091,14.514000,68.898994
923,12.329700,12.609000,79.308430
924,12.345837,16.137000,61.969387
925,12.356934,11.097000,90.114445
926,12.369768,12.834000,77.918030
927,12.383740,13.972000,71.571715
928,12.396295,12.555000,79.649542
929,12.409801,13.506000,74.041167
930,12.422557,12.756000,78.394481
931,12.436955,14.398000,69.454091
932,12.450317,13.362000,74.839096
933,12.463984,13.667000,73.168947
934,12.476400,12.416000,80.541237
935,12.489457,13.057000,76.587271
936,12.503541,14.084000,71.002556
937,12.516607,13.066000,76.534517
938,12.529579,12.972000,77.089115
939,12.543640,14.061000,71.118697
940,12.561648,18.008000,55.530875
941,12.570315,8.667000,115.380178
942,12.583346,13.031000,76.740081
943,12.596735,13.389000,74.688177
944,12.609632,12.897000,77.537412
945,12.624549,14.917000,67.037608
946,12.636596,12.047000,83.008218
947,12.649995,13.399000,74.632435
948,12.663174,13.179000,75.878291
949,12.677381,14.207000,70.387837
950,12.690191,12.810000,78.064012
951,12.703496,13.305000,75.159714
952,12.716789,13.293000,75.227563
953,12.730915,14.126000,70.791448
954,12.743462,12.547000,79.700327
955,12.756678,13.216000,75.665860
956,12.770862,14.184000,70.501974
957,12.783669,12.807000,78.082299
958,12.796984,13.315000,75.103267
959,12.810213,13.229000,75.591504
960,12.824358,14.145000,70.696359
961,12.837802,13.444000,74.382624
962,12.849967,12.165000,82.203042
963,12.863441,13.474000,74.217011
964,12.878138,14.697000,68.041097
965,12.891514,13.376000,74.760766
966,12.903501,11.987000,83.423709
967,12.916744,13.243000,75.511591
968,12.930195,13.451000,74.343915
969,12.943888,13.693000,73.030015
970,12.957170,13.282000,75.289866
971,12.970264,13.094000,76.370857
972,12.983299,13.035000,76.716532
973,12.996824,13.525000,73.937153
974,13.011105,14.281000,70.023108
975,13.023560,12.455000,80.289041
976,13.036726,13.166000,75.953213
977,13.051887,15.161000,65.958710
978,13.062814,10.927000,91.516427
979,13.076554,13.740000,72.780204
980,13.090415,13.861000,72.144867
981,13.103707,13.292000,75.233223
982,13.116409,12.702000,78.727759
983,13.129587,13.178000,75.884049
984,13.143542,13.955000,71.658904
985,13.163220,19.678000,50.818173
986,13.182159,18.939000,52.801098
987,13.192340,10.181000,98.222179
988,13.196171,3.831000,261.028452
989,13.209641,13.470000,74.239050
990,13.222841,13.200000,75.757576
991,13.236219,13.378000,74.749589
992,13.249875,13.656000,73.227885
993,13.262932,13.057000,76.587271
994,13.277009,14.077000,71.037863
995,13.290112,13.103000,76.318400
996,13.303438,13.326000,75.041273
997,13.316128,12.690000,78.802206
998,13.330174,14.046000,71.194646
999,13.343438,13.264000,75.392039
1000,13.356943,13.505000,74.046649
1001,13.369633,12.690000,78.802206
1002,13.383150,13.517000,73.980913
1003,13.396175,13.025000,76.775432
1004,13.410661,14.486000,69.032169
1005,13.423377,12.716000,78.641082
1006,13.437662,14.285000,70.003500
1007,13.450507,12.845000,77.851304
1008,13.462989,12.482000,80.115366
1009,13.476545,13.556000,73.768073
1010,13.490424,13.879000,72.051301
1011,13.503254,12.830000,77.942323
1012,13.516659,13.405000,74.599030
1013,13.530018,13.359000,74.855902
1014,13.544259,14.241000,70.219788
1015,13.556674,12.415000,80.547725
1016,13.571460,14.786000,67.631543
1017,13.583473,12.013000,83.243153
1018,13.596578,13.105000,76.306753
1019,13.610235,13.657000,73.222523
1020,13.623199,12.964000,77.136686
1021,13.636012,12.813000,78.045735
1022,13.651249,15.237000,65.629717
1023,13.663372,12.123000,82.487833
1024,13.676682,13.310000,75.131480
1025,13.690051,13.369000,74.799910
1026,13.703818,13.767000,72.637466
1027,13.716586,12.768000,78.320802
1028,13.730835,14.249000,70.180364
1029,13.743124,12.289000,81.373586
1030,13.756682,13.558000,73.757191
1031,13.769888,13.206000,75.723156
1032,13.783374,13.486000,74.150971
1033,13.796359,12.985000,77.011937
1034,13.810401,14.042000,71.214927
1035,13.824159,13.758000,72.684983
1036,13.836579,12.420000,80.515298
1037,13.850024,13.445000,74.377092
1038,13.864416,14.392000,69.483046
1039,13.877462,13.046000,76.651847
1040,13.889844,12.382000,80.762397
1041,13.903154,13.310000,75.131480
1042,13.916280,13.126000,76.184672
1043,13.929112,12.832000,77.930175
1044,13.942765,13.653000,73.243976
1045,13.956260,13.495000,74.101519
1046,13.969724,13.464000,74.272133
1047,13.986800,17.076000,58.561724
1048,13.995833,9.033000,110.705192
1049,14.009210,13.377000,74.755177
1050,14.022951,13.741000,72.774907
1051,14.036153,13.202000,75.746099
1052,14.049534,13.381000,74.732830
1053,14.062830,13.296000,75.210590
1054,14.076095,13.265000,75.386355
1055,14.090118,14.023000,71.311417
1056,14.103292,13.174000,75.907090
1057,14.116754,13.462000,74.283167
1058,14.129833,13.079000,76.458445
1059,14.142923,13.090000,76.394194
1060,14.156757,13.834000,72.285673
1061,14.170035,13.278000,75.312547
1062,14.182946,12.911000,77.453334
1063,14.196111,13.165000,75.958982
1064,14.209854,13.743000,72.764316
1065,14.223091,13.237000,75.545819
1066,14.236390,13.299000,75.193624
1067,14.250536,14.146000,70.691362
1068,14.263000,12.464000,80.231065
1069,14.276558,13.558000,73.757191
1070,14.289513,12.955000,77.190274
1071,14.303589,14.076000,71.042910
1072,14.316663,13.074000,76.487685
1073,14.329618,12.955000,77.190274
1074,14.343572,13.954000,71.664039
1075,14.356760,13.188000,75.826509
1076,14.369533,12.773000,78.290143
1077,14.382929,13.396000,74.649149
1078,14.396624,13.695000,73.019350
1079,14.410140,13.516000,73.986387
1080,14.423373,13.233000,75.568654
1081,14.436801,13.428000,74.471254
1082,14.449311,12.510000,79.936051
1083,14.462307,12.996000,76.946753
1084,14.476654,14.347000,69.700983
1085,14.489121,12.467000,80.211759
1086,14.502396,13.275000,75.329567
1087,14.515879,13.483000,74.167470
1088,14.529032,13.153000,76.028283
1089,14.542896,13.864000,72.129256
1090,14.556267,13.371000,74.788722
1091,14.569313,13.046000,76.651847
1092,14.582939,13.626000,73.389109
1093,14.595933,12.994000,76.958596
1094,14.609176,13.243000,75.511591
1095,14.622490,13.314000,75.108908
1096,14.635825,13.335000,74.990626
1097,14.648997,13.172000,75.918615
1098,14.662396,13.399000,74.632435
1099,14.675732,13.336000,74.985003
1100,14.689151,13.419000,74.521201
1101,14.702483,13.332000,75.007501
1102,14.715665,13.182000,75.861023
1103,14.729001,13.336000,74.985003
1104,14.742320,13.319000,75.080712
1105,14.755304,12.984000,77.017868
1106,14.769012,13.708000,72.950102
1107,14.786961,17.949000,55.713410
1108,14.796101,9.140000,109.409190
1109,14.809007,12.906000,77.483341
1110,14.822086,13.079000,76.458445
1111,14.835547,13.461000,74.288686
1112,14.849117,13.570000,73.691968
1113,14.861898,12.781000,78.241139
1114,14.875236,13.338000,74.973759
1115,14.888998,13.762000,72.663857
1116,14.901883,12.885000,77.609624
1117,14.915546,13.663000,73.190368
1118,14.928400,12.854000,77.796795
1119,14.942250,13.850000,72.202166
1120,14.955658,13.408000,74.582339
1121,14.970679,15.021000,66.573464
1122,14.981840,11.161000,89.597706
1123,14.995465,13.625000,73.394495
1124,15.009072,13.607000,73.491585
1125,15.022492,13.420000,74.515648
1126,15.035115,12.623000,79.220471
1127,15.048842,13.727000,72.849129
1128,15.062386,13.544000,73.833432
1129,15.075468,13.082000,76.440911
1130,15.088958,13.490000,74.128984
1131,15.102584,13.626000,73.389109
1132,15.115774,13.190000,75.815011
1133,15.129372,13.598000,73.540227
1134,15.142111,12.739000,78.499097
1135,15.155608,13.497000,74.090539
1136,15.168926,13.318000,75.086349
1137,15.182329,13.403000,74.610162
1138,15.195664,13.335000,74.990626
1139,15.209190,13.526000,73.931687
1140,15.222331,13.141000,76.097709
1141,15.235535,13.204000,75.734626
1142,15.248974,13.439000,74.410298
1143,15.262298,13.324000,75.052537
1144,15.275613,13.315000,75.103267
1145,15.288935,13.322000,75.063804
1146,15.302280,13.345000,74.934432
1147,15.315247,12.967000,77.118840
1148,15.328779,13.532000,73.898906
1149,15.342119,13.340000,74.962519
1150,15.355508,13.389000,74.688177
1151,15.368818,13.310000,75.131480
1152,15.382129,13.311000,75.125836
1153,15.395458,13.329000,75.024383
1154,15.408853,13.395000,74.654722
1155,15.421692,12.839000,77.887686
1156,15.435695,14.003000,71.413269
1157,15.448787,13.092000,76.382524
1158,15.462151,13.364000,74.827896
1159,15.475505,13.354000,74.883930
1160,15.488901,13.396000,74.649149
1161,15.502179,13.278000,75.312547
1162,15.515675,13.496000,74.096028
1163,15.528791,13.116000,76.242757
1164,15.546307,17.516000,57.090660
1165,15.555152,8.845000,113.058225
1166,15.568372,13.220000,75.642965
1167,15.582215,13.843000,72.238677
1168,15.595522,13.307000,75.148418
1169,15.608749,13.227000,75.602933
1170,15.622228,13.479000,74.189480
1171,15.635424,13.196000,75.780540
1172,15.648800,13.376000,74.760766
1173,15.662058,13.258000,75.426158
1174,15.675436,13.378000,74.749589
1175,15.688804,13.368000,74.805506
1176,15.702101,13.297000,75.204933
1177,15.715352,13.251000,75.466003
1178,15.729291,13.939000,71.741158
1179,15.741992,12.701000,78.733958
1180,15.755280,13.288000,75.255870
1181,15.768546,13.266000,75.380672
1182,15.782154,13.608000,73.486185
1183,15.795736,13.582000,73.626859
1184,15.808957,13.221000,75.637244
1185,15.822254,13.297000,75.204933
1186,15.835404,13.150000,76.045627
1187,15.848824,13.420000,74.515648
1188,15.861979,13.155000,76.016724
1189,15.875534,13.555000,73.773515
1190,15.888816,13.282000,75.289866
1191,15.902187,13.371000,74.788722
1192,15.915411,13.224000,75.620085
1193,15.928763,13.352000,74.895147
1194,15.942079,13.316000,75.097627
1195,15.955468,13.389000,74.688177
1196,15.968897,13.429000,74.465709
1197,15.982160,13.263000,75.397723
1198,15.995542,13.382000,74.727246
1199,16.008885,13.343000,74.945664
1200,16.022351,13.466000,74.261102
1201,16.035470,13.119000,76.225322
1202,16.048854,13.384000,74.716079
1203,16.062212,13.358000,74.861506
1204,16.075495,13.283000,75.284198
1205,16.088770,13.275000,75.329567
1206,16.102101,13.331000,75.013127
1207,16.115564,13.463000,74.277650
1208,16.128890,13.326000,75.041273
1209,16.142137,13.247000,75.488790
1210,16.155484,13.347000,74.923204
1211,16.168764,13.280000,75.301205
1212,16.182094,13.330000,75.018755
1213,16.195508,13.414000,74.548979
1214,16.208775,13.267000,75.374991
1215,16.222108,13.333000,75.001875
1216,16.235473,13.365000,74.822297
1217,16.248920,13.447000,74.366030
1218,16.262085,13.165000,75.958982
1219,16.275441,13.356000,74.872716
1220,16.288609,13.168000,75.941677
1221,16.302553,13.944000,71.715433
1222,16.318842,16.289000,61.391123
1223,16.330560,11.718000,85.338795
1224,16.342349,11.789000,84.824837
1225,16.355314,12.965000,77.130737
1226,16.368748,13.434000,74.437993
1227,16.382104,13.356000,74.872716
1228,16.395380,13.276000,75.323893
1229,16.408762,13.382000,74.727246
1230,16.422113,13.351000,74.900756
1231,16.435563,13.450000,74.349442
1232,16.448751,13.188000,75.826509
1233,16.462050,13.299000,75.193624
1234,16.475428,13.378000,74.749589
1235,16.488749,13.321000,75.069439
1236,16.502100,13.351000,74.900756
1237,16.515208,13.108000,76.289289
1238,16.528673,13.465000,74.266617
1239,16.542132,13.459000,74.299725
1240,16.555384,13.252000,75.460308
1241,16.568697,13.313000,75.114550
1242,16.581498,12.801000,78.118897
1243,16.595383,13.885000,72.020166
1244,16.608758,13.375000,74.766355
1245,16.621971,13.213000,75.683039
1246,16.635418,13.447000,74.366030
1247,16.648614,13.196000,75.780540
1248,16.661848,13.234000,75.562944
1249,16.675261,13.413000,74.554537
1250,16.688551,13.290000,75.244545
1251,16.702010,13.459000,74.299725
1252,16.715260,13.250000,75.471698
1253,16.732053,16.793000,59.548621
1254,16.741483,9.430000,106.044539
1255,16.755302,13.819000,72.364136
1256,16.768669,13.367000,74.811102
1257,16.782165,13.496000,74.096028
1258,16.795478,13.313000,75.114550
1259,16.808710,13.232000,75.574365
1260,16.822471,13.761000,72.669137
1261,16.836532,14.061000,71.118697
1262,16.848599,12.067000,82.870639
1263,16.861833,13.234000,75.562944
1264,16.875394,13.561000,73.740875
1265,16.888995,13.601000,73.524006
1266,16.902399,13.404000,74.604596
1267,16.916490,14.091000,70.967284
1268,16.929027,12.537000,79.763899
1269,16.942433,13.406000,74.593466
1270,16.956146,13.713000,72.923503
1271,16.969582,13.436000,74.426913
1272,16.982693,13.111000,76.271833
1273,16.996240,13.547000,73.817081
1274,17.009005,12.765000,78.339209
1275,17.022387,13.382000,74.727246
1276,17.035684,13.297000,75.204933
1277,17.048980,13.296000,75.210590
1278,17.062450,13.470000,74.239050
1279,17.075743,13.293000,75.227563
1280,17.091906,16.163000,61.869702
1281,17.101774,9.868000,101.337657
1282,17.115727,13.953000,71.669175
1283,17.128269,12.542000,79.732100
1284,17.142243,13.974000,71.561471
1285,17.155030,12.787000,78.204426
1286,17.168126,13.096000,76.359194
1287,17.182047,13.921000,71.833920
1288,17.195083,13.036000,76.710647
1289,17.208868,13.785000,72.542619
1290,17.221936,13.068000,76.522804
1291,17.235549,13.613000,73.459193
1292,17.248447,12.898000,77.531400
1293,17.262256,13.809000,72.416540
1294,17.275165,12.909000,77.465334
1295,17.293224,18.059000,55.374052
1296,17.301831,8.607000,116.184501
1297,17.316005,14.174000,70.551714
1298,17.329331,13.326000,75.041273
1299,17.343087,13.756000,72.695551
1300,17.356196,13.109000,76.283469
1301,17.370185,13.989000,71.484738
1302,17.382694,12.509000,79.942441
1303,17.396022,13.328000,75.030012
1304,17.411003,14.981000,66.751218
1305,17.422424,11.421000,87.558007
1306,17.436256,13.832000,72.296125
1307,17.450214,13.958000,71.643502
1308,17.462972,12.758000,78.382192
1309,17.477095,14.123000,70.806486
1310,17.489413,12.318000,81.182010
1311,17.502718,13.305000,75.159714
1312,17.518333,15.615000,64.040986
1313,17.528683,10.350000,96.618357
1314,17.544105,15.422000,64.842433
1315,17.556328,12.223000,81.812976
1316,17.570818,14.490000,69.013112
1317,17.583968,13.150000,76.045627
1318,17.596190,12.222000,81.819669
1319,17.609556,13.366000,74.816699
1320,17.622827,13.271000,75.352272
1321,17.637099,14.272000,70.067265
1322,17.649997,12.898000,77.531400
1323,17.663065,13.068000,76.522804
1324,17.676044,12.979000,77.047538
1325,17.689355,13.311000,75.125836
1326,17.702977,13.622000,73.410659
1327,17.716130,13.153000,76.028283
1328,17.729509,13.379000,74.744002
1329,17.742834,13.325000,75.046904
1330,17.756529,13.695000,73.019350
1331,17.769466,12.937000,77.297673
1332,17.783104,13.638000,73.324534
1333,17.795847,12.743000,78.474457
1334,17.809081,13.234000,75.562944
1335,17.822495,13.414000,74.548979
1336,17.836197,13.702000,72.982046
1337,17.849490,13.293000,75.227563
1338,17.862985,13.495000,74.101519
1339,17.879750,16.765000,59.648076
1340,17.888323,8.573000,116.645282
1341,17.902232,13.909000,71.895895
1342,17.915105,12.873000,77.681970
1343,17.928706,13.601000,73.524006
1344,17.942156,13.450000,74.349442
1345,17.955720,13.564000,73.724565
1346,17.969188,13.468000,74.250074
1347,17.981908,12.720000,78.616352
1348,17.995382,13.474000,74.217011
1349,18.008303,12.921000,77.393391
1350,18.022448,14.145000,70.696359
1351,18.035150,12.702000,78.727759
1352,18.048353,13.203000,75.740362
1353,18.061728,13.375000,74.766355
1354,18.079647,17.919000,55.806686
1355,18.088254,8.607000,116.184501
1356,18.101487,13.233000,75.568654
1357,18.115302,13.815000,72.385089
1358,18.128566,13.264000,75.392039
1359,18.142042,13.476000,74.205996
1360,18.155520,13.478000,74.194984
1361,18.168715,13.195000,75.786283
1362,18.182169,13.454000,74.327338
1363,18.195582,13.413000,74.554537
1364,18.208644,13.062000,76.557954
1365,18.221912,13.268000,75.369310
1366,18.235239,13.327000,75.035642
1367,18.248743,13.504000,74.052133
1368,18.262003,13.260000,75.414781
1369,18.275251,13.248000,75.483092
1370,18.288630,13.379000,74.744002
1371,18.301862,13.232000,75.574365
1372,18.315450,13.588000,73.594348
1373,18.328464,13.014000,76.840326
1374,18.341882,13.418000,74.526755
1375,18.354839,12.957000,77.178359
1376,18.368383,13.544000,73.833432
1377,18.381871,13.488000,74.139976
1378,18.395324,13.453000,74.332863
1379,18.408477,13.153000,76.028283
1380,18.421720,13.243000,75.511591
1381,18.435193,13.473000,74.222519
1382,18.448425,13.232000,75.574365
1383,18.461873,13.448000,74.360500
1384,18.475100,13.227000,75.602933
1385,18.488401,13.301000,75.182317
1386,18.501841,13.440000,74.404762
1387,18.515098,13.257000,75.431847
1388,18.528387,13.289000,75.250207
1389,18.541694,13.307000,75.148418
1390,18.555123,13.429000,74.465709
1391,18.568441,13.318000,75.086349
1392,18.581697,13.256000,75.437538
1393,18.595120,13.423000,74.498994
1394,18.608441,13.321000,75.069439
1395,18.621762,13.321000,75.069439
1396,18.635125,13.363000,74.833495
1397,18.657617,22.492000,44.460253
1398,18.665328,7.711000,129.684866
1399,18.674875,9.547000,104.744946
1400,18.688490,13.615000,73.448402
1401,18.701308,12.818000,78.015291
1402,18.715160,13.852000,72.191741
1403,18.728392,13.232000,75.574365
1404,18.741892,13.500000,74.074074
1405,18.755519,13.627000,73.383723
1406,18.768600,13.081000,76.446755
1407,18.781830,13.230000,75.585790
1408,18.795466,13.636000,73.335289
1409,18.808813,13.347000,74.923204
1410,18.821766,12.953000,77.202193
1411,18.835099,13.333000,75.001875
1412,18.848474,13.375000,74.766355
1413,18.861729,13.255000,75.443229
1414,18.875113,13.384000,74.716079
1415,18.888380,13.267000,75.374991
1416,18.901699,13.319000,75.080712
1417,18.915047,13.348000,74.917591
1418,18.928458,13.411000,74.565655
1419,18.941558,13.100000,76.335878
1420,18.954757,13.199000,75.763315
1421,18.967940,13.183000,75.855268
1422,18.981739,13.799000,72.469019
1423,18.995038,13.299000,75.193624
1424,19.008012,12.974000,77.077231
1425,19.021406,13.394000,74.660296
1426,19.034885,13.479000,74.189480
1427,19.047994,13.109000,76.283469
1428,19.061720,13.726000,72.854437
1429,19.075064,13.344000,74.940048
1430,19.088322,13.258000,75.426158
1431,19.101770,13.448000,74.360500
1432,19.115169,13.399000,74.632435
1433,19.128523,13.354000,74.883930
1434,19.141180,12.657000,79.007664
1435,19.155080,13.900000,71.942446
1436,19.168520,13.440000,74.404762
1437,19.181757,13.237000,75.545819
1438,19.194993,13.236000,75.551526
1439,19.208388,13.395000,74.654722
1440,19.221664,13.276000,75.323893
1441,19.235134,13.470000,74.239050
1442,19.248473,13.339000,74.968139
1443,19.261775,13.302000,75.176665
1444,19.275670,13.895000,71.968334
1445,19.288468,12.798000,78.137209
1446,19.301301,12.833000,77.924102
1447,19.314648,13.347000,74.923204
1448,19.328066,13.418000,74.526755
1449,19.341727,13.661000,73.201083
1450,19.355254,13.527000,73.926222
1451,19.368282,13.028000,76.757753
1452,19.381623,13.341000,74.956900
1453,19.394804,13.181000,75.866778
1454,19.408365,13.561000,73.740875
1455,19.424922,16.557000,60.397415
1456,19.434657,9.735000,102.722137
1457,19.448221,13.564000,73.724565
1458,19.461670,13.449000,74.354971
1459,19.474980,13.310000,75.131480
1460,19.488306,13.326000,75.041273
1461,19.501704,13.398000,74.638006
1462,19.514945,13.241000,75.522997
1463,19.528185,13.240000,75.528701
1464,19.541578,13.393000,74.665870
1465,19.554960,13.382000,74.727246
1466,19.568290,13.330000,75.018755
1467,19.581606,13.316000,75.097627
1468,19.595134,13.528000,73.920757
1469,19.608555,13.421000,74.510096
1470,19.621340,12.785000,78.216660
1471,19.635006,13.666000,73.174301
1472,19.648315,13.309000,75.137125
1473,19.661544,13.229000,75.591504
1474,19.674869,13.325000,75.046904
1475,19.688203,13.334000,74.996250
1476,19.701568,13.365000,74.822297
1477,19.714938,13.370000,74.794316
1478,19.728182,13.244000,75.505889
1479,19.741597,13.415000,74.543422
1480,19.754920,13.323000,75.058170
1481,19.768203,13.283000,75.284198
1482,19.781627,13.424000,74.493445
1483,19.794932,13.305000,75.159714
1484,19.808225,13.293000,75.227563
1485,19.821549,13.324000,75.052537
1486,19.834845,13.296000,75.210590
1487,19.848216,13.371000,74.788722
1488,19.861560,13.344000,74.940048
1489,19.874810,13.250000,75.471698
1490,19.888191,13.381000,74.732830
1491,19.901505,13.314000,75.108908
1492,19.914874,13.369000,74.799910
1493,19.928174,13.300000,75.187970
1494,19.941555,13.381000,74.732830
1495,19.954830,13.275000,75.329567
1496,19.968147,13.317000,75.091988
1497,19.981656,13.509000,74.024724
1498,19.994887,13.231000,75.580077
1499,20.008188,13.301000,75.182317
1500,20.021506,13.318000,75.086349
1501,20.034914,13.408000,74.582339
1502,20.048163,13.249000,75.477395
1503,20.061411,13.248000,75.483092
1504,20.074816,13.405000,74.599030
1505,20.088172,13.356000,74.872716
1506,20.101647,13.475000,74.211503
1507,20.114880,13.233000,75.568654
1508,20.128218,13.338000,74.973759
1509,20.141516,13.298000,75.199278
1510,20.154860,13.344000,74.940048
1511,20.175113,20.253000,49.375401
1512,20.182505,7.392000,135.281385
1513,20.194627,12.122000,82.494638
1514,20.208170,13.543000,73.838884
1515,20.221473,13.303000,75.171014
1516,20.234872,13.399000,74.632435
1517,20.248193,13.321000,75.069439
1518,20.261464,13.271000,75.352272
1519,20.274832,13.368000,74.805506
1520,20.288180,13.348000,74.917591
1521,20.301372,13.192000,75.803517
1522,20.314788,13.416000,74.537865
1523,20.328083,13.295000,75.216247
1524,20.341492,13.409000,74.576777
1525,20.354937,13.445000,74.377092
1526,20.368079,13.142000,76.091919
1527,20.381498,13.419000,74.521201
1528,20.394754,13.256000,75.437538
1529,20.408241,13.487000,74.145473
1530,20.421263,13.022000,76.793119
1531,20.434924,13.661000,73.201083
1532,20.448090,13.166000,75.953213
1533,20.461450,13.360000,74.850299
1534,20.474801,13.351000,74.900756
1535,20.488131,13.330000,75.018755
1536,20.501359,13.228000,75.597218
1537,20.516774,15.415000,64.871878
1538,20.527979,11.205000,89.245872
1539,20.541383,13.404000,74.604596
1540,20.554984,13.601000,73.524006
1541,20.568081,13.097000,76.353363
1542,20.581466,13.385000,74.710497
1543,20.594740,13.274000,75.335242
1544,20.608157,13.417000,74.532310
1545,20.621271,13.114000,76.254385
1546,20.634832,13.561000,73.740875
1547,20.647667,12.835000,77.911959
1548,20.661538,13.871000,72.092856
1549,20.674946,13.408000,74.582339
1550,20.688167,13.221000,75.637244
1551,20.701333,13.166000,75.953213
1552,20.714723,13.390000,74.682599
1553,20.728068,13.345000,74.934432
1554,20.741383,13.315000,75.103267
1555,20.754700,13.317000,75.091988
1556,20.768102,13.402000,74.615729
1557,20.781389,13.287000,75.261534
1558,20.794734,13.345000,74.934432
1559,20.808170,13.436000,74.426913
1560,20.821395,13.225000,75.614367
1561,20.834754,13.359000,74.855902
1562,20.847957,13.203000,75.740362
1563,20.861415,13.458000,74.305246
1564,20.874714,13.299000,75.193624
1565,20.888067,13.353000,74.889538
1566,20.901351,13.284000,75.278531
1567,20.914797,13.446000,74.371560
1568,20.928078,13.281000,75.295535
1569,20.944797,16.719000,59.812190
1570,20.955789,10.992000,90.975255
1571,20.967569,11.780000,84.889643
1572,20.981324,13.755000,72.700836
1573,20.994683,13.359000,74.855902
1574,21.008011,13.328000,75.030012
1575,21.021401,13.390000,74.682599
1576,21.034675,13.274000,75.335242
1577,21.048036,13.361000,74.844697
1578,21.061381,13.345000,74.934432
1579,21.074703,13.322000,75.063804
1580,21.088027,13.324000,75.052537
1581,21.101343,13.316000,75.097627
1582,21.114709,13.366000,74.816699
1583,21.129304,14.595000,68.516615
1584,21.141352,12.048000,83.001328
1585,21.154783,13.431000,74.454620
1586,21.168024,13.241000,75.522997
1587,21.181336,13.312000,75.120192
1588,21.194617,13.281000,75.295535
1589,21.208022,13.405000,74.599030
1590,21.221353,13.331000,75.013127
1591,21.234692,13.339000,74.968139
1592,21.247943,13.251000,75.466003
1593,21.261247,13.304000,75.165364
1594,21.274737,13.490000,74.128984
1595,21.287900,13.163000,75.970523
1596,21.301241,13.341000,74.956900
1597,21.314666,13.425000,74.487896
1598,21.327989,13.323000,75.058170
1599,21.341258,13.269000,75.363630
1600,21.354630,13.372000,74.783129
1601,21.367968,13.338000,74.973759
1602,21.381310,13.342000,74.951282
1603,21.394630,13.320000,75.075075
1604,21.407955,13.325000,75.046904
1605,21.421600,13.645000,73.286918
1606,21.434581,12.981000,77.035668
1607,21.447986,13.405000,74.599030
1608,21.461360,13.374000,74.771946
1609,21.474674,13.314000,75.108908
1610,21.488124,13.450000,74.349442
1611,21.500923,12.799000,78.131104
1612,21.514653,13.730000,72.833212
1613,21.527956,13.303000,75.171014
1614,21.541236,13.280000,75.301205
1615,21.554632,13.396000,74.649149
1616,21.568000,13.368000,74.805506
1617,21.581266,13.266000,75.380672
1618,21.594564,13.298000,75.199278
1619,21.607889,13.325000,75.046904
1620,21.621289,13.400000,74.626866
1621,21.634650,13.361000,74.844697
1622,21.647947,13.297000,75.204933
1623,21.661248,13.301000,75.182317
1624,21.674665,13.417000,74.532310
1625,21.687856,13.191000,75.809264
1626,21.702531,14.675000,68.143101
1627,21.714656,12.125000,82.474227
1628,21.728076,13.420000,74.515648
1629,21.741329,13.253000,75.454614
1630,21.754546,13.217000,75.660135
1631,21.768010,13.464000,74.272133
1632,21.781164,13.154000,76.022503
1633,21.794539,13.375000,74.766355
1634,21.807867,13.328000,75.030012
1635,21.821296,13.429000,74.465709
1636,21.834694,13.398000,74.638006
1637,21.847983,13.289000,75.250207
1638,21.861163,13.180000,75.872534
1639,21.874539,13.376000,74.760766
1640,21.887864,13.325000,75.046904
1641,21.901277,13.413000,74.554537
1642,21.914666,13.389000,74.688177
1643,21.927894,13.228000,75.597218
1644,21.941248,13.354000,74.883930
1645,21.954545,13.297000,75.204933
1646,21.967866,13.321000,75.069439
1647,21.981193,13.327000,75.035642
1648,21.994461,13.268000,75.369310
1649,22.007853,13.392000,74.671446
1650,22.021327,13.474000,74.217011
1651,22.034688,13.361000,74.844697
1652,22.047857,13.169000,75.935910
1653,22.061196,13.339000,74.968139
1654,22.074551,13.355000,74.878323
1655,22.087806,13.255000,75.443229
1656,22.101207,13.401000,74.621297
1657,22.114543,13.336000,74.985003
1658,22.127820,13.277000,75.318219
1659,22.141218,13.398000,74.638006
1660,22.154613,13.395000,74.654722
1661,22.167896,13.283000,75.284198
1662,22.181235,13.339000,74.968139
1663,22.194483,13.248000,75.483092
1664,22.207826,13.343000,74.945664
1665,22.221189,13.363000,74.833495
1666,22.234491,13.302000,75.176665
1667,22.247859,13.368000,74.805506
1668,22.261203,13.344000,74.940048
1669,22.274493,13.290000,75.244545
1670,22.287929,13.436000,74.426913
1671,22.301173,13.244000,75.505889
1672,22.314502,13.329000,75.024383
1673,22.327820,13.318000,75.086349
1674,22.341134,13.314000,75.108908
1675,22.354470,13.336000,74.985003
1676,22.367814,13.344000,74.940048
1677,22.381231,13.417000,74.532310
1678,22.394471,13.240000,75.528701
1679,22.407809,13.338000,74.973759
1680,22.421438,13.629000,73.372955
1681,22.434635,13.197000,75.774797
1682,22.456860,22.225000,44.994376
1683,22.473562,16.702000,59.873069
1684,22.481380,7.818000,127.909951
1685,22.487629,6.249000,160.025604
1686,22.491892,4.263000,234.576589
1687,22.501592,9.700000,103.092784
1688,22.514484,12.892000,77.567484
1689,22.528437,13.953000,71.669175
1690,22.541126,12.689000,78.808417
1691,22.554171,13.045000,76.657723
1692,22.567786,13.615000,73.448402
1693,22.582368,14.582000,68.577699
1694,22.594394,12.026000,83.153168
1695,22.607866,13.472000,74.228029
1696,22.622246,14.380000,69.541029
1697,22.636690,14.444000,69.232899
1698,22.648937,12.247000,81.652650
1699,22.660781,11.844000,84.430935
1700,22.674036,13.255000,75.443229
1701,22.687414,13.378000,74.749589
1702,22.700653,13.239000,75.534406
1703,22.714034,13.381000,74.732830
1704,22.727808,13.774000,72.600552
1705,22.741304,13.496000,74.096028
1706,22.754604,13.300000,75.187970
1707,22.767817,13.213000,75.683039
1708,22.781170,13.353000,74.889538
1709,22.794377,13.207000,75.717423
1710,22.807907,13.530000,73.909830
1711,22.820972,13.065000,76.540375
1712,22.834596,13.624000,73.399883
1713,22.847755,13.159000,75.993617
1714,22.861090,13.335000,74.990626
1715,22.874638,13.548000,73.811633
1716,22.887754,13.116000,76.242757
1717,22.901149,13.395000,74.654722
1718,22.914485,13.336000,74.985003
1719,22.927884,13.399000,74.632435
1720,22.941079,13.195000,75.786283
1721,22.954806,13.727000,72.849129
1722,22.968411,13.605000,73.502389
1723,22.981525,13.114000,76.254385
1724,22.994809,13.284000,75.278531
1725,23.008107,13.298000,75.199278
1726,23.021368,13.261000,75.409094
1727,23.034760,13.392000,74.671446
1728,23.048023,13.263000,75.397723
1729,23.061419,13.396000,74.649149
1730,23.074946,13.527000,73.926222
1731,23.087952,13.006000,76.887590
1732,23.101363,13.411000,74.565655
1733,23.114708,13.345000,74.934432
1734,23.128092,13.384000,74.716079
1735,23.141200,13.108000,76.289289
1736,23.154374,13.174000,75.907090
1737,23.167767,13.393000,74.665870
1738,23.181036,13.269000,75.363630
1739,23.194333,13.297000,75.204933
1740,23.214360,20.027000,49.932591
1741,23.222083,7.723000,129.483361
1742,23.234353,12.270000,81.499593
1743,23.247756,13.403000,74.610162
1744,23.260485,12.729000,78.560767
1745,23.274386,13.901000,71.937271
1746,23.287834,13.448000,74.360500
1747,23.301141,13.307000,75.148418
1748,23.314267,13.126000,76.184672
1749,23.327436,13.169000,75.935910
1750,23.340551,13.115000,76.248570
1751,23.354404,13.853000,72.186530
1752,23.367238,12.834000,77.918030
1753,23.381029,13.791000,72.511058
1754,23.394444,13.415000,74.543422
1755,23.407638,13.194000,75.792027
1756,23.421081,13.443000,74.388157
1757,23.434387,13.306000,75.154066
1758,23.447626,13.239000,75.534406
1759,23.460874,13.248000,75.483092
1760,23.474390,13.516000,73.986387
1761,23.487555,13.165000,75.958982
1762,23.500945,13.390000,74.682599
1763,23.514227,13.282000,75.289866
1764,23.527989,13.762000,72.663857
1765,23.541347,13.358000,74.861506
1766,23.554397,13.050000,76.628352
1767,23.567886,13.489000,74.134480
1768,23.581343,13.457000,74.310768
1769,23.594184,12.841000,77.875555
1770,23.608109,13.925000,71.813285
1771,23.621376,13.267000,75.374991
1772,23.634587,13.211000,75.694497
1773,23.647971,13.384000,74.716079
1774,23.661014,13.043000,76.669478
1775,23.674342,13.328000,75.030012
1776,23.687783,13.441000,74.399226
1777,23.701312,13.529000,73.915293
1778,23.714764,13.452000,74.338388
1779,23.728171,13.407000,74.587902
1780,23.741759,13.588000,73.594348
1781,23.754313,12.554000,79.655887
1782,23.768790,14.477000,69.075085
1783,23.781237,12.447000,80.340644
1784,23.795070,13.833000,72.290899
1785,23.808085,13.015000,76.834422
1786,23.820819,12.734000,78.529920
1787,23.834236,13.417000,74.532310
1788,23.847640,13.404000,74.604596
1789,23.861043,13.403000,74.610162
1790,23.874282,13.239000,75.534406
1791,23.887118,12.836000,77.905890
1792,23.900885,13.767000,72.637466
1793,23.914026,13.141000,76.097709
1794,23.927394,13.368000,74.805506
1795,23.940581,13.187000,75.832259
1796,23.953884,13.303000,75.171014
1797,23.967186,13.302000,75.176665
1798,23.984630,17.444000,57.326301
1799,23.993800,9.170000,109.051254
1800,24.007251,13.451000,74.343915
1801,24.020445,13.194000,75.792027
1802,24.033761,13.316000,75.097627
1803,24.047081,13.320000,75.075075
1804,24.060912,13.831000,72.301352
1805,24.074443,13.531000,73.904368
1806,24.087700,13.257000,75.431847
1807,24.100574,12.874000,77.675936
1808,24.114299,13.725000,72.859745
1809,24.128032,13.733000,72.817301
1810,24.140783,12.751000,78.425222
1811,24.154125,13.342000,74.951282
1812,24.170003,15.878000,62.980224
1813,24.180379,10.376000,96.376253
1814,24.194295,13.916000,71.859730
1815,24.207286,12.991000,76.976368
1816,24.220986,13.700000,72.992701
1817,24.233811,12.825000,77.972710
1818,24.247494,13.683000,73.083388
1819,24.260855,13.361000,74.844697
1820,24.274171,13.316000,75.097627
1821,24.287526,13.355000,74.878323
1822,24.300894,13.368000,74.805506
1823,24.314327,13.433000,74.443535
1824,24.327816,13.489000,74.134480
1825,24.340951,13.135000,76.132470
1826,24.354307,13.356000,74.872716
1827,24.367371,13.064000,76.546234
1828,24.380925,13.554000,73.778958
1829,24.394319,13.394000,74.660296
1830,24.407616,13.297000,75.204933
1831,24.421372,13.756000,72.695551
1832,24.434482,13.110000,76.277651
1833,24.447674,13.192000,75.803517
1834,24.460925,13.251000,75.466003
1835,24.474254,13.329000,75.024383
1836,24.487594,13.340000,74.962519
1837,24.500786,13.192000,75.803517
1838,24.514191,13.405000,74.599030
1839,24.527501,13.310000,75.131480
1840,24.540788,13.287000,75.261534
1841,24.554195,13.407000,74.587902
1842,24.567540,13.345000,74.934432
1843,24.580805,13.265000,75.386355
1844,24.594266,13.461000,74.288686
1845,24.607490,13.224000,75.620085
1846,24.620701,13.211000,75.694497
1847,24.634033,13.332000,75.007501
1848,24.647539,13.506000,74.041167
1849,24.660949,13.410000,74.571216
1850,24.674191,13.242000,75.517293
1851,24.687444,13.253000,75.454614
1852,24.700920,13.476000,74.205996
1853,24.714238,13.318000,75.086349
1854,24.727580,13.342000,74.951282
1855,24.740917,13.337000,74.979381
1856,24.756648,15.731000,63.568750
1857,24.767424,10.776000,92.798812
1858,24.780846,13.422000,74.504545
1859,24.794088,13.242000,75.517293
1860,24.807615,13.527000,73.926222
1861,24.820717,13.102000,76.324225
1862,24.834159,13.442000,74.393691
1863,24.847541,13.382000,74.727246
1864,24.860777,13.236000,75.551526
1865,24.874230,13.453000,74.332863
1866,24.887461,13.231000,75.580077
1867,24.900753,13.292000,75.233223
1868,24.914079,13.326000,75.041273
1869,24.927479,13.400000,74.626866
1870,24.940752,13.273000,75.340918
1871,24.954055,13.303000,75.171014
1872,24.967425,13.370000,74.794316
1873,24.980854,13.429000,74.465709
1874,24.993706,12.852000,77.808901
1875,25.007453,13.747000,72.743144
1876,25.020666,13.213000,75.683039
1877,25.034097,13.431000,74.454620
1878,25.047309,13.212000,75.688768
1879,25.060731,13.422000,74.504545
1880,25.074090,13.359000,74.855902
1881,25.087397,13.307000,75.148418
1882,25.100686,13.289000,75.250207
1883,25.113979,13.293000,75.227563
1884,25.127394,13.415000,74.543422
1885,25.140753,13.359000,74.855902
1886,25.154040,13.287000,75.261534
1887,25.167429,13.389000,74.688177
1888,25.180705,13.276000,75.323893
1889,25.194019,13.314000,75.108908
1890,25.207406,13.387000,74.699335
1891,25.220624,13.218000,75.654411
1892,25.234020,13.396000,74.649149
1893,25.247376,13.356000,74.872716
1894,25.260736,13.360000,74.850299
1895,25.274167,13.431000,74.454620
1896,25.287381,13.214000,75.677312
1897,25.300655,13.274000,75.335242
1898,25.313914,13.259000,75.420469
1899,25.327313,13.399000,74.632435
1900,25.340724,13.411000,74.565655
1901,25.354045,13.321000,75.069439
1902,25.367440,13.395000,74.654722
1903,25.380588,13.148000,76.057195
1904,25.394143,13.555000,73.773515
1905,25.407363,13.220000,75.642965
1906,25.420317,12.954000,77.196233
1907,25.433608,13.291000,75.238883
1908,25.447480,13.872000,72.087659
1909,25.460717,13.237000,75.545819
1910,25.474023,13.306000,75.154066
1911,25.487352,13.329000,75.024383
1912,25.500649,13.297000,75.204933
1913,25.515866,15.217000,65.715976
1914,25.527284,11.418000,87.581012
1915,25.540712,13.428000,74.471254
1916,25.553505,12.793000,78.167748
1917,25.567397,13.892000,71.983876
1918,25.580720,13.323000,75.058170
1919,25.594017,13.297000,75.204933
1920,25.607393,13.376000,74.760766
1921,25.620636,13.243000,75.511591
1922,25.633986,13.350000,74.906367
1923,25.647343,13.357000,74.867111
1924,25.660745,13.402000,74.615729
1925,25.674062,13.317000,75.091988
1926,25.687440,13.378000,74.749589
1927,25.701009,13.569000,73.697398
1928,25.713589,12.580000,79.491256
1929,25.727377,13.788000,72.526835
1930,25.740624,13.247000,75.488790
1931,25.754065,13.441000,74.399226
1932,25.767417,13.352000,74.895147
1933,25.780390,12.973000,77.083173
1934,25.794079,13.689000,73.051355
1935,25.807532,13.453000,74.332863
1936,25.820846,13.314000,75.108908
1937,25.833794,12.948000,77.232005
1938,25.847525,13.731000,72.827908
1939,25.860405,12.880000,77.639752
1940,25.874248,13.843000,72.238677
1941,25.887510,13.262000,75.403408
1942,25.900327,12.817000,78.021378
1943,25.913983,13.656000,73.227885
1944,25.927020,13.037000,76.704763
1945,25.940604,13.584000,73.616019
1946,25.953943,13.339000,74.968139
1947,25.967324,13.381000,74.732830
1948,25.980697,13.373000,74.777537
1949,25.993950,13.253000,75.454614
1950,26.007246,13.296000,75.210590
1951,26.020590,13.344000,74.940048
1952,26.033855,13.265000,75.386355
1953,26.047233,13.378000,74.749589
1954,26.060576,13.343000,74.945664
1955,26.073902,13.326000,75.041273
1956,26.087293,13.391000,74.677022
1957,26.100589,13.296000,75.210590
1958,26.114075,13.486000,74.150971
1959,26.127185,13.110000,76.277651
1960,26.140564,13.379000,74.744002
1961,26.153877,13.313000,75.114550
1962,26.167182,13.305000,75.159714
1963,26.180467,13.285000,75.272864
1964,26.193854,13.387000,74.699335
1965,26.207398,13.544000,73.833432
1966,26.220688,13.290000,75.244545
1967,26.233967,13.279000,75.306876
1968,26.247255,13.288000,75.255870
1969,26.260571,13.316000,75.097627
1970,26.277636,17.065000,58.599473
1971,26.287244,9.608000,104.079933
1972,26.300154,12.910000,77.459334
1973,26.313509,13.355000,74.878323
1974,26.327325,13.816000,72.379849
1975,26.340184,12.859000,77.766545
1976,26.354001,13.817000,72.374611
1977,26.367192,13.191000,75.809264
1978,26.380605,13.413000,74.554537
1979,26.393939,13.334000,74.996250
1980,26.407335,13.396000,74.649149
1981,26.420808,13.473000,74.222519
1982,26.433401,12.593000,79.409196
1983,26.447249,13.848000,72.212594
1984,26.462686,15.437000,64.779426
1985,26.473685,10.999000,90.917356
1986,26.487425,13.740000,72.780204
1987,26.500060,12.635000,79.145231
1988,26.514057,13.997000,71.443881
1989,26.526827,12.770000,78.308536
1990,26.541255,14.428000,69.309676
1991,26.553941,12.686000,78.827053
1992,26.567151,13.210000,75.700227
1993,26.580541,13.390000,74.682599
1994,26.593996,13.455000,74.321813
1995,26.607203,13.207000,75.717423
1996,26.620576,13.373000,74.777537
1997,26.633797,13.221000,75.637244
1998,26.647098,13.301000,75.182317
1999,26.660575,13.477000,74.200490
2000,26.673868,13.293000,75.227563
2001,26.687150,13.282000,75.289866
2002,26.700711,13.561000,73.740875
2003,26.713815,13.104000,76.312576
2004,26.727227,13.412000,74.560095
2005,26.740455,13.228000,75.597218
2006,26.753815,13.360000,74.850299
2007,26.767254,13.439000,74.410298
2008,26.780501,13.247000,75.488790
2009,26.793789,13.288000,75.255870
2010,26.807142,13.353000,74.889538
2011,26.820482,13.340000,74.962519
2012,26.833882,13.400000,74.626866
2013,26.847150,13.268000,75.369310
2014,26.860449,13.299000,75.193624
2015,26.873784,13.335000,74.990626
2016,26.886690,12.906000,77.483341
2017,26.900489,13.799000,72.469019
2018,26.913823,13.334000,74.996250
2019,26.927166,13.343000,74.945664
2020,26.940505,13.339000,74.968139
2021,26.953851,13.346000,74.928818
2022,26.967206,13.355000,74.878323
2023,26.980477,13.271000,75.352272
2024,26.993787,13.310000,75.131480
2025,27.007279,13.492000,74.117996
2026,27.020439,13.160000,75.987842
2027,27.037111,16.672000,59.980806
2028,27.046820,9.709000,102.997219
2029,27.060437,13.617000,73.437615
2030,27.073809,13.372000,74.783129
2031,27.086914,13.105000,76.306753
2032,27.100453,13.539000,73.860699
2033,27.113859,13.406000,74.593466
2034,27.127113,13.254000,75.448921
2035,27.140390,13.277000,75.318219
2036,27.153865,13.475000,74.211503
2037,27.167030,13.165000,75.958982
2038,27.180485,13.455000,74.321813
2039,27.193666,13.181000,75.866778
2040,27.207142,13.476000,74.205996
2041,27.220833,13.691000,73.040684
2042,27.233711,12.878000,77.651809
2043,27.247029,13.318000,75.086349
2044,27.260328,13.299000,75.193624
2045,27.273723,13.395000,74.654722
2046,27.287118,13.395000,74.654722
2047,27.300707,13.589000,73.588932
2048,27.313725,13.018000,76.816715
2049,27.326928,13.203000,75.740362
2050,27.340379,13.451000,74.343915
2051,27.353708,13.329000,75.024383
2052,27.367037,13.329000,75.024383
2053,27.380321,13.284000,75.278531
2054,27.393684,13.363000,74.833495
2055,27.407049,13.365000,74.822297
2056,27.420543,13.494000,74.107011
2057,27.433708,13.165000,75.958982
2058,27.447062,13.354000,74.883930
2059,27.460381,13.319000,75.080712
2060,27.473775,13.394000,74.660296
2061,27.487070,13.295000,75.216247
2062,27.500322,13.252000,75.460308
2063,27.513684,13.362000,74.839096
2064,27.527074,13.390000,74.682599
2065,27.541023,13.949000,71.689727
2066,27.553691,12.668000,78.939059
2067,27.567009,13.318000,75.086349
2068,27.580388,13.379000,74.744002
2069,27.593668,13.280000,75.301205
2070,27.607018,13.350000,74.906367
2071,27.620393,13.375000,74.766355
2072,27.633688,13.295000,75.216247
2073,27.647103,13.415000,74.543422
2074,27.659899,12.796000,78.149422
2075,27.673665,13.766000,72.642743
2076,27.686978,13.313000,75.114550
2077,27.700379,13.401000,74.621297
2078,27.713717,13.338000,74.973759
2079,27.727093,13.376000,74.760766
2080,27.740387,13.294000,75.221905
2081,27.753707,13.320000,75.075075
2082,27.766982,13.275000,75.329567
2083,27.780397,13.415000,74.543422
2084,27.793676,13.279000,75.306876
2085,27.809570,15.894000,62.916824
2086,27.819909,10.339000,96.721153
2087,27.833756,13.847000,72.217809
2088,27.846592,12.836000,77.905890
2089,27.860436,13.844000,72.233459
2090,27.873317,12.881000,77.633724
2091,27.887219,13.902000,71.932096
2092,27.900172,12.953000,77.202193
2093,27.913815,13.643000,73.297662
2094,27.926730,12.915000,77.429346
2095,27.939965,13.235000,75.557235
2096,27.953300,13.335000,74.990626
2097,27.966874,13.574000,73.670252
2098,27.979996,13.122000,76.207895
2099,27.993296,13.300000,75.187970
2100,28.007200,13.904000,71.921749
2101,28.019994,12.794000,78.161638
2102,28.033704,13.710000,72.939460
2103,28.046554,12.850000,77.821012
2104,28.059945,13.391000,74.677022
2105,28.073386,13.441000,74.399226
2106,28.086747,13.361000,74.844697
2107,28.099896,13.149000,76.051411
2108,28.113373,13.477000,74.200490
2109,28.127089,13.716000,72.907553
2110,28.140364,13.275000,75.329567
2111,28.153639,13.275000,75.329567
2112,28.167342,13.703000,72.976720
2113,28.180433,13.091000,76.388358
2114,28.193795,13.362000,74.839096
2115,28.206577,12.782000,78.235018
2116,28.220255,13.678000,73.110104
2117,28.233545,13.290000,75.244545
2118,28.247921,14.376000,69.560378
2119,28.260149,12.228000,81.779522
2120,28.273285,13.136000,76.126675
2121,28.286660,13.375000,74.766355
2122,28.300081,13.421000,74.510096
2123,28.313223,13.142000,76.091919
2124,28.326496,13.273000,75.340918
2125,28.340071,13.575000,73.664825
2126,28.353729,13.658000,73.217162
2127,28.366754,13.025000,76.775432
2128,28.380235,13.481000,74.178473
2129,28.393322,13.087000,76.411706
2130,28.406855,13.533000,73.893446
2131,28.420426,13.571000,73.686537
2132,28.433737,13.311000,75.125836
2133,28.447100,13.363000,74.833495
2134,28.460233,13.133000,76.144065
2135,28.473706,13.473000,74.222519
2136,28.486975,13.269000,75.363630
2137,28.500669,13.694000,73.024682
2138,28.513918,13.249000,75.477395
2139,28.527222,13.304000,75.165364
2140,28.539883,12.661000,78.982703
2141,28.553723,13.840000,72.254335
2142,28.574578,20.855000,47.950132
2143,28.584159,9.581000,104.373239
2144,28.594547,10.388000,96.264921
2145,28.607043,12.496000,80.025608
2146,28.619784,12.741000,78.486775
2147,28.633667,13.883000,72.030541
2148,28.646961,13.294000,75.221905
2149,28.660276,13.315000,75.103267
2150,28.673765,13.489000,74.134480
2151,28.686703,12.938000,77.291699
2152,28.700434,13.731000,72.827908
2153,28.713109,12.675000,78.895464
2154,28.726944,13.835000,72.280448
2155,28.739881,12.937000,77.297673
2156,28.753658,13.777000,72.584743
2157,28.766727,13.069000,76.516949
2158,28.779900,13.173000,75.912852
2159,28.793178,13.278000,75.312547
2160,28.806437,13.259000,75.420469
2161,28.819845,13.408000,74.582339
2162,28.833210,13.365000,74.822297
2163,28.846937,13.727000,72.849129
2164,28.860271,13.334000,74.996250
2165,28.873515,13.244000,75.505889
2166,28.887010,13.495000,74.101519
2167,28.900186,13.176000,75.895568
2168,28.913594,13.408000,74.582339
2169,28.926957,13.363000,74.833495
2170,28.940392,13.435000,74.432453
2171,28.953967,13.575000,73.664825
2172,28.966495,12.528000,79.821201
2173,28.980099,13.604000,73.507792
2174,28.993424,13.325000,75.046904
2175,29.006737,13.313000,75.114550
2176,29.020415,13.678000,73.110104
2177,29.033904,13.489000,74.134480
2178,29.047298,13.394000,74.660296
2179,29.060131,12.833000,77.924102
2180,29.073634,13.503000,74.057617
2181,29.086968,13.334000,74.996250
2182,29.100182,13.214000,75.677312
2183,29.113601,13.419000,74.521201
2184,29.126861,13.260000,75.414781
2185,29.140177,13.316000,75.097627
2186,29.153473,13.296000,75.210590
2187,29.166914,13.441000,74.399226
2188,29.180080,13.166000,75.953213
2189,29.193496,13.416000,74.537865
2190,29.206780,13.284000,75.278531
2191,29.220070,13.290000,75.244545
2192,29.233439,13.369000,74.799910
2193,29.246657,13.218000,75.654411
2194,29.260280,13.623000,73.405270
2195,29.273927,13.647000,73.276178
2196,29.286948,13.021000,76.799017
2197,29.300154,13.206000,75.723156
2198,29.313776,13.622000,73.410659
2199,29.326814,13.038000,76.698880
2200,29.340158,13.344000,74.940048
2201,29.356208,16.050000,62.305296
2202,29.366370,10.162000,98.405826
2203,29.380250,13.880000,72.046110
2204,29.393065,12.815000,78.033554
2205,29.406921,13.856000,72.170901
2206,29.420356,13.435000,74.432453
2207,29.433333,12.977000,77.059413
2208,29.446917,13.584000,73.616019
2209,29.459971,13.054000,76.604872
2210,29.473500,13.529000,73.915293
2211,29.486626,13.126000,76.184672
2212,29.500290,13.664000,73.185012
2213,29.513070,12.780000,78.247261
2214,29.527084,14.014000,71.357214
2215,29.539708,12.624000,79.214195
2216,29.553564,13.856000,72.170901
2217,29.566559,12.995000,76.952674
2218,29.580130,13.571000,73.686537
2219,29.593126,12.996000,76.946753
2220,29.606830,13.704000,72.971395
2221,29.620204,13.374000,74.771946
2222,29.633556,13.352000,74.895147
2223,29.646375,12.819000,78.009205
2224,29.660282,13.907000,71.906234
2225,29.673251,12.969000,77.106947
2226,29.686866,13.615000,73.448402
2227,29.699707,12.841000,77.875555
2228,29.713518,13.811000,72.406053
2229,29.726860,13.342000,74.951282
2230,29.740256,13.396000,74.649149
2231,29.753509,13.253000,75.454614
2232,29.766759,13.250000,75.471698
2233,29.780264,13.505000,74.046649
2234,29.793379,13.115000,76.248570
2235,29.806707,13.328000,75.030012
2236,29.820036,13.329000,75.024383
2237,29.833459,13.423000,74.498994
2238,29.846753,13.294000,75.221905
2239,29.860147,13.394000,74.660296
2240,29.873613,13.466000,74.261102
2241,29.886933,13.320000,75.075075
2242,29.900240,13.307000,75.148418
2243,29.913519,13.279000,75.306876
2244,29.926941,13.422000,74.504545
2245,29.940162,13.221000,75.637244
2246,29.953604,13.442000,74.393691
2247,29.966793,13.189000,75.820760
2248,29.980311,13.518000,73.975440
2249,29.993441,13.130000,76.161462
2250,30.006779,13.338000,74.973759
2251,30.020178,13.399000,74.632435
2252,30.033323,13.145000,76.074553
2253,30.046933,13.610000,73.475386
2254,30.060281,13.348000,74.917591
2255,30.073459,13.178000,75.884049
2256,30.086748,13.289000,75.250207
2257,30.100091,13.343000,74.945664
2258,30.113466,13.375000,74.766355
2259,30.135329,21.863000,45.739377
2260,30.152512,17.183000,58.197055
2261,30.162174,9.662000,103.498241
2262,30.166584,4.410000,226.757370
2263,30.179602,13.018000,76.816715
2264,30.193096,13.494000,74.107011
2265,30.206341,13.245000,75.500189
2266,30.219548,13.207000,75.717423
2267,30.232985,13.437000,74.421374
2268,30.246335,13.350000,74.906367
2269,30.259800,13.465000,74.266617
2270,30.272997,13.197000,75.774797
2271,30.286371,13.374000,74.771946
2272,30.299639,13.268000,75.369310
2273,30.313002,13.363000,74.833495
2274,30.326316,13.314000,75.108908
2275,30.342167,15.851000,63.087502
2276,30.352917,10.750000,93.023256
2277,30.366342,13.425000,74.487896
2278,30.380099,13.757000,72.690267
2279,30.392867,12.768000,78.320802
2280,30.406291,13.424000,74.493445
2281,30.419515,13.224000,75.620085
2282,30.432884,13.369000,74.799910
2283,30.446199,13.315000,75.103267
2284,30.459572,13.373000,74.777537
2285,30.472875,13.303000,75.171014
2286,30.486564,13.689000,73.051355
2287,30.499978,13.414000,74.548979
2288,30.513292,13.314000,75.108908
2289,30.526629,13.337000,74.979381
2290,30.540051,13.422000,74.504545
2291,30.553447,13.396000,74.649149
2292,30.566659,13.212000,75.688768
2293,30.580172,13.513000,74.002812
2294,30.593400,13.228000,75.597218
2295,30.606290,12.890000,77.579519
2296,30.619673,13.383000,74.721662
2297,30.633108,13.435000,74.432453
2298,30.646195,13.087000,76.411706
2299,30.659985,13.790000,72.516316
2300,30.673407,13.422000,74.504545
2301,30.686873,13.466000,74.261102
2302,30.699959,13.086000,76.417545
2303,30.713311,13.352000,74.895147
2304,30.726709,13.398000,74.638006
2305,30.740012,13.303000,75.171014
2306,30.753303,13.291000,75.238883
2307,30.766583,13.280000,75.301205
2308,30.779927,13.344000,74.940048
2309,30.793326,13.399000,74.632435
2310,30.806591,13.265000,75.386355
2311,30.819962,13.371000,74.788722
2312,30.833205,13.243000,75.511591
2313,30.846518,13.313000,75.114550
2314,30.859894,13.376000,74.760766
2315,30.873207,13.313000,75.114550
2316,30.886605,13.398000,74.638006
2317,30.899886,13.281000,75.295535
2318,30.917604,17.718000,56.439779
2319,30.926995,9.391000,106.484932
2320,30.939518,12.523000,79.853070
2321,30.952828,13.310000,75.131480
2322,30.966094,13.266000,75.380672
2323,30.979919,13.825000,72.332731
2324,30.993193,13.274000,75.335242
2325,31.006485,13.292000,75.233223
2326,31.019881,13.396000,74.649149
2327,31.033124,13.243000,75.511591
2328,31.046045,12.921000,77.393391
2329,31.059897,13.852000,72.191741
2330,31.073204,13.307000,75.148418
2331,31.086564,13.360000,74.850299
2332,31.099925,13.361000,74.844697
2333,31.112811,12.886000,77.603601
2334,31.126560,13.749000,72.732562
2335,31.139496,12.936000,77.303649
2336,31.153158,13.662000,73.195725
2337,31.166538,13.380000,74.738416
2338,31.179958,13.420000,74.515648
2339,31.193295,13.337000,74.979381
2340,31.206550,13.255000,75.443229
2341,31.219820,13.270000,75.357950
2342,31.233230,13.410000,74.571216
2343,31.246446,13.216000,75.665860
2344,31.259783,13.337000,74.979381
2345,31.273458,13.675000,73.126143
2346,31.286777,13.319000,75.080712
2347,31.299968,13.191000,75.809264
2348,31.313290,13.322000,75.063804
2349,31.326556,13.266000,75.380672
2350,31.339764,13.208000,75.711690
2351,31.353192,13.428000,74.471254
2352,31.366549,13.357000,74.867111
2353,31.379895,13.346000,74.928818
2354,31.393149,13.254000,75.448921
2355,31.406501,13.352000,74.895147
2356,31.419955,13.454000,74.327338
2357,31.433217,13.262000,75.403408
2358,31.446539,13.322000,75.063804
2359,31.459784,13.245000,75.500189
2360,31.473161,13.377000,74.755177
2361,31.486553,13.392000,74.671446
2362,31.499982,13.429000,74.465709
2363,31.513180,13.198000,75.769056
2364,31.526173,12.993000,76.964519
2365,31.539960,13.787000,72.532095
2366,31.553235,13.275000,75.329567
2367,31.567120,13.885000,72.020166
2368,31.579717,12.597000,79.383980
2369,31.593089,13.372000,74.783129
2370,31.606537,13.448000,74.360500
2371,31.619836,13.299000,75.193624
2372,31.633232,13.396000,74.649149
2373,31.646720,13.488000,74.139976
2374,31.659846,13.126000,76.184672
2375,31.673210,13.364000,74.827896
2376,31.686479,13.269000,75.363630
2377,31.702875,16.396000,60.990485
2378,31.713555,10.680000,93.632959
2379,31.726554,12.999000,76.928995
2380,31.740066,13.512000,74.008289
2381,31.752594,12.528000,79.821201
2382,31.766089,13.495000,74.101519
2383,31.779901,13.812000,72.400811
2384,31.792644,12.743000,78.474457
2385,31.806582,13.938000,71.746305
2386,31.819866,13.284000,75.278531
2387,31.832874,13.008000,76.875769
2388,31.846543,13.669000,73.158241
2389,31.859455,12.912000,77.447336
2390,31.873093,13.638000,73.324534
2391,31.886528,13.435000,74.432453
2392,31.899858,13.330000,75.018755
2393,31.913066,13.208000,75.711690
2394,31.926429,13.363000,74.833495
2395,31.939838,13.409000,74.576777
2396,31.953069,13.231000,75.580077
2397,31.966367,13.298000,75.199278
2398,31.979829,13.462000,74.283167
2399,31.992942,13.113000,76.260200
2400,32.006343,13.401000,74.621297
2401,32.019675,13.332000,75.007501
2402,32.032999,13.324000,75.052537
2403,32.046546,13.547000,73.817081
2404,32.059714,13.168000,75.941677
2405,32.073123,13.409000,74.576777
2406,32.086281,13.158000,75.999392
2407,32.099778,13.497000,74.090539
2408,32.113018,13.240000,75.528701
2409,32.126449,13.431000,74.454620
2410,32.139651,13.202000,75.746099
2411,32.153195,13.544000,73.833432
2412,32.166352,13.157000,76.005168
2413,32.179739,13.387000,74.699335
2414,32.192997,13.258000,75.426158
2415,32.206318,13.321000,75.069439
2416,32.219620,13.302000,75.176665
2417,32.232999,13.379000,74.744002
2418,32.246352,13.353000,74.889538
2419,32.259725,13.373000,74.777537
2420,32.272947,13.222000,75.631523
2421,32.286351,13.404000,74.604596
2422,32.299680,13.329000,75.024383
2423,32.313011,13.331000,75.013127
2424,32.326387,13.376000,74.760766
2425,32.339668,13.281000,75.295535
2426,32.353116,13.448000,74.360500
2427,32.366353,13.237000,75.545819
2428,32.379646,13.293000,75.227563
2429,32.393013,13.367000,74.811102
2430,32.406385,13.372000,74.783129
2431,32.419725,13.340000,74.962519
2432,32.433065,13.340000,74.962519
2433,32.446280,13.215000,75.671585
2434,32.459718,13.438000,74.415836
2435,32.473062,13.344000,74.940048
2436,32.489238,16.176000,61.819980
2437,32.499246,10.008000,99.920064
2438,32.512558,13.312000,75.120192
2439,32.526305,13.747000,72.743144
2440,32.539721,13.416000,74.537865
2441,32.553032,13.311000,75.125836
2442,32.566964,13.932000,71.777204
2443,32.579721,12.757000,78.388336
2444,32.592965,13.244000,75.505889
2445,32.606338,13.373000,74.777537
2446,32.619699,13.361000,74.844697
2447,32.633119,13.420000,74.515648
2448,32.646090,12.971000,77.095058
2449,32.659829,13.739000,72.785501
2450,32.672586,12.757000,78.388336
2451,32.685971,13.385000,74.710497
2452,32.700114,14.143000,70.706357
2453,32.713111,12.997000,76.940832
2454,32.725852,12.741000,78.486775
2455,32.739657,13.805000,72.437523
2456,32.752884,13.227000,75.602933
2457,32.766268,13.384000,74.716079
2458,32.779666,13.398000,74.638006
2459,32.792947,13.281000,75.295535
2460,32.806244,13.297000,75.204933
2461,32.819565,13.321000,75.069439
2462,32.832991,13.426000,74.482348
2463,32.846408,13.417000,74.532310
2464,32.859536,13.128000,76.173065
2465,32.872940,13.404000,74.604596
2466,32.886224,13.284000,75.278531
2467,32.899594,13.370000,74.794316
2468,32.912934,13.340000,74.962519
2469,32.926338,13.404000,74.604596
2470,32.939550,13.212000,75.688768
2471,32.952906,13.356000,74.872716
2472,32.966224,13.318000,75.086349
2473,32.979557,13.333000,75.001875
2474,32.992953,13.396000,74.649149
2475,33.006238,13.285000,75.272864
2476,33.019559,13.321000,75.069439
2477,33.032949,13.390000,74.682599
2478,33.046487,13.538000,73.866155
2479,33.059542,13.055000,76.599004
2480,33.073076,13.534000,73.887986
2481,33.086200,13.124000,76.196282
2482,33.099585,13.385000,74.710497
2483,33.112915,13.330000,75.018755
2484,33.126304,13.389000,74.688177
2485,33.139497,13.193000,75.797772
2486,33.152994,13.497000,74.090539
2487,33.166160,13.166000,75.953213
2488,33.179699,13.539000,73.860699
2489,33.192859,13.160000,75.987842
2490,33.206185,13.326000,75.041273
2491,33.219729,13.544000,73.833432
2492,33.232833,13.104000,76.312576
2493,33.246207,13.374000,74.771946
2494,33.259494,13.287000,75.261534
2495,33.276761,17.267000,57.913940
2496,33.287036,10.275000,97.323601
2497,33.299891,12.855000,77.790743
2498,33.312807,12.916000,77.423351
2499,33.326249,13.442000,74.393691
2500,33.339149,12.900000,77.519380
2501,33.353016,13.867000,72.113651
2502,33.366259,13.243000,75.511591
2503,33.380010,13.751000,72.721984
2504,33.393010,13.000000,76.923077
2505,33.405834,12.824000,77.978790
2506,33.419651,13.817000,72.374611
2507,33.432501,12.850000,77.821012
2508,33.446192,13.691000,73.040684
2509,33.459600,13.408000,74.582339
2510,33.472877,13.277000,75.318219
2511,33.485707,12.830000,77.942323
2512,33.499567,13.860000,72.150072
2513,33.512972,13.405000,74.599030
2514,33.526187,13.215000,75.671585
2515,33.539576,13.389000,74.688177
2516,33.552792,13.216000,75.665860
2517,33.566004,13.212000,75.688768
2518,33.579430,13.426000,74.482348
2519,33.592966,13.536000,73.877069
2520,33.606292,13.326000,75.041273
2521,33.619536,13.244000,75.505889
2522,33.632376,12.840000,77.881620
2523,33.646398,14.022000,71.316503
2524,33.659445,13.047000,76.645972
2525,33.672730,13.285000,75.272864
2526,33.686161,13.431000,74.454620
2527,33.699420,13.259000,75.420469
2528,33.712711,13.291000,75.238883
2529,33.726044,13.333000,75.001875
2530,33.739480,13.436000,74.426913
2531,33.752705,13.225000,75.614367
2532,33.766287,13.582000,73.626859
2533,33.779024,12.737000,78.511423
2534,33.792750,13.726000,72.854437
2535,33.806081,13.331000,75.013127
2536,33.819541,13.460000,74.294205
2537,33.832768,13.227000,75.602933
2538,33.846141,13.373000,74.777537
2539,33.859483,13.342000,74.951282
2540,33.872730,13.247000,75.488790
2541,33.886098,13.368000,74.805506
2542,33.899742,13.644000,73.292290
2543,33.913128,13.386000,74.704916
2544,33.926116,12.988000,76.994148
2545,33.939462,13.346000,74.928818
2546,33.953778,14.316000,69.851914
2547,33.966381,12.603000,79.346187
2548,33.979756,13.375000,74.766355
2549,33.992943,13.187000,75.832259
2550,34.006339,13.396000,74.649149
2551,34.019615,13.276000,75.323893
2552,34.032849,13.234000,75.562944
2553,34.046307,13.458000,74.305246
2554,34.059617,13.310000,75.131480
2555,34.072969,13.352000,74.895147
2556,34.086350,13.381000,74.732830
2557,34.099678,13.328000,75.030012
2558,34.113018,13.340000,74.962519
2559,34.126275,13.257000,75.431847
2560,34.139543,13.268000,75.369310
2561,34.164233,24.690000,40.502228
2562,34.178468,14.235000,70.249385
2563,34.186223,7.755000,128.949065
2564,34.192681,6.458000,154.846702
2565,34.205850,13.169000,75.935910
2566,34.219120,13.270000,75.357950
2567,34.232487,13.367000,74.811102
2568,34.245656,13.169000,75.935910
2569,34.259281,13.625000,73.394495
2570,34.272190,12.909000,77.465334
2571,34.285683,13.493000,74.112503
2572,34.298931,13.248000,75.483092
2573,34.312364,13.433000,74.443535
2574,34.326376,14.012000,71.367399
2575,34.339084,12.708000,78.690589
2576,34.352367,13.283000,75.284198
2577,34.365802,13.435000,74.432453
2578,34.379040,13.238000,75.540112
2579,34.392465,13.425000,74.487896
2580,34.405701,13.236000,75.551526
2581,34.419090,13.389000,74.688177
2582,34.432472,13.382000,74.727246
2583,34.445806,13.334000,74.996250
2584,34.459129,13.323000,75.058170
2585,34.472416,13.287000,75.261534
2586,34.485910,13.494000,74.107011
2587,34.499169,13.259000,75.420469
2588,34.512274,13.105000,76.306753
2589,34.526042,13.768000,72.632191
2590,34.539104,13.062000,76.557954
2591,34.552526,13.422000,74.504545
2592,34.565908,13.382000,74.727246
2593,34.579034,13.126000,76.184672
2594,34.592205,13.171000,75.924379
2595,34.605803,13.598000,73.540227
2596,34.619145,13.342000,74.951282
2597,34.632530,13.385000,74.710497
2598,34.645648,13.118000,76.231133
2599,34.659290,13.642000,73.303035
2600,34.672728,13.438000,74.415836
2601,34.686107,13.379000,74.744002
2602,34.699423,13.316000,75.097627
2603,34.712936,13.513000,74.002812
2604,34.726274,13.338000,74.973759
2605,34.738886,12.612000,79.289565
2606,34.752327,13.441000,74.399226
2607,34.766081,13.754000,72.706122
2608,34.779017,12.936000,77.303649
2609,34.792522,13.505000,74.046649
2610,34.805952,13.430000,74.460164
2611,34.819340,13.388000,74.693756
2612,34.832593,13.253000,75.454614
2613,34.845849,13.256000,75.437538
2614,34.859383,13.534000,73.887986
2615,34.872755,13.372000,74.783129
2616,34.886032,13.277000,75.318219
2617,34.899343,13.311000,75.125836
2618,34.912722,13.379000,74.744002
2619,34.925986,13.264000,75.392039
2620,34.944247,18.261000,54.761514
2621,34.952281,8.034000,124.470998
2622,34.965988,13.707000,72.955424
2623,34.979382,13.394000,74.660296
2624,34.992683,13.301000,75.182317
2625,35.005550,12.867000,77.718194
2626,35.019168,13.618000,73.432222
2627,35.032553,13.385000,74.710497
2628,35.046008,13.455000,74.321813
2629,35.059289,13.281000,75.295535
2630,35.072597,13.308000,75.142771
2631,35.085848,13.251000,75.466003
2632,35.099232,13.384000,74.716079
2633,35.112600,13.368000,74.805506
2634,35.129648,17.048000,58.657907
2635,35.139163,9.515000,105.097215
2636,35.152508,13.345000,74.934432
2637,35.165879,13.371000,74.788722
2638,35.179406,13.527000,73.926222
2639,35.192547,13.141000,76.097709
2640,35.205799,13.252000,75.460308
2641,35.219562,13.763000,72.658577
2642,35.232892,13.330000,75.018755
2643,35.246457,13.565000,73.719130
2644,35.259489,13.032000,76.734193
2645,35.272888,13.399000,74.632435
2646,35.285675,12.787000,78.204426
2647,35.299341,13.666000,73.174301
2648,35.312547,13.206000,75.723156
2649,35.325571,13.024000,76.781327
2650,35.338839,13.268000,75.369310
2651,35.352494,13.655000,73.233248
2652,35.365859,13.365000,74.822297
2653,35.379239,13.380000,74.738416
2654,35.392840,13.601000,73.524006
2655,35.405636,12.796000,78.149422
2656,35.419816,14.180000,70.521862
2657,35.432443,12.627000,79.195375
2658,35.446479,14.036000,71.245369
2659,35.459563,13.084000,76.429227
2660,35.472908,13.345000,74.934432
2661,35.486233,13.325000,75.046904
2662,35.499482,13.249000,75.477395
2663,35.512278,12.796000,78.149422
2664,35.526054,13.776000,72.590012
2665,35.539541,13.487000,74.145473
2666,35.552821,13.280000,75.301205
2667,35.566135,13.314000,75.108908
2668,35.579537,13.402000,74.615729
2669,35.592826,13.289000,75.250207
2670,35.606206,13.380000,74.738416
2671,35.619648,13.442000,74.393691
2672,35.632868,13.220000,75.642965
2673,35.645830,12.962000,77.148588
2674,35.659187,13.357000,74.867111
2675,35.672599,13.412000,74.560095
2676,35.685570,12.971000,77.095058
2677,35.699100,13.530000,73.909830
2678,35.715852,16.752000,59.694365
2679,35.726104,10.252000,97.541943
2680,35.739179,13.075000,76.481836
2681,35.752006,12.827000,77.960552
2682,35.765746,13.740000,72.780204
2683,35.779229,13.483000,74.167470
2684,35.792449,13.220000,75.642965
2685,35.805797,13.348000,74.917591
2686,35.819048,13.251000,75.466003
2687,35.832419,13.371000,74.788722
2688,35.845698,13.279000,75.306876
2689,35.858989,13.291000,75.238883
2690,35.872407,13.418000,74.526755
2691,35.885728,13.321000,75.069439
2692,35.899854,14.126000,70.791448
2693,35.912222,12.368000,80.853816
2694,35.925851,13.629000,73.372955
2695,35.938661,12.810000,78.064012
2696,35.952436,13.775000,72.595281
2697,35.966166,13.730000,72.833212
2698,35.979504,13.338000,74.973759
2699,35.992670,13.166000,75.953213
2700,36.006025,13.355000,74.878323
2701,36.019521,13.496000,74.096028
2702,36.032945,13.424000,74.493445
2703,36.046121,13.176000,75.895568
2704,36.059537,13.416000,74.537865
2705,36.072722,13.185000,75.843762
2706,36.086041,13.319000,75.080712
2707,36.099427,13.386000,74.704916
2708,36.112891,13.464000,74.272133
2709,36.126175,13.284000,75.278531
2710,36.139607,13.432000,74.449077
2711,36.152823,13.216000,75.665860
2712,36.166331,13.508000,74.030204
2713,36.179478,13.147000,76.062980
2714,36.192700,13.222000,75.631523
2715,36.206177,13.477000,74.200490
2716,36.219366,13.189000,75.820760
2717,36.232845,13.479000,74.189480
2718,36.245896,13.051000,76.622481
2719,36.259431,13.535000,73.882527
2720,36.272876,13.445000,74.377092
2721,36.286098,13.222000,75.631523
2722,36.299531,13.433000,74.443535
2723,36.312767,13.236000,75.551526
2724,36.325996,13.229000,75.591504
2725,36.339302,13.306000,75.154066
2726,36.352643,13.341000,74.956900
2727,36.365610,12.967000,77.118840
2728,36.378918,13.308000,75.142771
2729,36.392488,13.570000,73.691968
2730,36.406041,13.553000,73.784402
2731,36.419155,13.114000,76.254385
2732,36.432460,13.305000,75.159714
2733,36.445960,13.500000,74.074074
2734,36.459168,13.208000,75.711690
2735,36.481352,22.184000,45.077533
2736,36.498109,16.757000,59.676553
2737,36.505382,7.273000,137.494844
2738,36.511802,6.420000,155.763240
2739,36.514381,2.579000,387.747189
2740,36.527438,13.057000,76.587271
2741,36.540889,13.451000,74.343915
2742,36.554190,13.301000,75.182317
2743,36.566214,12.024000,83.166999
2744,36.580127,13.913000,71.875225
2745,36.592045,11.918000,83.906696
2746,36.606822,14.777000,67.672735
2747,36.619234,12.412000,80.567193
2748,36.633640,14.406000,69.415521
2749,36.645801,12.161000,82.230080
2750,36.659306,13.505000,74.046649
2751,36.672534,13.228000,75.597218
2752,36.685954,13.420000,74.515648
2753,36.700101,14.147000,70.686365
2754,36.712920,12.819000,78.009205
2755,36.725900,12.980000,77.041602
2756,36.739371,13.471000,74.233539
2757,36.753333,13.962000,71.622977
2758,36.766722,13.389000,74.688177
2759,36.779951,13.229000,75.591504
2760,36.793445,13.494000,74.107011
2761,36.806227,12.782000,78.235018
2762,36.819653,13.426000,74.482348
2763,36.833814,14.161000,70.616482
2764,36.847611,13.797000,72.479525
2765,36.859901,12.290000,81.366965
2766,36.874022,14.121000,70.816514
2767,36.886554,12.532000,79.795723
2768,36.899735,13.181000,75.866778
2769,36.913139,13.404000,74.604596
2770,36.926365,13.226000,75.608650
2771,36.940619,14.254000,70.155746
2772,36.953392,12.773000,78.290143
2773,36.966788,13.396000,74.649149
2774,36.979782,12.994000,76.958596
2775,36.992991,13.209000,75.705958
2776,37.006547,13.556000,73.768073
2777,37.019798,13.251000,75.466003
2778,37.033054,13.256000,75.437538
2779,37.046491,13.437000,74.421374
2780,37.059850,13.359000,74.855902
2781,37.073850,14.000000,71.428571
2782,37.086505,12.655000,79.020150
2783,37.100118,13.613000,73.459193
2784,37.114005,13.887000,72.009793
2785,37.126576,12.571000,79.548166
2786,37.139734,13.158000,75.999392
2787,37.154033,14.299000,69.934960
2788,37.167008,12.975000,77.071291
2789,37.180933,13.925000,71.813285
2790,37.192892,11.959000,83.619032
2791,37.206147,13.255000,75.443229
2792,37.220040,13.893000,71.978694
2793,37.233453,13.413000,74.554537
2794,37.246076,12.623000,79.220471
2795,37.259668,13.592000,73.572690
2796,37.273279,13.611000,73.469988
2797,37.286439,13.160000,75.987842
2798,37.302607,16.168000,61.850569
2799,37.311965,9.358000,106.860440
2800,37.325781,13.816000,72.379849
2801,37.339005,13.224000,75.620085
2802,37.352089,13.084000,76.429227
2803,37.365646,13.557000,73.762632
2804,37.378845,13.199000,75.763315
2805,37.392293,13.448000,74.360500
2806,37.405679,13.386000,74.704916
2807,37.419108,13.429000,74.465709
2808,37.432384,13.276000,75.323893
2809,37.445742,13.358000,74.861506
2810,37.459168,13.426000,74.482348
2811,37.472343,13.175000,75.901328
2812,37.485679,13.336000,74.985003
2813,37.504887,19.208000,52.061641
2814,37.512966,8.079000,123.777695
2815,37.525894,12.928000,77.351485
2816,37.540275,14.381000,69.536194
2817,37.553442,13.167000,75.947444
2818,37.567014,13.572000,73.681108
2819,37.581481,14.467000,69.122831
2820,37.592477,10.996000,90.942161
2821,37.606183,13.706000,72.960747
2822,37.619622,13.439000,74.410298
2823,37.634018,14.396000,69.463740
2824,37.646297,12.279000,81.439857
2825,37.659673,13.376000,74.760766
2826,37.674374,14.701000,68.022583
2827,37.686109,11.735000,85.215168
2828,37.701048,14.939000,66.938885
2829,37.712655,11.607000,86.154907
2830,37.727047,14.392000,69.483046
2831,37.739720,12.673000,78.907914
2832,37.752661,12.941000,77.273781
2833,37.766415,13.754000,72.706122
2834,37.779683,13.268000,75.369310
2835,37.794629,14.946000,66.907534
2836,37.806665,12.036000,83.084081
2837,37.819268,12.603000,79.346187
2838,37.832641,13.373000,74.777537
2839,37.846271,13.630000,73.367572
2840,37.860452,14.181000,70.516889
2841,37.872995,12.543000,79.725743
2842,37.886324,13.329000,75.024383
2843,37.899802,13.478000,74.194984
2844,37.913163,13.361000,74.844697
2845,37.926488,13.325000,75.046904
2846,37.939793,13.305000,75.159714
2847,37.953086,13.293000,75.227563
2848,37.966422,13.336000,74.985003
2849,37.979694,13.272000,75.346594
2850,37.993490,13.796000,72.484778
2851,38.006974,13.484000,74.161970
2852,38.019504,12.530000,79.808460
2853,38.032735,13.231000,75.580077
2854,38.046029,13.294000,75.221905
2855,38.059596,13.567000,73.708263
2856,38.072593,12.997000,76.940832
2857,38.093199,20.606000,48.529554
2858,38.111618,18.419000,54.291764
2859,38.121390,9.772000,102.333197
2860,38.125660,4.270000,234.192037
2861,38.138581,12.921000,77.393391
2862,38.152209,13.628000,73.378339
2863,38.165139,12.930000,77.339520
2864,38.178708,13.569000,73.697398
2865,38.192096,13.388000,74.693756
2866,38.205184,13.088000,76.405868
2867,38.218779,13.595000,73.556455
2868,38.231852,13.073000,76.493536
2869,38.244927,13.075000,76.481836
2870,38.258615,13.688000,73.056692
2871,38.271773,13.158000,75.999392
2872,38.287690,15.917000,62.825909
2873,38.298888,11.198000,89.301661
2874,38.312485,13.597000,73.545635
2875,38.326250,13.765000,72.648020
2876,38.339182,12.932000,77.327560
2877,38.353421,14.239000,70.229651
2878,38.367338,13.917000,71.854566
2879,38.380257,12.919000,77.405372
2880,38.393086,12.829000,77.948398
2881,38.406977,13.891000,71.989058
2882,38.419729,12.752000,78.419072
2883,38.432997,13.268000,75.369310
2884,38.446769,13.772000,72.611095
2885,38.460267,13.498000,74.085050
2886,38.473517,13.250000,75.471698
2887,38.486989,13.472000,74.228029
2888,38.499655,12.666000,78.951524
2889,38.513500,13.845000,72.228241
2890,38.526808,13.308000,75.142771
2891,38.540244,13.436000,74.426913
2892,38.552380,12.136000,82.399473
2893,38.566828,14.448000,69.213732
2894,38.579360,12.532000,79.795723
2895,38.593110,13.750000,72.727273
2896,38.606145,13.035000,76.716532
2897,38.620188,14.043000,71.209855
2898,38.633076,12.888000,77.591558
2899,38.646425,13.349000,74.911978
2900,38.659734,13.309000,75.137125
2901,38.673124,13.390000,74.682599
2902,38.686239,13.115000,76.248570
2903,38.699195,12.956000,77.184316
2904,38.712907,13.712000,72.928821
2905,38.726217,13.310000,75.131480
2906,38.739333,13.116000,76.242757
2907,38.752955,13.622000,73.410659
2908,38.765907,12.952000,77.208153
2909,38.778657,12.750000,78.431373
2910,38.792371,13.714000,72.918186
2911,38.805444,13.073000,76.493536
2912,38.818741,13.297000,75.204933
2913,38.832103,13.362000,74.839096
2914,38.845468,13.365000,74.822297
2915,38.858741,13.273000,75.340918
2916,38.875186,16.445000,60.808756
2917,38.885228,10.042000,99.581757
2918,38.898473,13.245000,75.500189
2919,38.911480,13.007000,76.881679
2920,38.924976,13.496000,74.096028
2921,38.938720,13.744000,72.759022
2922,38.952162,13.442000,74.393691
2923,38.965437,13.275000,75.329567
2924,38.978764,13.327000,75.035642
2925,38.992146,13.382000,74.727246
2926,39.005381,13.235000,75.557235
2927,39.019001,13.620000,73.421439
2928,39.032326,13.325000,75.046904
2929,39.045423,13.097000,76.353363
2930,39.061275,15.852000,63.083523
2931,39.071893,10.618000,94.179695
2932,39.084878,12.985000,77.011937
2933,39.098706,13.828000,72.317038
2934,39.111931,13.225000,75.614367
2935,39.125692,13.761000,72.669137
2936,39.138941,13.249000,75.477395
2937,39.152266,13.325000,75.046904
2938,39.165363,13.097000,76.353363
2939,39.178940,13.577000,73.653974
2940,39.192232,13.292000,75.233223
2941,39.205587,13.355000,74.878323
2942,39.219049,13.462000,74.283167
2943,39.232327,13.278000,75.312547
2944,39.245679,13.352000,74.895147
2945,39.259099,13.420000,74.515648
2946,39.272332,13.233000,75.568654
2947,39.285778,13.446000,74.371560
2948,39.298965,13.187000,75.832259
2949,39.311963,12.998000,76.934913
2950,39.325093,13.130000,76.161462
2951,39.338549,13.456000,74.316290
2952,39.351936,13.387000,74.699335
2953,39.365270,13.334000,74.996250
2954,39.378704,13.434000,74.437993
2955,39.392229,13.525000,73.937153
2956,39.405533,13.304000,75.165364
2957,39.418972,13.439000,74.410298
2958,39.432394,13.422000,74.504545
2959,39.445528,13.134000,76.138267
2960,39.458853,13.325000,75.046904
2961,39.472278,13.425000,74.487896
2962,39.485067,12.789000,78.192196
2963,39.498552,13.485000,74.156470
2964,39.512250,13.698000,73.003358
2965,39.525796,13.546000,73.822531
2966,39.539069,13.273000,75.340918
2967,39.552521,13.452000,74.338388
2968,39.565548,13.027000,76.763645
2969,39.578846,13.298000,75.199278
2970,39.592145,13.299000,75.193624
2971,39.605543,13.398000,74.638006
2972,39.618917,13.374000,74.771946
2973,39.632137,13.220000,75.642965
2974,39.648792,16.655000,60.042029
2975,39.658609,9.817000,101.864113
2976,39.673483,14.874000,67.231411
2977,39.684761,11.278000,88.668204
2978,39.698754,13.993000,71.464304
2979,39.711861,13.107000,76.295109
2980,39.725563,13.702000,72.982046
2981,39.738899,13.336000,74.985003
2982,39.752255,13.356000,74.872716
2983,39.765766,13.511000,74.013767
2984,39.779021,13.255000,75.443229
2985,39.792530,13.509000,74.024724
2986,39.806145,13.615000,73.448402
2987,39.819384,13.239000,75.534406
2988,39.832612,13.228000,75.597218
2989,39.846228,13.616000,73.443008
2990,39.861150,14.922000,67.015145
2991,39.872363,11.213000,89.182199
2992,39.886095,13.732000,72.822604
2993,39.899199,13.104000,76.312576
2994,39.912480,13.281000,75.295535
2995,39.925804,13.324000,75.052537
2996,39.939127,13.323000,75.058170
2997,39.952912,13.785000,72.542619
2998,39.966368,13.456000,74.316290
2999,39.979042,12.674000,78.901688
3000,39.992497,13.455000,74.321813
3001,40.006431,13.934000,71.766901
3002,40.019986,13.555000,73.773515
3003,40.032466,12.480000,80.128205
3004,40.045584,13.118000,76.231133
3005,40.059779,14.195000,70.447341
3006,40.072586,12.807000,78.082299
3007,40.086592,14.006000,71.397972
3008,40.099288,12.696000,78.764965
3009,40.113225,13.937000,71.751453
3010,40.125918,12.693000,78.783582
3011,40.139420,13.502000,74.063102
3012,40.152579,13.159000,75.993617
3013,40.166756,14.177000,70.536785
3014,40.179301,12.545000,79.713033
3015,40.192615,13.314000,75.108908
3016,40.206050,13.435000,74.432453
3017,40.220817,14.767000,67.718562
3018,40.233807,12.990000,76.982294
3019,40.246146,12.339000,81.043845
3020,40.259172,13.026000,76.769538
3021,40.272661,13.489000,74.134480
3022,40.285864,13.203000,75.740362
3023,40.299514,13.650000,73.260073
3024,40.313217,13.703000,72.976720
3025,40.325964,12.747000,78.449831
3026,40.339422,13.458000,74.305246
3027,40.352478,13.056000,76.593137
3028,40.365825,13.347000,74.923204
3029,40.378948,13.123000,76.202088
3030,40.392636,13.688000,73.056692
3031,40.405995,13.359000,74.855902
3032,40.418917,12.922000,77.387401
3033,40.432693,13.776000,72.590012
3034,40.452434,19.741000,50.655995
3035,40.463649,11.215000,89.166295
3036,40.472249,8.600000,116.279070
3037,40.485648,13.399000,74.632435
3038,40.499246,13.598000,73.540227
3039,40.512830,13.584000,73.616019
3040,40.526256,13.426000,74.482348
3041,40.538812,12.556000,79.643198
3042,40.552712,13.900000,71.942446
3043,40.566001,13.289000,75.250207
3044,40.579370,13.369000,74.799910
3045,40.592677,13.307000,75.148418
3046,40.605921,13.244000,75.505889
3047,40.619462,13.541000,73.849790
3048,40.632710,13.248000,75.483092
3049,40.645907,13.197000,75.774797
3050,40.664136,18.229000,54.857644
3051,40.672568,8.432000,118.595825
3052,40.685671,13.103000,76.318400
3053,40.698823,13.152000,76.034063
3054,40.712094,13.271000,75.352272
3055,40.725433,13.339000,74.968139
3056,40.738874,13.441000,74.399226
3057,40.752064,13.190000,75.815011
3058,40.765995,13.931000,71.782356
3059,40.779403,13.408000,74.582339
3060,40.792438,13.035000,76.716532
3061,40.805573,13.135000,76.132470
3062,40.819923,14.350000,69.686411
3063,40.832740,12.817000,78.021378
3064,40.845837,13.097000,76.353363
3065,40.859106,13.269000,75.363630
3066,40.872742,13.636000,73.335289
3067,40.886041,13.299000,75.193624
3068,40.899138,13.097000,76.353363
3069,40.912676,13.538000,73.866155
3070,40.925747,13.071000,76.505241
3071,40.939768,14.021000,71.321589
3072,40.952626,12.858000,77.772593
3073,40.965899,13.273000,75.340918
3074,40.979528,13.629000,73.372955
3075,40.992524,12.996000,76.946753
3076,41.006816,14.292000,69.969214
3077,41.019219,12.403000,80.625655
3078,41.032224,13.005000,76.893502
3079,41.047666,15.442000,64.758451
3080,41.058761,11.095000,90.130689
3081,41.072440,13.679000,73.104759
3082,41.085694,13.254000,75.448921
3083,41.100353,14.659000,68.217477
3084,41.113843,13.490000,74.128984
3085,41.125860,12.017000,83.215445
3086,41.139216,13.356000,74.872716
3087,41.152582,13.366000,74.816699
3088,41.166202,13.620000,73.421439
3089,41.179733,13.531000,73.904368
3090,41.192216,12.483000,80.108948
3091,41.205499,13.283000,75.284198
3092,41.219364,13.865000,72.124053
3093,41.232738,13.374000,74.771946
3094,41.245931,13.193000,75.797772
3095,41.264597,18.666000,53.573342
3096,41.272542,7.945000,125.865324
3097,41.285660,13.118000,76.231133
3098,41.298377,12.717000,78.634898
3099,41.311903,13.526000,73.931687
3100,41.326119,14.216000,70.343275
3101,41.338582,12.463000,80.237503
3102,41.352076,13.494000,74.107011
3103,41.365781,13.705000,72.966071
3104,41.379129,13.348000,74.917591
3105,41.392270,13.141000,76.097709
3106,41.405854,13.584000,73.616019
3107,41.419278,13.424000,74.493445
3108,41.432631,13.353000,74.889538
3109,41.445499,12.868000,77.712154
3110,41.459565,14.066000,71.093417
3111,41.472046,12.481000,80.121785
3112,41.485237,13.191000,75.809264
3113,41.499759,14.522000,68.861038
3114,41.512754,12.995000,76.952674
3115,41.525594,12.840000,77.881620
3116,41.539747,14.153000,70.656398
3117,41.552176,12.429000,80.456996
3118,41.566176,14.000000,71.428571
3119,41.578773,12.597000,79.383980
3120,41.592532,13.759000,72.679701
3121,41.607809,15.277000,65.457878
3122,41.618539,10.730000,93.196645
3123,41.632686,14.147000,70.686365
3124,41.645754,13.068000,76.522804
3125,41.659121,13.367000,74.811102
3126,41.673010,13.889000,71.999424
3127,41.686114,13.104000,76.312576
3128,41.699256,13.142000,76.091919
3129,41.713692,14.436000,69.271266
3130,41.725958,12.266000,81.526170
3131,41.739147,13.189000,75.820760
3132,41.753853,14.706000,67.999456
3133,41.765894,12.041000,83.049581
3134,41.779151,13.257000,75.431847
3135,41.793234,14.083000,71.007598
3136,41.805446,12.212000,81.886669
3137,41.818707,13.261000,75.409094
3138,41.832501,13.794000,72.495288
3139,41.845274,12.773000,78.290143
3140,41.859521,14.247000,70.190215
3141,41.873898,14.377000,69.555540
3142,41.885291,11.393000,87.773194
3143,41.900098,14.807000,67.535625
3144,41.911758,11.660000,85.763293
3145,41.925457,13.699000,72.998029
3146,41.939684,14.227000,70.288887
3147,41.952467,12.783000,78.228898
3148,41.965924,13.457000,74.310768
3149,41.978839,12.915000,77.429346
3150,41.992821,13.982000,71.520526
3151,42.005831,13.010000,76.863951
3152,42.018734,12.903000,77.501356
3153,42.032558,13.824000,72.337963
3154,42.045840,13.282000,75.289866
3155,42.059289,13.449000,74.354971
3156,42.077742,18.453000,54.191730
3157,42.088167,10.425000,95.923261
3158,42.099717,11.550000,86.580087
3159,42.111829,12.112000,82.562748
3160,42.125219,13.390000,74.682599
3161,42.138541,13.322000,75.063804
3162,42.152533,13.992000,71.469411
3163,42.166089,13.556000,73.768073
3164,42.180021,13.932000,71.777204
3165,42.191926,11.905000,83.998320
3166,42.205042,13.116000,76.242757
3167,42.218499,13.457000,74.310768
3168,42.232153,13.654000,73.238611
3169,42.245518,13.365000,74.822297
3170,42.258825,13.307000,75.148418
3171,42.274082,15.257000,65.543685
3172,42.284657,10.575000,94.562648
3173,42.299106,14.449000,69.208942
3174,42.311341,12.235000,81.732734
3175,42.324817,13.476000,74.205996
3176,42.338992,14.175000,70.546737
3177,42.352370,13.378000,74.749589
3178,42.365707,13.337000,74.979381
3179,42.378374,12.667000,78.945291
3180,42.392728,14.354000,69.666992
3181,42.405157,12.429000,80.456996
3182,42.419896,14.739000,67.847208
3183,42.431529,11.633000,85.962348
3184,42.445553,14.024000,71.306332
3185,42.458680,13.127000,76.178868
3186,42.472231,13.551000,73.795292
3187,42.486463,14.232000,70.264193
3188,42.498794,12.331000,81.096424
3189,42.512084,13.290000,75.244545
3190,42.525786,13.702000,72.982046
3191,42.539879,14.093000,70.957213
3192,42.552288,12.409000,80.586671
3193,42.565413,13.125000,76.190476
3194,42.579755,14.342000,69.725282
3195,42.592144,12.389000,80.716765
3196,42.606093,13.949000,71.689727
3197,42.618844,12.751000,78.425222
3198,42.632849,14.005000,71.403070
3199,42.645718,12.869000,77.706115
3200,42.658982,13.264000,75.392039
3201,42.674082,15.100000,66.225166
3202,42.685404,11.322000,88.323618
3203,42.699249,13.845000,72.228241
3204,42.712310,13.061000,76.563816
3205,42.725292,12.982000,77.029733
3206,42.740116,14.824000,67.458176
3207,42.752241,12.125000,82.474227
3208,42.765498,13.257000,75.431847
3209,42.778915,13.417000,74.532310
3210,42.792206,13.291000,75.238883
3211,42.805901,13.695000,73.019350
3212,42.818927,13.026000,76.769538
3213,42.831971,13.044000,76.663600
3214,42.845737,13.766000,72.642743
3215,42.858625,12.888000,77.591558
3216,42.880466,21.841000,45.785449
3217,42.897640,17.174000,58.227553
3218,42.906002,8.362000,119.588615
3219,42.913230,7.228000,138.350858
3220,42.919126,5.896000,169.606513
3221,42.925643,6.517000,153.444837
3222,42.939327,13.684000,73.078047
3223,42.952573,13.246000,75.494489
3224,42.965968,13.395000,74.654722
3225,42.979187,13.219000,75.648687
3226,42.993090,13.903000,71.926922
3227,43.006595,13.505000,74.046649
3228,43.019258,12.663000,78.970228
3229,43.033139,13.881000,72.040919
3230,43.045438,12.299000,81.307423
3231,43.059692,14.254000,70.155746
3232,43.071502,11.810000,84.674005
3233,43.084705,13.203000,75.740362
3234,43.099017,14.312000,69.871437
3235,43.112274,13.257000,75.431847
3236,43.125751,13.477000,74.200490
3237,43.138640,12.889000,77.585538
3238,43.152323,13.683000,73.083388
3239,43.165833,13.510000,74.019245
3240,43.178614,12.781000,78.241139
3241,43.192805,14.191000,70.467198
3242,43.205876,13.071000,76.505241
3243,43.218773,12.897000,77.537412
3244,43.232020,13.247000,75.488790
3245,43.246029,14.009000,71.382683
3246,43.259580,13.551000,73.795292
3247,43.271882,12.302000,81.287596
3248,43.285385,13.503000,74.057617
3249,43.299101,13.716000,72.907553
3250,43.313330,14.229000,70.279008
3251,43.324762,11.432000,87.473758
3252,43.338664,13.902000,71.932096
3253,43.351913,13.249000,75.477395
3254,43.365437,13.524000,73.942621
3255,43.378489,13.052000,76.616610
3256,43.391923,13.434000,74.437993
3257,43.405876,13.953000,71.669175
3258,43.418597,12.721000,78.610172
3259,43.432432,13.835000,72.280448
3260,43.446126,13.694000,73.024682
3261,43.458396,12.270000,81.499593
3262,43.472085,13.689000,73.051355
3263,43.486425,14.340000,69.735007
3264,43.498707,12.282000,81.419964
3265,43.512190,13.483000,74.167470
3266,43.525359,13.169000,75.935910
3267,43.538549,13.190000,75.815011
3268,43.552144,13.595000,73.556455
3269,43.565456,13.312000,75.120192
3270,43.578910,13.454000,74.327338
3271,43.591984,13.074000,76.487685
3272,43.605419,13.435000,74.432453
3273,43.618584,13.165000,75.958982
3274,43.632248,13.664000,73.185012
3275,43.645448,13.200000,75.757576
3276,43.658369,12.921000,77.393391
3277,43.672340,13.971000,71.576838
3278,43.689838,17.498000,57.149389
3279,43.698641,8.803000,113.597637
3280,43.711769,13.128000,76.173065
3281,43.724951,13.182000,75.861023
3282,43.738996,14.045000,71.199715
3283,43.753337,14.341000,69.730144
3284,43.764985,11.648000,85.851648
3285,43.778372,13.387000,74.699335
3286,43.791693,13.321000,75.069439
3287,43.805169,13.476000,74.205996
3288,43.818931,13.762000,72.663857
3289,43.832284,13.353000,74.889538
3290,43.845637,13.353000,74.889538
3291,43.858237,12.600000,79.365079
3292,43.872360,14.123000,70.806486
3293,43.885399,13.039000,76.692998
3294,43.901382,15.983000,62.566477
3295,43.911459,10.077000,99.235884
3296,43.924708,13.249000,75.477395
3297,43.938710,14.002000,71.418369
3298,43.952376,13.666000,73.174301
3299,43.966433,14.057000,71.138934
3300,43.978576,12.143000,82.351972
3301,43.994177,15.601000,64.098455
3302,44.004974,10.797000,92.618320
3303,44.018633,13.659000,73.211802
3304,44.032370,13.737000,72.796098
3305,44.045226,12.856000,77.784692
3306,44.058993,13.767000,72.637466
3307,44.072231,13.238000,75.540112
3308,44.084834,12.603000,79.346187
3309,44.098944,14.110000,70.871722
3310,44.111696,12.752000,78.419072
3311,44.125082,13.386000,74.704916
3312,44.138925,13.843000,72.238677
3313,44.151669,12.744000,78.468299
3314,44.164852,13.183000,75.855268
3315,44.178494,13.642000,73.303035
3316,44.191708,13.214000,75.677312
3317,44.204958,13.250000,75.471698
3318,44.217834,12.876000,77.663871
3319,44.231418,13.584000,73.616019
3320,44.245322,13.904000,71.921749
3321,44.258611,13.289000,75.250207
3322,44.271788,13.177000,75.889808
3323,44.285185,13.397000,74.643577
3324,44.298443,13.258000,75.426158
3325,44.311928,13.485000,74.156470
3326,44.324548,12.620000,79.239303
3327,44.337690,13.142000,76.091919
3328,44.351231,13.541000,73.849790
3329,44.364266,13.035000,76.716532
3330,44.377582,13.316000,75.097627
3331,44.390972,13.390000,74.682599
3332,44.404769,13.797000,72.479525
3333,44.418128,13.359000,74.855902
3334,44.430889,12.761000,78.363765
3335,44.444631,13.742000,72.769611
3336,44.457949,13.318000,75.086349
3337,44.474644,16.695000,59.898173
3338,44.484306,9.662000,103.498241
3339,44.497935,13.629000,73.372955
3340,44.510640,12.705000,78.709170
3341,44.524432,13.792000,72.505800
3342,44.538064,13.632000,73.356808
3343,44.551138,13.074000,76.487685
3344,44.564650,13.512000,74.008289
3345,44.577873,13.223000,75.625804
3346,44.591252,13.379000,74.744002
3347,44.604553,13.301000,75.182317
3348,44.617868,13.315000,75.103267
3349,44.631338,13.470000,74.239050
3350,44.644529,13.191000,75.809264
3351,44.662136,17.607000,56.795593
3352,44.670576,8.440000,118.483412
3353,44.684498,13.922000,71.828760
3354,44.697905,13.407000,74.587902
3355,44.711311,13.406000,74.593466
3356,44.724499,13.188000,75.826509
3357,44.737805,13.306000,75.154066
3358,44.751125,13.320000,75.075075
3359,44.764529,13.404000,74.604596
3360,44.777922,13.393000,74.665870
3361,44.791075,13.153000,76.028283
3362,44.804447,13.372000,74.783129
3363,44.817748,13.301000,75.182317
3364,44.831055,13.307000,75.148418
3365,44.844345,13.290000,75.244545
3366,44.857719,13.374000,74.771946
3367,44.871171,13.452000,74.338388
3368,44.884419,13.248000,75.483092
3369,44.897733,13.314000,75.108908
3370,44.910974,13.241000,75.522997
3371,44.924500,13.526000,73.931687
3372,44.937865,13.365000,74.822297
3373,44.951109,13.244000,75.505889
3374,44.964457,13.348000,74.917591
3375,44.977782,13.325000,75.046904
3376,44.991027,13.245000,75.500189
3377,45.004301,13.274000,75.335242
