frame,time_s,frame_ms,fps
1,0.013217,13.217000,75.660135
2,0.080771,67.554000,14.802972
3,0.081947,1.176000,850.340136
4,0.096045,14.098000,70.932047
5,0.098469,2.424000,412.541254
6,0.110047,11.578000,86.370703
7,0.119288,9.241000,108.213397
8,0.125238,5.950000,168.067227
9,0.141327,16.089000,62.154267
10,0.215072,73.745000,13.560241
11,0.215697,0.625000,1600.000000
12,0.219968,4.271000,234.137204
13,0.227120,7.152000,139.821029
14,0.235943,8.823000,113.340134
15,0.241357,5.414000,184.706317
16,0.253987,12.630000,79.176564
17,0.267942,13.955000,71.658904
18,0.280236,12.294000,81.340491
19,0.293645,13.409000,74.576777
20,0.307987,14.342000,69.725282
21,0.319747,11.760000,85.034014
22,0.334796,15.049000,66.449598
23,0.346478,11.682000,85.601781
24,0.362454,15.976000,62.593891
25,0.373647,11.193000,89.341553
26,0.387042,13.395000,74.654722
27,0.399827,12.785000,78.216660
28,0.414331,14.504000,68.946498
29,0.426400,12.069000,82.856906
30,0.441293,14.893000,67.145639
31,0.453353,12.060000,82.918740
32,0.466525,13.172000,75.918615
33,0.479614,13.089000,76.400031
34,0.493143,13.529000,73.915293
35,0.506292,13.149000,76.051411
36,0.521230,14.938000,66.943366
37,0.532960,11.730000,85.251492
38,0.538230,5.270000,189.753321
39,0.542923,4.693000,213.083316
40,0.547447,4.524000,221.043324
41,0.549534,2.087000,479.156684
42,0.552072,2.538000,394.011032
43,0.554254,2.182000,458.295142
44,0.556717,2.463000,406.008932
45,0.558978,2.261000,442.282176
46,0.560996,2.018000,495.540139
47,0.562878,1.882000,531.349628
48,0.565000,2.122000,471.253534
49,0.566953,1.953000,512.032770
50,0.569064,2.111000,473.709143
51,0.570944,1.880000,531.914894
52,0.572991,2.047000,488.519785
53,0.574913,1.922000,520.291363
54,0.576848,1.935000,516.795866
55,0.578872,2.024000,494.071146
56,0.580802,1.930000,518.134715
57,0.582767,1.965000,508.905852
58,0.586078,3.311000,302.023558
59,0.588374,2.296000,435.540070
60,0.590221,1.847000,541.418517
61,0.592308,2.087000,479.156684
62,0.594262,1.954000,511.770727
63,0.596269,2.007000,498.256104
64,0.598209,1.940000,515.463918
65,0.600739,2.530000,395.256917
66,0.602104,1.365000,732.600733
67,0.612868,10.764000,92.902267
68,0.617161,4.293000,232.937340
69,0.641471,24.310000,41.135335
70,0.654066,12.595000,79.396586
71,0.657575,3.509000,284.981476
72,0.659745,2.170000,460.829493
73,0.662087,2.342000,426.985482
74,0.666025,3.938000,253.936008
75,0.667113,1.088000,919.117647
76,0.670561,3.448000,290.023202
77,0.674284,3.723000,268.600591
78,0.678456,4.172000,239.693193
79,0.681975,3.519000,284.171640
80,0.694516,12.541000,79.738458
81,0.708105,13.589000,73.588932
82,0.725475,17.370000,57.570524
83,0.733778,8.303000,120.438396
84,0.746871,13.093000,76.376690
85,0.761280,14.409000,69.401069
86,0.773897,12.617000,79.258144
87,0.786747,12.850000,77.821012
88,0.800780,14.033000,71.260600
89,0.814443,13.663000,73.190368
90,0.830875,16.432000,60.856865
91,0.840116,9.241000,108.213397
92,0.853701,13.585000,73.610600
93,0.867328,13.627000,73.383723
94,0.880867,13.539000,73.860699
95,0.893722,12.855000,77.790743
96,0.907693,13.971000,71.576838
97,0.921121,13.428000,74.471254
98,0.936715,15.594000,64.127228
99,0.947289,10.574000,94.571591
100,0.960813,13.524000,73.942621
101,0.973593,12.780000,78.247261
102,0.988176,14.583000,68.572996
103,0.999968,11.792000,84.803256
104,1.014027,14.059000,71.128814
105,1.027744,13.717000,72.902238
106,1.040666,12.922000,77.387401
107,1.055430,14.764000,67.732322
108,1.067026,11.596000,86.236633
109,1.080869,13.843000,72.238677
110,1.094091,13.222000,75.631523
111,1.108742,14.651000,68.254727
112,1.121079,12.337000,81.056983
113,1.135076,13.997000,71.443881
114,1.147388,12.312000,81.221572
115,1.162413,15.025000,66.555740
116,1.174867,12.454000,80.295487
117,1.190784,15.917000,62.825909
118,1.200800,10.016000,99.840256
119,1.214674,13.874000,72.077267
120,1.227727,13.053000,76.610741
121,1.246024,18.297000,54.653768
122,1.255062,9.038000,110.643948
123,1.269050,13.988000,71.489848
124,1.282031,12.981000,77.035668
125,1.293721,11.690000,85.543199
126,1.314961,21.240000,47.080979
127,1.333801,18.840000,53.078556
128,1.341358,7.557000,132.327643
129,1.346963,5.605000,178.412132
130,1.360755,13.792000,72.505800
131,1.375042,14.287000,69.993701
132,1.387341,12.299000,81.307423
133,1.400535,13.194000,75.792027
134,1.414126,13.591000,73.578103
135,1.427356,13.230000,75.585790
136,1.440955,13.599000,73.534819
137,1.456320,15.365000,65.082981
138,1.467202,10.882000,91.894872
139,1.480270,13.068000,76.522804
140,1.494676,14.406000,69.415521
141,1.507136,12.460000,80.256822
142,1.520307,13.171000,75.924379
143,1.533551,13.244000,75.505889
144,1.546930,13.379000,74.744002
145,1.552788,5.858000,170.706726
146,1.557809,5.021000,199.163513
147,1.561196,3.387000,295.246531
148,1.563723,2.527000,395.726157
149,1.566286,2.563000,390.167772
150,1.568498,2.212000,452.079566
151,1.571036,2.538000,394.011032
152,1.572999,1.963000,509.424350
153,1.575041,2.042000,489.715965
154,1.576988,1.947000,513.610683
155,1.579019,2.031000,492.368291
156,1.581042,2.023000,494.315373
157,1.583086,2.044000,489.236791
158,1.586099,3.013000,331.895121
159,1.588348,2.249000,444.642063
160,1.590650,2.302000,434.404865
161,1.592734,2.084000,479.846449
162,1.594680,1.946000,513.874615
163,1.596858,2.178000,459.136823
164,1.598605,1.747000,572.409845
165,1.600668,2.063000,484.730974
166,1.602837,2.169000,461.041955
167,1.604866,2.029000,492.853622
168,1.606921,2.055000,486.618005
169,1.609294,2.373000,421.407501
170,1.611246,1.952000,512.295082
171,1.613546,2.300000,434.782609
172,1.619065,5.519000,181.192245
173,1.641422,22.357000,44.728720
174,1.653728,12.306000,81.261173
175,1.660365,6.637000,150.670484
176,1.660650,0.285000,3508.771930
177,1.662898,2.248000,444.839858
178,1.664775,1.877000,532.765051
179,1.668286,3.511000,284.819140
180,1.671352,3.066000,326.157860
181,1.674590,3.238000,308.832613
182,1.677472,2.882000,346.981263
183,1.681714,4.242000,235.737860
184,1.684712,2.998000,333.555704
185,1.688072,3.360000,297.619048
186,1.690919,2.847000,351.246927
187,1.707617,16.698000,59.887412
188,1.721569,13.952000,71.674312
189,1.734370,12.801000,78.118897
190,1.737482,3.112000,321.336761
191,1.740344,2.862000,349.406010
192,1.742980,2.636000,379.362671
193,1.748660,5.680000,176.056338
194,1.749058,0.398000,2512.562814
195,1.751979,2.921000,342.348511
196,1.754548,2.569000,389.256520
197,1.757320,2.772000,360.750361
198,1.761714,4.394000,227.583068
199,1.764622,2.908000,343.878955
200,1.767538,2.916000,342.935528
201,1.770547,3.009000,332.336324
202,1.774846,4.299000,232.612235
203,1.777969,3.123000,320.204931
204,1.780819,2.850000,350.877193
205,1.783139,2.320000,431.034483
206,1.786658,3.519000,284.171640
207,1.788826,2.168000,461.254613
208,1.792206,3.380000,295.857988
209,1.797654,5.448000,183.553598
210,1.802100,4.446000,224.921278
211,1.806368,4.268000,234.301781
212,1.808951,2.583000,387.146729
213,1.814232,5.281000,189.358076
214,1.816597,2.365000,422.832981
215,1.841367,24.770000,40.371417
216,1.849507,8.140000,122.850123
217,1.854259,4.752000,210.437710
218,1.868922,14.663000,68.198868
219,1.873316,4.394000,227.583068
220,1.876098,2.782000,359.453630
221,1.879987,3.889000,257.135510
222,1.882538,2.551000,392.003136
223,1.886408,3.870000,258.397933
224,1.888853,2.445000,408.997955
225,1.894074,5.221000,191.534189
226,1.896331,2.257000,443.066017
227,1.907209,10.878000,91.928663
228,1.914864,7.655000,130.633573
229,1.920667,5.803000,172.324660
230,1.924301,3.634000,275.178866
231,1.927478,3.177000,314.762354
232,1.929783,2.305000,433.839479
233,1.932211,2.428000,411.861614
234,1.935073,2.862000,349.406010
235,1.937841,2.768000,361.271676
236,1.941283,3.442000,290.528762
237,1.944562,3.279000,304.971028
238,1.947956,3.394000,294.637596
239,1.950785,2.829000,353.481796
240,1.954466,3.681000,271.665308
241,1.959323,4.857000,205.888408
242,1.961169,1.846000,541.711809
243,1.963936,2.767000,361.402241
244,1.966360,2.424000,412.541254
245,1.968998,2.638000,379.075057
246,1.970910,1.912000,523.012552
247,1.973369,2.459000,406.669378
248,1.975718,2.349000,425.713069
249,1.978687,2.969000,336.813742
250,1.980419,1.732000,577.367206
251,1.983092,2.673000,374.111485
252,1.984962,1.870000,534.759358
253,1.986867,1.905000,524.934383
254,2.000843,13.976000,71.551231
255,2.004637,3.794000,263.574064
256,2.008815,4.178000,239.348971
257,2.012901,4.086000,244.738130
258,2.016692,3.791000,263.782643
259,2.027750,11.058000,90.432266
260,2.040769,13.019000,76.810815
261,2.044508,3.739000,267.451190
262,2.048207,3.699000,270.343336
263,2.052036,3.829000,261.164795
264,2.054295,2.259000,442.673749
265,2.057722,3.427000,291.800409
266,2.061432,3.710000,269.541779
267,2.065109,3.677000,271.960838
268,2.068567,3.458000,289.184500
269,2.072158,3.591000,278.473963
270,2.075523,3.365000,297.176820
271,2.079080,3.557000,281.135789
272,2.082492,3.412000,293.083236
273,2.086142,3.650000,273.972603
274,2.088545,2.403000,416.146484
275,2.092005,3.460000,289.017341
276,2.094527,2.522000,396.510706
277,2.098118,3.591000,278.473963
278,2.100823,2.705000,369.685767
279,2.104284,3.461000,288.933834
280,2.106823,2.539000,393.855849
281,2.133900,27.077000,36.931713
282,2.140125,6.225000,160.642570
283,2.148357,8.232000,121.477162
284,2.151341,2.984000,335.120643
285,2.154114,2.773000,360.620267
286,2.157283,3.169000,315.556958
287,2.160090,2.807000,356.252227
288,2.163373,3.283000,304.599452
289,2.166179,2.806000,356.379187
290,2.169130,2.951000,338.868180
291,2.171799,2.669000,374.672162
292,2.175333,3.534000,282.965478
293,2.178070,2.737000,365.363537
294,2.181173,3.103000,322.268772
295,2.184055,2.882000,346.981263
296,2.188875,4.820000,207.468880
297,2.192108,3.233000,309.310238
298,2.195046,2.938000,340.367597
299,2.197993,2.947000,339.328130
300,2.227785,29.792000,33.566058
301,2.240765,12.980000,77.041602
302,2.243973,3.208000,311.720698
303,2.246720,2.747000,364.033491
304,2.249186,2.466000,405.515004
305,2.252646,3.460000,289.017341
306,2.255195,2.549000,392.310710
307,2.258272,3.077000,324.991875
308,2.261103,2.831000,353.232073
309,2.263546,2.443000,409.332788
310,2.265766,2.220000,450.450450
311,2.268317,2.551000,392.003136
312,2.270350,2.033000,491.883915
313,2.272839,2.489000,401.767778
314,2.275349,2.510000,398.406375
315,2.277701,2.352000,425.170068
316,2.279895,2.194000,455.788514
317,2.283923,4.028000,248.262165
318,2.286746,2.823000,354.233085
319,2.289662,2.916000,342.935528
320,2.291857,2.195000,455.580866
321,2.302242,10.385000,96.292730
322,2.324183,21.941000,45.576774
323,2.335323,11.140000,89.766607
324,2.338428,3.105000,322.061192
325,2.341550,3.122000,320.307495
326,2.345518,3.968000,252.016129
327,2.348842,3.324000,300.842359
328,2.352547,3.705000,269.905533
329,2.355547,3.000000,333.333333
330,2.358798,3.251000,307.597662
331,2.361507,2.709000,369.139904
332,2.364750,3.243000,308.356460
333,2.367531,2.781000,359.582884
334,2.370671,3.140000,318.471338
335,2.373224,2.553000,391.696044
336,2.376782,3.558000,281.056773
337,2.379208,2.426000,412.201154
338,2.382342,3.134000,319.081047
339,2.384897,2.555000,391.389432
340,2.389408,4.511000,221.680337
341,2.394402,4.994000,200.240288
342,2.397349,2.947000,339.328130
343,2.400642,3.293000,303.674461
344,2.428169,27.527000,36.327969
345,2.439563,11.394000,87.765491
346,2.453137,13.574000,73.670252
347,2.460432,7.295000,137.080192
348,2.467279,6.847000,146.049365
349,2.480786,13.507000,74.035685
350,2.485009,4.223000,236.798484
351,2.489174,4.165000,240.096038
352,2.492950,3.776000,264.830508
353,2.496124,3.174000,315.059861
354,2.510138,14.014000,71.357214
355,2.538212,28.074000,35.620147
356,2.548964,10.752000,93.005952
357,2.561649,12.685000,78.833268
358,2.567334,5.685000,175.901495
359,2.571117,3.783000,264.340471
360,2.576386,5.269000,189.789334
361,2.581181,4.795000,208.550574
362,2.583864,2.683000,372.717108
363,2.588647,4.783000,209.073803
364,2.593185,4.538000,220.361393
365,2.596622,3.437000,290.951411
366,2.602534,5.912000,169.147497
367,2.614270,11.736000,85.207907
368,2.626508,12.238000,81.712698
369,2.642018,15.510000,64.474533
370,2.655116,13.098000,76.347534
371,2.661274,6.158000,162.390386
372,2.666479,5.205000,192.122959
373,2.671656,5.177000,193.162063
374,2.676923,5.267000,189.861401
375,2.680733,3.810000,262.467192
376,2.683330,2.597000,385.059684
377,2.693947,10.617000,94.188566
378,2.704699,10.752000,93.005952
379,2.712737,8.038000,124.409057
380,2.720799,8.062000,124.038700
381,2.724856,4.057000,246.487552
382,2.728719,3.863000,258.866166
383,2.731629,2.910000,343.642612
384,2.737136,5.507000,181.587071
385,2.747948,10.812000,92.489826
386,2.752434,4.486000,222.915738
387,2.756029,3.595000,278.164117
388,2.760245,4.216000,237.191651
389,2.774143,13.898000,71.952799
390,2.778618,4.475000,223.463687
391,2.787635,9.017000,110.901630
392,2.792368,4.733000,211.282485
393,2.796644,4.276000,233.863424
394,2.800996,4.352000,229.779412
395,2.805197,4.201000,238.038562
396,2.809254,4.057000,246.487552
397,2.812374,3.120000,320.512821
398,2.816359,3.985000,250.941029
399,2.827185,10.826000,92.370220
400,2.840189,13.004000,76.899416
401,2.844644,4.455000,224.466891
402,2.847457,2.813000,355.492357
403,2.850200,2.743000,364.564346
404,2.853403,3.203000,312.207306
405,2.858519,5.116000,195.465207
406,2.861821,3.302000,302.846760
407,2.866737,4.916000,203.417413
408,2.871027,4.290000,233.100233
409,2.874523,3.496000,286.041190
410,2.877747,3.224000,310.173697
411,2.882194,4.447000,224.870699
412,2.886140,3.946000,253.421186
413,2.889397,3.257000,307.031010
414,2.891971,2.574000,388.500389
415,2.894713,2.742000,364.697301
416,2.897258,2.545000,392.927308
417,2.900546,3.288000,304.136253
418,2.903668,3.122000,320.307495
419,2.906302,2.634000,379.650721
420,2.933545,27.243000,36.706677
421,2.946062,12.517000,79.891348
422,2.949212,3.150000,317.460317
423,2.951683,2.471000,404.694456
424,2.954279,2.596000,385.208012
425,2.957170,2.891000,345.901072
426,2.960154,2.984000,335.120643
427,2.963542,3.388000,295.159386
428,2.966107,2.565000,389.863548
429,2.968863,2.756000,362.844702
430,2.973691,4.828000,207.125104
431,2.987844,14.153000,70.656398
432,2.991768,3.924000,254.841998
433,2.995066,3.298000,303.214069
434,2.999626,4.560000,219.298246
435,3.014276,14.650000,68.259386
436,3.022292,8.016000,124.750499
437,3.027314,5.022000,199.123855
438,3.040815,13.501000,74.068588
439,3.044465,3.650000,273.972603
440,3.048356,3.891000,257.003341
441,3.053277,4.921000,203.210730
442,3.056205,2.928000,341.530055
443,3.058277,2.072000,482.625483
444,3.060313,2.036000,491.159136
445,3.062295,1.982000,504.540868
446,3.064283,1.988000,503.018109
447,3.066921,2.638000,379.075057
448,3.069903,2.982000,335.345406
449,3.072623,2.720000,367.647059
450,3.075619,2.996000,333.778371
451,3.079664,4.045000,247.218789
452,3.082511,2.847000,351.246927
453,3.084620,2.109000,474.158369
454,3.086607,1.987000,503.271263
455,3.089374,2.767000,361.402241
456,3.091808,2.434000,410.846343
457,3.095452,3.644000,274.423710
458,3.097833,2.381000,419.991600
459,3.100365,2.532000,394.944708
460,3.102789,2.424000,412.541254
461,3.104861,2.072000,482.625483
462,3.107329,2.468000,405.186386
463,3.114632,7.303000,136.930029
464,3.135752,21.120000,47.348485
465,3.147321,11.569000,86.437894
466,3.150819,3.498000,285.877644
467,3.153858,3.039000,329.055610
468,3.156687,2.829000,353.481796
469,3.159664,2.977000,335.908633
470,3.163176,3.512000,284.738041
471,3.165739,2.563000,390.167772
472,3.167868,2.129000,469.704086
473,3.170302,2.434000,410.846343
474,3.176015,5.713000,175.039384
475,3.179631,3.616000,276.548673
476,3.182067,2.436000,410.509031
477,3.184447,2.380000,420.168067
478,3.188117,3.670000,272.479564
479,3.191027,2.910000,343.642612
480,3.193066,2.039000,490.436488
481,3.195439,2.373000,421.407501
482,3.198410,2.971000,336.587008
483,3.200863,2.453000,407.664085
484,3.228048,27.185000,36.784992
485,3.234779,6.731000,148.566335
486,3.240313,5.534000,180.701120
487,3.244339,4.026000,248.385494
488,3.246929,2.590000,386.100386
489,3.249879,2.950000,338.983051
490,3.252485,2.606000,383.729854
491,3.255564,3.079000,324.780773
492,3.258304,2.740000,364.963504
493,3.260745,2.441000,409.668169
494,3.264022,3.277000,305.157156
495,3.269442,5.420000,184.501845
496,3.280542,11.100000,90.090090
497,3.284540,3.998000,250.125063
498,3.288477,3.937000,254.000508
499,3.293997,5.520000,181.159420
500,3.308431,14.434000,69.280865
501,3.317768,9.337000,107.100782
502,3.326364,8.596000,116.333178
503,3.334768,8.404000,118.990957
504,3.345389,10.621000,94.153093
505,3.355687,10.298000,97.106234
506,3.366399,10.712000,93.353249
507,3.374173,7.774000,128.633908
508,3.378600,4.427000,225.886605
509,3.382266,3.666000,272.776869
510,3.385800,3.534000,282.965478
511,3.390935,5.135000,194.741967
512,3.394573,3.638000,274.876306
513,3.398082,3.509000,284.981476
514,3.401586,3.504000,285.388128
515,3.405127,3.541000,282.406100
516,3.407801,2.674000,373.971578
517,3.410355,2.554000,391.542678
518,3.413977,3.622000,276.090558
519,3.421434,7.457000,134.102186
520,3.427210,5.776000,173.130194
521,3.440195,12.985000,77.011937
522,3.444002,3.807000,262.674022
523,3.446619,2.617000,382.116928
524,3.449108,2.489000,401.767778
525,3.451572,2.464000,405.844156
526,3.454906,3.334000,299.940012
527,3.457337,2.431000,411.353353
528,3.459450,2.113000,473.260767
529,3.461920,2.470000,404.858300
530,3.464363,2.443000,409.332788
531,3.466745,2.382000,419.815281
532,3.469118,2.373000,421.407501
533,3.471602,2.484000,402.576490
534,3.473713,2.111000,473.709143
535,3.476124,2.411000,414.765657
536,3.479660,3.536000,282.805430
537,3.483128,3.468000,288.350634
538,3.485953,2.825000,353.982301
539,3.489028,3.075000,325.203252
540,3.520386,31.358000,31.889789
541,3.533847,13.461000,74.288686
542,3.536875,3.028000,330.250991
543,3.538774,1.899000,526.592944
544,3.541154,2.380000,420.168067
545,3.544619,3.465000,288.600289
546,3.547486,2.867000,348.796652
547,3.549346,1.860000,537.634409
548,3.551500,2.154000,464.252553
549,3.554109,2.609000,383.288616
550,3.558231,4.122000,242.600679
551,3.561006,2.775000,360.360360
552,3.563840,2.834000,352.858151
553,3.566074,2.234000,447.627574
554,3.568200,2.126000,470.366886
555,3.570429,2.229000,448.631673
556,3.573326,2.897000,345.184674
557,3.576327,3.001000,333.222259
558,3.579899,3.572000,279.955207
559,3.582408,2.509000,398.565165
560,3.585665,3.257000,307.031010
561,3.587826,2.161000,462.748727
562,3.590891,3.065000,326.264274
563,3.594000,3.109000,321.646832
564,3.597068,3.068000,325.945241
565,3.600466,3.398000,294.290759
566,3.603412,2.946000,339.443313
567,3.605797,2.385000,419.287212
568,3.609017,3.220000,310.559006
569,3.611320,2.303000,434.216240
570,3.641294,29.974000,33.362247
571,3.648237,6.943000,144.029958
572,3.653638,5.401000,185.150898
573,3.656694,3.056000,327.225131
574,3.659234,2.540000,393.700787
575,3.662572,3.338000,299.580587
576,3.665241,2.669000,374.672162
577,3.668707,3.466000,288.517023
578,3.671273,2.566000,389.711613
579,3.674637,3.364000,297.265161
580,3.677348,2.711000,368.867577
581,3.681565,4.217000,237.135404
582,3.684169,2.604000,384.024578
583,3.687337,3.168000,315.656566
584,3.689759,2.422000,412.881916
585,3.693538,3.779000,264.620270
586,3.697645,4.107000,243.486730
587,3.700121,2.476000,403.877221
588,3.703513,3.392000,294.811321
589,3.705799,2.286000,437.445319
590,3.734615,28.816000,34.702943
591,3.747010,12.395000,80.677693
592,3.749896,2.886000,346.500347
593,3.751847,1.951000,512.557663
594,3.753980,2.133000,468.823254
595,3.757455,3.475000,287.769784
596,3.761436,3.981000,251.193168
597,3.764466,3.030000,330.033003
598,3.767533,3.067000,326.051516
599,3.771008,3.475000,287.769784
600,3.775077,4.069000,245.760629
601,3.778133,3.056000,327.225131
602,3.781561,3.428000,291.715286
603,3.784221,2.660000,375.939850
604,3.788289,4.068000,245.821042
605,3.791079,2.790000,358.422939
606,3.794368,3.289000,304.043782
607,3.797074,2.706000,369.549150
608,3.801617,4.543000,220.118864
609,3.804344,2.727000,366.703337
610,3.841342,36.998000,27.028488
611,3.846879,5.537000,180.603215
612,3.854193,7.314000,136.724091
613,3.857540,3.347000,298.775022
614,3.859858,2.318000,431.406385
615,3.863260,3.402000,293.944738
616,3.865904,2.644000,378.214826
617,3.869488,3.584000,279.017857
618,3.872171,2.683000,372.717108
619,3.875587,3.416000,292.740047
620,3.878306,2.719000,367.782273
621,3.881864,3.558000,281.056773
622,3.884514,2.650000,377.358491
623,3.887992,3.478000,287.521564
624,3.890973,2.981000,335.457900
625,3.895199,4.226000,236.630383
626,3.898428,3.229000,309.693404
627,3.911894,13.466000,74.261102
628,3.935810,23.916000,41.813012
629,3.948204,12.394000,80.684202
630,3.951839,3.635000,275.103164
631,3.956033,4.194000,238.435861
632,3.960680,4.647000,215.192597
633,3.964346,3.666000,272.776869
634,3.967645,3.299000,303.122158
635,3.971917,4.272000,234.082397
636,3.974668,2.751000,363.504180
637,3.976962,2.294000,435.919791
638,3.979492,2.530000,395.256917
639,3.982917,3.425000,291.970803
640,3.985905,2.988000,334.672021
641,3.989645,3.740000,267.379679
642,3.992326,2.681000,372.995151
643,3.995418,3.092000,323.415265
644,3.998292,2.874000,347.947112
645,4.001679,3.387000,295.246531
646,4.014287,12.608000,79.314721
647,4.040330,26.043000,38.398034
648,4.047264,6.934000,144.216902
649,4.054473,7.209000,138.715495
650,4.059361,4.888000,204.582651
651,4.062447,3.086000,324.044070
652,4.067078,4.631000,215.936083
653,4.071784,4.706000,212.494688
654,4.074546,2.762000,362.056481
655,4.077834,3.288000,304.136253
656,4.080865,3.031000,329.924117
657,4.083959,3.094000,323.206206
658,4.087275,3.316000,301.568154
659,4.090891,3.616000,276.548673
660,4.094392,3.501000,285.632676
661,4.097263,2.871000,348.310693
662,4.100235,2.972000,336.473755
663,4.103082,2.847000,351.246927
664,4.105779,2.697000,370.782351
665,4.134630,28.851000,34.660844
666,4.141490,6.860000,145.772595
667,4.146928,5.438000,183.891136
668,4.150398,3.470000,288.184438
669,4.153100,2.702000,370.096225
670,4.156289,3.189000,313.577924
671,4.159004,2.715000,368.324125
672,4.162652,3.648000,274.122807
673,4.166552,3.900000,256.410256
674,4.169626,3.074000,325.309044
675,4.172165,2.539000,393.855849
676,4.175603,3.438000,290.866783
677,4.178558,2.955000,338.409475
678,4.180969,2.411000,414.765657
679,4.183696,2.727000,366.703337
680,4.187091,3.395000,294.550810
681,4.189961,2.870000,348.432056
682,4.192230,2.269000,440.722785
683,4.194988,2.758000,362.581581
684,4.199828,4.840000,206.611570
685,4.203265,3.437000,290.951411
686,4.205540,2.275000,439.560440
687,4.208518,2.978000,335.795836
688,4.210662,2.144000,466.417910
689,4.213297,2.635000,379.506641
690,4.228603,15.306000,65.333856
691,4.242512,13.909000,71.895895
692,4.254748,12.236000,81.726054
693,4.258686,3.938000,253.936008
694,4.261615,2.929000,341.413452
695,4.264942,3.327000,300.571085
696,4.267922,2.980000,335.570470
697,4.271202,3.280000,304.878049
698,4.274351,3.149000,317.561131
699,4.277771,3.420000,292.397661
700,4.281142,3.371000,296.647879
701,4.283975,2.833000,352.982704
702,4.287120,3.145000,317.965024
703,4.290936,3.816000,262.054507
704,4.295391,4.455000,224.466891
705,4.298311,2.920000,342.465753
706,4.301545,3.234000,309.214595
707,4.304430,2.885000,346.620451
708,4.334415,29.985000,33.350008
709,4.341992,7.577000,131.978356
710,4.347512,5.520000,181.159420
711,4.361575,14.063000,71.108583
712,4.366300,4.725000,211.640212
713,4.370033,3.733000,267.881061
714,4.373035,3.002000,333.111259
715,4.376974,3.939000,253.871541
716,4.381078,4.104000,243.664717
717,4.384676,3.598000,277.932185
718,4.388790,4.114000,243.072436
719,4.392694,3.904000,256.147541
720,4.397002,4.308000,232.126277
721,4.400686,3.684000,271.444083
722,4.404535,3.849000,259.807742
723,4.407559,3.024000,330.687831
724,4.411284,3.725000,268.456376
725,4.415184,3.900000,256.410256
726,4.427716,12.532000,79.795723
727,4.432074,4.358000,229.463056
728,4.441829,9.755000,102.511533
729,4.446288,4.459000,224.265530
730,4.449311,3.023000,330.797221
731,4.452215,2.904000,344.352617
732,4.456330,4.115000,243.013366
733,4.460128,3.798000,263.296472
734,4.464435,4.307000,232.180172
735,4.468409,3.974000,251.635632
736,4.472122,3.713000,269.323997
737,4.476012,3.890000,257.069409
738,4.479562,3.550000,281.690141
739,4.483085,3.523000,283.848992
740,4.487340,4.255000,235.017626
741,4.491070,3.730000,268.096515
742,4.495869,4.799000,208.376745
743,4.499628,3.759000,266.028199
744,4.502929,3.301000,302.938503
745,4.510181,7.252000,137.892995
746,4.534412,24.231000,41.269448
747,4.538140,3.728000,268.240343
748,4.547189,9.049000,110.509449
749,4.551063,3.874000,258.131131
750,4.554833,3.770000,265.251989
751,4.558307,3.474000,287.852619
752,4.561791,3.484000,287.026406
753,4.564603,2.812000,355.618777
754,4.567007,2.404000,415.973378
755,4.569651,2.644000,378.214826
756,4.572257,2.606000,383.729854
757,4.574537,2.280000,438.596491
758,4.577432,2.895000,345.423143
759,4.579822,2.390000,418.410042
760,4.582097,2.275000,439.560440
761,4.584275,2.178000,459.136823
762,4.586842,2.567000,389.559797
763,4.589845,3.003000,333.000333
764,4.592171,2.326000,429.922614
765,4.595211,3.040000,328.947368
766,4.597751,2.540000,393.700787
767,4.614575,16.824000,59.438897
768,4.628345,13.770000,72.621641
769,4.641087,12.742000,78.480615
770,4.645641,4.554000,219.587176
771,4.648574,2.933000,340.947835
772,4.658682,10.108000,98.931539
773,4.682101,23.419000,42.700371
774,4.694547,12.446000,80.347099
775,4.706701,12.154000,82.277440
776,4.721308,14.607000,68.460327
777,4.735015,13.707000,72.955424
778,4.739634,4.619000,216.497077
779,4.742501,2.867000,348.796652
780,4.746701,4.200000,238.095238
781,4.751742,5.041000,198.373339
782,4.754464,2.722000,367.376929
783,4.758075,3.611000,276.931598
784,4.760718,2.643000,378.357927
785,4.764588,3.870000,258.397933
786,4.767541,2.953000,338.638673
787,4.770974,3.433000,291.290417
788,4.773627,2.653000,376.931775
789,4.777785,4.158000,240.500241
790,4.780547,2.762000,362.056481
791,4.784151,3.604000,277.469478
792,4.788435,4.284000,233.426704
793,4.792415,3.980000,251.256281
794,4.796089,3.674000,272.182907
795,4.799285,3.196000,312.891114
796,4.802871,3.586000,278.862242
797,4.805694,2.823000,354.233085
798,4.808959,3.265000,306.278714
799,4.812476,3.517000,284.333239
800,4.841218,28.742000,34.792290
801,4.849633,8.415000,118.835413
802,4.855094,5.461000,183.116645
803,4.857793,2.699000,370.507595
804,4.861663,3.870000,258.397933
805,4.864477,2.814000,355.366027
806,4.867773,3.296000,303.398058
807,4.870449,2.676000,373.692078
808,4.873831,3.382000,295.683028
809,4.876842,3.011000,332.115576
810,4.880412,3.570000,280.112045
811,4.883360,2.948000,339.213026
812,4.885626,2.266000,441.306267
813,4.887599,1.973000,506.842372
814,4.890406,2.807000,356.252227
815,4.895331,4.925000,203.045685
816,4.899331,4.000000,250.000000
817,4.902255,2.924000,341.997264
818,4.905030,2.775000,360.360360
819,4.907888,2.858000,349.895031
820,4.920794,12.906000,77.483341
821,4.924384,3.590000,278.551532
822,4.933971,9.587000,104.307917
823,4.936986,3.015000,331.674959
824,4.939561,2.575000,388.349515
825,4.942845,3.284000,304.506699
826,4.945428,2.583000,387.146729
827,4.948901,3.473000,287.935502
828,4.951494,2.593000,385.653683
829,4.954698,3.204000,312.109863
830,4.958449,3.751000,266.595575
831,4.961230,2.781000,359.582884
832,4.964025,2.795000,357.781753
833,4.967602,3.577000,279.563880
834,4.970140,2.538000,394.011032
835,4.972358,2.218000,450.856628
836,4.974811,2.453000,407.664085
837,4.977329,2.518000,397.140588
838,4.979286,1.957000,510.986203
839,4.982306,3.020000,331.125828
840,4.986659,4.353000,229.726625
841,5.000594,13.935000,71.761751
842,5.012165,11.571000,86.422954
843,5.026426,14.261000,70.121310
844,5.031489,5.063000,197.511357
845,5.034517,3.028000,330.250991
846,5.037747,3.230000,309.597523
847,5.040337,2.590000,386.100386
848,5.043923,3.586000,278.862242
849,5.046753,2.830000,353.356890
850,5.050324,3.571000,280.033604
851,5.052955,2.631000,380.083618
852,5.056822,3.867000,258.598397
853,5.059543,2.721000,367.511944
854,5.063203,3.660000,273.224044
855,5.065931,2.728000,366.568915
856,5.069742,3.811000,262.398321
857,5.072584,2.842000,351.864884
858,5.076099,3.515000,284.495021
859,5.078932,2.833000,352.982704
860,5.082780,3.848000,259.875260
861,5.085582,2.802000,356.887937
862,5.089278,3.696000,270.562771
863,5.092110,2.832000,353.107345
864,5.096269,4.159000,240.442414
865,5.098969,2.700000,370.370370
866,5.102821,3.852000,259.605400
867,5.105669,2.848000,351.123596
868,5.121522,15.853000,63.079543
869,5.133676,12.154000,82.277440
870,5.139603,5.927000,168.719420
871,5.143098,3.495000,286.123033
872,5.146645,3.547000,281.928390
873,5.150643,3.998000,250.125063
874,5.154128,3.485000,286.944046
875,5.157767,3.639000,274.800769
876,5.161359,3.592000,278.396437
877,5.164994,3.635000,275.103164
878,5.168027,3.033000,329.706561
879,5.170685,2.658000,376.222724
880,5.173481,2.796000,357.653791
881,5.176998,3.517000,284.333239
882,5.179885,2.887000,346.380326
883,5.182831,2.946000,339.443313
884,5.185191,2.360000,423.728814
885,5.188447,3.256000,307.125307
886,5.191009,2.562000,390.320062
887,5.193910,2.901000,344.708721
888,5.196078,2.168000,461.254613
889,5.198832,2.754000,363.108206
890,5.203314,4.482000,223.114681
891,5.208064,4.750000,210.526316
892,5.211280,3.216000,310.945274
893,5.228723,17.443000,57.329588
894,5.238802,10.079000,99.216192
895,5.242904,4.102000,243.783520
896,5.246486,3.582000,279.173646
897,5.249904,3.418000,292.568754
898,5.253505,3.601000,277.700639
899,5.257743,4.238000,235.960359
900,5.260757,3.014000,331.785003
901,5.263498,2.741000,364.830354
902,5.265929,2.431000,411.353353
903,5.269846,3.917000,255.297421
904,5.272751,2.905000,344.234079
905,5.275217,2.466000,405.515004
906,5.277098,1.881000,531.632111
907,5.279595,2.497000,400.480577
908,5.282923,3.328000,300.480769
909,5.285314,2.391000,418.235048
910,5.288432,3.118000,320.718409
911,5.290958,2.526000,395.882819
912,5.308301,17.343000,57.660151
913,5.312646,4.345000,230.149597
914,5.320822,8.176000,122.309198
915,5.324390,3.568000,280.269058
916,5.327246,2.856000,350.140056
917,5.336890,9.644000,103.691414
918,5.362465,25.575000,39.100684
919,5.374788,12.323000,81.149071
920,5.388349,13.561000,73.740875
921,5.392609,4.260000,234.741784
922,5.396408,3.799000,263.227165
923,5.400119,3.711000,269.469146
924,5.413919,13.800000,72.463768
925,5.423812,9.893000,101.081573
926,5.430361,6.549000,152.695068
927,5.440676,10.315000,96.946195
928,5.444440,3.764000,265.674814
929,5.447024,2.584000,386.996904
930,5.449307,2.283000,438.020149
931,5.451482,2.175000,459.770115
932,5.454050,2.568000,389.408100
933,5.456544,2.494000,400.962310
934,5.458989,2.445000,408.997955
935,5.461253,2.264000,441.696113
936,5.464126,2.873000,348.068221
937,5.466430,2.304000,434.027778
938,5.468770,2.340000,427.350427
939,5.471083,2.313000,432.338954
940,5.473250,2.167000,461.467467
941,5.475390,2.140000,467.289720
942,5.477548,2.158000,463.392030
943,5.479706,2.158000,463.392030
944,5.482056,2.350000,425.531915
945,5.484140,2.084000,479.846449
946,5.487046,2.906000,344.115623
947,5.490242,3.196000,312.891114
948,5.493273,3.031000,329.924117
949,5.496545,3.272000,305.623472
950,5.500327,3.782000,264.410365
951,5.504040,3.713000,269.323997
952,5.507735,3.695000,270.635995
953,5.517100,9.365000,106.780566
954,5.523120,6.020000,166.112957
955,5.533575,10.455000,95.648015
956,5.536708,3.133000,319.182892
957,5.547051,10.343000,96.683747
958,5.550759,3.708000,269.687163
959,5.560358,9.599000,104.177518
960,5.564173,3.815000,262.123198
961,5.573491,9.318000,107.319167
962,5.577450,3.959000,252.589038
963,5.587014,9.564000,104.558762
964,5.591080,4.066000,245.941958
965,5.600224,9.144000,109.361330
966,5.613528,13.304000,75.165364
967,5.616376,2.848000,351.123596
968,5.625538,9.162000,109.146475
969,5.628531,2.993000,334.112930
970,5.634696,6.165000,162.206002
971,5.652478,17.782000,56.236644
972,5.655381,2.903000,344.471237
973,5.658002,2.621000,381.533766
974,5.661458,3.456000,289.351852
975,5.665619,4.161000,240.326845
976,5.679579,13.960000,71.633238
977,5.683158,3.579000,279.407656
978,5.695109,11.951000,83.675006
979,5.720872,25.763000,38.815355
980,5.733407,12.535000,79.776625
981,5.737525,4.118000,242.836328
982,5.746693,9.168000,109.075044
983,5.759889,13.196000,75.780540
984,5.773891,14.002000,71.418369
985,5.786904,13.013000,76.846231
986,5.800655,13.751000,72.721984
987,5.813801,13.146000,76.068766
988,5.827014,13.213000,75.683039
989,5.841265,14.251000,70.170514
990,5.853546,12.281000,81.426594
991,5.866966,13.420000,74.515648
992,5.880788,13.822000,72.348430
993,5.895554,14.766000,67.723148
994,5.907962,12.408000,80.593166
995,5.920550,12.588000,79.440737
996,5.933895,13.345000,74.934432
997,5.947263,13.368000,74.805506
998,5.960787,13.524000,73.942621
999,5.974075,13.288000,75.255870
1000,5.987442,13.367000,74.811102
1001,6.000481,13.039000,76.692998
1002,6.013680,13.199000,75.763315
1003,6.026973,13.293000,75.227563
1004,6.040070,13.097000,76.353363
1005,6.053179,13.109000,76.283469
1006,6.066510,13.331000,75.013127
1007,6.080215,13.705000,72.966071
1008,6.093860,13.645000,73.286918
1009,6.106142,12.282000,81.419964
1010,6.119950,13.808000,72.421784
1011,6.133672,13.722000,72.875674
1012,6.146330,12.658000,79.001422
1013,6.160302,13.972000,71.571715
1014,6.172902,12.600000,79.365079
1015,6.186420,13.518000,73.975440
1016,6.199694,13.274000,75.335242
1017,6.212731,13.037000,76.704763
1018,6.226748,14.017000,71.341942
1019,6.239358,12.610000,79.302141
1020,6.252977,13.619000,73.426830
1021,6.266688,13.711000,72.934140
1022,6.280563,13.875000,72.072072
1023,6.293079,12.516000,79.897731
1024,6.306581,13.502000,74.063102
1025,6.319901,13.320000,75.075075
1026,6.332965,13.064000,76.546234
1027,6.346321,13.356000,74.872716
1028,6.360458,14.137000,70.736366
1029,6.373528,13.070000,76.511094
1030,6.386526,12.998000,76.934913
1031,6.399740,13.214000,75.677312
1032,6.412786,13.046000,76.651847
1033,6.425972,13.186000,75.838010
1034,6.439335,13.363000,74.833495
1035,6.452583,13.248000,75.483092
1036,6.465635,13.052000,76.616610
1037,6.479203,13.568000,73.702830
1038,6.492562,13.359000,74.855902
1039,6.506607,14.045000,71.199715
1040,6.519865,13.258000,75.426158
1041,6.533148,13.283000,75.284198
1042,6.546256,13.108000,76.289289
1043,6.551509,5.253000,190.367409
1044,6.556178,4.669000,214.178625
1045,6.559591,3.413000,292.997363
1046,6.562099,2.508000,398.724083
1047,6.564399,2.300000,434.782609
1048,6.566711,2.312000,432.525952
1049,6.569465,2.754000,363.108206
1050,6.571876,2.411000,414.765657
1051,6.573799,1.923000,520.020801
1052,6.585765,11.966000,83.570115
1053,6.588364,2.599000,384.763371
1054,6.590360,1.996000,501.002004
1055,6.592692,2.332000,428.816467
1056,6.596263,3.571000,280.033604
1057,6.598492,2.229000,448.631673
1058,6.601414,2.922000,342.231348
1059,6.612943,11.529000,86.737792
1060,6.621390,8.447000,118.385226
1061,6.626521,5.131000,194.893783
1062,6.639375,12.854000,77.796795
1063,6.643167,3.792000,263.713080
1064,6.646891,3.724000,268.528464
1065,6.650433,3.542000,282.326369
1066,6.654498,4.065000,246.002460
1067,6.657585,3.087000,323.939099
1068,6.661275,3.690000,271.002710
1069,6.664239,2.964000,337.381916
1070,6.667934,3.695000,270.635995
1071,6.670878,2.944000,339.673913
1072,6.674529,3.651000,273.897562
1073,6.676795,2.266000,441.306267
1074,6.680951,4.156000,240.615977
1075,6.692687,11.736000,85.207907
1076,6.702889,10.202000,98.019996
1077,6.732485,29.596000,33.788350
1078,6.735119,2.634000,379.650721
1079,6.743063,7.944000,125.881168
1080,6.760623,17.560000,56.947608
1081,6.773313,12.690000,78.802206
1082,6.786776,13.463000,74.277650
1083,6.790556,3.780000,264.550265
1084,6.799807,9.251000,108.096422
1085,6.803370,3.563000,280.662363
1086,6.806062,2.692000,371.471025
1087,6.809656,3.594000,278.241514
1088,6.812434,2.778000,359.971202
1089,6.822131,9.697000,103.124678
1090,6.840425,18.294000,54.662731
1091,6.853056,12.631000,79.170295
1092,6.856667,3.611000,276.931598
1093,6.860047,3.380000,295.857988
1094,6.864233,4.186000,238.891543
1095,6.867648,3.415000,292.825769
1096,6.870578,2.930000,341.296928
1097,6.874846,4.268000,234.301781
1098,6.879776,4.930000,202.839757
1099,6.893068,13.292000,75.233223
1100,6.896901,3.833000,260.892252
1101,6.901186,4.285000,233.372229
1102,6.905957,4.771000,209.599665
1103,6.917109,11.152000,89.670014
1104,6.926600,9.491000,105.362975
1105,6.933592,6.992000,143.020595
1106,6.938972,5.380000,185.873606
1107,6.943706,4.734000,211.237854
1108,6.947742,4.036000,247.770069
1109,6.952475,4.733000,211.282485
1110,6.957312,4.837000,206.739715
1111,6.960217,2.905000,344.234079
1112,6.963210,2.993000,334.112930
1113,6.966071,2.861000,349.528137
1114,6.969712,3.641000,274.649821
1115,6.972517,2.805000,356.506239
1116,6.976365,3.848000,259.875260
1117,6.979179,2.814000,355.366027
1118,6.982508,3.329000,300.390508
1119,6.985379,2.871000,348.310693
1120,6.988599,3.220000,310.559006
1121,6.991293,2.694000,371.195249
1122,6.994292,2.999000,333.444481
1123,6.997105,2.813000,355.492357
1124,7.000211,3.106000,321.957502
1125,7.002996,2.785000,359.066427
1126,7.005724,2.728000,366.568915
1127,7.008521,2.797000,357.525921
1128,7.012191,3.670000,272.479564
1129,7.014874,2.683000,372.717108
1130,7.027648,12.774000,78.284014
1131,7.038818,11.170000,89.525515
1132,7.041828,3.010000,332.225914
1133,7.044056,2.228000,448.833034
1134,7.047281,3.225000,310.077519
1135,7.049888,2.607000,383.582662
1136,7.053753,3.865000,258.732212
1137,7.056385,2.632000,379.939210
1138,7.059599,3.214000,311.138768
1139,7.063162,3.563000,280.662363
1140,7.066375,3.213000,311.235605
1141,7.069039,2.664000,375.375375
1142,7.071335,2.296000,435.540070
1143,7.073847,2.512000,398.089172
1144,7.077014,3.167000,315.756236
1145,7.079646,2.632000,379.939210
1146,7.081962,2.316000,431.778929
1147,7.084756,2.794000,357.909807
1148,7.087205,2.449000,408.329931
1149,7.089356,2.151000,464.900046
1150,7.092110,2.754000,363.108206
1151,7.094652,2.542000,393.391031
1152,7.100540,5.888000,169.836957
1153,7.106308,5.768000,173.370319
1154,7.119282,12.974000,77.077231
1155,7.122383,3.101000,322.476620
1156,7.125616,3.233000,309.310238
1157,7.128927,3.311000,302.023558
1158,7.131163,2.236000,447.227191
1159,7.134559,3.396000,294.464075
1160,7.137422,2.863000,349.283968
1161,7.141169,3.747000,266.880171
1162,7.143602,2.433000,411.015208
1163,7.147314,3.712000,269.396552
1164,7.150737,3.423000,292.141396
1165,7.153928,3.191000,313.381385
1166,7.156147,2.219000,450.653447
1167,7.160324,4.177000,239.406272
1168,7.163277,2.953000,338.638673
1169,7.166858,3.581000,279.251606
1170,7.169653,2.795000,357.781753
1171,7.173728,4.075000,245.398773
1172,7.175886,2.158000,463.392030
1173,7.178640,2.754000,363.108206
1174,7.181513,2.873000,348.068221
1175,7.185748,4.235000,236.127509
1176,7.199503,13.755000,72.700836
1177,7.202535,3.032000,329.815303
1178,7.205712,3.177000,314.762354
1179,7.209071,3.359000,297.707651
1180,7.212481,3.410000,293.255132
1181,7.225335,12.854000,77.796795
1182,7.238448,13.113000,76.260200
1183,7.240971,2.523000,396.353547
1184,7.243254,2.283000,438.020149
1185,7.245535,2.281000,438.404209
1186,7.247876,2.341000,427.167877
1187,7.250151,2.275000,439.560440
1188,7.252468,2.317000,431.592577
1189,7.266565,14.097000,70.937079
1190,7.271192,4.627000,216.122758
1191,7.273780,2.588000,386.398764
1192,7.275737,1.957000,510.986203
1193,7.279705,3.968000,252.016129
1194,7.292560,12.855000,77.790743
1195,7.300686,8.126000,123.061777
1196,7.306330,5.644000,177.179305
1197,7.319702,13.372000,74.783129
1198,7.327051,7.349000,136.072935
1199,7.347075,20.024000,49.940072
1200,7.359367,12.292000,81.353726
1201,7.372753,13.386000,74.704916
1202,7.375994,3.241000,308.546745
1203,7.378850,2.856000,350.140056
1204,7.381078,2.228000,448.833034
1205,7.383838,2.760000,362.318841
1206,7.386353,2.515000,397.614314
1207,7.389259,2.906000,344.115623
1208,7.392138,2.879000,347.342827
1209,7.394626,2.488000,401.929260
1210,7.397007,2.381000,419.991600
1211,7.400036,3.029000,330.141961
1212,7.406523,6.487000,154.154463
1213,7.439863,33.340000,29.994001
1214,7.452994,13.131000,76.155662
1215,7.456651,3.657000,273.448182
1216,7.459730,3.079000,324.780773
1217,7.462988,3.258000,306.936771
1218,7.466012,3.024000,330.687831
1219,7.469719,3.707000,269.759914
1220,7.473566,3.847000,259.942813
1221,7.476968,3.402000,293.944738
1222,7.480311,3.343000,299.132516
1223,7.483389,3.078000,324.886290
1224,7.486309,2.920000,342.465753
1225,7.489109,2.800000,357.142857
1226,7.492020,2.911000,343.524562
1227,7.495266,3.246000,308.071473
1228,7.498702,3.436000,291.036088
1229,7.513561,14.859000,67.299280
1230,7.533720,20.159000,49.605635
1231,7.546995,13.275000,75.329567
1232,7.560014,13.019000,76.810815
1233,7.563684,3.670000,272.479564
1234,7.567319,3.635000,275.103164
1235,7.570252,2.933000,340.947835
1236,7.573603,3.351000,298.418383
1237,7.576706,3.103000,322.268772
1238,7.579775,3.069000,325.839036
1239,7.582763,2.988000,334.672021
1240,7.585562,2.799000,357.270454
1241,7.588102,2.540000,393.700787
1242,7.590735,2.633000,379.794911
1243,7.593403,2.668000,374.812594
1244,7.595908,2.505000,399.201597
1245,7.598462,2.554000,391.542678
1246,7.601221,2.759000,362.450163
1247,7.604872,3.651000,273.897562
1248,7.608536,3.664000,272.925764
1249,7.611057,2.521000,396.667989
1250,7.638836,27.779000,35.998416
1251,7.651767,12.931000,77.333540
1252,7.654505,2.738000,365.230095
1253,7.656664,2.159000,463.177397
1254,7.659639,2.975000,336.134454
1255,7.662939,3.300000,303.030303
1256,7.666021,3.082000,324.464633
1257,7.669400,3.379000,295.945546
1258,7.672399,2.999000,333.444481
1259,7.675677,3.278000,305.064063
1260,7.678749,3.072000,325.520833
1261,7.682363,3.614000,276.701716
1262,7.685476,3.113000,321.233537
1263,7.689068,3.592000,278.396437
1264,7.692068,3.000000,333.333333
1265,7.701019,8.951000,111.719361
1266,7.720960,19.941000,50.147936
1267,7.732735,11.775000,84.925690
1268,7.735030,2.295000,435.729847
1269,7.737682,2.652000,377.073906
1270,7.740826,3.144000,318.066158
1271,7.744661,3.835000,260.756193
1272,7.747367,2.706000,369.549150
1273,7.750777,3.410000,293.255132
1274,7.753607,2.830000,353.356890
1275,7.756907,3.300000,303.030303
1276,7.759730,2.823000,354.233085
1277,7.763105,3.375000,296.296296
1278,7.765800,2.695000,371.057514
1279,7.769143,3.343000,299.132516
1280,7.772029,2.886000,346.500347
1281,7.775781,3.752000,266.524520
1282,7.778605,2.824000,354.107649
1283,7.782065,3.460000,289.017341
1284,7.784700,2.635000,379.506641
1285,7.788599,3.899000,256.476019
1286,7.791400,2.801000,357.015352
1287,7.794744,3.344000,299.043062
1288,7.797573,2.829000,353.481796
1289,7.801408,3.835000,260.756193
1290,7.804078,2.670000,374.531835
1291,7.807289,3.211000,311.429461
1292,7.809750,2.461000,406.338887
1293,7.839085,29.335000,34.088972
1294,7.842950,3.865000,258.732212
1295,7.853039,10.089000,99.117851
1296,7.856515,3.476000,287.686997
1297,7.860352,3.837000,260.620276
1298,7.864281,3.929000,254.517689
1299,7.868494,4.213000,237.360551
1300,7.871930,3.436000,291.036088
1301,7.875976,4.046000,247.157687
1302,7.879718,3.742000,267.236772
1303,7.883228,3.510000,284.900285
1304,7.886862,3.634000,275.178866
1305,7.890032,3.170000,315.457413
1306,7.893703,3.671000,272.405339
1307,7.896963,3.260000,306.748466
1308,7.900907,3.944000,253.549696
1309,7.904256,3.349000,298.596596
1310,7.907999,3.743000,267.165375
1311,7.932450,24.451000,40.898123
1312,7.945378,12.928000,77.351485
1313,7.948282,2.904000,344.352617
1314,7.951347,3.065000,326.264274
1315,7.954123,2.776000,360.230548
1316,7.957341,3.218000,310.752020
1317,7.960060,2.719000,367.782273
1318,7.963472,3.412000,293.083236
1319,7.966207,2.735000,365.630713
1320,7.969384,3.177000,314.762354
1321,7.972154,2.770000,361.010830
1322,7.975711,3.557000,281.135789
1323,7.978485,2.774000,360.490267
1324,7.981868,3.383000,295.595625
1325,7.984697,2.829000,353.481796
1326,7.988354,3.657000,273.448182
1327,7.991038,2.684000,372.578241
1328,7.994554,3.516000,284.414107
1329,7.997468,2.914000,343.170899
1330,8.025863,28.395000,35.217468
1331,8.031106,5.243000,190.730498
1332,8.040274,9.168000,109.075044
1333,8.043836,3.562000,280.741157
1334,8.046874,3.038000,329.163924
1335,8.050443,3.569000,280.190530
1336,8.053251,2.808000,356.125356
1337,8.056783,3.532000,283.125708
1338,8.060852,4.069000,245.760629
1339,8.064885,4.033000,247.954376
1340,8.069163,4.278000,233.754091
1341,8.072128,2.965000,337.268128
1342,8.075528,3.400000,294.117647
1343,8.079843,4.315000,231.749710
1344,8.083900,4.057000,246.487552
1345,8.087129,3.229000,309.693404
1346,8.090943,3.814000,262.191924
1347,8.093935,2.992000,334.224599
1348,8.097740,3.805000,262.812089
1349,8.100789,3.049000,327.976386
1350,8.104629,3.840000,260.416667
1351,8.107638,3.009000,332.336324
1352,8.132569,24.931000,40.110706
1353,8.139491,6.922000,144.466917
1354,8.146887,7.396000,135.208221
1355,8.150879,3.992000,250.501002
1356,8.153980,3.101000,322.476620
1357,8.157623,3.643000,274.499039
1358,8.161121,3.498000,285.877644
1359,8.164013,2.892000,345.781466
1360,8.167505,3.492000,286.368843
1361,8.170169,2.664000,375.375375
1362,8.173102,2.933000,340.947835
1363,8.176147,3.045000,328.407225
1364,8.179195,3.048000,328.083990
1365,8.182212,3.017000,331.455088
1366,8.185269,3.057000,327.118090
1367,8.188054,2.785000,359.066427
1368,8.190994,2.940000,340.136054
1369,8.193910,2.916000,342.935528
1370,8.196881,2.971000,336.587008
1371,8.199643,2.762000,362.056481
1372,8.225832,26.189000,38.183970
1373,8.230902,5.070000,197.238659
1374,8.239741,8.839000,113.134970
1375,8.243179,3.438000,290.866783
1376,8.245896,2.717000,368.053000
1377,8.249236,3.340000,299.401198
1378,8.254568,5.332000,187.546887
1379,8.257472,2.904000,344.352617
1380,8.260822,3.350000,298.507463
1381,8.265270,4.448000,224.820144
1382,8.268448,3.178000,314.663310
1383,8.271802,3.354000,298.151461
1384,8.274824,3.022000,330.906684
1385,8.278007,3.183000,314.169023
1386,8.281754,3.747000,266.880171
1387,8.285203,3.449000,289.939113
1388,8.288152,2.949000,339.097999
1389,8.291396,3.244000,308.261406
1390,8.294225,2.829000,353.481796
1391,8.297768,3.543000,282.246684
1392,8.300524,2.756000,362.844702
1393,8.303995,3.471000,288.101412
1394,8.306756,2.761000,362.187613
1395,8.332487,25.731000,38.863628
1396,8.345481,12.994000,76.958596
1397,8.348687,3.206000,311.915159
1398,8.351052,2.365000,422.832981
1399,8.354968,3.916000,255.362615
1400,8.359764,4.796000,208.507089
1401,8.364787,5.023000,199.084213
1402,8.367715,2.928000,341.530055
1403,8.371615,3.900000,256.410256
1404,8.374618,3.003000,333.000333
1405,8.378336,3.718000,268.961807
1406,8.381095,2.759000,362.450163
1407,8.385346,4.251000,235.238767
1408,8.388429,3.083000,324.359390
1409,8.391717,3.288000,304.136253
1410,8.394674,2.957000,338.180588
1411,8.399383,4.709000,212.359312
1412,8.410266,10.883000,91.886428
1413,8.438957,28.691000,34.854135
1414,8.442592,3.635000,275.103164
1415,8.445640,3.048000,328.083990
1416,8.448842,3.202000,312.304809
1417,8.454843,6.001000,166.638894
1418,8.458528,3.685000,271.370421
1419,8.461762,3.234000,309.214595
1420,8.466395,4.633000,215.842866
1421,8.470522,4.127000,242.306760
1422,8.475007,4.485000,222.965440
1423,8.478635,3.628000,275.633958
1424,8.482361,3.726000,268.384326
1425,8.485774,3.413000,292.997363
1426,8.488642,2.868000,348.675035
1427,8.492296,3.654000,273.672687
1428,8.495598,3.302000,302.846760
1429,8.499052,3.454000,289.519398
1430,8.502101,3.049000,327.976386
1431,8.505098,2.997000,333.667000
1432,8.532443,27.345000,36.569757
1433,8.538955,6.512000,153.562654
1434,8.546586,7.631000,131.044424
1435,8.550038,3.452000,289.687138
1436,8.559463,9.425000,106.100796
1437,8.562940,3.477000,287.604257
1438,8.565860,2.920000,342.465753
1439,8.569529,3.669000,272.553829
1440,8.572412,2.883000,346.860909
1441,8.576484,4.072000,245.579568
1442,8.579576,3.092000,323.415265
1443,8.583145,3.569000,280.190530
1444,8.586206,3.061000,326.690624
1445,8.589856,3.650000,273.972603
1446,8.592861,3.005000,332.778702
1447,8.596992,4.131000,242.072137
1448,8.599958,2.966000,337.154417
1449,8.609523,9.565000,104.547831
1450,8.627514,17.991000,55.583347
1451,8.640200,12.686000,78.827053
1452,8.644050,3.850000,259.740260
1453,8.647105,3.055000,327.332242
1454,8.650538,3.433000,291.290417
1455,8.653927,3.389000,295.072293
1456,8.657099,3.172000,315.258512
1457,8.660287,3.188000,313.676286
1458,8.664015,3.728000,268.240343
1459,8.669133,5.118000,195.388824
1460,8.673359,4.226000,236.630383
1461,8.677637,4.278000,233.754091
1462,8.681829,4.192000,238.549618
1463,8.685816,3.987000,250.815149
1464,8.689063,3.247000,307.976594
1465,8.693263,4.200000,238.095238
1466,8.696610,3.347000,298.775022
1467,8.699502,2.892000,345.781466
1468,8.702455,2.953000,338.638673
1469,8.706476,4.021000,248.694355
1470,8.709993,3.517000,284.333239
1471,8.732292,22.299000,44.845060
1472,8.738610,6.318000,158.277936
1473,8.746321,7.711000,129.684866
1474,8.749905,3.584000,279.017857
1475,8.753446,3.541000,282.406100
1476,8.756260,2.814000,355.366027
1477,8.759854,3.594000,278.241514
1478,8.763488,3.634000,275.178866
1479,8.766954,3.466000,288.517023
1480,8.769665,2.711000,368.867577
1481,8.772901,3.236000,309.023486
1482,8.775600,2.699000,370.507595
1483,8.778664,3.064000,326.370757
1484,8.781621,2.957000,338.180588
1485,8.784667,3.046000,328.299409
1486,8.787689,3.022000,330.906684
1487,8.790594,2.905000,344.234079
1488,8.793666,3.072000,325.520833
1489,8.796410,2.744000,364.431487
1490,8.800715,4.305000,232.288037
1491,8.803439,2.724000,367.107195
1492,8.839098,35.659000,28.043411
1493,8.843825,4.727000,211.550666
1494,8.852779,8.954000,111.681930
1495,8.856179,3.400000,294.117647
1496,8.858815,2.636000,379.362671
1497,8.862301,3.486000,286.861733
1498,8.865263,2.962000,337.609723
1499,8.869068,3.805000,262.812089
1500,8.871966,2.898000,345.065562
1501,8.875416,3.450000,289.855072
1502,8.880783,5.367000,186.323831
1503,8.892831,12.048000,83.001328
1504,8.896371,3.540000,282.485876
1505,8.900971,4.600000,217.391304
1506,8.919645,18.674000,53.550391
1507,8.933688,14.043000,71.209855
1508,8.946449,12.761000,78.363765
1509,8.953895,7.446000,134.300295
1510,8.973969,20.074000,49.815682
1511,8.986455,12.486000,80.089700
1512,8.990395,3.940000,253.807107
1513,8.994937,4.542000,220.167327
1514,8.999645,4.708000,212.404418
1515,9.003384,3.739000,267.451190
1516,9.006482,3.098000,322.788896
1517,9.010071,3.589000,278.629145
1518,9.013868,3.797000,263.365815
1519,9.022330,8.462000,118.175372
1520,9.039976,17.646000,56.670067
1521,9.053092,13.116000,76.242757
1522,9.057712,4.620000,216.450216
1523,9.060747,3.035000,329.489292
1524,9.063780,3.033000,329.706561
1525,9.068469,4.689000,213.265089
1526,9.072799,4.330000,230.946882
1527,9.075791,2.992000,334.224599
1528,9.078823,3.032000,329.815303
1529,9.081788,2.965000,337.268128
1530,9.085042,3.254000,307.314075
1531,9.087960,2.918000,342.700480
1532,9.090563,2.603000,384.172109
1533,9.094717,4.154000,240.731825
1534,9.097662,2.945000,339.558574
1535,9.101206,3.544000,282.167043
1536,9.104278,3.072000,325.520833
1537,9.113586,9.308000,107.434465
1538,9.145757,32.171000,31.083895
1539,9.148821,3.064000,326.370757
1540,9.152078,3.257000,307.031010
1541,9.156177,4.099000,243.961942
1542,9.159037,2.860000,349.650350
1543,9.163269,4.232000,236.294896
1544,9.166235,2.966000,337.154417
1545,9.170199,3.964000,252.270434
1546,9.173323,3.124000,320.102433
1547,9.176929,3.606000,277.315585
1548,9.181117,4.188000,238.777459
1549,9.185825,4.708000,212.404418
1550,9.189609,3.784000,264.270613
1551,9.192420,2.811000,355.745286
1552,9.195882,3.462000,288.850376
1553,9.199684,3.802000,263.019463
1554,9.203573,3.889000,257.135510
1555,9.206944,3.371000,296.647879
1556,9.210554,3.610000,277.008310
1557,9.214522,3.968000,252.016129
1558,9.239493,24.971000,40.046454
1559,9.246471,6.978000,143.307538
1560,9.253353,6.882000,145.306597
1561,9.257276,3.923000,254.906959
1562,9.260213,2.937000,340.483487
1563,9.263825,3.612000,276.854928
1564,9.266452,2.627000,380.662352
1565,9.270075,3.623000,276.014353
1566,9.272959,2.884000,346.740638
1567,9.276323,3.364000,297.265161
1568,9.279109,2.786000,358.937545
1569,9.282791,3.682000,271.591526
1570,9.285662,2.871000,348.310693
1571,9.289452,3.790000,263.852243
1572,9.292017,2.565000,389.863548
1573,9.301507,9.490000,105.374078
1574,9.320109,18.602000,53.757660
1575,9.333475,13.366000,74.816699
1576,9.337407,3.932000,254.323499
1577,9.340506,3.099000,322.684737
1578,9.344382,3.876000,257.997936
1579,9.347195,2.813000,355.492357
1580,9.351526,4.331000,230.893558
1581,9.354610,3.084000,324.254215
1582,9.359420,4.810000,207.900208
1583,9.364074,4.654000,214.868930
1584,9.366856,2.782000,359.453630
1585,9.370480,3.624000,275.938190
1586,9.374548,4.068000,245.821042
1587,9.378485,3.937000,254.000508
1588,9.382730,4.245000,235.571260
1589,9.385787,3.057000,327.118090
1590,9.389409,3.622000,276.090558
1591,9.393719,4.310000,232.018561
1592,9.397192,3.473000,287.935502
1593,9.400724,3.532000,283.125708
1594,9.404120,3.396000,294.464075
1595,9.412862,8.742000,114.390300
1596,9.439461,26.599000,37.595398
1597,9.452224,12.763000,78.351485
1598,9.455477,3.253000,307.408546
1599,9.458542,3.065000,326.264274
1600,9.462518,3.976000,251.509054
1601,9.465847,3.329000,300.390508
1602,9.469626,3.779000,264.620270
1603,9.472835,3.209000,311.623559
1604,9.476247,3.412000,293.083236
1605,9.479795,3.548000,281.848929
1606,9.483277,3.482000,287.191269
1607,9.486463,3.186000,313.873195
1608,9.489931,3.468000,288.350634
1609,9.493594,3.663000,273.000273
1610,9.502664,9.070000,110.253583
1611,9.520630,17.966000,55.660692
1612,9.533476,12.846000,77.845244
1613,9.537918,4.442000,225.123818
1614,9.541031,3.113000,321.233537
1615,9.544504,3.473000,287.935502
1616,9.549755,5.251000,190.439916
1617,9.553644,3.889000,257.135510
1618,9.556639,2.995000,333.889816
1619,9.560784,4.145000,241.254524
1620,9.563820,3.036000,329.380764
1621,9.567221,3.401000,294.031167
1622,9.570322,3.101000,322.476620
1623,9.573783,3.461000,288.933834
1624,9.576731,2.948000,339.213026
1625,9.581337,4.606000,217.108120
1626,9.586286,4.949000,202.061022
1627,9.599199,12.913000,77.441338
1628,9.602743,3.544000,282.167043
1629,9.607012,4.269000,234.246896
1630,9.611447,4.435000,225.479143
1631,9.614875,3.428000,291.715286
1632,9.627870,12.995000,76.952674
1633,9.638532,10.662000,93.791034
1634,9.642195,3.663000,273.000273
1635,9.645190,2.995000,333.889816
1636,9.648142,2.952000,338.753388
1637,9.652154,4.012000,249.252243
1638,9.655540,3.386000,295.333727
1639,9.658423,2.883000,346.860909
1640,9.661606,3.183000,314.169023
1641,9.664406,2.800000,357.142857
1642,9.667838,3.432000,291.375291
1643,9.670504,2.666000,375.093773
1644,9.673480,2.976000,336.021505
1645,9.676363,2.883000,346.860909
1646,9.679595,3.232000,309.405941
1647,9.682477,2.882000,346.981263
1648,9.685388,2.911000,343.524562
1649,9.688656,3.268000,305.997552
1650,9.691536,2.880000,347.222222
1651,9.705441,13.905000,71.916577
1652,9.709891,4.450000,224.719101
1653,9.719662,9.771000,102.343670
1654,9.723092,3.430000,291.545190
1655,9.726033,2.941000,340.020401
1656,9.729275,3.242000,308.451573
1657,9.732268,2.993000,334.112930
1658,9.736266,3.998000,250.125063
1659,9.739180,2.914000,343.170899
1660,9.742708,3.528000,283.446712
1661,9.745842,3.134000,319.081047
1662,9.749571,3.729000,268.168410
1663,9.752344,2.773000,360.620267
1664,9.755383,3.039000,329.055610
1665,9.758100,2.717000,368.053000
1666,9.761585,3.485000,286.944046
1667,9.764289,2.704000,369.822485
1668,9.767604,3.315000,301.659125
1669,9.770273,2.669000,374.672162
1670,9.774309,4.036000,247.770069
1671,9.777038,2.729000,366.434591
1672,9.780457,3.419000,292.483182
1673,9.784509,4.052000,246.791708
1674,9.787452,2.943000,339.789331
1675,9.790075,2.623000,381.242852
1676,9.794078,4.003000,249.812641
1677,9.797896,3.818000,261.917234
1678,9.801281,3.385000,295.420975
1679,9.805045,3.764000,265.674814
1680,9.808545,3.500000,285.714286
1681,9.811979,3.434000,291.205591
1682,9.839016,27.037000,36.986352
1683,9.845599,6.583000,151.906426
1684,9.852824,7.225000,138.408304
1685,9.856373,3.549000,281.769513
1686,9.859139,2.766000,361.532899
1687,9.862533,3.394000,294.637596
1688,9.865336,2.803000,356.760614
1689,9.868963,3.627000,275.709953
1690,9.871796,2.833000,352.982704
1691,9.875108,3.312000,301.932367
1692,9.877906,2.798000,357.398142
1693,9.881448,3.542000,282.326369
1694,9.884267,2.819000,354.735722
1695,9.887531,3.264000,306.372549
1696,9.890172,2.641000,378.644453
1697,9.894358,4.186000,238.891543
1698,9.897320,2.962000,337.609723
1699,9.900746,3.426000,291.885581
1700,9.903479,2.733000,365.898280
1701,9.932389,28.910000,34.590107
1702,9.937719,5.330000,187.617261
1703,9.946188,8.469000,118.077695
1704,9.949883,3.695000,270.635995
1705,9.952774,2.891000,345.901072
1706,9.956037,3.263000,306.466442
1707,9.958802,2.765000,361.663653
1708,9.962574,3.772000,265.111347
1709,9.965300,2.726000,366.837858
1710,9.968738,3.438000,290.866783
1711,9.971632,2.894000,345.542502
1712,9.975178,3.546000,282.007896
1713,9.978272,3.094000,323.206206
1714,9.981297,3.025000,330.578512
1715,9.985784,4.487000,222.866057
1716,9.989317,3.533000,283.045570
1717,9.993067,3.750000,266.666667
1718,9.996895,3.828000,261.233020
1719,10.025562,28.667000,34.883315
1720,10.031520,5.958000,167.841558
1721,10.039325,7.805000,128.122998
1722,10.042905,3.580000,279.329609
1723,10.046079,3.174000,315.059861
1724,10.049202,3.123000,320.204931
1725,10.052436,3.234000,309.214595
1726,10.055520,3.084000,324.254215
1727,10.058487,2.967000,337.040782
1728,10.061360,2.873000,348.068221
1729,10.064330,2.970000,336.700337
1730,10.067517,3.187000,313.774710
1731,10.070461,2.944000,339.673913
1732,10.073579,3.118000,320.718409
1733,10.076544,2.965000,337.268128
1734,10.080478,3.934000,254.194204
1735,10.083436,2.958000,338.066261
1736,10.086393,2.957000,338.180588
1737,10.088954,2.561000,390.472472
1738,10.092766,3.812000,262.329486
1739,10.096558,3.792000,263.713080
1740,10.099610,3.052000,327.653997
1741,10.102339,2.729000,366.434591
1742,10.106909,4.570000,218.818381
1743,10.132235,25.326000,39.485114
1744,10.137070,4.835000,206.825233
1745,10.146190,9.120000,109.649123
1746,10.149552,3.362000,297.441999
1747,10.152623,3.071000,325.626832
1748,10.155573,2.950000,338.983051
1749,10.158228,2.655000,376.647834
1750,10.161888,3.660000,273.224044
1751,10.165170,3.282000,304.692261
1752,10.167914,2.744000,364.431487
1753,10.170634,2.720000,367.647059
1754,10.174246,3.612000,276.854928
1755,10.177474,3.228000,309.789343
1756,10.180348,2.874000,347.947112
1757,10.185562,5.214000,191.791331
1758,10.199008,13.446000,74.371560
1759,10.202255,3.247000,307.976594
1760,10.206381,4.126000,242.365487
1761,10.210547,4.166000,240.038406
1762,10.213977,3.430000,291.545190
1763,10.227348,13.371000,74.788722
1764,10.238118,10.770000,92.850511
1765,10.241871,3.753000,266.453504
1766,10.244923,3.052000,327.653997
1767,10.247660,2.737000,365.363537
1768,10.250347,2.687000,372.162263
1769,10.253359,3.012000,332.005312
1770,10.256482,3.123000,320.204931
1771,10.259366,2.884000,346.740638
1772,10.262059,2.693000,371.333086
1773,10.265141,3.082000,324.464633
1774,10.268520,3.379000,295.945546
1775,10.272041,3.521000,284.010224
1776,10.274973,2.932000,341.064120
1777,10.278583,3.610000,277.008310
1778,10.282130,3.547000,281.928390
1779,10.285508,3.378000,296.033156
1780,10.288515,3.007000,332.557366
1781,10.291630,3.115000,321.027287
1782,10.294453,2.823000,354.233085
1783,10.296887,2.434000,410.846343
1784,10.299607,2.720000,367.647059
1785,10.302446,2.839000,352.236703
1786,10.305357,2.911000,343.524562
1787,10.318390,13.033000,76.728305
1788,10.331307,12.917000,77.417357
1789,10.334031,2.724000,367.107195
1790,10.336249,2.218000,450.856628
1791,10.338491,2.242000,446.030330
1792,10.340688,2.197000,455.166136
1793,10.343070,2.382000,419.815281
1794,10.346740,3.670000,272.479564
1795,10.349165,2.425000,412.371134
1796,10.351345,2.180000,458.715596
1797,10.353855,2.510000,398.406375
1798,10.356506,2.651000,377.216145
1799,10.359507,3.001000,333.222259
1800,10.362998,3.491000,286.450874
1801,10.365605,2.607000,383.582662
1802,10.368196,2.591000,385.951370
1803,10.371223,3.027000,330.360093
1804,10.374560,3.337000,299.670363
1805,10.377532,2.972000,336.473755
1806,10.380441,2.909000,343.760743
1807,10.383339,2.898000,345.065562
1808,10.385675,2.336000,428.082192
1809,10.388873,3.198000,312.695435
1810,10.391955,3.082000,324.464633
1811,10.395450,3.495000,286.123033
1812,10.425137,29.687000,33.684778
1813,10.438041,12.904000,77.495350
1814,10.440878,2.837000,352.485019
1815,10.443025,2.147000,465.766185
1816,10.452052,9.027000,110.778775
1817,10.465851,13.799000,72.469019
1818,10.479105,13.254000,75.448921
1819,10.482536,3.431000,291.460216
1820,10.485441,2.905000,344.234079
1821,10.488730,3.289000,304.043782
1822,10.491607,2.877000,347.584289
1823,10.494968,3.361000,297.530497
1824,10.497767,2.799000,357.270454
1825,10.501320,3.553000,281.452294
1826,10.504281,2.961000,337.723742
1827,10.513532,9.251000,108.096422
1828,10.532726,19.194000,52.099614
1829,10.545447,12.721000,78.610172
1830,10.548574,3.127000,319.795331
1831,10.551680,3.106000,321.957502
1832,10.554936,3.256000,307.125307
1833,10.557666,2.730000,366.300366
1834,10.560457,2.791000,358.294518
1835,10.563110,2.653000,376.931775
1836,10.565438,2.328000,429.553265
1837,10.568064,2.626000,380.807312
1838,10.570525,2.461000,406.338887
1839,10.572990,2.465000,405.679513
1840,10.575196,2.206000,453.309157
1841,10.577668,2.472000,404.530744
1842,10.579842,2.174000,459.981601
1843,10.582474,2.632000,379.939210
1844,10.585220,2.746000,364.166060
1845,10.588470,3.250000,307.692308
1846,10.590834,2.364000,423.011844
1847,10.593990,3.156000,316.856781
1848,10.596356,2.366000,422.654269
1849,10.625700,29.344000,34.078517
1850,10.629081,3.381000,295.770482
1851,10.639148,10.067000,99.334459
1852,10.642571,3.423000,292.141396
1853,10.646143,3.572000,279.955207
1854,10.649312,3.169000,315.556958
1855,10.653613,4.301000,232.504069
1856,10.666085,12.472000,80.179602
1857,10.669618,3.533000,283.045570
1858,10.673677,4.059000,246.366100
1859,10.678782,5.105000,195.886386
1860,10.681496,2.714000,368.459838
1861,10.691949,10.453000,95.666316
1862,10.707141,15.192000,65.824118
1863,10.720063,12.922000,77.387401
1864,10.732111,12.048000,83.001328
1865,10.745637,13.526000,73.931687
1866,10.759302,13.665000,73.179656
1867,10.772755,13.453000,74.332863
1868,10.785316,12.561000,79.611496
1869,10.800218,14.902000,67.105087
1870,10.812006,11.788000,84.832033
1871,10.825516,13.510000,74.019245
1872,10.839945,14.429000,69.304872
1873,10.852085,12.140000,82.372323
1874,10.865805,13.720000,72.886297
1875,10.878727,12.922000,77.387401
1876,10.893599,14.872000,67.240452
1877,10.905369,11.770000,84.961767
1878,10.919270,13.901000,71.937271
1879,10.932762,13.492000,74.117996
1880,10.945232,12.470000,80.192462
1881,10.959210,13.978000,71.540993
1882,10.972707,13.497000,74.090539
1883,10.986163,13.456000,74.316290
1884,10.999144,12.981000,77.035668
1885,11.012085,12.941000,77.273781
1886,11.025829,13.744000,72.759022
1887,11.038872,13.043000,76.669478
1888,11.053044,14.172000,70.561671
1889,11.065853,12.809000,78.070107
1890,11.079920,14.067000,71.088363
1891,11.091998,12.078000,82.795165
1892,11.105831,13.833000,72.290899
1893,11.119026,13.195000,75.786283
1894,11.132090,13.064000,76.546234
1895,11.145634,13.544000,73.833432
1896,11.158891,13.257000,75.431847
1897,11.172282,13.391000,74.677022
1898,11.185869,13.587000,73.599764
1899,11.199108,13.239000,75.534406
1900,11.212398,13.290000,75.244545
1901,11.225664,13.266000,75.380672
1902,11.238542,12.878000,77.651809
1903,11.252805,14.263000,70.111477
1904,11.265609,12.804000,78.100594
1905,11.279046,13.437000,74.421374
1906,11.292812,13.766000,72.642743
1907,11.305458,12.646000,79.076388
1908,11.318804,13.346000,74.928818
1909,11.332137,13.333000,75.001875
1910,11.345330,13.193000,75.797772
1911,11.359518,14.188000,70.482098
1912,11.373007,13.489000,74.134480
1913,11.385848,12.841000,77.875555
1914,11.399015,13.167000,75.947444
1915,11.412106,13.091000,76.388358
1916,11.426218,14.112000,70.861678
1917,11.439325,13.107000,76.295109
1918,11.452066,12.741000,78.486775
1919,11.465527,13.461000,74.288686
1920,11.478787,13.260000,75.414781
1921,11.492148,13.361000,74.844697
1922,11.505596,13.448000,74.360500
1923,11.518976,13.380000,74.738416
1924,11.533598,14.622000,68.390097
1925,11.545427,11.829000,84.538000
1926,11.550589,5.162000,193.723363
1927,11.555387,4.798000,208.420175
1928,11.558758,3.371000,296.647879
1929,11.561302,2.544000,393.081761
1930,11.563728,2.426000,412.201154
1931,11.566176,2.448000,408.496732
1932,11.568533,2.357000,424.268137
1933,11.570857,2.324000,430.292599
1934,11.572855,1.998000,500.500501
1935,11.574663,1.808000,553.097345
1936,11.577019,2.356000,424.448217
1937,11.580056,3.037000,329.272308
1938,11.584057,4.001000,249.937516
1939,11.587574,3.517000,284.333239
1940,11.590378,2.804000,356.633381
1941,11.593867,3.489000,286.615076
1942,11.597634,3.767000,265.463233
1943,11.608401,10.767000,92.876382
1944,11.626166,17.765000,56.290459
1945,11.639765,13.599000,73.534819
1946,11.643533,3.768000,265.392781
1947,11.646345,2.812000,355.618777
1948,11.649856,3.511000,284.819140
1949,11.652643,2.787000,358.808755
1950,11.656294,3.651000,273.897562
1951,11.658966,2.672000,374.251497
1952,11.662301,3.335000,299.850075
1953,11.665220,2.919000,342.583076
1954,11.668993,3.773000,265.041081
1955,11.671667,2.674000,373.971578
1956,11.675218,3.551000,281.610814
1957,11.677732,2.514000,397.772474
1958,11.681547,3.815000,262.123198
1959,11.684037,2.490000,401.606426
1960,11.687577,3.540000,282.485876
1961,11.690095,2.518000,397.140588
1962,11.694243,4.148000,241.080039
1963,11.696782,2.539000,393.855849
1964,11.700312,3.530000,283.286119
1965,11.703091,2.779000,359.841670
1966,11.707378,4.287000,233.263354
1967,11.710000,2.622000,381.388253
1968,11.745377,35.377000,28.266953
1969,11.750623,5.246000,190.621426
1970,11.759319,8.696000,114.995400
1971,11.762550,3.231000,309.501702
1972,11.765404,2.854000,350.385424
1973,11.769017,3.613000,276.778301
1974,11.772042,3.025000,330.578512
1975,11.775864,3.822000,261.643119
1976,11.779765,3.901000,256.344527
1977,11.784175,4.410000,226.757370
1978,11.786968,2.793000,358.037952
1979,11.790933,3.965000,252.206810
1980,11.795905,4.972000,201.126307
1981,11.812467,16.562000,60.379181
1982,11.826812,14.345000,69.710701
1983,11.839896,13.084000,76.429227
1984,11.843885,3.989000,250.689396
1985,11.848189,4.304000,232.342007
1986,11.853799,5.610000,178.253119
1987,11.857702,3.903000,256.213169
1988,11.861502,3.800000,263.157895
1989,11.865916,4.414000,226.551880
1990,11.868993,3.077000,324.991875
1991,11.873021,4.028000,248.262165
1992,11.876560,3.539000,282.565697
1993,11.881299,4.739000,211.014982
1994,11.892622,11.323000,88.315817
1995,11.904379,11.757000,85.055711
1996,11.919484,15.105000,66.203244
1997,11.932873,13.389000,74.688177
1998,11.936719,3.846000,260.010400
1999,11.939954,3.235000,309.119011
2000,11.943541,3.587000,278.784500
2001,11.947097,3.556000,281.214848
2002,11.950015,2.918000,342.700480
2003,11.952903,2.888000,346.260388
2004,11.956139,3.236000,309.023486
2005,11.959266,3.127000,319.795331
2006,11.962087,2.821000,354.484225
2007,11.964976,2.889000,346.140533
2008,11.967450,2.474000,404.203719
2009,11.970542,3.092000,323.415265
2010,11.973644,3.102000,322.372663
2011,11.976509,2.865000,349.040140
2012,11.979705,3.196000,312.891114
2013,11.982539,2.834000,352.858151
2014,11.986292,3.753000,266.453504
2015,11.989148,2.856000,350.140056
2016,11.992544,3.396000,294.464075
2017,11.995467,2.923000,342.114266
2018,11.999679,4.212000,237.416904
2019,12.002764,3.085000,324.149109
2020,12.006127,3.363000,297.353553
2021,12.009081,2.954000,338.524035
2022,12.038271,29.190000,34.258308
2023,12.051128,12.857000,77.778642
2024,12.054452,3.324000,300.842359
2025,12.057139,2.687000,372.162263
2026,12.059651,2.512000,398.089172
2027,12.062184,2.533000,394.788788
2028,12.066699,4.515000,221.483942
2029,12.070685,3.986000,250.878073
2030,12.074347,3.662000,273.074823
2031,12.077683,3.336000,299.760192
2032,12.081305,3.622000,276.090558
2033,12.084365,3.060000,326.797386
2034,12.087696,3.331000,300.210147
2035,12.091150,3.454000,289.519398
2036,12.101952,10.802000,92.575449
2037,12.119023,17.071000,58.578876
2038,12.132030,13.007000,76.881679
2039,12.135340,3.310000,302.114804
2040,12.138656,3.316000,301.568154
2041,12.142213,3.557000,281.135789
2042,12.145294,3.081000,324.569945
2043,12.148607,3.313000,301.841232
2044,12.151799,3.192000,313.283208
2045,12.155038,3.239000,308.737265
2046,12.157960,2.922000,342.231348
2047,12.160504,2.544000,393.081761
2048,12.163374,2.870000,348.432056
2049,12.165948,2.574000,388.500389
2050,12.168716,2.768000,361.271676
2051,12.172022,3.306000,302.480339
2052,12.174687,2.665000,375.234522
2053,12.177072,2.385000,419.287212
2054,12.179499,2.427000,412.031314
2055,12.181944,2.445000,408.997955
2056,12.184515,2.571000,388.953715
2057,12.187197,2.682000,372.856078
2058,12.189751,2.554000,391.542678
2059,12.192190,2.439000,410.004100
2060,12.194720,2.530000,395.256917
2061,12.198401,3.681000,271.665308
2062,12.201012,2.611000,382.995021
2063,12.203185,2.173000,460.193281
2064,12.205704,2.519000,396.982930
2065,12.209197,3.493000,286.286859
2066,12.211676,2.479000,403.388463
2067,12.238263,26.587000,37.612367
2068,12.251034,12.771000,78.302404
2069,12.253754,2.720000,367.647059
2070,12.255953,2.199000,454.752160
2071,12.257945,1.992000,502.008032
2072,12.261519,3.574000,279.798545
2073,12.266107,4.588000,217.959895
2074,12.269239,3.132000,319.284802
2075,12.272510,3.271000,305.716906
2076,12.275549,3.039000,329.055610
2077,12.280015,4.466000,223.914017
2078,12.283786,3.771000,265.181649
2079,12.289619,5.833000,171.438368
2080,12.292419,2.800000,357.142857
2081,12.294377,1.958000,510.725230
2082,12.296774,2.397000,417.188152
2083,12.300689,3.915000,255.427842
2084,12.304008,3.319000,301.295571
2085,12.331456,27.448000,36.432527
2086,12.344450,12.994000,76.958596
2087,12.347110,2.660000,375.939850
2088,12.349558,2.448000,408.496732
2089,12.352673,3.115000,321.027287
2090,12.356153,3.480000,287.356322
2091,12.358451,2.298000,435.161010
2092,12.361840,3.389000,295.072293
2093,12.364153,2.313000,432.338954
2094,12.366822,2.669000,374.672162
2095,12.369944,3.122000,320.307495
2096,12.373412,3.468000,288.350634
2097,12.376094,2.682000,372.856078
2098,12.378982,2.888000,346.260388
2099,12.382050,3.068000,325.945241
2100,12.386418,4.368000,228.937729
2101,12.398439,12.021000,83.187755
2102,12.401671,3.232000,309.405941
2103,12.404548,2.877000,347.584289
2104,12.408159,3.611000,276.931598
2105,12.411862,3.703000,270.051310
2106,12.438032,26.170000,38.211693
2107,12.451088,13.056000,76.593137
2108,12.453789,2.701000,370.233247
2109,12.456801,3.012000,332.005312
2110,12.459487,2.686000,372.300819
2111,12.463103,3.616000,276.548673
2112,12.465960,2.857000,350.017501
2113,12.469133,3.173000,315.159155
2114,12.473625,4.492000,222.617988
2115,12.476354,2.729000,366.434591
2116,12.478688,2.334000,428.449015
2117,12.482664,3.976000,251.509054
2118,12.486031,3.367000,297.000297
2119,12.489709,3.678000,271.886895
2120,12.493131,3.422000,292.226768
2121,12.504917,11.786000,84.846428
2122,12.524066,19.149000,52.222048
2123,12.531602,7.536000,132.696391
2124,12.545037,13.435000,74.432453
2125,12.547847,2.810000,355.871886
2126,12.550825,2.978000,335.795836
2127,12.553092,2.267000,441.111601
2128,12.555364,2.272000,440.140845
2129,12.557609,2.245000,445.434298
2130,12.559876,2.267000,441.111601
2131,12.562129,2.253000,443.852641
2132,12.564446,2.317000,431.592577
2133,12.566772,2.326000,429.922614
2134,12.569069,2.297000,435.350457
2135,12.572041,2.972000,336.473755
2136,12.574787,2.746000,364.166060
2137,12.577884,3.097000,322.893122
2138,12.580535,2.651000,377.216145
2139,12.582490,1.955000,511.508951
2140,12.585409,2.919000,342.583076
2141,12.588894,3.485000,286.944046
2142,12.591329,2.435000,410.677618
2143,12.594422,3.093000,323.310702
2144,12.596772,2.350000,425.531915
2145,12.600140,3.368000,296.912114
2146,12.602460,2.320000,431.034483
2147,12.605613,3.153000,317.158262
2148,12.608150,2.537000,394.166338
2149,12.638113,29.963000,33.374495
2150,12.651111,12.998000,76.934913
2151,12.653909,2.798000,357.398142
2152,12.656457,2.548000,392.464678
2153,12.658904,2.447000,408.663670
2154,12.661231,2.327000,429.737860
2155,12.663947,2.716000,368.188513
2156,12.666542,2.595000,385.356455
2157,12.669298,2.756000,362.844702
2158,12.671329,2.031000,492.368291
2159,12.673761,2.432000,411.184211
2160,12.676822,3.061000,326.690624
2161,12.679977,3.155000,316.957211
2162,12.683616,3.639000,274.800769
2163,12.691794,8.178000,122.279286
2164,12.702244,10.450000,95.693780
2165,12.720100,17.856000,56.003584
2166,12.732024,11.924000,83.864475
2167,12.735342,3.318000,301.386377
2168,12.738386,3.044000,328.515112
2169,12.741401,3.015000,331.674959
2170,12.744322,2.921000,342.348511
2171,12.747588,3.266000,306.184936
2172,12.750519,2.931000,341.180484
2173,12.753583,3.064000,326.370757
2174,12.756599,3.016000,331.564987
2175,12.759849,3.250000,307.692308
2176,12.762639,2.790000,358.422939
2177,12.765824,3.185000,313.971743
2178,12.768954,3.130000,319.488818
2179,12.773103,4.149000,241.021933
2180,12.776195,3.092000,323.415265
2181,12.779174,2.979000,335.683115
2182,12.782280,3.106000,321.957502
2183,12.786444,4.164000,240.153698
2184,12.789208,2.764000,361.794501
2185,12.791449,2.241000,446.229362
2186,12.793644,2.195000,455.580866
2187,12.796617,2.973000,336.360579
2188,12.799223,2.606000,383.729854
2189,12.801984,2.761000,362.187613
2190,12.805095,3.111000,321.440051
2191,12.808745,3.650000,273.972603
2192,12.811289,2.544000,393.081761
2193,12.838024,26.735000,37.404152
2194,12.850960,12.936000,77.303649
2195,12.853873,2.913000,343.288706
2196,12.856216,2.343000,426.803244
2197,12.858623,2.407000,415.454923
2198,12.860954,2.331000,429.000429
2199,12.863647,2.693000,371.333086
2200,12.866015,2.368000,422.297297
2201,12.868594,2.579000,387.747189
2202,12.871298,2.704000,369.822485
2203,12.873761,2.463000,406.008932
2204,12.876195,2.434000,410.846343
2205,12.880135,3.940000,253.807107
2206,12.891793,11.658000,85.778007
2207,12.895136,3.343000,299.132516
2208,12.898101,2.965000,337.268128
2209,12.901572,3.471000,288.101412
2210,12.904769,3.197000,312.793244
2211,12.915606,10.837000,92.276460
2212,12.944309,28.703000,34.839564
2213,12.947234,2.925000,341.880342
2214,12.949640,2.406000,415.627598
2215,12.951989,2.349000,425.713069
2216,12.954334,2.345000,426.439232
2217,12.956473,2.139000,467.508181
2218,12.959086,2.613000,382.701875
2219,12.961567,2.481000,403.063281
2220,12.964200,2.633000,379.794911
2221,12.966576,2.376000,420.875421
2222,12.969192,2.616000,382.262997
2223,12.973202,4.010000,249.376559
2224,12.975971,2.769000,361.141206
2225,12.978236,2.265000,441.501104
2226,12.980653,2.417000,413.736036
2227,12.983484,2.831000,353.232073
2228,12.986160,2.676000,373.692078
2229,12.988995,2.835000,352.733686
2230,12.992058,3.063000,326.477310
2231,12.995492,3.434000,291.205591
2232,12.997987,2.495000,400.801603
2233,13.001060,3.073000,325.414904
2234,13.003508,2.448000,408.496732
2235,13.005785,2.277000,439.174352
2236,13.008228,2.443000,409.332788
2237,13.012236,4.008000,249.500998
2238,13.025435,13.199000,75.763315
2239,13.038604,13.169000,75.935910
2240,13.050967,12.363000,80.886516
2241,13.053669,2.702000,370.096225
2242,13.055840,2.171000,460.617227
2243,13.058153,2.313000,432.338954
2244,13.062089,3.936000,254.065041
2245,13.064748,2.659000,376.081234
2246,13.066831,2.083000,480.076812
2247,13.069766,2.935000,340.715503
2248,13.073017,3.251000,307.597662
2249,13.075845,2.828000,353.606789
2250,13.079575,3.730000,268.096515
2251,13.082671,3.096000,322.997416
2252,13.086586,3.915000,255.427842
2253,13.089413,2.827000,353.731871
2254,13.100759,11.346000,88.136788
2255,13.107106,6.347000,157.554750
2256,13.118433,11.327000,88.284630
2257,13.121841,3.408000,293.427230
2258,13.125104,3.263000,306.466442
2259,13.128751,3.647000,274.197971
2260,13.132086,3.335000,299.850075
2261,13.135581,3.495000,286.123033
2262,13.138954,3.373000,296.471983
2263,13.142496,3.542000,282.326369
2264,13.145808,3.312000,301.932367
2265,13.149438,3.630000,275.482094
2266,13.151970,2.532000,394.944708
2267,13.155430,3.460000,289.017341
2268,13.157941,2.511000,398.247710
2269,13.161838,3.897000,256.607647
2270,13.164505,2.667000,374.953131
2271,13.167302,2.797000,357.525921
2272,13.169843,2.541000,393.545848
2273,13.173666,3.823000,261.574680
2274,13.176222,2.556000,391.236307
2275,13.179856,3.634000,275.178866
2276,13.182434,2.578000,387.897595
2277,13.186547,4.113000,243.131534
2278,13.189319,2.772000,360.750361
2279,13.192114,2.795000,357.781753
2280,13.194707,2.593000,385.653683
2281,13.198243,3.536000,282.805430
2282,13.200910,2.667000,374.953131
2283,13.203475,2.565000,389.863548
2284,13.206869,3.394000,294.637596
2285,13.238063,31.194000,32.057447
2286,13.251016,12.953000,77.202193
2287,13.254111,3.095000,323.101777
2288,13.256419,2.308000,433.275563
2289,13.259239,2.820000,354.609929
2290,13.262098,2.859000,349.772648
2291,13.264517,2.419000,413.393964
2292,13.267000,2.483000,402.738623
2293,13.270568,3.568000,280.269058
2294,13.273447,2.879000,347.342827
2295,13.276554,3.107000,321.853878
2296,13.279664,3.110000,321.543408
2297,13.282862,3.198000,312.695435
2298,13.285966,3.104000,322.164948
2299,13.289359,3.393000,294.724433
2300,13.292248,2.889000,346.140533
2301,13.301600,9.352000,106.928999
2302,13.319124,17.524000,57.064597
2303,13.331881,12.757000,78.388336
2304,13.340521,8.640000,115.740741
2305,13.359060,18.539000,53.940342
2306,13.372162,13.102000,76.324225
2307,13.377149,4.987000,200.521356
2308,13.381907,4.758000,210.172341
2309,13.385266,3.359000,297.707651
2310,13.390589,5.323000,187.863986
2311,13.412320,21.731000,46.017210
2312,13.425493,13.173000,75.912852
2313,13.439216,13.723000,72.870364
2314,13.452054,12.838000,77.893753
2315,13.455671,3.617000,276.472215
2316,13.458746,3.075000,325.203252
2317,13.462014,3.268000,305.997552
2318,13.465055,3.041000,328.839198
2319,13.468229,3.174000,315.059861
2320,13.471426,3.197000,312.793244
2321,13.474925,3.499000,285.795942
2322,13.478262,3.337000,299.670363
2323,13.481839,3.577000,279.563880
2324,13.485103,3.264000,306.372549
2325,13.488720,3.617000,276.472215
2326,13.491727,3.007000,332.557366
2327,13.500290,8.563000,116.781502
2328,13.519044,18.754000,53.321958
2329,13.532023,12.979000,77.047538
2330,13.535427,3.404000,293.772033
2331,13.538949,3.522000,283.929585
2332,13.542029,3.080000,324.675325
2333,13.545708,3.679000,271.812993
2334,13.548813,3.105000,322.061192
2335,13.551835,3.022000,330.906684
2336,13.554708,2.873000,348.068221
2337,13.557904,3.196000,312.891114
2338,13.561382,3.478000,287.521564
2339,13.565277,3.895000,256.739409
2340,13.571696,6.419000,155.787506
2341,13.574861,3.165000,315.955766
2342,13.577416,2.555000,391.389432
2343,13.579942,2.526000,395.882819
2344,13.582464,2.522000,396.510706
2345,13.585099,2.635000,379.506641
2346,13.588048,2.949000,339.097999
2347,13.591305,3.257000,307.031010
2348,13.595024,3.719000,268.889486
2349,13.598000,2.976000,336.021505
2350,13.601645,3.645000,274.348422
2351,13.604683,3.038000,329.163924
2352,13.608265,3.582000,279.173646
2353,13.611508,3.243000,308.356460
2354,13.637995,26.487000,37.754370
2355,13.650780,12.785000,78.216660
2356,13.653958,3.178000,314.663310
2357,13.656531,2.573000,388.651380
2358,13.659230,2.699000,370.507595
2359,13.661819,2.589000,386.249517
2360,13.664797,2.978000,335.795836
2361,13.668196,3.399000,294.204178
2362,13.671058,2.862000,349.406010
2363,13.673517,2.459000,406.669378
2364,13.676248,2.731000,366.166239
2365,13.679771,3.523000,283.848992
2366,13.682620,2.849000,351.000351
2367,13.685079,2.459000,406.669378
2368,13.687834,2.755000,362.976407
2369,13.690241,2.407000,415.454923
2370,13.693448,3.207000,311.817898
2371,13.696423,2.975000,336.134454
2372,13.699997,3.574000,279.798545
2373,13.730829,30.832000,32.433835
2374,13.743994,13.165000,75.958982
2375,13.746941,2.947000,339.328130
2376,13.749380,2.439000,410.004100
2377,13.751830,2.450000,408.163265
2378,13.754265,2.435000,410.677618
2379,13.756617,2.352000,425.170068
2380,13.758871,2.254000,443.655723
2381,13.761601,2.730000,366.300366
2382,13.763964,2.363000,423.190859
2383,13.767062,3.098000,322.788896
2384,13.771255,4.193000,238.492726
2385,13.774552,3.297000,303.306036
2386,13.777943,3.391000,294.898260
2387,13.782020,4.077000,245.278391
2388,13.785961,3.941000,253.742705
2389,13.788973,3.012000,332.005312
2390,13.791850,2.877000,347.584289
2391,13.795109,3.259000,306.842590
2392,13.824503,29.394000,34.020548
2393,13.837500,12.997000,76.940832
2394,13.840306,2.806000,356.379187
2395,13.842436,2.130000,469.483568
2396,13.845019,2.583000,387.146729
2397,13.847793,2.774000,360.490267
2398,13.850781,2.988000,334.672021
2399,13.854169,3.388000,295.159386
2400,13.857142,2.973000,336.360579
2401,13.860322,3.180000,314.465409
2402,13.862940,2.618000,381.970970
2403,13.866451,3.511000,284.819140
2404,13.869007,2.556000,391.236307
2405,13.871484,2.477000,403.714170
2406,13.874208,2.724000,367.107195
2407,13.878141,3.933000,254.258835
2408,13.880655,2.514000,397.772474
2409,13.882771,2.116000,472.589792
2410,13.885153,2.382000,419.815281
2411,13.887710,2.557000,391.083301
2412,13.890163,2.453000,407.664085
2413,13.917859,27.696000,36.106297
2414,13.930851,12.992000,76.970443
2415,13.933751,2.900000,344.827586
2416,13.935993,2.242000,446.030330
2417,13.938226,2.233000,447.828034
2418,13.940767,2.541000,393.545848
2419,13.944096,3.329000,300.390508
2420,13.947844,3.748000,266.808965
2421,13.950800,2.956000,338.294993
2422,13.953272,2.472000,404.530744
2423,13.956032,2.760000,362.318841
2424,13.958780,2.748000,363.901019
2425,13.962313,3.533000,283.045570
2426,13.966059,3.746000,266.951415
2427,13.969208,3.149000,317.561131
2428,13.973222,4.014000,249.128052
2429,13.976353,3.131000,319.386777
2430,13.979757,3.404000,293.772033
2431,13.982736,2.979000,335.683115
2432,13.986451,3.715000,269.179004
2433,13.989735,3.284000,304.506699
2434,13.993119,3.384000,295.508274
2435,13.996304,3.185000,313.971743
2436,13.999928,3.624000,275.938190
2437,14.003190,3.262000,306.560392
2438,14.006642,3.452000,289.687138
2439,14.009423,2.781000,359.582884
2440,14.037973,28.550000,35.026270
2441,14.050954,12.981000,77.035668
2442,14.054059,3.105000,322.061192
2443,14.056514,2.455000,407.331976
2444,14.059196,2.682000,372.856078
2445,14.062761,3.565000,280.504909
2446,14.066258,3.497000,285.959394
2447,14.069976,3.718000,268.961807
2448,14.072852,2.876000,347.705146
2449,14.076192,3.340000,299.401198
2450,14.079205,3.013000,331.895121
2451,14.082459,3.254000,307.314075
2452,14.085343,2.884000,346.740638
2453,14.088471,3.128000,319.693095
2454,14.091600,3.129000,319.590924
2455,14.094922,3.322000,301.023480
2456,14.097934,3.012000,332.005312
2457,14.100842,2.908000,343.878955
2458,14.104011,3.169000,315.556958
2459,14.131198,27.187000,36.782286
2460,14.144236,13.038000,76.698880
2461,14.147554,3.318000,301.386377
2462,14.150198,2.644000,378.214826
2463,14.152988,2.790000,358.422939
2464,14.156083,3.095000,323.101777
2465,14.159403,3.320000,301.204819
2466,14.162208,2.805000,356.506239
2467,14.165119,2.911000,343.524562
2468,14.167763,2.644000,378.214826
2469,14.170355,2.592000,385.802469
2470,14.172875,2.520000,396.825397
2471,14.175589,2.714000,368.459838
2472,14.178018,2.429000,411.692054
2473,14.181059,3.041000,328.839198
2474,14.186200,5.141000,194.514686
2475,14.189514,3.314000,301.750151
2476,14.193467,3.953000,252.972426
2477,14.196745,3.278000,305.064063
2478,14.200636,3.891000,257.003341
2479,14.203839,3.203000,312.207306
2480,14.207542,3.703000,270.051310
2481,14.210998,3.456000,289.351852
2482,14.237847,26.849000,37.245335
2483,14.250716,12.869000,77.706115
2484,14.253609,2.893000,345.661943
2485,14.255946,2.337000,427.899016
2486,14.258189,2.243000,445.831476
2487,14.260511,2.322000,430.663221
2488,14.262697,2.186000,457.456542
2489,14.266374,3.677000,271.960838
2490,14.268951,2.577000,388.048118
2491,14.271106,2.155000,464.037123
2492,14.273331,2.225000,449.438202
2493,14.275464,2.133000,468.823254
2494,14.278070,2.606000,383.729854
2495,14.281163,3.093000,323.310702
2496,14.283674,2.511000,398.247710
2497,14.285868,2.194000,455.788514
2498,14.287960,2.092000,478.011472
2499,14.290198,2.238000,446.827525
2500,14.293284,3.086000,324.044070
2501,14.295750,2.466000,405.515004
2502,14.298356,2.606000,383.729854
2503,14.300830,2.474000,404.203719
2504,14.302921,2.091000,478.240077
2505,14.307366,4.445000,224.971879
2506,14.331142,23.776000,42.059219
2507,14.344137,12.995000,76.952674
2508,14.346817,2.680000,373.134328
2509,14.349591,2.774000,360.490267
2510,14.351998,2.407000,415.454923
2511,14.355723,3.725000,268.456376
2512,14.358198,2.475000,404.040404
2513,14.362318,4.120000,242.718447
2514,14.365075,2.757000,362.713094
2515,14.367163,2.088000,478.927203
2516,14.369711,2.548000,392.464678
2517,14.373244,3.533000,283.045570
2518,14.375990,2.746000,364.166060
2519,14.379567,3.577000,279.563880
2520,14.382866,3.299000,303.122158
2521,14.386870,4.004000,249.750250
2522,14.390016,3.146000,317.863954
2523,14.393229,3.213000,311.235605
2524,14.396027,2.798000,357.398142
2525,14.399971,3.944000,253.549696
2526,14.402665,2.694000,371.195249
2527,14.405176,2.511000,398.247710
2528,14.407980,2.804000,356.633381
2529,14.412875,4.895000,204.290092
2530,14.424943,12.068000,82.863772
2531,14.451086,26.143000,38.251157
2532,14.464075,12.989000,76.988221
2533,14.466748,2.673000,374.111485
2534,14.469455,2.707000,369.412634
2535,14.472657,3.202000,312.304809
2536,14.476419,3.762000,265.816055
2537,14.479576,3.157000,316.756414
2538,14.483253,3.677000,271.960838
2539,14.486435,3.182000,314.267756
2540,14.491525,5.090000,196.463654
2541,14.493910,2.385000,419.287212
2542,14.505007,11.097000,90.114445
2543,14.518883,13.876000,72.066878
2544,14.531189,12.306000,81.261173
2545,14.544536,13.347000,74.923204
2546,14.547586,3.050000,327.868852
2547,14.550734,3.148000,317.662008
2548,14.553511,2.777000,360.100828
2549,14.557437,3.926000,254.712175
2550,14.560432,2.995000,333.889816
2551,14.562957,2.525000,396.039604
2552,14.565596,2.639000,378.931413
2553,14.568158,2.562000,390.320062
2554,14.570329,2.171000,460.617227
2555,14.573734,3.405000,293.685756
2556,14.576282,2.548000,392.464678
2557,14.578714,2.432000,411.184211
2558,14.581004,2.290000,436.681223
2559,14.583211,2.207000,453.103761
2560,14.585474,2.263000,441.891295
2561,14.587755,2.281000,438.404209
2562,14.589973,2.218000,450.856628
2563,14.592389,2.416000,413.907285
2564,14.594686,2.297000,435.350457
2565,14.596737,2.051000,487.567040
2566,14.599014,2.277000,439.174352
2567,14.602786,3.772000,265.111347
2568,14.606164,3.378000,296.033156
2569,14.609961,3.797000,263.365815
2570,14.613226,3.265000,306.278714
2571,14.624688,11.462000,87.244809
2572,14.638953,14.265000,70.101647
2573,14.651980,13.027000,76.763645
2574,14.654352,2.372000,421.585160
2575,14.657500,3.148000,317.662008
2576,14.660820,3.320000,301.204819
2577,14.664831,4.011000,249.314385
2578,14.667474,2.643000,378.357927
2579,14.670603,3.129000,319.590924
2580,14.673773,3.170000,315.457413
2581,14.678025,4.252000,235.183443
2582,14.680598,2.573000,388.651380
2583,14.683124,2.526000,395.882819
2584,14.686513,3.389000,295.072293
2585,14.690016,3.503000,285.469597
2586,14.693218,3.202000,312.304809
2587,14.696970,3.752000,266.524520
2588,14.699429,2.459000,406.669378
2589,14.703123,3.694000,270.709258
2590,14.705370,2.247000,445.037828
2591,14.731211,25.841000,38.698193
2592,14.744091,12.880000,77.639752
2593,14.746773,2.682000,372.856078
2594,14.750024,3.251000,307.597662
2595,14.752445,2.421000,413.052458
2596,14.755429,2.984000,335.120643
2597,14.757795,2.366000,422.654269
2598,14.761683,3.888000,257.201646
2599,14.764442,2.759000,362.450163
2600,14.767868,3.426000,291.885581
2601,14.770149,2.281000,438.404209
2602,14.774644,4.495000,222.469410
2603,14.777390,2.746000,364.166060
2604,14.780879,3.489000,286.615076
2605,14.786459,5.580000,179.211470
2606,14.790619,4.160000,240.384615
2607,14.794953,4.334000,230.733733
2608,14.797917,2.964000,337.381916
2609,14.801137,3.220000,310.559006
2610,14.803971,2.834000,352.858151
2611,14.807265,3.294000,303.582271
2612,14.810182,2.917000,342.817964
2613,14.838161,27.979000,35.741092
2614,14.850842,12.681000,78.858134
2615,14.853895,3.053000,327.546675
2616,14.856320,2.425000,412.371134
2617,14.858630,2.310000,432.900433
2618,14.861097,2.467000,405.350628
2619,14.866129,5.032000,198.728140
2620,14.878352,12.223000,81.812976
2621,14.882204,3.852000,259.605400
2622,14.885666,3.462000,288.850376
2623,14.889582,3.916000,255.362615
2624,14.892470,2.888000,346.260388
2625,14.895843,3.373000,296.471983
2626,14.898742,2.899000,344.946533
2627,14.902205,3.463000,288.766965
2628,14.905087,2.882000,346.981263
2629,14.915541,10.454000,95.657165
2630,14.932288,16.747000,59.712187
2631,14.945259,12.971000,77.095058
2632,14.949343,4.084000,244.857982
2633,14.952324,2.981000,335.457900
2634,14.956290,3.966000,252.143217
2635,14.959725,3.435000,291.120815
2636,14.962730,3.005000,332.778702
2637,14.966026,3.296000,303.398058
2638,14.968575,2.549000,392.310710
2639,14.971370,2.795000,357.781753
2640,14.974902,3.532000,283.125708
2641,14.977768,2.866000,348.918353
2642,14.981030,3.262000,306.560392
2643,14.983894,2.864000,349.162011
2644,14.987753,3.859000,259.134491
2645,14.991803,4.050000,246.913580
2646,14.995841,4.038000,247.647350
2647,14.999944,4.103000,243.724104
2648,15.002876,2.932000,341.064120
2649,15.005730,2.854000,350.385424
2650,15.008657,2.927000,341.646737
2651,15.037857,29.200000,34.246575
2652,15.050716,12.859000,77.766545
2653,15.053961,3.245000,308.166410
2654,15.056622,2.661000,375.798572
2655,15.059745,3.123000,320.204931
2656,15.063322,3.577000,279.563880
2657,15.066758,3.436000,291.036088
2658,15.070726,3.968000,252.016129
2659,15.074303,3.577000,279.563880
2660,15.078192,3.889000,257.135510
2661,15.091963,13.771000,72.616368
2662,15.095761,3.798000,263.296472
2663,15.098750,2.989000,334.560054
2664,15.101787,3.037000,329.272308
2665,15.105037,3.250000,307.692308
2666,15.114443,9.406000,106.315118
2667,15.130671,16.228000,61.621888
2668,15.134366,3.695000,270.635995
2669,15.137443,3.077000,324.991875
2670,15.140386,2.943000,339.789331
2671,15.142966,2.580000,387.596899
2672,15.145919,2.953000,338.638673
2673,15.149036,3.117000,320.821303
2674,15.152006,2.970000,336.700337
2675,15.154675,2.669000,374.672162
2676,15.157211,2.536000,394.321767
2677,15.160205,2.994000,334.001336
2678,15.162869,2.664000,375.375375
2679,15.165936,3.067000,326.051516
2680,15.168687,2.751000,363.504180
2681,15.172288,3.601000,277.700639
2682,15.184854,12.566000,79.579819
2683,15.190454,5.600000,178.571429
2684,15.194996,4.542000,220.167327
2685,15.199402,4.406000,226.963232
2686,15.202446,3.044000,328.515112
2687,15.205664,3.218000,310.752020
2688,15.214702,9.038000,110.643948
2689,15.224728,10.026000,99.740674
2690,15.231198,6.470000,154.559505
2691,15.238517,7.319000,136.630687
2692,15.242203,3.686000,271.296799
2693,15.245236,3.033000,329.706561
2694,15.248540,3.304000,302.663438
2695,15.251948,3.408000,293.427230
2696,15.255387,3.439000,290.782204
2697,15.258343,2.956000,338.294993
2698,15.261478,3.135000,318.979266
2699,15.264823,3.345000,298.953662
2700,15.268776,3.953000,252.972426
2701,15.278183,9.407000,106.303816
2702,15.282326,4.143000,241.370987
2703,15.285156,2.830000,353.356890
2704,15.288644,3.488000,286.697248
2705,15.291350,2.706000,369.549150
2706,15.305292,13.942000,71.725721
2707,15.319175,13.883000,72.030541
2708,15.332217,13.042000,76.675357
2709,15.346016,13.799000,72.469019
2710,15.358725,12.709000,78.684397
2711,15.372613,13.888000,72.004608
2712,15.385459,12.846000,77.845244
2713,15.389212,3.753000,266.453504
2714,15.392380,3.168000,315.656566
2715,15.395889,3.509000,284.981476
2716,15.399271,3.382000,295.683028
2717,15.402725,3.454000,289.519398
2718,15.405579,2.854000,350.385424
2719,15.409346,3.767000,265.463233
2720,15.412798,3.452000,289.687138
2721,15.425442,12.644000,79.088896
2722,15.439457,14.015000,71.352123
2723,15.451433,11.976000,83.500334
2724,15.455760,4.327000,231.107003
2725,15.459251,3.491000,286.450874
2726,15.463404,4.153000,240.789791
2727,15.468462,5.058000,197.706603
2728,15.472205,3.743000,267.165375
2729,15.475071,2.866000,348.918353
2730,15.478724,3.653000,273.747605
2731,15.481742,3.018000,331.345262
2732,15.485189,3.447000,290.107340
2733,15.488488,3.299000,303.122158
2734,15.491803,3.315000,301.659125
2735,15.500675,8.872000,112.714157
2736,15.519285,18.610000,53.734551
2737,15.532237,12.952000,77.208153
2738,15.541469,9.232000,108.318891
2739,15.559393,17.924000,55.791118
2740,15.573506,14.113000,70.856657
2741,15.585915,12.409000,80.586671
2742,15.598866,12.951000,77.214115
2743,15.602437,3.571000,280.033604
2744,15.606088,3.651000,273.897562
2745,15.609170,3.082000,324.464633
2746,15.613132,3.962000,252.397779
2747,15.621580,8.448000,118.371212
2748,15.639112,17.532000,57.038558
2749,15.652291,13.179000,75.878291
2750,15.657527,5.236000,190.985485
2751,15.660983,3.456000,289.351852
2752,15.663894,2.911000,343.524562
2753,15.668439,4.545000,220.022002
2754,15.673509,5.070000,197.238659
2755,15.676653,3.144000,318.066158
2756,15.679795,3.142000,318.268619
2757,15.683519,3.724000,268.528464
2758,15.685948,2.429000,411.692054
2759,15.689119,3.171000,315.357931
2760,15.705278,16.159000,61.885018
2761,15.719536,14.258000,70.136064
2762,15.732101,12.565000,79.586152
2763,15.751531,19.430000,51.466804
2764,15.758979,7.448000,134.264232
2765,15.771607,12.628000,79.189104
2766,15.784700,13.093000,76.376690
2767,15.798935,14.235000,70.249385
2768,15.811316,12.381000,80.768920
2769,15.824779,13.463000,74.277650
2770,15.838015,13.236000,75.551526
2771,15.851294,13.279000,75.306876
2772,15.864845,13.551000,73.795292
2773,15.878249,13.404000,74.604596
2774,15.891464,13.215000,75.671585
2775,15.905142,13.678000,73.110104
2776,15.918658,13.516000,73.986387
2777,15.931489,12.831000,77.936248
2778,15.945062,13.573000,73.675680
2779,15.959219,14.157000,70.636434
2780,15.971632,12.413000,80.560702
2781,15.984662,13.030000,76.745971
2782,15.998318,13.656000,73.227885
2783,16.011488,13.170000,75.930144
2784,16.024889,13.401000,74.621297
2785,16.038223,13.334000,74.996250
2786,16.051567,13.344000,74.940048
2787,16.064886,13.319000,75.080712
2788,16.078108,13.222000,75.631523
2789,16.091608,13.500000,74.074074
2790,16.104904,13.296000,75.210590
2791,16.118080,13.176000,75.895568
2792,16.131489,13.409000,74.576777
2793,16.144728,13.239000,75.534406
2794,16.158088,13.360000,74.850299
2795,16.171596,13.508000,74.030204
2796,16.184877,13.281000,75.295535
2797,16.198037,13.160000,75.987842
2798,16.211261,13.224000,75.620085
2799,16.224927,13.666000,73.174301
2800,16.238164,13.237000,75.545819
2801,16.251401,13.237000,75.545819
2802,16.266023,14.622000,68.390097
2803,16.278646,12.623000,79.220471
2804,16.291946,13.300000,75.187970
2805,16.305684,13.738000,72.790799
2806,16.319302,13.618000,73.432222
2807,16.331980,12.678000,78.876794
2808,16.344696,12.716000,78.641082
2809,16.358848,14.152000,70.661391
2810,16.372014,13.166000,75.953213
2811,16.384904,12.890000,77.579519
2812,16.398417,13.513000,74.002812
2813,16.412342,13.925000,71.813285
2814,16.425389,13.047000,76.645972
2815,16.439071,13.682000,73.088730
2816,16.452501,13.430000,74.460164
2817,16.466378,13.877000,72.061685
2818,16.480378,14.000000,71.428571
2819,16.492446,12.068000,82.863772
2820,16.506377,13.931000,71.782356
2821,16.518898,12.521000,79.865825
2822,16.532502,13.604000,73.507792
2823,16.538861,6.359000,157.257430
2824,16.543686,4.825000,207.253886
2825,16.546384,2.698000,370.644922
2826,16.550041,3.657000,273.448182
2827,16.558676,8.635000,115.807759
2828,16.562334,3.658000,273.373428
2829,16.564727,2.393000,417.885499
2830,16.567096,2.369000,422.119038
2831,16.569485,2.389000,418.585182
2832,16.572335,2.850000,350.877193
2833,16.575432,3.097000,322.893122
2834,16.577817,2.385000,419.287212
2835,16.580660,2.843000,351.741119
2836,16.585627,4.967000,201.328770
2837,16.600448,14.821000,67.471831
2838,16.604985,4.537000,220.409963
2839,16.611472,6.487000,154.154463
2840,16.612398,0.926000,1079.913607
2841,16.621581,9.183000,108.896875
2842,16.629083,7.502000,133.297787
2843,16.638598,9.515000,105.097215
2844,16.641541,2.943000,339.789331
2845,16.644028,2.487000,402.090873
2846,16.647818,3.790000,263.852243
2847,16.650288,2.470000,404.858300
2848,16.654846,4.558000,219.394471
2849,16.658114,3.268000,305.997552
2850,16.660859,2.745000,364.298725
2851,16.663479,2.620000,381.679389
2852,16.666119,2.640000,378.787879
2853,16.669385,3.266000,306.184936
2854,16.672662,3.277000,305.157156
2855,16.676168,3.506000,285.225328
2856,16.679004,2.836000,352.609309
2857,16.681327,2.323000,430.477830
2858,16.684368,3.041000,328.839198
2859,16.686861,2.493000,401.123145
2860,16.691071,4.210000,237.529691
2861,16.694363,3.292000,303.766707
2862,16.705212,10.849000,92.174394
2863,16.708398,3.186000,313.873195
2864,16.719190,10.792000,92.661231
2865,16.723349,4.159000,240.442414
2866,16.726412,3.063000,326.477310
2867,16.729238,2.826000,353.857042
2868,16.731746,2.508000,398.724083
2869,16.734336,2.590000,386.100386
2870,16.737692,3.356000,297.973778
2871,16.741939,4.247000,235.460325
2872,16.745170,3.231000,309.501702
2873,16.747688,2.518000,397.140588
2874,16.750883,3.195000,312.989045
2875,16.754912,4.029000,248.200546
2876,16.757726,2.814000,355.366027
2877,16.759965,2.239000,446.627959
2878,16.762285,2.320000,431.034483
2879,16.764818,2.533000,394.788788
2880,16.768216,3.398000,294.290759
2881,16.773207,4.991000,200.360649
2882,16.776378,3.171000,315.357931
2883,16.778641,2.263000,441.891295
2884,16.781230,2.589000,386.249517
2885,16.786060,4.830000,207.039337
2886,16.800159,14.099000,70.927016
2887,16.805238,5.079000,196.889151
2888,16.808785,3.547000,281.928390
2889,16.813028,4.243000,235.682300
2890,16.816517,3.489000,286.615076
2891,16.827538,11.021000,90.735868
2892,16.840372,12.834000,77.918030
2893,16.852986,12.614000,79.276994
2894,16.857500,4.514000,221.533008
2895,16.860644,3.144000,318.066158
2896,16.865318,4.674000,213.949508
2897,16.871901,6.583000,151.906426
2898,16.875105,3.204000,312.109863
2899,16.877620,2.515000,397.614314
2900,16.881847,4.227000,236.574403
2901,16.885530,3.683000,271.517784
2902,16.888196,2.666000,375.093773
2903,16.891323,3.127000,319.795331
2904,16.897907,6.584000,151.883354
2905,16.920533,22.626000,44.196942
2906,16.933627,13.094000,76.370857
2907,16.938159,4.532000,220.653133
2908,16.941329,3.170000,315.457413
2909,16.947295,5.966000,167.616493
2910,16.951303,4.008000,249.500998
2911,16.954362,3.059000,326.904217
2912,16.957290,2.928000,341.530055
2913,16.961157,3.867000,258.598397
2914,16.965184,4.027000,248.323814
2915,16.968440,3.256000,307.125307
2916,16.971466,3.026000,330.469266
2917,16.974526,3.060000,326.797386
2918,16.977246,2.720000,367.647059
2919,16.980029,2.783000,359.324470
2920,16.982636,2.607000,383.582662
2921,16.986501,3.865000,258.732212
2922,16.999924,13.423000,74.498994
2923,17.004389,4.465000,223.964166
2924,17.008929,4.540000,220.264317
2925,17.027013,18.084000,55.297501
2926,17.040328,13.315000,75.103267
2927,17.052921,12.593000,79.409196
2928,17.056784,3.863000,258.866166
2929,17.059543,2.759000,362.450163
2930,17.061913,2.370000,421.940928
2931,17.066082,4.169000,239.865675
2932,17.069719,3.637000,274.951883
2933,17.072156,2.437000,410.340583
2934,17.074497,2.341000,427.167877
2935,17.076854,2.357000,424.268137
2936,17.079177,2.323000,430.477830
2937,17.081681,2.504000,399.361022
2938,17.084558,2.877000,347.584289
2939,17.087207,2.649000,377.500944
2940,17.090330,3.123000,320.204931
2941,17.092950,2.620000,381.679389
2942,17.095580,2.630000,380.228137
2943,17.098295,2.715000,368.324125
2944,17.101304,3.009000,332.336324
2945,17.105359,4.055000,246.609125
2946,17.119280,13.921000,71.833920
2947,17.129000,9.720000,102.880658
2948,17.139935,10.935000,91.449474
2949,17.145663,5.728000,174.581006
2950,17.150871,5.208000,192.012289
2951,17.153994,3.123000,320.204931
2952,17.157376,3.382000,295.683028
2953,17.159972,2.596000,385.208012
2954,17.163316,3.344000,299.043062
2955,17.165967,2.651000,377.216145
2956,17.168234,2.267000,441.111601
2957,17.171976,3.742000,267.236772
2958,17.174591,2.615000,382.409178
2959,17.177584,2.993000,334.112930
2960,17.180100,2.516000,397.456280
2961,17.184217,4.117000,242.895312
2962,17.187924,3.707000,269.759914
2963,17.190475,2.551000,392.003136
2964,17.193050,2.575000,388.349515
2965,17.195363,2.313000,432.338954
2966,17.199661,4.298000,232.666356
2967,17.203003,3.342000,299.222023
2968,17.205634,2.631000,380.083618
2969,17.208025,2.391000,418.235048
2970,17.210423,2.398000,417.014178
2971,17.212745,2.322000,430.663221
2972,17.217188,4.443000,225.073149
2973,17.224503,7.315000,136.705400
2974,17.238323,13.820000,72.358900
2975,17.241983,3.660000,273.224044
2976,17.245390,3.407000,293.513355
2977,17.251198,5.808000,172.176309
2978,17.254716,3.518000,284.252416
2979,17.257692,2.976000,336.021505
2980,17.259943,2.251000,444.247001
2981,17.262140,2.197000,455.166136
2982,17.265590,3.450000,289.855072
2983,17.268948,3.358000,297.796307
2984,17.272239,3.291000,303.859009
2985,17.277971,5.732000,174.459177
2986,17.281027,3.056000,327.225131
2987,17.283663,2.636000,379.362671
2988,17.286967,3.304000,302.663438
2989,17.291680,4.713000,212.179079
2990,17.295582,3.902000,256.278831
2991,17.298770,3.188000,313.676286
2992,17.302205,3.435000,291.120815
2993,17.307006,4.801000,208.289940
2994,17.310607,3.601000,277.700639
2995,17.333411,22.804000,43.851956
2996,17.345324,11.913000,83.941912
2997,17.348056,2.732000,366.032211
2998,17.350582,2.526000,395.882819
2999,17.353878,3.296000,303.398058
3000,17.358737,4.859000,205.803663
3001,17.361923,3.186000,313.873195
3002,17.364684,2.761000,362.187613
3003,17.368000,3.316000,301.568154
3004,17.372692,4.692000,213.128730
3005,17.375907,3.215000,311.041991
3006,17.378773,2.866000,348.918353
3007,17.382199,3.426000,291.885581
3008,17.386270,4.071000,245.639892
3009,17.389244,2.974000,336.247478
3010,17.391990,2.746000,364.166060
3011,17.395441,3.451000,289.771081
3012,17.411250,15.809000,63.255108
3013,17.425302,14.052000,71.164247
3014,17.438149,12.847000,77.839184
3015,17.441894,3.745000,267.022697
3016,17.445852,3.958000,252.652855
3017,17.448496,2.644000,378.214826
3018,17.451518,3.022000,330.906684
3019,17.454902,3.384000,295.508274
3020,17.458196,3.294000,303.582271
3021,17.461544,3.348000,298.685783
3022,17.464152,2.608000,383.435583
3023,17.466880,2.728000,366.568915
3024,17.470447,3.567000,280.347631
3025,17.474236,3.789000,263.921879
3026,17.478253,4.017000,248.941997
3027,17.492471,14.218000,70.333380
3028,17.504686,12.215000,81.866558
3029,17.517818,13.132000,76.149863
3030,17.531393,13.575000,73.664825
3031,17.545636,14.243000,70.209928
3032,17.549196,3.560000,280.898876
3033,17.551822,2.626000,380.807312
3034,17.554486,2.664000,375.375375
3035,17.557207,2.721000,367.511944
3036,17.559816,2.609000,383.288616
3037,17.562478,2.662000,375.657400
3038,17.565153,2.675000,373.831776
3039,17.567737,2.584000,386.996904
3040,17.570429,2.692000,371.471025
3041,17.572801,2.372000,421.585160
3042,17.575224,2.423000,412.711515
3043,17.578126,2.902000,344.589938
3044,17.580665,2.539000,393.855849
3045,17.584234,3.569000,280.190530
3046,17.598449,14.215000,70.348224
3047,17.601860,3.411000,293.169159
3048,17.604597,2.737000,365.363537
3049,17.607964,3.367000,297.000297
3050,17.610541,2.577000,388.048118
3051,17.620518,9.977000,100.230530
3052,17.626941,6.423000,155.690487
3053,17.638620,11.679000,85.623769
3054,17.642216,3.596000,278.086763
3055,17.644999,2.783000,359.324470
3056,17.648327,3.328000,300.480769
3057,17.651229,2.902000,344.589938
3058,17.654764,3.535000,282.885431
3059,17.657566,2.802000,356.887937
3060,17.661187,3.621000,276.166805
3061,17.666152,4.965000,201.409869
3062,17.669916,3.764000,265.674814
3063,17.673845,3.929000,254.517689
3064,17.676983,3.138000,318.674315
3065,17.680790,3.807000,262.674022
3066,17.691603,10.813000,92.481273
3067,17.694860,3.257000,307.031010
3068,17.697992,3.132000,319.284802
3069,17.701676,3.684000,271.444083
3070,17.704876,3.200000,312.500000
3071,17.731495,26.619000,37.567151
3072,17.744276,12.781000,78.241139
3073,17.759703,15.427000,64.821417
3074,17.772551,12.848000,77.833126
3075,17.776462,3.911000,255.689082
3076,17.779599,3.137000,318.775901
3077,17.783007,3.408000,293.427230
3078,17.785908,2.901000,344.708721
3079,17.789535,3.627000,275.709953
3080,17.792210,2.675000,373.831776
3081,17.795920,3.710000,269.541779
3082,17.798774,2.854000,350.385424
3083,17.808470,9.696000,103.135314
3084,17.826311,17.841000,56.050670
3085,17.839513,13.202000,75.746099
3086,17.843681,4.168000,239.923225
3087,17.846700,3.019000,331.235508
3088,17.850095,3.395000,294.550810
3089,17.852966,2.871000,348.310693
3090,17.856896,3.930000,254.452926
3091,17.859805,2.909000,343.760743
3092,17.863337,3.532000,283.125708
3093,17.866134,2.797000,357.525921
3094,17.869770,3.636000,275.027503
3095,17.873904,4.134000,241.896468
3096,17.879770,5.866000,170.473917
3097,17.893514,13.744000,72.759022
3098,17.897610,4.096000,244.140625
3099,17.902592,4.982000,200.722601
3100,17.919326,16.734000,59.758575
3101,17.931085,11.759000,85.041245
3102,17.934841,3.756000,266.240682
3103,17.937718,2.877000,347.584289
3104,17.940389,2.671000,374.391614
3105,17.943341,2.952000,338.753388
3106,17.946710,3.369000,296.823983
3107,17.949345,2.635000,379.506641
3108,17.953109,3.764000,265.674814
3109,17.956226,3.117000,320.821303
3110,17.958966,2.740000,364.963504
3111,17.961750,2.784000,359.195402
3112,17.964349,2.599000,384.763371
3113,17.967322,2.973000,336.360579
3114,17.969900,2.578000,387.897595
3115,17.972350,2.450000,408.163265
3116,17.975435,3.085000,324.149109
3117,17.978314,2.879000,347.342827
3118,17.981472,3.158000,316.656111
3119,17.984863,3.391000,294.898260
3120,17.988304,3.441000,290.613194
3121,17.991501,3.197000,312.793244
3122,17.995058,3.557000,281.135789
3123,17.997886,2.828000,353.606789
3124,18.011214,13.328000,75.030012
3125,18.016410,5.196000,192.455735
3126,18.025370,8.960000,111.607143
3127,18.029138,3.768000,265.392781
3128,18.031959,2.821000,354.484225
3129,18.035363,3.404000,293.772033
3130,18.038237,2.874000,347.947112
3131,18.041885,3.648000,274.122807
3132,18.044674,2.789000,358.551452
3133,18.048166,3.492000,286.368843
3134,18.051080,2.914000,343.170899
3135,18.054890,3.810000,262.467192
3136,18.057769,2.879000,347.342827
3137,18.061433,3.664000,272.925764
3138,18.064318,2.885000,346.620451
3139,18.068245,3.927000,254.647313
3140,18.071072,2.827000,353.731871
3141,18.074550,3.478000,287.521564
3142,18.077241,2.691000,371.609067
3143,18.081018,3.777000,264.760392
3144,18.084767,3.749000,266.737797
3145,18.087554,2.787000,358.808755
3146,18.091430,3.876000,257.997936
3147,18.094931,3.501000,285.632676
3148,18.099138,4.207000,237.699073
3149,18.103239,4.101000,243.842965
3150,18.106225,2.986000,334.896182
3151,18.130878,24.653000,40.563015
3152,18.144146,13.268000,75.369310
3153,18.147173,3.027000,330.360093
3154,18.150915,3.742000,267.236772
3155,18.154488,3.573000,279.876854
3156,18.158349,3.861000,259.000259
3157,18.161357,3.008000,332.446809
3158,18.165005,3.648000,274.122807
3159,18.167796,2.791000,358.294518
3160,18.171605,3.809000,262.536099
3161,18.174588,2.983000,335.232987
3162,18.178213,3.625000,275.862069
3163,18.180982,2.769000,361.141206
3164,18.184916,3.934000,254.194204
3165,18.187680,2.764000,361.794501
3166,18.190825,3.145000,317.965024
3167,18.193564,2.739000,365.096751
3168,18.195766,2.202000,454.132607
3169,18.224311,28.545000,35.032405
3170,18.229603,5.292000,188.964475
3171,18.238195,8.592000,116.387337
3172,18.241578,3.383000,295.595625
3173,18.244692,3.114000,321.130379
3174,18.247599,2.907000,343.997248
3175,18.250424,2.825000,353.982301
3176,18.254103,3.679000,271.812993
3177,18.257021,2.918000,342.700480
3178,18.260388,3.367000,297.000297
3179,18.263242,2.854000,350.385424
3180,18.266856,3.614000,276.701716
3181,18.269880,3.024000,330.687831
3182,18.273245,3.365000,297.176820
3183,18.276060,2.815000,355.239787
3184,18.279833,3.773000,265.041081
3185,18.282792,2.959000,337.952011
3186,18.286005,3.213000,311.235605
3187,18.288771,2.766000,361.532899
3188,18.292985,4.214000,237.304224
3189,18.295928,2.943000,339.789331
3190,18.299375,3.447000,290.107340
3191,18.304736,5.361000,186.532363
3192,18.331057,26.321000,37.992477
3193,18.337596,6.539000,152.928582
3194,18.345182,7.586000,131.821777
3195,18.349005,3.823000,261.574680
3196,18.352025,3.020000,331.125828
3197,18.355133,3.108000,321.750322
3198,18.358736,3.603000,277.546489
3199,18.361717,2.981000,335.457900
3200,18.365117,3.400000,294.117647
3201,18.368057,2.940000,340.136054
3202,18.370967,2.910000,343.642612
3203,18.374342,3.375000,296.296296
3204,18.377388,3.046000,328.299409
3205,18.380498,3.110000,321.543408
3206,18.383260,2.762000,362.056481
3207,18.386805,3.545000,282.087447
3208,18.389896,3.091000,323.519896
3209,18.394159,4.263000,234.576589
3210,18.397074,2.915000,343.053173
3211,18.399957,2.883000,346.860909
3212,18.402899,2.942000,339.904827
3213,18.406264,3.365000,297.176820
3214,18.413633,7.369000,135.703623
3215,18.437952,24.319000,41.120112
3216,18.442938,4.986000,200.561572
3217,18.451770,8.832000,113.224638
3218,18.454953,3.183000,314.169023
3219,18.457865,2.912000,343.406593
3220,18.464276,6.411000,155.981906
3221,18.492015,27.739000,36.050326
3222,18.504689,12.674000,78.901688
3223,18.514221,9.532000,104.909778
3224,18.532162,17.941000,55.738253
3225,18.545205,13.043000,76.669478
3226,18.549187,3.982000,251.130085
3227,18.553524,4.337000,230.574130
3228,18.557991,4.467000,223.863891
3229,18.571516,13.525000,73.937153
3230,18.575224,3.708000,269.687163
3231,18.579377,4.153000,240.789791
3232,18.584240,4.863000,205.634382
3233,18.598379,14.139000,70.726360
3234,18.603866,5.487000,182.248952
3235,18.606959,3.093000,323.310702
3236,18.611085,4.126000,242.365487
3237,18.623017,11.932000,83.808247
3238,18.631366,8.349000,119.774823
3239,18.638400,7.034000,142.166619
3240,18.643645,5.245000,190.657769
3241,18.648384,4.739000,211.014982
3242,18.653129,4.745000,210.748156
3243,18.658023,4.894000,204.331835
3244,18.662776,4.753000,210.393436
3245,18.665333,2.557000,391.083301
3246,18.667831,2.498000,400.320256
3247,18.670218,2.387000,418.935903
3248,18.673023,2.805000,356.506239
3249,18.676966,3.943000,253.613999
3250,18.691217,14.251000,70.170514
3251,18.695032,3.815000,262.123198
3252,18.698515,3.483000,287.108814
3253,18.701633,3.118000,320.718409
3254,18.704548,2.915000,343.053173
3255,18.716463,11.915000,83.927822
3256,18.723593,7.130000,140.252454
3257,18.731481,7.888000,126.774848
3258,18.735017,3.536000,282.805430
3259,18.737804,2.787000,358.808755
3260,18.740987,3.183000,314.169023
3261,18.743731,2.744000,364.431487
3262,18.747868,4.137000,241.721054
3263,18.750682,2.814000,355.366027
3264,18.754153,3.471000,288.101412
3265,18.756908,2.755000,362.976407
3266,18.760649,3.741000,267.308206
3267,18.763464,2.815000,355.239787
3268,18.767019,3.555000,281.293952
3269,18.769820,2.801000,357.015352
3270,18.773677,3.857000,259.268862
3271,18.776562,2.885000,346.620451
3272,18.779644,3.082000,324.464633
3273,18.782217,2.573000,388.651380
3274,18.786156,3.939000,253.871541
3275,18.798173,12.017000,83.215445
3276,18.810820,12.647000,79.070135
3277,18.814871,4.051000,246.852629
3278,18.825002,10.131000,98.706939
3279,18.828468,3.466000,288.517023
3280,18.832796,4.328000,231.053604
3281,18.837307,4.511000,221.680337
3282,18.841013,3.706000,269.832704
3283,18.844941,3.928000,254.582485
3284,18.849019,4.078000,245.218244
3285,18.851711,2.692000,371.471025
3286,18.855023,3.312000,301.932367
3287,18.857594,2.571000,388.953715
3288,18.859838,2.244000,445.632799
3289,18.862349,2.511000,398.247710
3290,18.866352,4.003000,249.812641
3291,18.869097,2.745000,364.298725
3292,18.871356,2.259000,442.673749
3293,18.875664,4.308000,232.126277
3294,18.878118,2.454000,407.497963
3295,18.882358,4.240000,235.849057
3296,18.885100,2.742000,364.697301
3297,18.887329,2.229000,448.631673
3298,18.889761,2.432000,411.184211
3299,18.893294,3.533000,283.045570
3300,18.896786,3.492000,286.368843
3301,18.899212,2.426000,412.201154
3302,18.901882,2.670000,374.531835
3303,18.904703,2.821000,354.484225
3304,18.930835,26.132000,38.267259
3305,18.943758,12.923000,77.381413
3306,18.946750,2.992000,334.224599
3307,18.948997,2.247000,445.037828
3308,18.952592,3.595000,278.164117
3309,18.955224,2.632000,379.939210
3310,18.959286,4.062000,246.184146
3311,18.962312,3.026000,330.469266
3312,18.964919,2.607000,383.582662
3313,18.967527,2.608000,383.435583
3314,18.970997,3.470000,288.184438
3315,18.973733,2.736000,365.497076
3316,18.977073,3.340000,299.401198
3317,18.979832,2.759000,362.450163
3318,18.982845,3.013000,331.895121
3319,18.985719,2.874000,347.947112
3320,18.988233,2.514000,397.772474
3321,18.990882,2.649000,377.500944
3322,18.994149,3.267000,306.091215
3323,18.997004,2.855000,350.262697
3324,19.024159,27.155000,36.825631
3325,19.029543,5.384000,185.735513
3326,19.037735,8.192000,122.070313
3327,19.041569,3.834000,260.824204
3328,19.045166,3.597000,278.009452
3329,19.047895,2.729000,366.434591
3330,19.050991,3.096000,322.997416
3331,19.054962,3.971000,251.825737
3332,19.058118,3.156000,316.856781
3333,19.060958,2.840000,352.112676
3334,19.063600,2.642000,378.501136
3335,19.066154,2.554000,391.542678
3336,19.078152,11.998000,83.347225
3337,19.081766,3.614000,276.701716
3338,19.085674,3.908000,255.885363
3339,19.089907,4.233000,236.239074
3340,19.093640,3.733000,267.881061
3341,19.096836,3.196000,312.891114
3342,19.099851,3.015000,331.674959
3343,19.102916,3.065000,326.264274
3344,19.131387,28.471000,35.123459
3345,19.140018,8.631000,115.861430
3346,19.145505,5.487000,182.248952
3347,19.159106,13.601000,73.524006
3348,19.164050,4.944000,202.265372
3349,19.168417,4.367000,228.990153
3350,19.173191,4.774000,209.467951
3351,19.178124,4.933000,202.716400
3352,19.181599,3.475000,287.769784
3353,19.185430,3.831000,261.028452
3354,19.189989,4.559000,219.346348
3355,19.193349,3.360000,297.619048
3356,19.197166,3.817000,261.985853
3357,19.200408,3.242000,308.451573
3358,19.203771,3.363000,297.353553
3359,19.206954,3.183000,314.169023
3360,19.210567,3.613000,276.778301
3361,19.218100,7.533000,132.749237
3362,19.224560,6.460000,154.798762
3363,19.239363,14.803000,67.553874
3364,19.243920,4.557000,219.442616
3365,19.247050,3.130000,319.488818
3366,19.249977,2.927000,341.646737
3367,19.252955,2.978000,335.795836
3368,19.256326,3.371000,296.647879
3369,19.259647,3.321000,301.114122
3370,19.262524,2.877000,347.584289
3371,19.265128,2.604000,384.024578
3372,19.267869,2.741000,364.830354
3373,19.279551,11.682000,85.601781
3374,19.284218,4.667000,214.270409
3375,19.287034,2.816000,355.113636
3376,19.290345,3.311000,302.023558
3377,19.296264,5.919000,168.947457
3378,19.319966,23.702000,42.190532
3379,19.333431,13.465000,74.266617
3380,19.339193,5.762000,173.550850
3381,19.360475,21.282000,46.988065
3382,19.374544,14.069000,71.078257
3383,19.387602,13.058000,76.581406
3384,19.400525,12.923000,77.381413
3385,19.405343,4.818000,207.555002
3386,19.408203,2.860000,349.650350
3387,19.411538,3.335000,299.850075
3388,19.421292,9.754000,102.522042
3389,19.439519,18.227000,54.863664
3390,19.452500,12.981000,77.035668
3391,19.457779,5.279000,189.429816
3392,19.461533,3.754000,266.382525
3393,19.466317,4.784000,209.030100
3394,19.471657,5.340000,187.265918
3395,19.475278,3.621000,276.166805
3396,19.478904,3.626000,275.785990
3397,19.482585,3.681000,271.665308
3398,19.486375,3.790000,263.852243
3399,19.489086,2.711000,368.867577
3400,19.491956,2.870000,348.432056
3401,19.494719,2.763000,361.925443
3402,19.497224,2.505000,399.201597
3403,19.499607,2.383000,419.639110
3404,19.502148,2.541000,393.545848
3405,19.508684,6.536000,152.998776
3406,19.534038,25.354000,39.441508
3407,19.546096,12.058000,82.932493
3408,19.549819,3.723000,268.600591
3409,19.553865,4.046000,247.157687
3410,19.557955,4.090000,244.498778
3411,19.561621,3.666000,272.776869
3412,19.564131,2.510000,398.406375
3413,19.567372,3.241000,308.546745
3414,19.571373,4.001000,249.937516
3415,19.574945,3.572000,279.955207
3416,19.577303,2.358000,424.088210
3417,19.579779,2.476000,403.877221
3418,19.582692,2.913000,343.288706
3419,19.586139,3.447000,290.107340
3420,19.588643,2.504000,399.361022
3421,19.590796,2.153000,464.468184
3422,19.593476,2.680000,373.134328
3423,19.597577,4.101000,243.842965
3424,19.626334,28.757000,34.774142
3425,19.631243,4.909000,203.707476
3426,19.638818,7.575000,132.013201
3427,19.642434,3.616000,276.548673
3428,19.645194,2.760000,362.318841
3429,19.648414,3.220000,310.559006
3430,19.654500,6.086000,164.311535
3431,19.657303,2.803000,356.760614
3432,19.660568,3.265000,306.278714
3433,19.662980,2.412000,414.593698
3434,19.666054,3.074000,325.309044
3435,19.670108,4.054000,246.669956
3436,19.673390,3.282000,304.692261
3437,19.676103,2.713000,368.595651
3438,19.678526,2.423000,412.711515
3439,19.680792,2.266000,441.306267
3440,19.685291,4.499000,222.271616
3441,19.687936,2.645000,378.071834
3442,19.692511,4.575000,218.579235
3443,19.695336,2.825000,353.982301
3444,19.697934,2.598000,384.911470
3445,19.700423,2.489000,401.767778
3446,19.702459,2.036000,491.159136
3447,19.732298,29.839000,33.513187
3448,19.736866,4.568000,218.914186
3449,19.745217,8.351000,119.746138
3450,19.748665,3.448000,290.023202
3451,19.751675,3.010000,332.225914
3452,19.753806,2.131000,469.263257
3453,19.756021,2.215000,451.467269
3454,19.758971,2.950000,338.983051
3455,19.762072,3.101000,322.476620
3456,19.764347,2.275000,439.560440
3457,19.766535,2.188000,457.038391
3458,19.769737,3.202000,312.304809
3459,19.773462,3.725000,268.456376
3460,19.776622,3.160000,316.455696
3461,19.780013,3.391000,294.898260
3462,19.782959,2.946000,339.443313
3463,19.786749,3.790000,263.852243
3464,19.789545,2.796000,357.653791
3465,19.792563,3.018000,331.345262
3466,19.794817,2.254000,443.655723
3467,19.797488,2.671000,374.391614
3468,19.800767,3.279000,304.971028
3469,19.804249,3.482000,287.191269
3470,19.806776,2.527000,395.726157
3471,19.837773,30.997000,32.261187
3472,19.850369,12.596000,79.390283
3473,19.853301,2.932000,341.064120
3474,19.855280,1.979000,505.305710
3475,19.857261,1.981000,504.795558
3476,19.859648,2.387000,418.935903
3477,19.864489,4.841000,206.568891
3478,19.867349,2.860000,349.650350
3479,19.869887,2.538000,394.011032
3480,19.872989,3.102000,322.372663
3481,19.877259,4.270000,234.192037
3482,19.891405,14.146000,70.691362
3483,19.903304,11.899000,84.040676
3484,19.911800,8.496000,117.702448
3485,19.917961,6.161000,162.311313
3486,19.921575,3.614000,276.701716
3487,19.924438,2.863000,349.283968
3488,19.929693,5.255000,190.294957
3489,19.945724,16.031000,62.379140
3490,19.958838,13.114000,76.254385
3491,19.972626,13.788000,72.526835
3492,19.985403,12.777000,78.265634
3493,19.989218,3.815000,262.123198
3494,19.993965,4.747000,210.659364
3495,20.012567,18.602000,53.757660
3496,20.026141,13.574000,73.670252
3497,20.038974,12.833000,77.924102
3498,20.043047,4.073000,245.519273
3499,20.048000,4.953000,201.897840
3500,20.053560,5.560000,179.856115
3501,20.058029,4.469000,223.763706
3502,20.062625,4.596000,217.580505
3503,20.066255,3.630000,275.482094
3504,20.070668,4.413000,226.603218
3505,20.074202,3.534000,282.965478
3506,20.078403,4.201000,238.038562
3507,20.082449,4.046000,247.157687
3508,20.087273,4.824000,207.296849
3509,20.093150,5.877000,170.154841
3510,20.096681,3.531000,283.205891
3511,20.100055,3.374000,296.384114
3512,20.103192,3.137000,318.775901
3513,20.131445,28.253000,35.394471
3514,20.138665,7.220000,138.504155
3515,20.145249,6.584000,151.883354
3516,20.150053,4.804000,208.159867
3517,20.154445,4.392000,227.686703
3518,20.158933,4.488000,222.816399
3519,20.164303,5.370000,186.219739
3520,20.168488,4.185000,238.948626
3521,20.173678,5.190000,192.678227
3522,20.178729,5.051000,197.980598
3523,20.182828,4.099000,243.961942
3524,20.188202,5.374000,186.081131
3525,20.192320,4.118000,242.836328
3526,20.195948,3.628000,275.633958
3527,20.199752,3.804000,262.881178
3528,20.211455,11.703000,85.448176
3529,20.226385,14.930000,66.979236
3530,20.239446,13.061000,76.563816
3531,20.244002,4.556000,219.490781
3532,20.248658,4.656000,214.776632
3533,20.253058,4.400000,227.272727
3534,20.257341,4.283000,233.481205
3535,20.261403,4.062000,246.184146
3536,20.265127,3.724000,268.528464
3537,20.269029,3.902000,256.278831
3538,20.272130,3.101000,322.476620
3539,20.274931,2.801000,357.015352
3540,20.278589,3.658000,273.373428
3541,20.281756,3.167000,315.756236
3542,20.287791,6.035000,165.700083
3543,20.293343,5.552000,180.115274
3544,20.296674,3.331000,300.210147
3545,20.300973,4.299000,232.612235
3546,20.332101,31.128000,32.125418
3547,20.338927,6.826000,146.498682
3548,20.345056,6.129000,163.158753
3549,20.359963,14.907000,67.082579
3550,20.364726,4.763000,209.951711
3551,20.368538,3.812000,262.329486
3552,20.372503,3.965000,252.206810
3553,20.375811,3.308000,302.297461
3554,20.379398,3.587000,278.784500
3555,20.382655,3.257000,307.031010
3556,20.386373,3.718000,268.961807
3557,20.400310,13.937000,71.751453
3558,20.404072,3.762000,265.816055
3559,20.407124,3.052000,327.653997
3560,20.412053,4.929000,202.880909
3561,20.426364,14.311000,69.876319
3562,20.438876,12.512000,79.923274
3563,20.444470,5.594000,178.762960
3564,20.452297,7.827000,127.762872
3565,20.457254,4.957000,201.734920
3566,20.462675,5.421000,184.467810
3567,20.467232,4.557000,219.442616
3568,20.471432,4.200000,238.095238
3569,20.475669,4.237000,236.016049
3570,20.480296,4.627000,216.122758
3571,20.484370,4.074000,245.459008
3572,20.488570,4.200000,238.095238
3573,20.494749,6.179000,161.838485
3574,20.505523,10.774000,92.816039
3575,20.519022,13.499000,74.079561
3576,20.523759,4.737000,211.104074
3577,20.527859,4.100000,243.902439
3578,20.533110,5.251000,190.439916
3579,20.536880,3.770000,265.251989
3580,20.540459,3.579000,279.407656
3581,20.543929,3.470000,288.184438
3582,20.546648,2.719000,367.782273
3583,20.549341,2.693000,371.333086
3584,20.552430,3.089000,323.729362
3585,20.555120,2.690000,371.747212
3586,20.557642,2.522000,396.510706
3587,20.561087,3.445000,290.275762
3588,20.564923,3.836000,260.688217
3589,20.568523,3.600000,277.777778
3590,20.571202,2.679000,373.273610
3591,20.574441,3.239000,308.737265
3592,20.577211,2.770000,361.010830
3593,20.579498,2.287000,437.254045
3594,20.582147,2.649000,377.500944
3595,20.584459,2.312000,432.525952
3596,20.587351,2.892000,345.781466
3597,20.589704,2.353000,424.989375
3598,20.592295,2.591000,385.951370
3599,20.594515,2.220000,450.450450
3600,20.596714,2.199000,454.752160
3601,20.599218,2.504000,399.361022
3602,20.601583,2.365000,422.832981
3603,20.603660,2.077000,481.463649
3604,20.605755,2.095000,477.326969
3605,20.608576,2.821000,354.484225
3606,20.611844,3.268000,305.997552
3607,20.638621,26.777000,37.345483
3608,20.645591,6.970000,143.472023
3609,20.650787,5.196000,192.455735
3610,20.654304,3.517000,284.333239
3611,20.656610,2.306000,433.651344
3612,20.659866,3.256000,307.125307
3613,20.662268,2.402000,416.319734
3614,20.666046,3.778000,264.690312
3615,20.668780,2.734000,365.764448
3616,20.672347,3.567000,280.347631
3617,20.674868,2.521000,396.667989
3618,20.677696,2.828000,353.606789
3619,20.680103,2.407000,415.454923
3620,20.682663,2.560000,390.625000
3621,20.685145,2.482000,402.900886
3622,20.688628,3.483000,287.108814
3623,20.691581,2.953000,338.638673
3624,20.693796,2.215000,451.467269
3625,20.706065,12.269000,81.506235
3626,20.732399,26.334000,37.973722
3627,20.743642,11.243000,88.944232
3628,20.758028,14.386000,69.512026
3629,20.771145,13.117000,76.236944
3630,20.784615,13.470000,74.239050
3631,20.797265,12.650000,79.051383
3632,20.810769,13.504000,74.052133
3633,20.823451,12.682000,78.851916
3634,20.836953,13.502000,74.063102
3635,20.850803,13.850000,72.202166
3636,20.863968,13.165000,75.958982
3637,20.877654,13.686000,73.067368
3638,20.890580,12.926000,77.363454
3639,20.904231,13.651000,73.254707
3640,20.917283,13.052000,76.616610
3641,20.930475,13.192000,75.803517
3642,20.943506,13.031000,76.740081
3643,20.956904,13.398000,74.638006
3644,20.970654,13.750000,72.727273
3645,20.984291,13.637000,73.329911
3646,20.997523,13.232000,75.574365
3647,21.010819,13.296000,75.210590
3648,21.024029,13.210000,75.700227
3649,21.037737,13.708000,72.950102
3650,21.050710,12.973000,77.083173
3651,21.064294,13.584000,73.616019
3652,21.077651,13.357000,74.867111
3653,21.091333,13.682000,73.088730
3654,21.105048,13.715000,72.912869
3655,21.117237,12.189000,82.041185
3656,21.130806,13.569000,73.697398
3657,21.143763,12.957000,77.178359
3658,21.157403,13.640000,73.313783
3659,21.170375,12.972000,77.089115
3660,21.183713,13.338000,74.973759
3661,21.197661,13.948000,71.694867
3662,21.210868,13.207000,75.717423
3663,21.224109,13.241000,75.522997
3664,21.237489,13.380000,74.738416
3665,21.250299,12.810000,78.064012
3666,21.264087,13.788000,72.526835
3667,21.277115,13.028000,76.757753
3668,21.290226,13.111000,76.271833
3669,21.303520,13.294000,75.221905
3670,21.317368,13.848000,72.212594
3671,21.330723,13.355000,74.878323
3672,21.344154,13.431000,74.454620
3673,21.357196,13.042000,76.675357
3674,21.370902,13.706000,72.960747
3675,21.383622,12.720000,78.616352
3676,21.397520,13.898000,71.952799
3677,21.410806,13.286000,75.267199
3678,21.424395,13.589000,73.588932
3679,21.437644,13.249000,75.477395
3680,21.451032,13.388000,74.693756
3681,21.464831,13.799000,72.469019
3682,21.478133,13.302000,75.176665
3683,21.491232,13.099000,76.341705
3684,21.504110,12.878000,77.651809
3685,21.517685,13.575000,73.664825
3686,21.531166,13.481000,74.178473
3687,21.544315,13.149000,76.051411
3688,21.549663,5.348000,186.985789
3689,21.554463,4.800000,208.333333
3690,21.557618,3.155000,316.957211
3691,21.560239,2.621000,381.533766
3692,21.562620,2.381000,419.991600
3693,21.565002,2.382000,419.815281
3694,21.567401,2.399000,416.840350
3695,21.569785,2.384000,419.463087
3696,21.571790,2.005000,498.753117
3697,21.573709,1.919000,521.104742
3698,21.575705,1.996000,501.002004
3699,21.578791,3.086000,324.044070
3700,21.582722,3.931000,254.388196
3701,21.585336,2.614000,382.555471
3702,21.588442,3.106000,321.957502
3703,21.592417,3.975000,251.572327
3704,21.596279,3.862000,258.933195
3705,21.600233,3.954000,252.908447
3706,21.603422,3.189000,313.577924
3707,21.607174,3.752000,266.524520
3708,21.610188,3.014000,331.785003
3709,21.621611,11.423000,87.542677
3710,21.638213,16.602000,60.233707
3711,21.651378,13.165000,75.958982
3712,21.654936,3.558000,281.056773
3713,21.657909,2.973000,336.360579
3714,21.661418,3.509000,284.981476
3715,21.664151,2.733000,365.898280
3716,21.667751,3.600000,277.777778
3717,21.670773,3.022000,330.906684
3718,21.674528,3.755000,266.311585
3719,21.677345,2.817000,354.987575
3720,21.681255,3.910000,255.754476
3721,21.684251,2.996000,333.778371
3722,21.687975,3.724000,268.528464
3723,21.690901,2.926000,341.763500
3724,21.694684,3.783000,264.340471
3725,21.697393,2.709000,369.139904
3726,21.701164,3.771000,265.181649
3727,21.704223,3.059000,326.904217
3728,21.730734,26.511000,37.720192
3729,21.736259,5.525000,180.995475
3730,21.744730,8.471000,118.049817
3731,21.748596,3.866000,258.665287
3732,21.751488,2.892000,345.781466
3733,21.755057,3.569000,280.190530
3734,21.757805,2.748000,363.901019
3735,21.761519,3.714000,269.251481
3736,21.764398,2.879000,347.342827
3737,21.768028,3.630000,275.482094
3738,21.770893,2.865000,349.040140
3739,21.774741,3.848000,259.875260
3740,21.777625,2.884000,346.740638
3741,21.781471,3.846000,260.010400
3742,21.786101,4.630000,215.982721
3743,21.789929,3.828000,261.233020
3744,21.794455,4.526000,220.945647
3745,21.797694,3.239000,308.737265
3746,21.823892,26.198000,38.170853
3747,21.836888,12.996000,76.946753
3748,21.839566,2.678000,373.412995
3749,21.843899,4.333000,230.786984
3750,21.847006,3.107000,321.853878
3751,21.851044,4.038000,247.647350
3752,21.853862,2.818000,354.861604
3753,21.857802,3.940000,253.807107
3754,21.860646,2.844000,351.617440
3755,21.866067,5.421000,184.467810
3756,21.868877,2.810000,355.871886
3757,21.872376,3.499000,285.795942
3758,21.874917,2.541000,393.545848
3759,21.879561,4.644000,215.331611
3760,21.882472,2.911000,343.524562
3761,21.886143,3.671000,272.405339
3762,21.889047,2.904000,344.352617
3763,21.899379,10.332000,96.786682
3764,21.918539,19.160000,52.192067
3765,21.931320,12.781000,78.241139
3766,21.934844,3.524000,283.768445
3767,21.937966,3.122000,320.307495
3768,21.941309,3.343000,299.132516
3769,21.944372,3.063000,326.477310
3770,21.948064,3.692000,270.855905
3771,21.950910,2.846000,351.370344
3772,21.954521,3.611000,276.931598
3773,21.957388,2.867000,348.796652
3774,21.961159,3.771000,265.181649
3775,21.964044,2.885000,346.620451
3776,21.967407,3.363000,297.353553
3777,21.970313,2.906000,344.115623
3778,21.974088,3.775000,264.900662
3779,21.978076,3.988000,250.752257
3780,21.981999,3.923000,254.906959
3781,21.986311,4.312000,231.910946
3782,21.997722,11.411000,87.634738
3783,22.001448,3.726000,268.384326
3784,22.005785,4.337000,230.574130
3785,22.010793,5.008000,199.680511
3786,22.024381,13.588000,73.594348
3787,22.036988,12.607000,79.321012
3788,22.049986,12.998000,76.934913
3789,22.055479,5.493000,182.049882
3790,22.059061,3.582000,279.173646
3791,22.062051,2.990000,334.448161
3792,22.066704,4.653000,214.915109
3793,22.071384,4.680000,213.675214
3794,22.074423,3.039000,329.055610
3795,22.079127,4.704000,212.585034
3796,22.091185,12.058000,82.932493
3797,22.103952,12.767000,78.326937
3798,22.118358,14.406000,69.415521
3799,22.130748,12.390000,80.710250
3800,22.134853,4.105000,243.605359
3801,22.138897,4.044000,247.279921
3802,22.142652,3.755000,266.311585
3803,22.147113,4.461000,224.164985
3804,22.150153,3.040000,328.947368
3805,22.153207,3.054000,327.439424
3806,22.156228,3.021000,331.016220
3807,22.159151,2.923000,342.114266
3808,22.161888,2.737000,365.363537
3809,22.164907,3.019000,331.235508
3810,22.175568,10.661000,93.799831
3811,22.199872,24.304000,41.145490
3812,22.211196,11.324000,88.308018
3813,22.224884,13.688000,73.056692
3814,22.238066,13.182000,75.861023
3815,22.241838,3.772000,265.111347
3816,22.245056,3.218000,310.752020
3817,22.248350,3.294000,303.582271
3818,22.251752,3.402000,293.944738
3819,22.255054,3.302000,302.846760
3820,22.258270,3.216000,310.945274
3821,22.261603,3.333000,300.030003
3822,22.265031,3.428000,291.715286
3823,22.267812,2.781000,359.582884
3824,22.270955,3.143000,318.167356
3825,22.274020,3.065000,326.264274
3826,22.277004,2.984000,335.120643
3827,22.280911,3.907000,255.950857
3828,22.284076,3.165000,315.955766
3829,22.287077,3.001000,333.222259
3830,22.290172,3.095000,323.101777
3831,22.316811,26.639000,37.538947
3832,22.329663,12.852000,77.808901
3833,22.332872,3.209000,311.623559
3834,22.335535,2.663000,375.516335
3835,22.338240,2.705000,369.685767
3836,22.340917,2.677000,373.552484
3837,22.343766,2.849000,351.000351
3838,22.346424,2.658000,376.222724
3839,22.349667,3.243000,308.356460
3840,22.352604,2.937000,340.483487
3841,22.354990,2.386000,419.111484
3842,22.357626,2.636000,379.362671
3843,22.361265,3.639000,274.800769
3844,22.364599,3.334000,299.940012
3845,22.368083,3.484000,287.026406
3846,22.371406,3.323000,300.932892
3847,22.374871,3.465000,288.600289
3848,22.378069,3.198000,312.695435
3849,22.381397,3.328000,300.480769
3850,22.384942,3.545000,282.087447
3851,22.388236,3.294000,303.582271
3852,22.390991,2.755000,362.976407
3853,22.394336,3.345000,298.953662
3854,22.397436,3.100000,322.580645
3855,22.400836,3.400000,294.117647
3856,22.403409,2.573000,388.651380
3857,22.406633,3.224000,310.173697
3858,22.409664,3.031000,329.924117
3859,22.436661,26.997000,37.041153
3860,22.449821,13.160000,75.987842
3861,22.453111,3.290000,303.951368
3862,22.464305,11.194000,89.333572
3863,22.477575,13.270000,75.357950
3864,22.481079,3.504000,285.388128
3865,22.484054,2.975000,336.134454
3866,22.487051,2.997000,333.667000
3867,22.489903,2.852000,350.631136
3868,22.498080,8.177000,122.294240
3869,22.517797,19.717000,50.717655
3870,22.530482,12.685000,78.833268
3871,22.543755,13.273000,75.340918
3872,22.547013,3.258000,306.936771
3873,22.550233,3.220000,310.559006
3874,22.552904,2.671000,374.391614
3875,22.555560,2.656000,376.506024
3876,22.558578,3.018000,331.345262
3877,22.561495,2.917000,342.817964
3878,22.564134,2.639000,378.931413
3879,22.566730,2.596000,385.208012
3880,22.569260,2.530000,395.256917
3881,22.571661,2.401000,416.493128
3882,22.574413,2.752000,363.372093
3883,22.577152,2.739000,365.096751
3884,22.579559,2.407000,415.454923
3885,22.583547,3.988000,250.752257
3886,22.587342,3.795000,263.504611
3887,22.590459,3.117000,320.821303
3888,22.594532,4.073000,245.519273
3889,22.598597,4.065000,246.002460
3890,22.601781,3.184000,314.070352
3891,22.605417,3.636000,275.027503
3892,22.608403,2.986000,334.896182
3893,22.611820,3.417000,292.654375
3894,22.620776,8.956000,111.656990
3895,22.649429,28.653000,34.900359
3896,22.652107,2.678000,373.412995
3897,22.654241,2.134000,468.603561
3898,22.657766,3.525000,283.687943
3899,22.661331,3.565000,280.504909
3900,22.664117,2.786000,358.937545
3901,22.667721,3.604000,277.469478
3902,22.670598,2.877000,347.584289
3903,22.673774,3.176000,314.861461
3904,22.676055,2.281000,438.404209
3905,22.679868,3.813000,262.260687
3906,22.690764,10.896000,91.776799
3907,22.700690,9.926000,100.745517
3908,22.718238,17.548000,56.986551
3909,22.730994,12.756000,78.394481
3910,22.734626,3.632000,275.330396
3911,22.737643,3.017000,331.455088
3912,22.741186,3.543000,282.246684
3913,22.744053,2.867000,348.796652
3914,22.747931,3.878000,257.864879
3915,22.750850,2.919000,342.583076
3916,22.754285,3.435000,291.120815
3917,22.757178,2.893000,345.661943
3918,22.761005,3.827000,261.301280
3919,22.763788,2.783000,359.324470
3920,22.767155,3.367000,297.000297
3921,22.770093,2.938000,340.367597
3922,22.773890,3.797000,263.365815
3923,22.776654,2.764000,361.794501
3924,22.780124,3.470000,288.184438
3925,22.784960,4.836000,206.782465
3926,22.789043,4.083000,244.917952
3927,22.792678,3.635000,275.103164
3928,22.795683,3.005000,332.778702
3929,22.799135,3.452000,289.687138
3930,22.802503,3.368000,296.912114
3931,22.805834,3.331000,300.210147
3932,22.808774,2.940000,340.136054
3933,22.837119,28.345000,35.279591
3934,22.849862,12.743000,78.474457
3935,22.852720,2.858000,349.895031
3936,22.856367,3.647000,274.197971
3937,22.859787,3.420000,292.397661
3938,22.862470,2.683000,372.717108
3939,22.866085,3.615000,276.625173
3940,22.868846,2.761000,362.187613
3941,22.872109,3.263000,306.466442
3942,22.874964,2.855000,350.262697
3943,22.879021,4.057000,246.487552
3944,22.882012,2.991000,334.336342
3945,22.885029,3.017000,331.455088
3946,22.887739,2.710000,369.003690
3947,22.892227,4.488000,222.816399
3948,22.895124,2.897000,345.184674
3949,22.898458,3.334000,299.940012
3950,22.901516,3.058000,327.011118
3951,22.905576,4.060000,246.305419
3952,22.908335,2.759000,362.450163
3953,22.943797,35.462000,28.199199
3954,22.948872,5.075000,197.044335
3955,22.957631,8.759000,114.168284
3956,22.961243,3.612000,276.854928
3957,22.964738,3.495000,286.123033
3958,22.967326,2.588000,386.398764
3959,22.970054,2.728000,366.568915
3960,22.973187,3.133000,319.182892
3961,22.976620,3.433000,291.290417
3962,22.979575,2.955000,338.409475
3963,22.982598,3.023000,330.797221
3964,22.985652,3.054000,327.439424
3965,22.988631,2.979000,335.683115
3966,22.991842,3.211000,311.429461
3967,22.995860,4.018000,248.880040
3968,23.007150,11.290000,88.573959
3969,23.024817,17.667000,56.602706
3970,23.037755,12.938000,77.291699
3971,23.041684,3.929000,254.517689
3972,23.050804,9.120000,109.649123
3973,23.054771,3.967000,252.079657
3974,23.058269,3.498000,285.877644
3975,23.061216,2.947000,339.328130
3976,23.064637,3.421000,292.312189
3977,23.068054,3.417000,292.654375
3978,23.071501,3.447000,290.107340
3979,23.074479,2.978000,335.795836
3980,23.077889,3.410000,293.255132
3981,23.080894,3.005000,332.778702
3982,23.083544,2.650000,377.358491
3983,23.086271,2.727000,366.703337
3984,23.089551,3.280000,304.878049
3985,23.093817,4.266000,234.411627
3986,23.096834,3.017000,331.455088
3987,23.099692,2.858000,349.895031
3988,23.102557,2.865000,349.040140
3989,23.130257,27.700000,36.101083
3990,23.135480,5.223000,191.460846
3991,23.144055,8.575000,116.618076
3992,23.147777,3.722000,268.672757
3993,23.150710,2.933000,340.947835
3994,23.154020,3.310000,302.114804
3995,23.156800,2.780000,359.712230
3996,23.160455,3.655000,273.597811
3997,23.163319,2.864000,349.162011
3998,23.166636,3.317000,301.477238
3999,23.169160,2.524000,396.196513
4000,23.172983,3.823000,261.574680
4001,23.175563,2.580000,387.596899
4002,23.179222,3.659000,273.298715
4003,23.181734,2.512000,398.089172
4004,23.185367,3.633000,275.254611
4005,23.188950,3.583000,279.095730
4006,23.192697,3.747000,266.880171
4007,23.195213,2.516000,397.456280
4008,23.223608,28.395000,35.217468
4009,23.227673,4.065000,246.002460
4010,23.237503,9.830000,101.729400
4011,23.241033,3.530000,283.286119
4012,23.244840,3.807000,262.674022
4013,23.248685,3.845000,260.078023
4014,23.252131,3.446000,290.191526
4015,23.254789,2.658000,376.222724
4016,23.257003,2.214000,451.671183
4017,23.259257,2.254000,443.655723
4018,23.261463,2.206000,453.309157
4019,23.263844,2.381000,419.991600
4020,23.266449,2.605000,383.877159
4021,23.268590,2.141000,467.071462
4022,23.270884,2.294000,435.919791
4023,23.273063,2.179000,458.926113
4024,23.275168,2.105000,475.059382
4025,23.277740,2.572000,388.802488
4026,23.281007,3.267000,306.091215
4027,23.284291,3.284000,304.506699
4028,23.287317,3.026000,330.469266
4029,23.290199,2.882000,346.981263
4030,23.293453,3.254000,307.314075
4031,23.296399,2.946000,339.443313
4032,23.299795,3.396000,294.464075
4033,23.302655,2.860000,349.650350
4034,23.312754,10.099000,99.019705
4035,23.331562,18.808000,53.168864
4036,23.344322,12.760000,78.369906
4037,23.358860,14.538000,68.785252
4038,23.371365,12.505000,79.968013
4039,23.384182,12.817000,78.021378
4040,23.387706,3.524000,283.768445
4041,23.390730,3.024000,330.687831
4042,23.394419,3.689000,271.076172
4043,23.397028,2.609000,383.288616
4044,23.400611,3.583000,279.095730
4045,23.403520,2.909000,343.760743
4046,23.407165,3.645000,274.348422
4047,23.410290,3.125000,320.000000
4048,23.424029,13.739000,72.785501
4049,23.438780,14.751000,67.792014
4050,23.451280,12.500000,80.000000
4051,23.454464,3.184000,314.070352
4052,23.457647,3.183000,314.169023
4053,23.461432,3.785000,264.200793
4054,23.464516,3.084000,324.254215
4055,23.468190,3.674000,272.182907
4056,23.471352,3.162000,316.255534
4057,23.475460,4.108000,243.427459
4058,23.478022,2.562000,390.320062
4059,23.481474,3.452000,289.687138
4060,23.485362,3.888000,257.201646
4061,23.490079,4.717000,211.999152
4062,23.493579,3.500000,285.714286
4063,23.504758,11.179000,89.453439
4064,23.518242,13.484000,74.161970
4065,23.531346,13.104000,76.312576
4066,23.536169,4.823000,207.339830
4067,23.539519,3.350000,298.507463
4068,23.544076,4.557000,219.442616
4069,23.557619,13.543000,73.838884
4070,23.561356,3.737000,267.594327
4071,23.564217,2.861000,349.528137
4072,23.567555,3.338000,299.580587
4073,23.570576,3.021000,331.016220
4074,23.574080,3.504000,285.388128
4075,23.577278,3.198000,312.695435
4076,23.580404,3.126000,319.897633
4077,23.583176,2.772000,360.750361
4078,23.586941,3.765000,265.604250
4079,23.589889,2.948000,339.213026
4080,23.593175,3.286000,304.321363
4081,23.595919,2.744000,364.431487
4082,23.599545,3.626000,275.785990
4083,23.602489,2.944000,339.673913
4084,23.605817,3.328000,300.480769
4085,23.608861,3.044000,328.515112
4086,23.623680,14.819000,67.480937
4087,23.628596,4.916000,203.417413
4088,23.637658,9.062000,110.350916
4089,23.641159,3.501000,285.632676
4090,23.644313,3.154000,317.057705
4091,23.647129,2.816000,355.113636
4092,23.650401,3.272000,305.623472
4093,23.653644,3.243000,308.356460
4094,23.656811,3.167000,315.756236
4095,23.659631,2.820000,354.609929
4096,23.662636,3.005000,332.778702
4097,23.665410,2.774000,360.490267
4098,23.668244,2.834000,352.858151
4099,23.671423,3.179000,314.564328
4100,23.674113,2.690000,371.747212
4101,23.678231,4.118000,242.836328
4102,23.682545,4.314000,231.803431
4103,23.685437,2.892000,345.781466
4104,23.687909,2.472000,404.530744
4105,23.690312,2.403000,416.146484
4106,23.704230,13.918000,71.849404
4107,23.718292,14.062000,71.113640
4108,23.731016,12.724000,78.591638
4109,23.734509,3.493000,286.286859
4110,23.738750,4.241000,235.793445
4111,23.743229,4.479000,223.264121
4112,23.746905,3.676000,272.034820
4113,23.749716,2.811000,355.745286
4114,23.753135,3.419000,292.483182
4115,23.755867,2.732000,366.032211
4116,23.759549,3.682000,271.591526
4117,23.762434,2.885000,346.620451
4118,23.765959,3.525000,283.687943
4119,23.769142,3.183000,314.169023
4120,23.772858,3.716000,269.106566
4121,23.775597,2.739000,365.096751
4122,23.778775,3.178000,314.663310
4123,23.782007,3.232000,309.405941
4124,23.784732,2.725000,366.972477
4125,23.787820,3.088000,323.834197
4126,23.790543,2.723000,367.242012
4127,23.793697,3.154000,317.057705
4128,23.796451,2.754000,363.108206
4129,23.823335,26.884000,37.196846
4130,23.828802,5.467000,182.915676
4131,23.837758,8.956000,111.656990
4132,23.841217,3.459000,289.100896
4133,23.844074,2.857000,350.017501
4134,23.847315,3.241000,308.546745
4135,23.849974,2.659000,376.081234
4136,23.853807,3.833000,260.892252
4137,23.856538,2.731000,366.166239
4138,23.859878,3.340000,299.401198
4139,23.862564,2.686000,372.300819
4140,23.866144,3.580000,279.329609
4141,23.869036,2.892000,345.781466
4142,23.872641,3.605000,277.392510
4143,23.875752,3.111000,321.440051
4144,23.879463,3.711000,269.469146
4145,23.882251,2.788000,358.680057
4146,23.885561,3.310000,302.114804
4147,23.888279,2.718000,367.917586
4148,23.892369,4.090000,244.498778
4149,23.895223,2.854000,350.385424
4150,23.898670,3.447000,290.107340
4151,23.901384,2.714000,368.459838
4152,23.930059,28.675000,34.873583
4153,23.934448,4.389000,227.842333
4154,23.944140,9.692000,103.177879
4155,23.947619,3.479000,287.438919
4156,23.951633,4.014000,249.128052
4157,23.955560,3.927000,254.647313
4158,23.959806,4.246000,235.515780
4159,23.962968,3.162000,316.255534
4160,23.966403,3.435000,291.120815
4161,23.969275,2.872000,348.189415
4162,23.972997,3.722000,268.672757
4163,23.975942,2.945000,339.558574
4164,23.979444,3.502000,285.551114
4165,23.982373,2.929000,341.413452
4166,23.986177,3.804000,262.881178
4167,23.989220,3.043000,328.623069
4168,23.992300,3.080000,324.675325
4169,23.995287,2.987000,334.784064
4170,23.999039,3.752000,266.524520
4171,24.002168,3.129000,319.590924
4172,24.005638,3.470000,288.184438
4173,24.008748,3.110000,321.543408
4174,24.036863,28.115000,35.568202
4175,24.049814,12.951000,77.214115
4176,24.053544,3.730000,268.096515
4177,24.056161,2.617000,382.116928
4178,24.059353,3.192000,313.283208
4179,24.062365,3.012000,332.005312
4180,24.066063,3.698000,270.416441
4181,24.069270,3.207000,311.817898
4182,24.072243,2.973000,336.360579
4183,24.075202,2.959000,337.952011
4184,24.078892,3.690000,271.002710
4185,24.081806,2.914000,343.170899
4186,24.084956,3.150000,317.460317
4187,24.087978,3.022000,330.906684
4188,24.091891,3.913000,255.558395
4189,24.094793,2.902000,344.589938
4190,24.098324,3.531000,283.205891
4191,24.102853,4.529000,220.799293
4192,24.106024,3.171000,315.357931
4193,24.130147,24.123000,41.454214
4194,24.135316,5.169000,193.461018
4195,24.144099,8.783000,113.856313
4196,24.147469,3.370000,296.735905
4197,24.151193,3.724000,268.528464
4198,24.154946,3.753000,266.453504
4199,24.158804,3.858000,259.201659
4200,24.161834,3.030000,330.033003
4201,24.164460,2.626000,380.807312
4202,24.167965,3.505000,285.306705
4203,24.172032,4.067000,245.881485
4204,24.175332,3.300000,303.030303
4205,24.178400,3.068000,325.945241
4206,24.180971,2.571000,388.953715
4207,24.183781,2.810000,355.871886
4208,24.186414,2.633000,379.794911
4209,24.190301,3.887000,257.267816
4210,24.193321,3.020000,331.125828
4211,24.197287,3.966000,252.143217
4212,24.201610,4.323000,231.320842
4213,24.204638,3.028000,330.250991
4214,24.207281,2.643000,378.357927
4215,24.236704,29.423000,33.987017
4216,24.241742,5.038000,198.491465
4217,24.250782,9.040000,110.619469
4218,24.254521,3.739000,267.451190
4219,24.257410,2.889000,346.140533
4220,24.260939,3.529000,283.366393
4221,24.264401,3.462000,288.850376
4222,24.267426,3.025000,330.578512
4223,24.270345,2.919000,342.583076
4224,24.273774,3.429000,291.630213
4225,24.277110,3.336000,299.760192
4226,24.280775,3.665000,272.851296
4227,24.283817,3.042000,328.731098
4228,24.287154,3.337000,299.670363
4229,24.290385,3.231000,309.501702
4230,24.293784,3.399000,294.204178
4231,24.296872,3.088000,323.834197
4232,24.300196,3.324000,300.842359
4233,24.303329,3.133000,319.182892
4234,24.330256,26.927000,37.137446
4235,24.335645,5.389000,185.563184
4236,24.344221,8.576000,116.604478
4237,24.357287,13.066000,76.534517
4238,24.371493,14.206000,70.392792
4239,24.384349,12.856000,77.784692
4240,24.391175,6.826000,146.498682
4241,24.411347,20.172000,49.573666
4242,24.424577,13.230000,75.585790
4243,24.437946,13.369000,74.799910
4244,24.450905,12.959000,77.166448
4245,24.456404,5.499000,181.851246
4246,24.461204,4.800000,208.333333
4247,24.466008,4.804000,208.159867
4248,24.470731,4.723000,211.729833
4249,24.475409,4.678000,213.766567
4250,24.478049,2.640000,378.787879
4251,24.490673,12.624000,79.214195
4252,24.494336,3.663000,273.000273
4253,24.497289,2.953000,338.638673
4254,24.500862,3.573000,279.876854
4255,24.503875,3.013000,331.895121
4256,24.515343,11.468000,87.199163
4257,24.526442,11.099000,90.098207
4258,24.531136,4.694000,213.037921
4259,24.535501,4.365000,229.095074
4260,24.538660,3.159000,316.555872
4261,24.542149,3.489000,286.615076
4262,24.545279,3.130000,319.488818
4263,24.548810,3.531000,283.205891
4264,24.551739,2.929000,341.413452
4265,24.555082,3.343000,299.132516
4266,24.557950,2.868000,348.675035
4267,24.561705,3.755000,266.311585
4268,24.564753,3.048000,328.083990
4269,24.567900,3.147000,317.762949
4270,24.571137,3.237000,308.928020
4271,24.575120,3.983000,251.067035
4272,24.578086,2.966000,337.154417
4273,24.581764,3.678000,271.886895
4274,24.585190,3.426000,291.885581
4275,24.588484,3.294000,303.582271
4276,24.591438,2.954000,338.524035
4277,24.595116,3.678000,271.886895
4278,24.598662,3.546000,282.007896
4279,24.601409,2.747000,364.033491
4280,24.604380,2.971000,336.587008
4281,24.607813,3.433000,291.290417
4282,24.610917,3.104000,322.164948
4283,24.623327,12.410000,80.580177
4284,24.636384,13.057000,76.587271
4285,24.639659,3.275000,305.343511
4286,24.642247,2.588000,386.398764
4287,24.645006,2.759000,362.450163
4288,24.649653,4.647000,215.192597
4289,24.653522,3.869000,258.464720
4290,24.664147,10.625000,94.117647
4291,24.667932,3.785000,264.200793
4292,24.671997,4.065000,246.002460
4293,24.677162,5.165000,193.610842
4294,24.680840,3.678000,271.886895
4295,24.683659,2.819000,354.735722
4296,24.686902,3.243000,308.356460
4297,24.690763,3.861000,259.000259
4298,24.694278,3.515000,284.495021
4299,24.697510,3.232000,309.405941
4300,24.700780,3.270000,305.810398
4301,24.704996,4.216000,237.191651
4302,24.708624,3.628000,275.633958
4303,24.730161,21.537000,46.431722
4304,24.743160,12.999000,76.928995
4305,24.746814,3.654000,273.672687
4306,24.749929,3.115000,321.027287
4307,24.752937,3.008000,332.446809
4308,24.756100,3.163000,316.155549
4309,24.759221,3.121000,320.410125
4310,24.762740,3.519000,284.171640
4311,24.765757,3.017000,331.455088
4312,24.768829,3.072000,325.520833
4313,24.772201,3.372000,296.559905
4314,24.775076,2.875000,347.826087
4315,24.778372,3.296000,303.398058
4316,24.781408,3.036000,329.380764
4317,24.785419,4.011000,249.314385
4318,24.797333,11.914000,83.934867
4319,24.807946,10.613000,94.224065
4320,24.824533,16.587000,60.288177
4321,24.837506,12.973000,77.083173
4322,24.840978,3.472000,288.018433
4323,24.843960,2.982000,335.345406
4324,24.847190,3.230000,309.597523
4325,24.850428,3.238000,308.832613
4326,24.853535,3.107000,321.853878
4327,24.856458,2.923000,342.114266
4328,24.859796,3.338000,299.580587
4329,24.862772,2.976000,336.021505
4330,24.866084,3.312000,301.932367
4331,24.870163,4.079000,245.158127
4332,24.874131,3.968000,252.016129
4333,24.879009,4.878000,205.002050
4334,24.890640,11.631000,85.977130
4335,24.894129,3.489000,286.615076
4336,24.898294,4.165000,240.096038
4337,24.902032,3.738000,267.522739
4338,24.905502,3.470000,288.184438
4339,24.930070,24.568000,40.703354
4340,24.936550,6.480000,154.320988
4341,24.944333,7.783000,128.485160
4342,24.948847,4.514000,221.533008
4343,24.952089,3.242000,308.451573
4344,24.954617,2.528000,395.569620
4345,24.958118,3.501000,285.632676
4346,24.961235,3.117000,320.821303
4347,24.964153,2.918000,342.700480
4348,24.966917,2.764000,361.794501
4349,24.970028,3.111000,321.440051
4350,24.973363,3.335000,299.850075
4351,24.976310,2.947000,339.328130
4352,24.979643,3.333000,300.030003
4353,24.982455,2.812000,355.618777
4354,24.986152,3.697000,270.489586
4355,24.989011,2.859000,349.772648
4356,24.991335,2.324000,430.292599
4357,24.994190,2.855000,350.262697
4358,24.997361,3.171000,315.357931
4359,25.000674,3.313000,301.841232
4360,25.003406,2.732000,366.032211
4361,25.006339,2.933000,340.947835
4362,25.010366,4.027000,248.323814
4363,25.036682,26.316000,37.999696
4364,25.042307,5.625000,177.777778
4365,25.050669,8.362000,119.588615
4366,25.054468,3.799000,263.227165
4367,25.057438,2.970000,336.700337
4368,25.060966,3.528000,283.446712
4369,25.063829,2.863000,349.283968
4370,25.067266,3.437000,290.951411
4371,25.070420,3.154000,317.057705
4372,25.074116,3.696000,270.562771
4373,25.076898,2.782000,359.453630
4374,25.080771,3.873000,258.197779
4375,25.083968,3.197000,312.793244
4376,25.087331,3.363000,297.353553
4377,25.090135,2.804000,356.633381
4378,25.093974,3.839000,260.484501
4379,25.098140,4.166000,240.038406
4380,25.102183,4.043000,247.341083
4381,25.130031,27.848000,35.909221
4382,25.136830,6.799000,147.080453
4383,25.143981,7.151000,139.840582
4384,25.147457,3.476000,287.686997
4385,25.150226,2.769000,361.141206
4386,25.153702,3.476000,287.686997
4387,25.156882,3.180000,314.465409
4388,25.160762,3.880000,257.731959
4389,25.163450,2.688000,372.023810
4390,25.166903,3.453000,289.603244
4391,25.169857,2.954000,338.524035
4392,25.173576,3.719000,268.889486
4393,25.176502,2.926000,341.763500
4394,25.179913,3.411000,293.169159
4395,25.182881,2.968000,336.927224
4396,25.186483,3.602000,277.623542
4397,25.189188,2.705000,369.685767
4398,25.192747,3.559000,280.977803
4399,25.195532,2.785000,359.066427
4400,25.223359,27.827000,35.936321
4401,25.236409,13.050000,76.628352
4402,25.239314,2.905000,344.234079
4403,25.242005,2.691000,371.609067
4404,25.245689,3.684000,271.444083
4405,25.248699,3.010000,332.225914
4406,25.252373,3.674000,272.182907
4407,25.255161,2.788000,358.680057
4408,25.258357,3.196000,312.891114
4409,25.261083,2.726000,366.837858
4410,25.265980,4.897000,204.206657
4411,25.269465,3.485000,286.944046
4412,25.272375,2.910000,343.642612
4413,25.276994,4.619000,216.497077
4414,25.281484,4.490000,222.717149
4415,25.284512,3.028000,330.250991
4416,25.286981,2.469000,405.022276
4417,25.289807,2.826000,353.857042
4418,25.292797,2.990000,334.448161
4419,25.295966,3.169000,315.556958
4420,25.298836,2.870000,348.432056
4421,25.301195,2.359000,423.908436
4422,25.303982,2.787000,358.808755
4423,25.317122,13.140000,76.103501
4424,25.322896,5.774000,173.190163
4425,25.331011,8.115000,123.228589
4426,25.343813,12.802000,78.112795
4427,25.347524,3.711000,269.469146
4428,25.351965,4.441000,225.174510
4429,25.356973,5.008000,199.680511
4430,25.360488,3.515000,284.495021
4431,25.364580,4.092000,244.379277
4432,25.368128,3.548000,281.848929
4433,25.371243,3.115000,321.027287
4434,25.374909,3.666000,272.776869
4435,25.378826,3.917000,255.297421
4436,25.382363,3.537000,282.725474
4437,25.386365,4.002000,249.875062
4438,25.390650,4.285000,233.372229
4439,25.393603,2.953000,338.638673
4440,25.397947,4.344000,230.202578
4441,25.402660,4.713000,212.179079
4442,25.405618,2.958000,338.066261
4443,25.408874,3.256000,307.125307
4444,25.411999,3.125000,320.000000
4445,25.436612,24.613000,40.628936
4446,25.441925,5.313000,188.217580
4447,25.450653,8.728000,114.573786
4448,25.454277,3.624000,275.938190
4449,25.457332,3.055000,327.332242
4450,25.460994,3.662000,273.074823
4451,25.464558,3.564000,280.583614
4452,25.467411,2.853000,350.508237
4453,25.470336,2.925000,341.880342
4454,25.473781,3.445000,290.275762
4455,25.477099,3.318000,301.386377
4456,25.480426,3.327000,300.571085
4457,25.483384,2.958000,338.066261
4458,25.487026,3.642000,274.574410
4459,25.490368,3.342000,299.222023
4460,25.500034,9.666000,103.455411
4461,25.517943,17.909000,55.837847
4462,25.530732,12.789000,78.192196
4463,25.534351,3.619000,276.319425
4464,25.537843,3.492000,286.368843
4465,25.540559,2.716000,368.188513
4466,25.543921,3.362000,297.441999
4467,25.547091,3.170000,315.457413
4468,25.550496,3.405000,293.685756
4469,25.553452,2.956000,338.294993
4470,25.558032,4.580000,218.340611
4471,25.562084,4.052000,246.791708
4472,25.565996,3.912000,255.623722
4473,25.570112,4.116000,242.954325
4474,25.573717,3.605000,277.392510
4475,25.576895,3.178000,314.663310
4476,25.579721,2.826000,353.857042
4477,25.583327,3.606000,277.315585
4478,25.588011,4.684000,213.492741
4479,25.591248,3.237000,308.928020
4480,25.593829,2.581000,387.446726
4481,25.597068,3.239000,308.737265
4482,25.599936,2.868000,348.675035
4483,25.603498,3.562000,280.741157
4484,25.606600,3.102000,322.372663
4485,25.610729,4.129000,242.189392
4486,25.636799,26.070000,38.358266
4487,25.642202,5.403000,185.082362
4488,25.650684,8.482000,117.896722
4489,25.654313,3.629000,275.558005
4490,25.657409,3.096000,322.997416
4491,25.661528,4.119000,242.777373
4492,25.664815,3.287000,304.228780
4493,25.667907,3.092000,323.415265
4494,25.671520,3.613000,276.778301
4495,25.675275,3.755000,266.311585
4496,25.678159,2.884000,346.740638
4497,25.681382,3.223000,310.269935
4498,25.691108,9.726000,102.817191
4499,25.708062,16.954000,58.983131
4500,25.718326,10.264000,97.427903
4501,25.730417,12.091000,82.706145
4502,25.744387,13.970000,71.581961
4503,25.757125,12.738000,78.505260
4504,25.770524,13.399000,74.632435
4505,25.783756,13.232000,75.574365
4506,25.798406,14.650000,68.259386
4507,25.810739,12.333000,81.083273
4508,25.823807,13.068000,76.522804
4509,25.837287,13.480000,74.183976
4510,25.850889,13.602000,73.518600
4511,25.863951,13.062000,76.557954
4512,25.877268,13.317000,75.091988
4513,25.890102,12.834000,77.918030
4514,25.903677,13.575000,73.664825
4515,25.916592,12.915000,77.429346
4516,25.930755,14.163000,70.606510
4517,25.943504,12.749000,78.437525
4518,25.956923,13.419000,74.521201
4519,25.970222,13.299000,75.193624
4520,25.983528,13.306000,75.154066
4521,25.997181,13.653000,73.243976
4522,26.011912,14.731000,67.884054
4523,26.023958,12.046000,83.015109
4524,26.037040,13.082000,76.440911
4525,26.049882,12.842000,77.869491
4526,26.063590,13.708000,72.950102
4527,26.076651,13.061000,76.563816
4528,26.089980,13.329000,75.024383
4529,26.103346,13.366000,74.816699
4530,26.117189,13.843000,72.238677
4531,26.130790,13.601000,73.524006
4532,26.143557,12.767000,78.326937
4533,26.157129,13.572000,73.681108
4534,26.170843,13.714000,72.918186
4535,26.183512,12.669000,78.932828
4536,26.196546,13.034000,76.722418
4537,26.210075,13.529000,73.915293
4538,26.223258,13.183000,75.855268
4539,26.237191,13.933000,71.772052
4540,26.250710,13.519000,73.969968
4541,26.264247,13.537000,73.871611
4542,26.276854,12.607000,79.321012
4543,26.289920,13.066000,76.534517
4544,26.302958,13.038000,76.698880
4545,26.316296,13.338000,74.973759
4546,26.329627,13.331000,75.013127
4547,26.343338,13.711000,72.934140
4548,26.357033,13.695000,73.019350
4549,26.370520,13.487000,74.145473
4550,26.383302,12.782000,78.235018
4551,26.396866,13.564000,73.724565
4552,26.409632,12.766000,78.333072
4553,26.422845,13.213000,75.683039
4554,26.436363,13.518000,73.975440
4555,26.450162,13.799000,72.469019
4556,26.462697,12.535000,79.776625
4557,26.476650,13.953000,71.669175
4558,26.489591,12.941000,77.273781
4559,26.502733,13.142000,76.091919
4560,26.516674,13.941000,71.730866
4561,26.530508,13.834000,72.285673
4562,26.542899,12.391000,80.703737
4563,26.548023,5.124000,195.160031
4564,26.552864,4.841000,206.568891
4565,26.556520,3.656000,273.522976
4566,26.559205,2.685000,372.439479
4567,26.561710,2.505000,399.201597
4568,26.564195,2.485000,402.414487
4569,26.566638,2.443000,409.332788
4570,26.569068,2.430000,411.522634
4571,26.571172,2.104000,475.285171
4572,26.573273,2.101000,475.963827
4573,26.575406,2.133000,468.823254
4574,26.577653,2.247000,445.037828
4575,26.579715,2.062000,484.966052
4576,26.583233,3.518000,284.252416
4577,26.595898,12.665000,78.957758
4578,26.600756,4.858000,205.846027
4579,26.609931,9.175000,108.991826
4580,26.623227,13.296000,75.210590
4581,26.625693,2.466000,405.515004
4582,26.628014,2.321000,430.848772
4583,26.630106,2.092000,478.011472
4584,26.632284,2.178000,459.136823
4585,26.634396,2.112000,473.484848
4586,26.636533,2.137000,467.945718
4587,26.638696,2.163000,462.320851
4588,26.644876,6.180000,161.812298
4589,26.676565,31.689000,31.556692
4590,26.689869,13.304000,75.165364
4591,26.704615,14.746000,67.815001
4592,26.718275,13.660000,73.206442
4593,26.730473,12.198000,81.980653
4594,26.733508,3.035000,329.489292
4595,26.736210,2.702000,370.096225
4596,26.738255,2.045000,488.997555
4597,26.740905,2.650000,377.358491
4598,26.743570,2.665000,375.234522
4599,26.746464,2.894000,345.542502
4600,26.748960,2.496000,400.641026
4601,26.751452,2.492000,401.284109
4602,26.754025,2.573000,388.651380
4603,26.758142,4.117000,242.895312
4604,26.760957,2.815000,355.239787
4605,26.763357,2.400000,416.666667
4606,26.766281,2.924000,341.997264
4607,26.769039,2.758000,362.581581
4608,26.772946,3.907000,255.950857
4609,26.775735,2.789000,358.551452
4610,26.779364,3.629000,275.558005
4611,26.781772,2.408000,415.282392
4612,26.786039,4.267000,234.356691
4613,26.788805,2.766000,361.532899
4614,26.792479,3.674000,272.182907
4615,26.794887,2.408000,415.282392
4616,26.798706,3.819000,261.848651
4617,26.801344,2.638000,379.075057
4618,26.804776,3.432000,291.375291
4619,26.807567,2.791000,358.294518
4620,26.836587,29.020000,34.458994
4621,26.841974,5.387000,185.632077
4622,26.850281,8.307000,120.380402
4623,26.853922,3.641000,274.649821
4624,26.856797,2.875000,347.826087
4625,26.859952,3.155000,316.957211
4626,26.862137,2.185000,457.665904
4627,26.866291,4.154000,240.731825
4628,26.870091,3.800000,263.157895
4629,26.873506,3.415000,292.825769
4630,26.878039,4.533000,220.604456
4631,26.890254,12.215000,81.866558
4632,26.899066,8.812000,113.481616
4633,26.917353,18.287000,54.683655
4634,26.931069,13.716000,72.907553
4635,26.936629,5.560000,179.856115
4636,26.939607,2.978000,335.795836
4637,26.943501,3.894000,256.805342
4638,26.946512,3.011000,332.115576
4639,26.950410,3.898000,256.541816
4640,26.953119,2.709000,369.139904
4641,26.957067,3.948000,253.292806
4642,26.959804,2.737000,365.363537
4643,26.963388,3.584000,279.017857
4644,26.966030,2.642000,378.501136
4645,26.970103,4.073000,245.519273
4646,26.972807,2.704000,369.822485
4647,26.976482,3.675000,272.108844
4648,26.979298,2.816000,355.113636
4649,26.983349,4.051000,246.852629
4650,26.986175,2.826000,353.857042
4651,26.989997,3.822000,261.643119
4652,26.992813,2.816000,355.113636
4653,26.996914,4.101000,243.842965
4654,26.999713,2.799000,357.270454
4655,27.003265,3.552000,281.531532
4656,27.006351,3.086000,324.044070
4657,27.010323,3.972000,251.762336
4658,27.036386,26.063000,38.368568
4659,27.041774,5.388000,185.597624
4660,27.050327,8.553000,116.918040
4661,27.054080,3.753000,266.453504
4662,27.057764,3.684000,271.444083
4663,27.060515,2.751000,363.504180
4664,27.063910,3.395000,294.550810
4665,27.067258,3.348000,298.685783
4666,27.070841,3.583000,279.095730
4667,27.073775,2.934000,340.831629
4668,27.078552,4.777000,209.336404
4669,27.090294,11.742000,85.164367
4670,27.099192,8.898000,112.384806
4671,27.117472,18.280000,54.704595
4672,27.130389,12.917000,77.417357
4673,27.134248,3.859000,259.134491
4674,27.137899,3.651000,273.897562
4675,27.141278,3.379000,295.945546
4676,27.146154,4.876000,205.086136
4677,27.156388,10.234000,97.713504
4678,27.161920,5.532000,180.766450
4679,27.165364,3.444000,290.360046
4680,27.168426,3.062000,326.583932
4681,27.173161,4.735000,211.193242
4682,27.178060,4.899000,204.123290
4683,27.181078,3.018000,331.345262
4684,27.184069,2.991000,334.336342
4685,27.187169,3.100000,322.580645
4686,27.190380,3.211000,311.429461
4687,27.193436,3.056000,327.225131
4688,27.196299,2.863000,349.283968
4689,27.200077,3.778000,264.690312
4690,27.203781,3.704000,269.978402
4691,27.206932,3.151000,317.359568
4692,27.210319,3.387000,295.246531
4693,27.223151,12.832000,77.930175
4694,27.235485,12.334000,81.076699
4695,27.238523,3.038000,329.163924
4696,27.240910,2.387000,418.935903
4697,27.243446,2.536000,394.321767
4698,27.246331,2.885000,346.620451
4699,27.249029,2.698000,370.644922
4700,27.252440,3.411000,293.169159
4701,27.255664,3.224000,310.173697
4702,27.259007,3.343000,299.132516
4703,27.262773,3.766000,265.533723
4704,27.265310,2.537000,394.166338
4705,27.267930,2.620000,381.679389
4706,27.270549,2.619000,381.825124
4707,27.272816,2.267000,441.111601
4708,27.275832,3.016000,331.564987
4709,27.279909,4.077000,245.278391
4710,27.283198,3.289000,304.043782
4711,27.286672,3.474000,287.852619
4712,27.289701,3.029000,330.141961
4713,27.293293,3.592000,278.396437
4714,27.295808,2.515000,397.614314
4715,27.299273,3.465000,288.600289
4716,27.301942,2.669000,374.672162
4717,27.316699,14.757000,67.764451
4718,27.329195,12.496000,80.025608
4719,27.343930,14.735000,67.865626
4720,27.357011,13.081000,76.446755
4721,27.370796,13.785000,72.542619
4722,27.383703,12.907000,77.477338
4723,27.387143,3.440000,290.697674
4724,27.391288,4.145000,241.254524
4725,27.395072,3.784000,264.270613
4726,27.399315,4.243000,235.682300
4727,27.402744,3.429000,291.630213
4728,27.406236,3.492000,286.368843
4729,27.410134,3.898000,256.541816
4730,27.423614,13.480000,74.183976
4731,27.435493,11.879000,84.182170
4732,27.443859,8.366000,119.531437
4733,27.449763,5.904000,169.376694
4734,27.453349,3.586000,278.862242
4735,27.457149,3.800000,263.157895
4736,27.460613,3.464000,288.683603
4737,27.463467,2.854000,350.385424
4738,27.466896,3.429000,291.630213
4739,27.469677,2.781000,359.582884
4740,27.473076,3.399000,294.204178
4741,27.475823,2.747000,364.033491
4742,27.479604,3.781000,264.480296
4743,27.483214,3.610000,277.008310
4744,27.494125,10.911000,91.650628
4745,27.503633,9.508000,105.174590
4746,27.516841,13.208000,75.711690
4747,27.530834,13.993000,71.464304
4748,27.543153,12.319000,81.175420
4749,27.546324,3.171000,315.357931
4750,27.549544,3.220000,310.559006
4751,27.552507,2.963000,337.495781
4752,27.556093,3.586000,278.862242
4753,27.559621,3.528000,283.446712
4754,27.562636,3.015000,331.674959
4755,27.565251,2.615000,382.409178
4756,27.567964,2.713000,368.595651
4757,27.571086,3.122000,320.307495
4758,27.574011,2.925000,341.880342
4759,27.576927,2.916000,342.935528
4760,27.580358,3.431000,291.460216
4761,27.583389,3.031000,329.924117
4762,27.586630,3.241000,308.546745
4763,27.589714,3.084000,324.254215
4764,27.593037,3.323000,300.932892
4765,27.596176,3.139000,318.572794
4766,27.610434,14.258000,70.136064
4767,27.624338,13.904000,71.921749
4768,27.637119,12.781000,78.241139
4769,27.640983,3.864000,258.799172
4770,27.645300,4.317000,231.642344
4771,27.650005,4.705000,212.539851
4772,27.663336,13.331000,75.013127
4773,27.666981,3.645000,274.348422
4774,27.671081,4.100000,243.902439
4775,27.675092,4.011000,249.314385
4776,27.680040,4.948000,202.101859
4777,27.683332,3.292000,303.766707
4778,27.686266,2.934000,340.831629
4779,27.689749,3.483000,287.108814
4780,27.701290,11.541000,86.647604
4781,27.715788,14.498000,68.975031
4782,27.719603,3.815000,262.123198
4783,27.722445,2.842000,351.864884
4784,27.725965,3.520000,284.090909
4785,27.729867,3.902000,256.278831
4786,27.732883,3.016000,331.564987
4787,27.735994,3.111000,321.440051
4788,27.738935,2.941000,340.020401
4789,27.742348,3.413000,292.997363
4790,27.745346,2.998000,333.555704
4791,27.748373,3.027000,330.360093
4792,27.751431,3.058000,327.011118
4793,27.754410,2.979000,335.683115
4794,27.757802,3.392000,294.811321
4795,27.760708,2.906000,344.115623
4796,27.764020,3.312000,301.932367
4797,27.766901,2.881000,347.101701
4798,27.770997,4.096000,244.140625
4799,27.774054,3.057000,327.118090
4800,27.777083,3.029000,330.141961
4801,27.779744,2.661000,375.798572
4802,27.783554,3.810000,262.467192
4803,27.786964,3.410000,293.255132
4804,27.792491,5.527000,180.929980
4805,27.795621,3.130000,319.488818
4806,27.798417,2.796000,357.653791
4807,27.801325,2.908000,343.878955
4808,27.805539,4.214000,237.304224
4809,27.808645,3.106000,321.957502
4810,27.822913,14.268000,70.086908
4811,27.827698,4.785000,208.986416
4812,27.836948,9.250000,108.108108
4813,27.840173,3.225000,310.077519
4814,27.842833,2.660000,375.939850
4815,27.846017,3.184000,314.070352
4816,27.848707,2.690000,371.747212
4817,27.852458,3.751000,266.595575
4818,27.856130,3.672000,272.331155
4819,27.859452,3.322000,301.023480
4820,27.862306,2.854000,350.385424
4821,27.865603,3.297000,303.306036
4822,27.868476,2.873000,348.068221
4823,27.871385,2.909000,343.760743
4824,27.874887,3.502000,285.551114
4825,27.879068,4.181000,239.177230
4826,27.881726,2.658000,376.222724
4827,27.884826,3.100000,322.580645
4828,27.887860,3.034000,329.597891
4829,27.891670,3.810000,262.467192
4830,27.903416,11.746000,85.135365
4831,27.914428,11.012000,90.810025
4832,27.930810,16.382000,61.042608
4833,27.943654,12.844000,77.857365
4834,27.947279,3.625000,275.862069
4835,27.950110,2.831000,353.232073
4836,27.953649,3.539000,282.565697
4837,27.956516,2.867000,348.796652
4838,27.960142,3.626000,275.785990
4839,27.962846,2.704000,369.822485
4840,27.966242,3.396000,294.464075
4841,27.968821,2.579000,387.747189
4842,27.972559,3.738000,267.522739
4843,27.975443,2.884000,346.740638
4844,27.978991,3.548000,281.848929
4845,27.981994,3.003000,333.000333
4846,27.985962,3.968000,252.016129
4847,27.988811,2.849000,351.000351
4848,27.992298,3.487000,286.779467
4849,27.995320,3.022000,330.906684
4850,27.999312,3.992000,250.501002
4851,28.002199,2.887000,346.380326
4852,28.005836,3.637000,274.951883
4853,28.008868,3.032000,329.815303
4854,28.036332,27.464000,36.411302
4855,28.040908,4.576000,218.531469
4856,28.050262,9.354000,106.906136
4857,28.053908,3.646000,274.273176
4858,28.057908,4.000000,250.000000
4859,28.062668,4.760000,210.084034
4860,28.066213,3.545000,282.087447
4861,28.069261,3.048000,328.083990
4862,28.072405,3.144000,318.066158
4863,28.076336,3.931000,254.388196
4864,28.079957,3.621000,276.166805
4865,28.083573,3.616000,276.548673
4866,28.087051,3.478000,287.521564
4867,28.091465,4.414000,226.551880
4868,28.094716,3.251000,307.597662
4869,28.103152,8.436000,118.539592
4870,28.131129,27.977000,35.743647
4871,28.144206,13.077000,76.470138
4872,28.149031,4.825000,207.253886
4873,28.152712,3.681000,271.665308
4874,28.155936,3.224000,310.173697
4875,28.159435,3.499000,285.795942
4876,28.162453,3.018000,331.345262
4877,28.165872,3.419000,292.483182
4878,28.168858,2.986000,334.896182
4879,28.172377,3.519000,284.171640
4880,28.175426,3.049000,327.976386
4881,28.178077,2.651000,377.216145
4882,28.180586,2.509000,398.565165
4883,28.183672,3.086000,324.044070
4884,28.186782,3.110000,321.543408
4885,28.189609,2.827000,353.731871
4886,28.192921,3.312000,301.932367
4887,28.195619,2.698000,370.644922
4888,28.199333,3.714000,269.251481
4889,28.202050,2.717000,368.053000
4890,28.205664,3.614000,276.701716
4891,28.208584,2.920000,342.465753
4892,28.236324,27.740000,36.049027
4893,28.241631,5.307000,188.430375
4894,28.250217,8.586000,116.468670
4895,28.253703,3.486000,286.861733
4896,28.257767,4.064000,246.062992
4897,28.261520,3.753000,266.453504
4898,28.265748,4.228000,236.518448
4899,28.268591,2.843000,351.741119
4900,28.272010,3.419000,292.483182
4901,28.275017,3.007000,332.557366
4902,28.278839,3.822000,261.643119
4903,28.281859,3.020000,331.125828
4904,28.285322,3.463000,288.766965
4905,28.288238,2.916000,342.935528
4906,28.291890,3.652000,273.822563
4907,28.294614,2.724000,367.107195
4908,28.298036,3.422000,292.226768
4909,28.300922,2.886000,346.500347
4910,28.329480,28.558000,35.016458
4911,28.342270,12.790000,78.186083
4912,28.345413,3.143000,318.167356
4913,28.349671,4.258000,234.852043
4914,28.352615,2.944000,339.673913
4915,28.356828,4.213000,237.360551
4916,28.359708,2.880000,347.222222
4917,28.363541,3.833000,260.892252
4918,28.366401,2.860000,349.650350
4919,28.370891,4.490000,222.717149
4920,28.373909,3.018000,331.345262
4921,28.377520,3.611000,276.931598
4922,28.380470,2.950000,338.983051
4923,28.385218,4.748000,210.614996
4924,28.388066,2.848000,351.123596
4925,28.391275,3.209000,311.623559
4926,28.394089,2.814000,355.366027
4927,28.404017,9.928000,100.725222
4928,28.424152,20.135000,49.664763
4929,28.437436,13.284000,75.278531
4930,28.441223,3.787000,264.061262
4931,28.444397,3.174000,315.059861
4932,28.447567,3.170000,315.457413
4933,28.452178,4.611000,216.872696
4934,28.456230,4.052000,246.791708
4935,28.460688,4.458000,224.315837
4936,28.463806,3.118000,320.718409
4937,28.467633,3.827000,261.301280
4938,28.470867,3.234000,309.214595
4939,28.474398,3.531000,283.205891
4940,28.478684,4.286000,233.317779
4941,28.482410,3.726000,268.384326
4942,28.485409,2.999000,333.444481
4943,28.490024,4.615000,216.684724
4944,28.493257,3.233000,309.310238
4945,28.496618,3.361000,297.530497
4946,28.500012,3.394000,294.637596
4947,28.529757,29.745000,33.619096
4948,28.542759,13.002000,76.911244
4949,28.546607,3.848000,259.875260
4950,28.549648,3.041000,328.839198
4951,28.553363,3.715000,269.179004
4952,28.557293,3.930000,254.452926
4953,28.560554,3.261000,306.654400
4954,28.564152,3.598000,277.932185
4955,28.567168,3.016000,331.564987
4956,28.570870,3.702000,270.124257
4957,28.573830,2.960000,337.837838
4958,28.576949,3.119000,320.615582
4959,28.579825,2.876000,347.705146
4960,28.582812,2.987000,334.784064
4961,28.586374,3.562000,280.741157
4962,28.589250,2.876000,347.705146
4963,28.592991,3.741000,267.308206
4964,28.595999,3.008000,332.446809
4965,28.603919,7.920000,126.262626
4966,28.624191,20.272000,49.329124
4967,28.636909,12.718000,78.628715
4968,28.640666,3.757000,266.169816
4969,28.643807,3.141000,318.369946
4970,28.647115,3.308000,302.297461
4971,28.650337,3.222000,310.366232
4972,28.653923,3.586000,278.862242
4973,28.656837,2.914000,343.170899
4974,28.660328,3.491000,286.450874
4975,28.665017,4.689000,213.265089
4976,28.668658,3.641000,274.649821
4977,28.673052,4.394000,227.583068
4978,28.677183,4.131000,242.072137
4979,28.680719,3.536000,282.805430
4980,28.684849,4.130000,242.130751
4981,28.688239,3.390000,294.985251
4982,28.692331,4.092000,244.379277
4983,28.695934,3.603000,277.546489
4984,28.699388,3.454000,289.519398
4985,28.703711,4.323000,231.320842
4986,28.729469,25.758000,38.822890
4987,28.742574,13.105000,76.306753
4988,28.745904,3.330000,300.300300
4989,28.751021,5.117000,195.427008
4990,28.772210,21.189000,47.194299
4991,28.783547,11.337000,88.206757
4992,28.798109,14.562000,68.671886
4993,28.810099,11.990000,83.402836
4994,28.823440,13.341000,74.956900
4995,28.836959,13.519000,73.969968
4996,28.841096,4.137000,241.721054
4997,28.844260,3.164000,316.055626
4998,28.847357,3.097000,322.893122
4999,28.851796,4.439000,225.275963
5000,28.855849,4.053000,246.730817
5001,28.859034,3.185000,313.971743
5002,28.862171,3.137000,318.775901
5003,28.865302,3.131000,319.386777
5004,28.868772,3.470000,288.184438
5005,28.871461,2.689000,371.885459
5006,28.874690,3.229000,309.693404
5007,28.878233,3.543000,282.246684
5008,28.881245,3.012000,332.005312
5009,28.884880,3.635000,275.103164
5010,28.889870,4.990000,200.400802
5011,28.893722,3.852000,259.605400
5012,28.898068,4.346000,230.096641
5013,28.901129,3.061000,326.690624
5014,28.929457,28.328000,35.300762
5015,28.936233,6.776000,147.579693
5016,28.943584,7.351000,136.035913
5017,28.947692,4.108000,243.427459
5018,28.950712,3.020000,331.125828
5019,28.954662,3.950000,253.164557
5020,28.957588,2.926000,341.763500
5021,28.961396,3.808000,262.605042
5022,28.964231,2.835000,352.733686
5023,28.967995,3.764000,265.674814
5024,28.970919,2.924000,341.997264
5025,28.974720,3.801000,263.088661
5026,28.977828,3.108000,321.750322
5027,28.981115,3.287000,304.228780
5028,28.984119,3.004000,332.889481
5029,28.988104,3.985000,250.941029
5030,28.991142,3.038000,329.163924
5031,28.994488,3.346000,298.864316
5032,28.997401,2.913000,343.288706
5033,29.001037,3.636000,275.027503
5034,29.004135,3.098000,322.788896
5035,29.007551,3.416000,292.740047
5036,29.010406,2.855000,350.262697
5037,29.036116,25.710000,38.895371
5038,29.041979,5.863000,170.561146
5039,29.050154,8.175000,122.324159
5040,29.053982,3.828000,261.233020
5041,29.057076,3.094000,323.206206
5042,29.060725,3.649000,274.047684
5043,29.063459,2.734000,365.764448
5044,29.067091,3.632000,275.330396
5045,29.071381,4.290000,233.100233
5046,29.076042,4.661000,214.546235
5047,29.079036,2.994000,334.001336
5048,29.081403,2.367000,422.475708
5049,29.083790,2.387000,418.935903
5050,29.086490,2.700000,370.370370
5051,29.090189,3.699000,270.343336
5052,29.094037,3.848000,259.875260
5053,29.098177,4.140000,241.545894
5054,29.103202,5.025000,199.004975
5055,29.129303,26.101000,38.312708
5056,29.133449,4.146000,241.196334
5057,29.143557,10.108000,98.931539
5058,29.147327,3.770000,265.251989
5059,29.151932,4.605000,217.155266
5060,29.154678,2.746000,364.166060
5061,29.158217,3.539000,282.565697
5062,29.161628,3.411000,293.169159
5063,29.164299,2.671000,374.391614
5064,29.168251,3.952000,253.036437
5065,29.171332,3.081000,324.569945
5066,29.173818,2.486000,402.252615
5067,29.176552,2.734000,365.764448
5068,29.180013,3.461000,288.933834
5069,29.183823,3.810000,262.467192
5070,29.187722,3.899000,256.476019
5071,29.190634,2.912000,343.406593
5072,29.193890,3.256000,307.125307
5073,29.196851,2.961000,337.723742
5074,29.202914,6.063000,164.934851
5075,29.223899,20.985000,47.653086
5076,29.236815,12.916000,77.423351
5077,29.240391,3.576000,279.642058
5078,29.243343,2.952000,338.753388
5079,29.247299,3.956000,252.780586
5080,29.250072,2.773000,360.620267
5081,29.253599,3.527000,283.527077
5082,29.256538,2.939000,340.251786
5083,29.259872,3.334000,299.940012
5084,29.262808,2.936000,340.599455
5085,29.266431,3.623000,276.014353
5086,29.269236,2.805000,356.506239
5087,29.272678,3.442000,290.528762
5088,29.275592,2.914000,343.170899
5089,29.279494,3.902000,256.278831
5090,29.282467,2.973000,336.360579
5091,29.285845,3.378000,296.033156
5092,29.288767,2.922000,342.231348
5093,29.315977,27.210000,36.751194
5094,29.321370,5.393000,185.425552
5095,29.329937,8.567000,116.726976
5096,29.333522,3.585000,278.940028
5097,29.336857,3.335000,299.850075
5098,29.340397,3.540000,282.485876
5099,29.343652,3.255000,307.219662
5100,29.346782,3.130000,319.488818
5101,29.349998,3.216000,310.945274
5102,29.353425,3.427000,291.800409
5103,29.358338,4.913000,203.541624
5104,29.362567,4.229000,236.462521
5105,29.366712,4.145000,241.254524
5106,29.369696,2.984000,335.120643
5107,29.373082,3.386000,295.333727
5108,29.377352,4.270000,234.192037
5109,29.381063,3.711000,269.469146
5110,29.385457,4.394000,227.583068
5111,29.389160,3.703000,270.051310
5112,29.392265,3.105000,322.061192
5113,29.396556,4.291000,233.045910
5114,29.399924,3.368000,296.912114
5115,29.403206,3.282000,304.692261
5116,29.406353,3.147000,317.762949
5117,29.435976,29.623000,33.757553
5118,29.442481,6.505000,153.727902
5119,29.450013,7.532000,132.766861
5120,29.453631,3.618000,276.395799
5121,29.459561,5.930000,168.634064
5122,29.463648,4.087000,244.678248
5123,29.466755,3.107000,321.853878
5124,29.469848,3.093000,323.310702
5125,29.472834,2.986000,334.896182
5126,29.475849,3.015000,331.674959
5127,29.478956,3.107000,321.853878
5128,29.482086,3.130000,319.488818
5129,29.484993,2.907000,343.997248
5130,29.489792,4.799000,208.376745
5131,29.500656,10.864000,92.047128
5132,29.517086,16.430000,60.864273
5133,29.530247,13.161000,75.982068
5134,29.533780,3.533000,283.045570
5135,29.536804,3.024000,330.687831
5136,29.540159,3.355000,298.062593
5137,29.543144,2.985000,335.008375
5138,29.546636,3.492000,286.368843
5139,29.549664,3.028000,330.250991
5140,29.553274,3.610000,277.008310
5141,29.558240,4.966000,201.369311
5142,29.561997,3.757000,266.169816
5143,29.565936,3.939000,253.871541
5144,29.569093,3.157000,316.756414
5145,29.572753,3.660000,273.224044
5146,29.575946,3.193000,313.185092
5147,29.579378,3.432000,291.375291
5148,29.582494,3.116000,320.924262
5149,29.586239,3.745000,267.022697
5150,29.589150,2.911000,343.524562
5151,29.592457,3.307000,302.388872
5152,29.595309,2.852000,350.631136
5153,29.598809,3.500000,285.714286
5154,29.601657,2.848000,351.123596
5155,29.605256,3.599000,277.854960
5156,29.608065,2.809000,355.998576
5157,29.636187,28.122000,35.559349
5158,29.641339,5.152000,194.099379
5159,29.649962,8.623000,115.968920
5160,29.653597,3.635000,275.103164
5161,29.656659,3.062000,326.583932
5162,29.659858,3.199000,312.597687
5163,29.663234,3.376000,296.208531
5164,29.666327,3.093000,323.310702
5165,29.669336,3.009000,332.336324
5166,29.672432,3.096000,322.997416
5167,29.675384,2.952000,338.753388
5168,29.679077,3.693000,270.782562
5169,29.682239,3.162000,316.255534
5170,29.685432,3.193000,313.185092
5171,29.688351,2.919000,342.583076
5172,29.691575,3.224000,310.173697
5173,29.694514,2.939000,340.251786
5174,29.697736,3.222000,310.366232
5175,29.700765,3.029000,330.141961
5176,29.729479,28.714000,34.826217
5177,29.734935,5.456000,183.284457
5178,29.743267,8.332000,120.019203
5179,29.747092,3.825000,261.437908
5180,29.751403,4.311000,231.964741
5181,29.756448,5.045000,198.216056
5182,29.760141,3.693000,270.782562
5183,29.763387,3.246000,308.071473
5184,29.767022,3.635000,275.103164
5185,29.770438,3.416000,292.740047
5186,29.773876,3.438000,290.866783
5187,29.777108,3.232000,309.405941
5188,29.780495,3.387000,295.246531
5189,29.783983,3.488000,286.697248
5190,29.786958,2.975000,336.134454
5191,29.790146,3.188000,313.676286
5192,29.793696,3.550000,281.690141
5193,29.797302,3.606000,277.315585
5194,29.801474,4.172000,239.693193
5195,29.804692,3.218000,310.752020
5196,29.807879,3.187000,313.774710
5197,29.836200,28.321000,35.309488
5198,29.841330,5.130000,194.931774
5199,29.850192,8.862000,112.841345
5200,29.854112,3.920000,255.102041
5201,29.857766,3.654000,273.672687
5202,29.860546,2.780000,359.712230
5203,29.864141,3.595000,278.164117
5204,29.867173,3.032000,329.815303
5205,29.870275,3.102000,322.372663
5206,29.873052,2.777000,360.100828
5207,29.876125,3.073000,325.414904
5208,29.879037,2.912000,343.406593
5209,29.882199,3.162000,316.255534
5210,29.885362,3.163000,316.155549
5211,29.888369,3.007000,332.557366
5212,29.897949,9.580000,104.384134
5213,29.917261,19.312000,51.781276
5214,29.930083,12.822000,77.990953
5215,29.933597,3.514000,284.575982
5216,29.938508,4.911000,203.624516
5217,29.941460,2.952000,338.753388
5218,29.945218,3.758000,266.098989
5219,29.948014,2.796000,357.653791
5220,29.951717,3.703000,270.051310
5221,29.956327,4.610000,216.919740
5222,29.960072,3.745000,267.022697
5223,29.964354,4.282000,233.535731
5224,29.967606,3.252000,307.503075
5225,29.972308,4.702000,212.675457
5226,29.976918,4.610000,216.919740
5227,29.980182,3.264000,306.372549
5228,29.984894,4.712000,212.224109
5229,29.996624,11.730000,85.251492
5230,30.022690,26.066000,38.364153
5231,30.029787,7.097000,140.904608
5232,30.036714,6.927000,144.362639
5233,30.040564,3.850000,259.740260
5234,30.043881,3.317000,301.477238
5235,30.047132,3.251000,307.597662
5236,30.050341,3.209000,311.623559
5237,30.053778,3.437000,290.951411
5238,30.056790,3.012000,332.005312
5239,30.060150,3.360000,297.619048
5240,30.063053,2.903000,344.471237
5241,30.066766,3.713000,269.323997
5242,30.069751,2.985000,335.008375
5243,30.073298,3.547000,281.928390
5244,30.076549,3.251000,307.597662
5245,30.079897,3.348000,298.685783
5246,30.082986,3.089000,323.729362
5247,30.086346,3.360000,297.619048
5248,30.089579,3.233000,309.310238
5249,30.093163,3.584000,279.017857
5250,30.096124,2.961000,337.723742
5251,30.099642,3.518000,284.252416
5252,30.102867,3.225000,310.077519
5253,30.129516,26.649000,37.524860
5254,30.134695,5.179000,193.087469
5255,30.143432,8.737000,114.455763
5256,30.147188,3.756000,266.240682
5257,30.151112,3.924000,254.841998
5258,30.156047,4.935000,202.634245
5259,30.159982,3.935000,254.129606
5260,30.163414,3.432000,291.375291
5261,30.165944,2.530000,395.256917
5262,30.169298,3.354000,298.151461
5263,30.173199,3.901000,256.344527
5264,30.176667,3.468000,288.350634
5265,30.179509,2.842000,351.864884
5266,30.182629,3.120000,320.512821
5267,30.186524,3.895000,256.739409
5268,30.189784,3.260000,306.748466
5269,30.192831,3.047000,328.191664
5270,30.195998,3.167000,315.756236
5271,30.199577,3.579000,279.407656
5272,30.202981,3.404000,293.772033
5273,30.205879,2.898000,345.065562
5274,30.208959,3.080000,324.675325
5275,30.236463,27.504000,36.358348
5276,30.242291,5.828000,171.585450
5277,30.250470,8.179000,122.264335
5278,30.254207,3.737000,267.594327
5279,30.257199,2.992000,334.224599
5280,30.260819,3.620000,276.243094
5281,30.264188,3.369000,296.823983
5282,30.267597,3.409000,293.341156
5283,30.270576,2.979000,335.683115
5284,30.274183,3.607000,277.238703
5285,30.277637,3.454000,289.519398
5286,30.281096,3.459000,289.100896
5287,30.284025,2.929000,341.413452
5288,30.287431,3.406000,293.599530
5289,30.290787,3.356000,297.973778
5290,30.293937,3.150000,317.460317
5291,30.296851,2.914000,343.170899
5292,30.300463,3.612000,276.854928
5293,30.304065,3.602000,277.623542
5294,30.329457,25.392000,39.382483
5295,30.334509,5.052000,197.941409
5296,30.343724,9.215000,108.518719
5297,30.347581,3.857000,259.268862
5298,30.351473,3.892000,256.937307
5299,30.356002,4.529000,220.799293
5300,30.359691,3.689000,271.076172
5301,30.363118,3.427000,291.800409
5302,30.366977,3.859000,259.134491
5303,30.370962,3.985000,250.941029
5304,30.374550,3.588000,278.706800
5305,30.377451,2.901000,344.708721
5306,30.380824,3.373000,296.471983
5307,30.384961,4.137000,241.721054
5308,30.388660,3.699000,270.343336
5309,30.391677,3.017000,331.455088
5310,30.394721,3.044000,328.515112
5311,30.398180,3.459000,289.100896
5312,30.401091,2.911000,343.524562
5313,30.404263,3.172000,315.258512
5314,30.407021,2.758000,362.581581
5315,30.410408,3.387000,295.246531
5316,30.435971,25.563000,39.119039
5317,30.441259,5.288000,189.107413
5318,30.449631,8.372000,119.445772
5319,30.453266,3.635000,275.103164
5320,30.456206,2.940000,340.136054
5321,30.465861,9.655000,103.573278
5322,30.490475,24.614000,40.627285
5323,30.502937,12.462000,80.243942
5324,30.512774,9.837000,101.657009
5325,30.530044,17.270000,57.903880
5326,30.543094,13.050000,76.628352
5327,30.546981,3.887000,257.267816
5328,30.550454,3.473000,287.935502
5329,30.553490,3.036000,329.380764
5330,30.558374,4.884000,204.750205
5331,30.561745,3.371000,296.647879
5332,30.564711,2.966000,337.154417
5333,30.567674,2.963000,337.495781
5334,30.571376,3.702000,270.124257
5335,30.574982,3.606000,277.315585
5336,30.578073,3.091000,323.519896
5337,30.581397,3.324000,300.842359
5338,30.584839,3.442000,290.528762
5339,30.588019,3.180000,314.465409
5340,30.591177,3.158000,316.656111
5341,30.594782,3.605000,277.392510
5342,30.597958,3.176000,314.861461
5343,30.601488,3.530000,283.286119
5344,30.604597,3.109000,321.646832
5345,30.608292,3.695000,270.635995
5346,30.611432,3.140000,318.471338
5347,30.635441,24.009000,41.651048
5348,30.648426,12.985000,77.011937
5349,30.651621,3.195000,312.989045
5350,30.654185,2.564000,390.015601
5351,30.657005,2.820000,354.609929
5352,30.660173,3.168000,315.656566
5353,30.663089,2.916000,342.935528
5354,30.666865,3.776000,264.830508
5355,30.669944,3.079000,324.780773
5356,30.673720,3.776000,264.830508
5357,30.677055,3.335000,299.850075
5358,30.680329,3.274000,305.436775
5359,30.683647,3.318000,301.386377
5360,30.686552,2.905000,344.234079
5361,30.689248,2.696000,370.919881
5362,30.702608,13.360000,74.850299
5363,30.716666,14.058000,71.133874
5364,30.729207,12.541000,79.738458
5365,30.742876,13.669000,73.158241
5366,30.756648,13.772000,72.611095
5367,30.769169,12.521000,79.865825
5368,30.782532,13.363000,74.833495
5369,30.795521,12.989000,76.988221
5370,30.808928,13.407000,74.587902
5371,30.822715,13.787000,72.532095
5372,30.835874,13.159000,75.993617
5373,30.849112,13.238000,75.540112
5374,30.862549,13.437000,74.421374
5375,30.875880,13.331000,75.013127
5376,30.889232,13.352000,74.895147
5377,30.902540,13.308000,75.142771
5378,30.916000,13.460000,74.294205
5379,30.929242,13.242000,75.517293
5380,30.942500,13.258000,75.426158
5381,30.955970,13.470000,74.239050
5382,30.969199,13.229000,75.591504
5383,30.982807,13.608000,73.486185
5384,30.996260,13.453000,74.332863
5385,31.012529,16.269000,61.466593
5386,31.022453,9.924000,100.765820
5387,31.035983,13.530000,73.909830
5388,31.049057,13.074000,76.487685
5389,31.063189,14.132000,70.761393
5390,31.075811,12.622000,79.226747
5391,31.089487,13.676000,73.120796
5392,31.102477,12.990000,76.982294
5393,31.115683,13.206000,75.723156
5394,31.129752,14.069000,71.078257
5395,31.142790,13.038000,76.698880
5396,31.155942,13.152000,76.034063
5397,31.169247,13.305000,75.159714
5398,31.182659,13.412000,74.560095
5399,31.195870,13.211000,75.694497
5400,31.209307,13.437000,74.421374
5401,31.222738,13.431000,74.454620
5402,31.236202,13.464000,74.272133
5403,31.249650,13.448000,74.360500
5404,31.262692,13.042000,76.675357
5405,31.275860,13.168000,75.941677
5406,31.289663,13.803000,72.448019
5407,31.302937,13.274000,75.335242
5408,31.316147,13.210000,75.700227
5409,31.329436,13.289000,75.250207
5410,31.342966,13.530000,73.909830
5411,31.356700,13.734000,72.811999
5412,31.369523,12.823000,77.984871
5413,31.383068,13.545000,73.827981
5414,31.396187,13.119000,76.225322
5415,31.409556,13.369000,74.799910
5416,31.422688,13.132000,76.149863
5417,31.436022,13.334000,74.996250
5418,31.449106,13.084000,76.429227
5419,31.462579,13.473000,74.222519
5420,31.476159,13.580000,73.637703
5421,31.489417,13.258000,75.426158
5422,31.502896,13.479000,74.189480
5423,31.517134,14.238000,70.234584
5424,31.529226,12.092000,82.699305
5425,31.534366,5.140000,194.552529
5426,31.539126,4.760000,210.084034
5427,31.542524,3.398000,294.290759
5428,31.545177,2.653000,376.931775
5429,31.547524,2.347000,426.075841
5430,31.549937,2.413000,414.421881
5431,31.552786,2.849000,351.000351
5432,31.555103,2.317000,431.592577
5433,31.557347,2.244000,445.632799
5434,31.559721,2.374000,421.229992
5435,31.562705,2.984000,335.120643
5436,31.565397,2.692000,371.471025
5437,31.567924,2.527000,395.726157
5438,31.572081,4.157000,240.558095
5439,31.575534,3.453000,289.603244
5440,31.577903,2.369000,422.119038
5441,31.579776,1.873000,533.902830
5442,31.582111,2.335000,428.265525
5443,31.584916,2.805000,356.506239
5444,31.587972,3.056000,327.225131
5445,31.590304,2.332000,428.816467
5446,31.592521,2.217000,451.059991
5447,31.594811,2.290000,436.681223
5448,31.597520,2.709000,369.139904
5449,31.599779,2.259000,442.673749
5450,31.602069,2.290000,436.681223
5451,31.604408,2.339000,427.533134
5452,31.606921,2.513000,397.930760
5453,31.613684,6.763000,147.863374
5454,31.648267,34.583000,28.915941
5455,31.650797,2.530000,395.256917
5456,31.652813,2.016000,496.031746
5457,31.655481,2.668000,374.812594
5458,31.658474,2.993000,334.112930
5459,31.661366,2.892000,345.781466
5460,31.664971,3.605000,277.392510
5461,31.668217,3.246000,308.071473
5462,31.672206,3.989000,250.689396
5463,31.674766,2.560000,390.625000
5464,31.677484,2.718000,367.917586
5465,31.679667,2.183000,458.085204
5466,31.682748,3.081000,324.569945
5467,31.685717,2.969000,336.813742
5468,31.690246,4.529000,220.799293
5469,31.692796,2.550000,392.156863
5470,31.695678,2.882000,346.981263
5471,31.697896,2.218000,450.856628
5472,31.702125,4.229000,236.462521
5473,31.704647,2.522000,396.510706
5474,31.714214,9.567000,104.525975
5475,31.730242,16.028000,62.390816
5476,31.743047,12.805000,78.094494
5477,31.746628,3.581000,279.251606
5478,31.749728,3.100000,322.580645
5479,31.753250,3.522000,283.929585
5480,31.756063,2.813000,355.492357
5481,31.759895,3.832000,260.960334
5482,31.762959,3.064000,326.370757
5483,31.766612,3.653000,273.747605
5484,31.771324,4.712000,212.224109
5485,31.775142,3.818000,261.917234
5486,31.778595,3.453000,289.603244
5487,31.781735,3.140000,318.471338
5488,31.786009,4.274000,233.972859
5489,31.790135,4.126000,242.365487
5490,31.793474,3.339000,299.490866
5491,31.796495,3.021000,331.016220
5492,31.800084,3.589000,278.629145
5493,31.803023,2.939000,340.251786
5494,31.806506,3.483000,287.108814
5495,31.809267,2.761000,362.187613
5496,31.835737,26.470000,37.778617
5497,31.848787,13.050000,76.628352
5498,31.851491,2.704000,369.822485
5499,31.854619,3.128000,319.693095
5500,31.858184,3.565000,280.504909
5501,31.861016,2.832000,353.107345
5502,31.864788,3.772000,265.111347
5503,31.867502,2.714000,368.459838
5504,31.871086,3.584000,279.017857
5505,31.873749,2.663000,375.516335
5506,31.877662,3.913000,255.558395
5507,31.880474,2.812000,355.618777
5508,31.884055,3.581000,279.251606
5509,31.886887,2.832000,353.107345
5510,31.897363,10.476000,95.456281
5511,31.916898,19.535000,51.190171
5512,31.929833,12.935000,77.309625
5513,31.933345,3.512000,284.738041
5514,31.936155,2.810000,355.871886
5515,31.939547,3.392000,294.811321
5516,31.942514,2.967000,337.040782
5517,31.946003,3.489000,286.615076
5518,31.948842,2.839000,352.236703
5519,31.952224,3.382000,295.683028
5520,31.955057,2.833000,352.982704
5521,31.958859,3.802000,263.019463
5522,31.961594,2.735000,365.630713
5523,31.965073,3.479000,287.438919
5524,31.967878,2.805000,356.506239
5525,31.971619,3.741000,267.308206
5526,31.975747,4.128000,242.248062
5527,31.979750,4.003000,249.812641
5528,31.983125,3.375000,296.296296
5529,31.986681,3.556000,281.214848
5530,31.990786,4.105000,243.605359
5531,31.995203,4.417000,226.398008
5532,32.022253,27.050000,36.968577
5533,32.026486,4.233000,236.239074
5534,32.036656,10.170000,98.328417
5535,32.040524,3.868000,258.531541
5536,32.044794,4.270000,234.192037
5537,32.049611,4.817000,207.598090
5538,32.063062,13.451000,74.343915
5539,32.068467,5.405000,185.013876
5540,32.071498,3.031000,329.924117
5541,32.074562,3.064000,326.370757
5542,32.079299,4.737000,211.104074
5543,32.084126,4.827000,207.168013
5544,32.087444,3.318000,301.386377
5545,32.090686,3.242000,308.451573
5546,32.094782,4.096000,244.140625
5547,32.098253,3.471000,288.101412
5548,32.101346,3.093000,323.310702
5549,32.104753,3.407000,293.513355
5550,32.118255,13.502000,74.063102
5551,32.128595,10.340000,96.711799
5552,32.132232,3.637000,274.951883
5553,32.135228,2.996000,333.778371
5554,32.138247,3.019000,331.235508
5555,32.141266,3.019000,331.235508
5556,32.144319,3.053000,327.546675
5557,32.147173,2.854000,350.385424
5558,32.150529,3.356000,297.973778
5559,32.153538,3.009000,332.336324
5560,32.156193,2.655000,376.647834
5561,32.159035,2.842000,351.864884
5562,32.162055,3.020000,331.125828
5563,32.165067,3.012000,332.005312
5564,32.167860,2.793000,358.037952
5565,32.171556,3.696000,270.562771
5566,32.174436,2.880000,347.222222
5567,32.177983,3.547000,281.928390
5568,32.182389,4.406000,226.963232
5569,32.185471,3.082000,324.464633
5570,32.187773,2.302000,434.404865
5571,32.190555,2.782000,359.453630
5572,32.193065,2.510000,398.406375
5573,32.196110,3.045000,328.407225
5574,32.199296,3.186000,313.873195
5575,32.202146,2.850000,350.877193
5576,32.205168,3.022000,330.906684
5577,32.222570,17.402000,57.464659
5578,32.235223,12.653000,79.032640
5579,32.238108,2.885000,346.620451
5580,32.240362,2.254000,443.655723
5581,32.242932,2.570000,389.105058
5582,32.245428,2.496000,400.641026
5583,32.248864,3.436000,291.036088
5584,32.251624,2.760000,362.318841
5585,32.254323,2.699000,370.507595
5586,32.256548,2.225000,449.438202
5587,32.258850,2.302000,434.404865
5588,32.261038,2.188000,457.038391
5589,32.263314,2.276000,439.367311
5590,32.265534,2.220000,450.450450
5591,32.267755,2.221000,450.247636
5592,32.269798,2.043000,489.476260
5593,32.273019,3.221000,310.462589
5594,32.275427,2.408000,415.282392
5595,32.278342,2.915000,343.053173
5596,32.280895,2.553000,391.696044
5597,32.283078,2.183000,458.085204
5598,32.285428,2.350000,425.531915
5599,32.288933,3.505000,285.306705
5600,32.291573,2.640000,378.787879
5601,32.293756,2.183000,458.085204
5602,32.296339,2.583000,387.146729
5603,32.299655,3.316000,301.568154
5604,32.302266,2.611000,382.995021
5605,32.310340,8.074000,123.854347
5606,32.316548,6.208000,161.082474
5607,32.329457,12.909000,77.465334
5608,32.332461,3.004000,332.889481
5609,32.335111,2.650000,377.358491
5610,32.337887,2.776000,360.230548
5611,32.340243,2.356000,424.448217
5612,32.344708,4.465000,223.964166
5613,32.347548,2.840000,352.112676
5614,32.351061,3.513000,284.656988
5615,32.353853,2.792000,358.166189
5616,32.357737,3.884000,257.466529
5617,32.360416,2.679000,373.273610
5618,32.363448,3.032000,329.815303
5619,32.366067,2.619000,381.825124
5620,32.370647,4.580000,218.340611
5621,32.373323,2.676000,373.692078
5622,32.376435,3.112000,321.336761
5623,32.379243,2.808000,356.125356
5624,32.383867,4.624000,216.262976
5625,32.395714,11.847000,84.409555
5626,32.399225,3.511000,284.819140
5627,32.401395,2.170000,460.829493
5628,32.404981,3.586000,278.862242
5629,32.407188,2.207000,453.103761
5630,32.435780,28.592000,34.974818
5631,32.441247,5.467000,182.915676
5632,32.449752,8.505000,117.577895
5633,32.453536,3.784000,264.270613
5634,32.457521,3.985000,250.941029
5635,32.461968,4.447000,224.870699
5636,32.465608,3.640000,274.725275
5637,32.469458,3.850000,259.740260
5638,32.473178,3.720000,268.817204
5639,32.476099,2.921000,342.348511
5640,32.479595,3.496000,286.041190
5641,32.484247,4.652000,214.961307
5642,32.502691,18.444000,54.218174
5643,32.516931,14.240000,70.224719
5644,32.530462,13.531000,73.904368
5645,32.542694,12.232000,81.752780
5646,32.545655,2.961000,337.723742
5647,32.555642,9.987000,100.130169
5648,32.558568,2.926000,341.763500
5649,32.561339,2.771000,360.880549
5650,32.563572,2.233000,447.828034
5651,32.566524,2.952000,338.753388
5652,32.569154,2.630000,380.228137
5653,32.572123,2.969000,336.813742
5654,32.575211,3.088000,323.834197
5655,32.580009,4.798000,208.420175
5656,32.582797,2.788000,358.680057
5657,32.586253,3.456000,289.351852
5658,32.589090,2.837000,352.485019
5659,32.592454,3.364000,297.265161
5660,32.595351,2.897000,345.184674
5661,32.599129,3.778000,264.690312
5662,32.602031,2.902000,344.589938
5663,32.605533,3.502000,285.551114
5664,32.608477,2.944000,339.673913
5665,32.635594,27.117000,36.877236
5666,32.640656,5.062000,197.550375
5667,32.649472,8.816000,113.430127
5668,32.652902,3.430000,291.545190
5669,32.655855,2.953000,338.638673
5670,32.659279,3.424000,292.056075
5671,32.662045,2.766000,361.532899
5672,32.665774,3.729000,268.168410
5673,32.668650,2.876000,347.705146
5674,32.672063,3.413000,292.997363
5675,32.674739,2.676000,373.692078
5676,32.678423,3.684000,271.444083
5677,32.681249,2.826000,353.857042
5678,32.684970,3.721000,268.744961
5679,32.689360,4.390000,227.790433
5680,32.702877,13.517000,73.980913
5681,32.712202,9.325000,107.238606
5682,32.716660,4.458000,224.315837
5683,32.729553,12.893000,77.561467
5684,32.733196,3.643000,274.499039
5685,32.737222,4.026000,248.385494
5686,32.742536,5.314000,188.182160
5687,32.755986,13.450000,74.349442
5688,32.760752,4.766000,209.819555
5689,32.763702,2.950000,338.983051
5690,32.766672,2.970000,336.700337
5691,32.770902,4.230000,236.406619
5692,32.775636,4.734000,211.237854
5693,32.778615,2.979000,335.683115
5694,32.781583,2.968000,336.927224
5695,32.785615,4.032000,248.015873
5696,32.789036,3.421000,292.312189
5697,32.791903,2.867000,348.796652
5698,32.796272,4.369000,228.885328
5699,32.800229,3.957000,252.716705
5700,32.804225,3.996000,250.250250
5701,32.807649,3.424000,292.056075
5702,32.811659,4.010000,249.376559
5703,32.825417,13.758000,72.684983
5704,32.835031,9.614000,104.014978
5705,32.838697,3.666000,272.776869
5706,32.841644,2.947000,339.328130
5707,32.844589,2.945000,339.558574
5708,32.847739,3.150000,317.460317
5709,32.851126,3.387000,295.246531
5710,32.854118,2.992000,334.224599
5711,32.857116,2.998000,333.555704
5712,32.860086,2.970000,336.700337
5713,32.862934,2.848000,351.123596
5714,32.865561,2.627000,380.662352
5715,32.868634,3.073000,325.414904
5716,32.871578,2.944000,339.673913
5717,32.874494,2.916000,342.935528
5718,32.877996,3.502000,285.551114
5719,32.880846,2.850000,350.877193
5720,32.884221,3.375000,296.296296
5721,32.887158,2.937000,340.483487
5722,32.902367,15.209000,65.750542
5723,32.907659,5.292000,188.964475
5724,32.916362,8.703000,114.902907
5725,32.920077,3.715000,269.179004
5726,32.923068,2.991000,334.336342
5727,32.926618,3.550000,281.690141
5728,32.929503,2.885000,346.620451
5729,32.933135,3.632000,275.330396
5730,32.936129,2.994000,334.001336
5731,32.939444,3.315000,301.659125
5732,32.944415,4.971000,201.166767
5733,32.948028,3.613000,276.778301
5734,32.952433,4.405000,227.014756
5735,32.955729,3.296000,303.398058
5736,32.959414,3.685000,271.370421
5737,32.962621,3.207000,311.817898
5738,32.965965,3.344000,299.043062
5739,32.968501,2.536000,394.321767
5740,32.971953,3.452000,289.687138
5741,32.974788,2.835000,352.733686
5742,32.978190,3.402000,293.944738
5743,32.981216,3.026000,330.469266
5744,32.984832,3.616000,276.548673
5745,32.996155,11.323000,88.315817
5746,33.022284,26.129000,38.271652
5747,33.028625,6.341000,157.703832
5748,33.037318,8.693000,115.035086
5749,33.049457,12.139000,82.379109
5750,33.052954,3.497000,285.959394
5751,33.055945,2.991000,334.336342
5752,33.059255,3.310000,302.114804
5753,33.062000,2.745000,364.298725
5754,33.065585,3.585000,278.940028
5755,33.068429,2.844000,351.617440
5756,33.071828,3.399000,294.204178
5757,33.074681,2.853000,350.508237
5758,33.078556,3.875000,258.064516
5759,33.081537,2.981000,335.457900
5760,33.084461,2.924000,341.997264
5761,33.086974,2.513000,397.930760
5762,33.091048,4.074000,245.459008
5763,33.093917,2.869000,348.553503
5764,33.097801,3.884000,257.466529
5765,33.105131,7.330000,136.425648
5766,33.128999,23.868000,41.897101
5767,33.134113,5.114000,195.541650
5768,33.143177,9.064000,110.326567
5769,33.146567,3.390000,294.985251
5770,33.149373,2.806000,356.379187
5771,33.152873,3.500000,285.714286
5772,33.157464,4.591000,217.817469
5773,33.161114,3.650000,273.972603
5774,33.165501,4.387000,227.946205
5775,33.169605,4.104000,243.664717
5776,33.173249,3.644000,274.423710
5777,33.177209,3.960000,252.525253
5778,33.180975,3.766000,265.533723
5779,33.184013,3.038000,329.163924
5780,33.187611,3.598000,277.932185
5781,33.190605,2.994000,334.001336
5782,33.194065,3.460000,289.017341
5783,33.197516,3.451000,289.771081
5784,33.200464,2.948000,339.213026
5785,33.203326,2.862000,349.406010
5786,33.206960,3.634000,275.178866
5787,33.210582,3.622000,276.090558
5788,33.235573,24.991000,40.014405
5789,33.241928,6.355000,157.356412
5790,33.249531,7.603000,131.527029
5791,33.253236,3.705000,269.905533
5792,33.256616,3.380000,295.857988
5793,33.259433,2.817000,354.987575
5794,33.262855,3.422000,292.226768
5795,33.265729,2.874000,347.947112
5796,33.269223,3.494000,286.204923
5797,33.272155,2.932000,341.064120
5798,33.275018,2.863000,349.283968
5799,33.278106,3.088000,323.834197
5800,33.281018,2.912000,343.406593
5801,33.284597,3.579000,279.407656
5802,33.287430,2.833000,352.982704
5803,33.291008,3.578000,279.485746
5804,33.293874,2.866000,348.918353
5805,33.297432,3.558000,281.056773
5806,33.300298,2.866000,348.918353
5807,33.328896,28.598000,34.967480
5808,33.334305,5.409000,184.877057
5809,33.342698,8.393000,119.146908
5810,33.346291,3.593000,278.318954
5811,33.356802,10.511000,95.138426
5812,33.361874,5.072000,197.160883
5813,33.365054,3.180000,314.465409
5814,33.367529,2.475000,404.040404
5815,33.371082,3.553000,281.452294
5816,33.375522,4.440000,225.225225
5817,33.378598,3.076000,325.097529
5818,33.382685,4.087000,244.678248
5819,33.385816,3.131000,319.386777
5820,33.388989,3.173000,315.159155
5821,33.392019,3.030000,330.033003
5822,33.395888,3.869000,258.464720
5823,33.409384,13.496000,74.096028
5824,33.420578,11.194000,89.333572
5825,33.429465,8.887000,112.523911
5826,33.436443,6.978000,143.307538
5827,33.440875,4.432000,225.631769
5828,33.444117,3.242000,308.451573
5829,33.447305,3.188000,313.676286
5830,33.450687,3.382000,295.683028
5831,33.453853,3.166000,315.855970
5832,33.457296,3.443000,290.444380
5833,33.460151,2.855000,350.262697
5834,33.463657,3.506000,285.225328
5835,33.466544,2.887000,346.380326
5836,33.469897,3.353000,298.240382
5837,33.472375,2.478000,403.551251
5838,33.475324,2.949000,339.097999
5839,33.478772,3.448000,290.023202
5840,33.481805,3.033000,329.706561
5841,33.484856,3.051000,327.761390
5842,33.487493,2.637000,379.218809
5843,33.491102,3.609000,277.085065
5844,33.493982,2.880000,347.222222
5845,33.497296,3.314000,301.750151
5846,33.500167,2.871000,348.310693
5847,33.515253,15.086000,66.286623
5848,33.520067,4.814000,207.727462
5849,33.529381,9.314000,107.365257
5850,33.532975,3.594000,278.241514
5851,33.535773,2.798000,357.398142
5852,33.539150,3.377000,296.120817
5853,33.541887,2.737000,365.363537
5854,33.545433,3.546000,282.007896
5855,33.548187,2.754000,363.108206
5856,33.551640,3.453000,289.603244
5857,33.555681,4.041000,247.463499
5858,33.558901,3.220000,310.559006
5859,33.561408,2.507000,398.883127
5860,33.565887,4.479000,223.264121
5861,33.568925,3.038000,329.163924
5862,33.571708,2.783000,359.324470
5863,33.574355,2.647000,377.786173
5864,33.577882,3.527000,283.527077
5865,33.582419,4.537000,220.409963
5866,33.586407,3.988000,250.752257
5867,33.589326,2.919000,342.583076
5868,33.592652,3.326000,300.661455
5869,33.595559,2.907000,343.997248
5870,33.601448,5.889000,169.808117
5871,33.622923,21.475000,46.565774
5872,33.635817,12.894000,77.555452
5873,33.639033,3.216000,310.945274
5874,33.641837,2.804000,356.633381
5875,33.645067,3.230000,309.597523
5876,33.648041,2.974000,336.247478
5877,33.651916,3.875000,258.064516
5878,33.654740,2.824000,354.107649
5879,33.658225,3.485000,286.944046
5880,33.661149,2.924000,341.997264
5881,33.664920,3.771000,265.181649
5882,33.667747,2.827000,353.731871
5883,33.671490,3.743000,267.165375
5884,33.675948,4.458000,224.315837
5885,33.679435,3.487000,286.779467
5886,33.682064,2.629000,380.372765
5887,33.685515,3.451000,289.771081
5888,33.690193,4.678000,213.766567
5889,33.693172,2.979000,335.683115
5890,33.695408,2.236000,447.227191
5891,33.698185,2.777000,360.100828
5892,33.701206,3.021000,331.016220
5893,33.728862,27.656000,36.158519
5894,33.734503,5.641000,177.273533
5895,33.742902,8.399000,119.061793
5896,33.746433,3.531000,283.205891
5897,33.749439,3.006000,332.667997
5898,33.752516,3.077000,324.991875
5899,33.755552,3.036000,329.380764
5900,33.758953,3.401000,294.031167
5901,33.762615,3.662000,273.074823
5902,33.766226,3.611000,276.931598
5903,33.769321,3.095000,323.101777
5904,33.771976,2.655000,376.647834
5905,33.776035,4.059000,246.366100
5906,33.779031,2.996000,333.778371
5907,33.783667,4.636000,215.703192
5908,33.795915,12.248000,81.645983
5909,33.799439,3.524000,283.768445
5910,33.802550,3.111000,321.440051
5911,33.805607,3.057000,327.118090
5912,33.808744,3.137000,318.775901
5913,33.818402,9.658000,103.541106
5914,33.837101,18.699000,53.478796
5915,33.849631,12.530000,79.808460
5916,33.853427,3.796000,263.435195
5917,33.857071,3.644000,274.423710
5918,33.859937,2.866000,348.918353
5919,33.864895,4.958000,201.694232
5920,33.867944,3.049000,327.976386
5921,33.871000,3.056000,327.225131
5922,33.874478,3.478000,287.521564
5923,33.877851,3.373000,296.471983
5924,33.881283,3.432000,291.375291
5925,33.884142,2.859000,349.772648
5926,33.887135,2.993000,334.112930
5927,33.890846,3.711000,269.469146
5928,33.893731,2.885000,346.620451
5929,33.897067,3.336000,299.760192
5930,33.900109,3.042000,328.731098
5931,33.928681,28.572000,34.999300
5932,33.934091,5.410000,184.842884
5933,33.942905,8.814000,113.455866
5934,33.946487,3.582000,279.173646
5935,33.949374,2.887000,346.380326
5936,33.952625,3.251000,307.597662
5937,33.955700,3.075000,325.203252
5938,33.959273,3.573000,279.876854
5939,33.962162,2.889000,346.140533
5940,33.965512,3.350000,298.507463
5941,33.970863,5.351000,186.880957
5942,33.974527,3.664000,272.925764
5943,33.978810,4.283000,233.481205
5944,33.981845,3.035000,329.489292
5945,33.985585,3.740000,267.379679
5946,33.988529,2.944000,339.673913
5947,33.991914,3.385000,295.420975
5948,33.995977,4.063000,246.123554
5949,34.022072,26.095000,38.321518
5950,34.034994,12.922000,77.387401
5951,34.038293,3.299000,303.122158
5952,34.040821,2.528000,395.569620
5953,34.044860,4.039000,247.586036
5954,34.049131,4.271000,234.137204
5955,34.062637,13.506000,74.041167
5956,34.066369,3.732000,267.952840
5957,34.069526,3.157000,316.756414
5958,34.072480,2.954000,338.524035
5959,34.075729,3.249000,307.787011
5960,34.079023,3.294000,303.582271
5961,34.081921,2.898000,345.065562
5962,34.085499,3.578000,279.485746
5963,34.088680,3.181000,314.366551
5964,34.092020,3.340000,299.401198
5965,34.094950,2.930000,341.296928
5966,34.098393,3.443000,290.444380
5967,34.101261,2.868000,348.675035
5968,34.115831,14.570000,68.634180
5969,34.119107,3.276000,305.250305
5970,34.129220,10.113000,98.882626
5971,34.132669,3.449000,289.939113
5972,34.135651,2.982000,335.345406
5973,34.138819,3.168000,315.656566
5974,34.144116,5.297000,188.786105
5975,34.147759,3.643000,274.499039
5976,34.150271,2.512000,398.089172
5977,34.152885,2.614000,382.555471
5978,34.155962,3.077000,324.991875
5979,34.160323,4.361000,229.305205
5980,34.163420,3.097000,322.893122
5981,34.165996,2.576000,388.198758
5982,34.168695,2.699000,370.507595
5983,34.171686,2.991000,334.336342
5984,34.174702,3.016000,331.564987
5985,34.177272,2.570000,389.105058
5986,34.179857,2.585000,386.847195
5987,34.182291,2.434000,410.846343
5988,34.185123,2.832000,353.107345
5989,34.187558,2.435000,410.677618
5990,34.189940,2.382000,419.815281
5991,34.192269,2.329000,429.368828
5992,34.194738,2.469000,405.022276
5993,34.197322,2.584000,386.996904
5994,34.200917,3.595000,278.164117
5995,34.223084,22.167000,45.112104
5996,34.235754,12.670000,78.926598
5997,34.238278,2.524000,396.196513
5998,34.240781,2.503000,399.520575
5999,34.244808,4.027000,248.323814
6000,34.250047,5.239000,190.876121
6001,34.262632,12.585000,79.459674
6002,34.266181,3.549000,281.769513
6003,34.270364,4.183000,239.062874
6004,34.274248,3.884000,257.466529
6005,34.277216,2.968000,336.927224
6006,34.280935,3.719000,268.889486
6007,34.283958,3.023000,330.797221
6008,34.287526,3.568000,280.269058
6009,34.290846,3.320000,301.204819
6010,34.294996,4.150000,240.963855
6011,34.297981,2.985000,335.008375
6012,34.302418,4.437000,225.377507
6013,34.305231,2.813000,355.492357
6014,34.328705,23.474000,42.600324
6015,34.335240,6.535000,153.022188
6016,34.342171,6.931000,144.279325
6017,34.345565,3.394000,294.637596
6018,34.349497,3.932000,254.323499
6019,34.355488,5.991000,166.917042
6020,34.358546,3.058000,327.011118
6021,34.363067,4.521000,221.190002
6022,34.365893,2.826000,353.857042
6023,34.370255,4.362000,229.252636
6024,34.373102,2.847000,351.246927
6025,34.376610,3.508000,285.062714
6026,34.379415,2.805000,356.506239
6027,34.384110,4.695000,212.992545
6028,34.386902,2.792000,358.166189
6029,34.390309,3.407000,293.513355
6030,34.393144,2.835000,352.733686
6031,34.409242,16.098000,62.119518
6032,34.435301,26.059000,38.374458
6033,34.438056,2.755000,362.976407
6034,34.441220,3.164000,316.055626
6035,34.444584,3.364000,297.265161
6036,34.449968,5.384000,185.735513
6037,34.463610,13.642000,73.303035
6038,34.489616,26.006000,38.452665
6039,34.502715,13.099000,76.341705
6040,34.513837,11.122000,89.911886
6041,34.529843,16.006000,62.476571
6042,34.542766,12.923000,77.381413
6043,34.547959,5.193000,192.566917
6044,34.550919,2.960000,337.837838
6045,34.555657,4.738000,211.059519
6046,34.558474,2.817000,354.987575
6047,34.562240,3.766000,265.533723
6048,34.565013,2.773000,360.620267
6049,34.569062,4.049000,246.974562
6050,34.571862,2.800000,357.142857
6051,34.575467,3.605000,277.392510
6052,34.578204,2.737000,365.363537
6053,34.582262,4.058000,246.426811
6054,34.585094,2.832000,353.107345
6055,34.588602,3.508000,285.062714
6056,34.591554,2.952000,338.753388
6057,34.595330,3.776000,264.830508
6058,34.597822,2.492000,401.284109
6059,34.621737,23.915000,41.814761
6060,34.627328,5.591000,178.858880
6061,34.635835,8.507000,117.550253
6062,34.639290,3.455000,289.435601
6063,34.642156,2.866000,348.918353
6064,34.645498,3.342000,299.222023
6065,34.648368,2.870000,348.432056
6066,34.651636,3.268000,305.997552
6067,34.654840,3.204000,312.109863
6068,34.657383,2.543000,393.236335
6069,34.660108,2.725000,366.972477
6070,34.663569,3.461000,288.933834
6071,34.675228,11.659000,85.770649
6072,34.678989,3.761000,265.886732
6073,34.681852,2.863000,349.283968
6074,34.684524,2.672000,374.251497
6075,34.688756,4.232000,236.294896
6076,34.692459,3.703000,270.051310
6077,34.696400,3.941000,253.742705
6078,34.699838,3.438000,290.866783
6079,34.703216,3.378000,296.033156
6080,34.728637,25.421000,39.337556
6081,34.734970,6.333000,157.903048
6082,34.742606,7.636000,130.958617
6083,34.746504,3.898000,256.541816
6084,34.750035,3.531000,283.205891
6085,34.752936,2.901000,344.708721
6086,34.757101,4.165000,240.096038
6087,34.761492,4.391000,227.738556
6088,34.764528,3.036000,329.380764
6089,34.767481,2.953000,338.638673
6090,34.770782,3.301000,302.938503
6091,34.774223,3.441000,290.613194
6092,34.776846,2.623000,381.242852
6093,34.779618,2.772000,360.750361
6094,34.783598,3.980000,251.256281
6095,34.795610,12.012000,83.250083
6096,34.805509,9.899000,101.020305
6097,34.823146,17.637000,56.698985
6098,34.836085,12.939000,77.285725
6099,34.839990,3.905000,256.081946
6100,34.843131,3.141000,318.369946
6101,34.846289,3.158000,316.656111
6102,34.849377,3.088000,323.834197
6103,34.852560,3.183000,314.169023
6104,34.855531,2.971000,336.587008
6105,34.858896,3.365000,297.176820
6106,34.861665,2.769000,361.141206
6107,34.865254,3.589000,278.629145
6108,34.868127,2.873000,348.068221
6109,34.871464,3.337000,299.670363
6110,34.874098,2.634000,379.650721
6111,34.877920,3.822000,261.643119
6112,34.880743,2.823000,354.233085
6113,34.883507,2.764000,361.794501
6114,34.886178,2.671000,374.391614
6115,34.888535,2.357000,424.268137
6116,34.902371,13.836000,72.275224
6117,34.915153,12.782000,78.235018
6118,34.919173,4.020000,248.756219
6119,34.929109,9.936000,100.644122
6120,34.932767,3.658000,273.373428
6121,34.936982,4.215000,237.247924
6122,34.940430,3.448000,290.023202
6123,34.943680,3.250000,307.692308
6124,34.946713,3.033000,329.706561
6125,34.949079,2.366000,422.654269
6126,34.951533,2.454000,407.497963
6127,34.953960,2.427000,412.031314
6128,34.956258,2.298000,435.161010
6129,34.958611,2.353000,424.989375
6130,34.961205,2.594000,385.505012
6131,34.963841,2.636000,379.362671
6132,34.966066,2.225000,449.438202
6133,34.968868,2.802000,356.887937
6134,34.973061,4.193000,238.492726
6135,34.975885,2.824000,354.107649
6136,34.977930,2.045000,488.997555
6137,34.980575,2.645000,378.071834
6138,34.984839,4.264000,234.521576
6139,34.987578,2.739000,365.096751
6140,34.989735,2.157000,463.606861
6141,34.992284,2.549000,392.310710
6142,34.997025,4.741000,210.925965
6143,34.999740,2.715000,368.324125
6144,35.002536,2.796000,357.653791
6145,35.005369,2.833000,352.982704
6146,35.022296,16.927000,59.077214
6147,35.036347,14.051000,71.169312
6148,35.049425,13.078000,76.464291
6149,35.053235,3.810000,262.467192
6150,35.056229,2.994000,334.001336
6151,35.060891,4.662000,214.500215
6152,35.062944,2.053000,487.092060
6153,35.065555,2.611000,382.995021
6154,35.068610,3.055000,327.332242
6155,35.071685,3.075000,325.203252
6156,35.074391,2.706000,369.549150
6157,35.078201,3.810000,262.467192
6158,35.080722,2.521000,396.667989
6159,35.082951,2.229000,448.631673
6160,35.088685,5.734000,174.398326
6161,35.096285,7.600000,131.578947
6162,35.115758,19.473000,51.353156
6163,35.128902,13.144000,76.080341
6164,35.135407,6.505000,153.727902
6165,35.139850,4.443000,225.073149
6166,35.142256,2.406000,415.627598
6167,35.145958,3.702000,270.124257
6168,35.148858,2.900000,344.827586
6169,35.151804,2.946000,339.443313
6170,35.154793,2.989000,334.560054
6171,35.158232,3.439000,290.782204
6172,35.161634,3.402000,293.944738
6173,35.164607,2.973000,336.360579
6174,35.167003,2.396000,417.362270
6175,35.169554,2.551000,392.003136
6176,35.171788,2.234000,447.627574
6177,35.173757,1.969000,507.872016
6178,35.176512,2.755000,362.976407
6179,35.178805,2.293000,436.109900
6180,35.195669,16.864000,59.297913
6181,35.208842,13.173000,75.912852
6182,35.221677,12.835000,77.911959
6183,35.235321,13.644000,73.292290
6184,35.249467,14.146000,70.691362
6185,35.253846,4.379000,228.362640
6186,35.257744,3.898000,256.541816
6187,35.261942,4.198000,238.208671
6188,35.264822,2.880000,347.222222
6189,35.275088,10.266000,97.408923
6190,35.278060,2.972000,336.473755
6191,35.281057,2.997000,333.667000
6192,35.283714,2.657000,376.364321
6193,35.286830,3.116000,320.924262
6194,35.290659,3.829000,261.164795
6195,35.294607,3.948000,253.292806
6196,35.297376,2.769000,361.141206
6197,35.302147,4.771000,209.599665
6198,35.329003,26.856000,37.235627
6199,35.341631,12.628000,79.189104
6200,35.356086,14.455000,69.180214
6201,35.370509,14.423000,69.333703
6202,35.382802,12.293000,81.347108
6203,35.395873,13.071000,76.505241
6204,35.407179,11.306000,88.448611
6205,35.423014,15.835000,63.151247
6206,35.435809,12.795000,78.155530
6207,35.441038,5.229000,191.241155
6208,35.445814,4.776000,209.380235
6209,35.449905,4.091000,244.439012
6210,35.454652,4.747000,210.659364
6211,35.462268,7.616000,131.302521
6212,35.465940,3.672000,272.331155
6213,35.469791,3.851000,259.672812
6214,35.480860,11.069000,90.342398
6215,35.491493,10.633000,94.046835
6216,35.508249,16.756000,59.680115
6217,35.517587,9.338000,107.089312
6218,35.529349,11.762000,85.019554
6219,35.543239,13.890000,71.994240
6220,35.544960,1.721000,581.057525
6221,35.548131,3.171000,315.357931
6222,35.550672,2.541000,393.545848
6223,35.553235,2.563000,390.167772
6224,35.557375,4.140000,241.545894
6225,35.559216,1.841000,543.183053
6226,35.561953,2.737000,365.363537
6227,35.564513,2.560000,390.625000
6228,35.569225,4.712000,212.224109
6229,35.569545,0.320000,3125.000000
6230,35.572307,2.762000,362.056481
6231,35.574650,2.343000,426.803244
6232,35.577104,2.454000,407.497963
6233,35.579328,2.224000,449.640288
6234,35.581579,2.251000,444.247001
6235,35.586943,5.364000,186.428039
6236,35.587230,0.287000,3484.320557
6237,35.589784,2.554000,391.542678
6238,35.591873,2.089000,478.697942
6239,35.594287,2.414000,414.250207
6240,35.596138,1.851000,540.248514
6241,35.598519,2.381000,419.991600
6242,35.600646,2.127000,470.145745
6243,35.602788,2.142000,466.853408
6244,35.605260,2.472000,404.530744
6245,35.622591,17.331000,57.700075
6246,35.637388,14.797000,67.581266
6247,35.649099,11.711000,85.389804
6248,35.651091,1.992000,502.008032
6249,35.653066,1.975000,506.329114
6250,35.655919,2.853000,350.508237
6251,35.658511,2.592000,385.802469
6252,35.661073,2.562000,390.320062
6253,35.663928,2.855000,350.262697
6254,35.667429,3.501000,285.632676
6255,35.670047,2.618000,381.970970
6256,35.673227,3.180000,314.465409
6257,35.676133,2.906000,344.115623
6258,35.684486,8.353000,119.717467
6259,35.703334,18.848000,53.056027
6260,35.716379,13.045000,76.657723
6261,35.729650,13.271000,75.352272
6262,35.742838,13.188000,75.826509
6263,35.755201,12.363000,80.886516
6264,35.768267,13.066000,76.534517
6265,35.781834,13.567000,73.708263
6266,35.794789,12.955000,77.190274
6267,35.808394,13.605000,73.502389
6268,35.821950,13.556000,73.768073
6269,35.835114,13.164000,75.964752
6270,35.848212,13.098000,76.347534
6271,35.861817,13.605000,73.502389
6272,35.875008,13.191000,75.809264
6273,35.888359,13.351000,74.900756
6274,35.901664,13.305000,75.159714
6275,35.914911,13.247000,75.488790
6276,35.928392,13.481000,74.178473
6277,35.941585,13.193000,75.797772
6278,35.954981,13.396000,74.649149
6279,35.968299,13.318000,75.086349
6280,35.981984,13.685000,73.072707
6281,35.995045,13.061000,76.563816
6282,36.008251,13.206000,75.723156
6283,36.021760,13.509000,74.024724
6284,36.034920,13.160000,75.987842
6285,36.048220,13.300000,75.187970
6286,36.061524,13.304000,75.165364
6287,36.074843,13.319000,75.080712
6288,36.088158,13.315000,75.103267
6289,36.101747,13.589000,73.588932
6290,36.120247,18.500000,54.054054
6291,36.133455,13.208000,75.711690
6292,36.145850,12.395000,80.677693
6293,36.158045,12.195000,82.000820
6294,36.171298,13.253000,75.454614
6295,36.185327,14.029000,71.280918
6296,36.198200,12.873000,77.681970
6297,36.211913,13.713000,72.923503
6298,36.224809,12.896000,77.543424
6299,36.234792,9.983000,100.170289
6300,36.248342,13.550000,73.800738
6301,36.264777,16.435000,60.845756
6302,36.278564,13.787000,72.532095
6303,36.292055,13.491000,74.123490
6304,36.304910,12.855000,77.790743
6305,36.315223,10.313000,96.964996
6306,36.328462,13.239000,75.534406
6307,36.341686,13.224000,75.620085
6308,36.355284,13.598000,73.540227
6309,36.368251,12.967000,77.118840
6310,36.381730,13.479000,74.189480
6311,36.395000,13.270000,75.357950
6312,36.408217,13.217000,75.660135
6313,36.421929,13.712000,72.928821
6314,36.434911,12.982000,77.029733
6315,36.448285,13.374000,74.771946
6316,36.461547,13.262000,75.403408
6317,36.474936,13.389000,74.688177
6318,36.488071,13.135000,76.132470
6319,36.501438,13.367000,74.811102
6320,36.514787,13.349000,74.911978
6321,36.528279,13.492000,74.117996
6322,36.541488,13.209000,75.705958
6323,36.555048,13.560000,73.746313
6324,36.568254,13.206000,75.723156
6325,36.581764,13.510000,74.019245
6326,36.594938,13.174000,75.907090
6327,36.608707,13.769000,72.626916
6328,36.621546,12.839000,77.887686
6329,36.635079,13.533000,73.893446
6330,36.648377,13.298000,75.199278
6331,36.661880,13.503000,74.057617
6332,36.674995,13.115000,76.248570
6333,36.688164,13.169000,75.935910
6334,36.701772,13.608000,73.486185
6335,36.715078,13.306000,75.154066
6336,36.728201,13.123000,76.202088
6337,36.741718,13.517000,73.980913
6338,36.755154,13.436000,74.426913
6339,36.769364,14.210000,70.372977
6340,36.782045,12.681000,78.858134
6341,36.796180,14.135000,70.746374
6342,36.808481,12.301000,81.294204
6343,36.821673,13.192000,75.803517
6344,36.834864,13.191000,75.809264
6345,36.848039,13.175000,75.901328
6346,36.861601,13.562000,73.735437
6347,36.874656,13.055000,76.599004
6348,36.887952,13.296000,75.210590
6349,36.901319,13.367000,74.811102
6350,36.915076,13.757000,72.690267
6351,36.927903,12.827000,77.960552
6352,36.941248,13.345000,74.934432
6353,36.954587,13.339000,74.968139
6354,36.967846,13.259000,75.420469
6355,36.981582,13.736000,72.801398
6356,36.994914,13.332000,75.007501
6357,37.017913,22.999000,43.480151
6358,37.021387,3.474000,287.852619
6359,37.040922,19.535000,51.190171
6360,37.048347,7.425000,134.680135
6361,37.061935,13.588000,73.594348
6362,37.075304,13.369000,74.799910
6363,37.091076,15.772000,63.403500
6364,37.096831,5.755000,173.761946
6365,37.101039,4.208000,237.642586
6366,37.104156,3.117000,320.821303
6367,37.114699,10.543000,94.849663
6368,37.134403,19.704000,50.751117
6369,37.138087,3.684000,271.444083
6370,37.141384,3.297000,303.306036
6371,37.154575,13.191000,75.809264
6372,37.167970,13.395000,74.654722
6373,37.181497,13.527000,73.926222
6374,37.194585,13.088000,76.405868
6375,37.208028,13.443000,74.388157
6376,37.221362,13.334000,74.996250
6377,37.234363,13.001000,76.917160
6378,37.247998,13.635000,73.340667
6379,37.261236,13.238000,75.540112
6380,37.274513,13.277000,75.318219
6381,37.288153,13.640000,73.313783
6382,37.301801,13.648000,73.270809
6383,37.314516,12.715000,78.647267
6384,37.327898,13.382000,74.727246
6385,37.341372,13.474000,74.217011
6386,37.354608,13.236000,75.551526
6387,37.367974,13.366000,74.816699
6388,37.381548,13.574000,73.670252
6389,37.394561,13.013000,76.846231
6390,37.408431,13.870000,72.098053
6391,37.421246,12.815000,78.033554
6392,37.434351,13.105000,76.306753
6393,37.447987,13.636000,73.335289
6394,37.461106,13.119000,76.225322
6395,37.474817,13.711000,72.934140
6396,37.488481,13.664000,73.185012
6397,37.502187,13.706000,72.960747
6398,37.514305,12.118000,82.521868
6399,37.528154,13.849000,72.207380
6400,37.541650,13.496000,74.096028
6401,37.555937,14.287000,69.993701
6402,37.568196,12.259000,81.572722
6403,37.581233,13.037000,76.704763
6404,37.594474,13.241000,75.522997
6405,37.607829,13.355000,74.878323
6406,37.621258,13.429000,74.465709
6407,37.634470,13.212000,75.688768
6408,37.648128,13.658000,73.217162
6409,37.661602,13.474000,74.217011
6410,37.674578,12.976000,77.065351
6411,37.687955,13.377000,74.755177
6412,37.701502,13.547000,73.817081
6413,37.714422,12.920000,77.399381
6414,37.727958,13.536000,73.877069
6415,37.741235,13.277000,75.318219
6416,37.754410,13.175000,75.901328
6417,37.767954,13.544000,73.833432
6418,37.781238,13.284000,75.278531
6419,37.794443,13.205000,75.728891
6420,37.808162,13.719000,72.891610
6421,37.821272,13.110000,76.277651
6422,37.834488,13.216000,75.665860
6423,37.847958,13.470000,74.239050
6424,37.861136,13.178000,75.884049
6425,37.874222,13.086000,76.417545
6426,37.887844,13.622000,73.410659
6427,37.901253,13.409000,74.576777
6428,37.914652,13.399000,74.632435
6429,37.927805,13.153000,76.028283
6430,37.941261,13.456000,74.316290
6431,37.954456,13.195000,75.786283
6432,37.968004,13.548000,73.811633
6433,37.981136,13.132000,76.149863
6434,37.994269,13.133000,76.144065
6435,38.007851,13.582000,73.626859
6436,38.021242,13.391000,74.677022
6437,38.034475,13.233000,75.568654
6438,38.047887,13.412000,74.560095
6439,38.061180,13.293000,75.227563
6440,38.074258,13.078000,76.464291
6441,38.087915,13.657000,73.222523
6442,38.101119,13.204000,75.734626
6443,38.114267,13.148000,76.057195
6444,38.127940,13.673000,73.136839
6445,38.141205,13.265000,75.386355
6446,38.154363,13.158000,75.999392
6447,38.168089,13.726000,72.854437
6448,38.181101,13.012000,76.852136
6449,38.194347,13.246000,75.494489
6450,38.207981,13.634000,73.346047
6451,38.221204,13.223000,75.625804
6452,38.234334,13.130000,76.161462
6453,38.247881,13.547000,73.817081
6454,38.261055,13.174000,75.907090
6455,38.274313,13.258000,75.426158
6456,38.287922,13.609000,73.480785
6457,38.301097,13.175000,75.901328
6458,38.314330,13.233000,75.568654
6459,38.327745,13.415000,74.543422
6460,38.341148,13.403000,74.610162
6461,38.354537,13.389000,74.688177
6462,38.367682,13.145000,76.074553
6463,38.381384,13.702000,72.982046
6464,38.394318,12.934000,77.315602
6465,38.407775,13.457000,74.310768
6466,38.421360,13.585000,73.610600
6467,38.434358,12.998000,76.934913
6468,38.447655,13.297000,75.204933
6469,38.461039,13.384000,74.716079
6470,38.474205,13.166000,75.953213
6471,38.488031,13.826000,72.327499
6472,38.501361,13.330000,75.018755
6473,38.514350,12.989000,76.988221
6474,38.527733,13.383000,74.721662
6475,38.541063,13.330000,75.018755
6476,38.554153,13.090000,76.394194
6477,38.568003,13.850000,72.202166
6478,38.581324,13.321000,75.069439
6479,38.594276,12.952000,77.208153
6480,38.607952,13.676000,73.120796
6481,38.621052,13.100000,76.335878
6482,38.634162,13.110000,76.277651
6483,38.648065,13.903000,71.926922
6484,38.661087,13.022000,76.793119
6485,38.674402,13.315000,75.103267
6486,38.687903,13.501000,74.068588
6487,38.701015,13.112000,76.266016
6488,38.714247,13.232000,75.574365
6489,38.727737,13.490000,74.128984
6490,38.740924,13.187000,75.832259
6491,38.754345,13.421000,74.510096
6492,38.767811,13.466000,74.261102
6493,38.781418,13.607000,73.491585
6494,38.794302,12.884000,77.615647
6495,38.807679,13.377000,74.755177
6496,38.821148,13.469000,74.244562
6497,38.834277,13.129000,76.167263
6498,38.847751,13.474000,74.217011
6499,38.861077,13.326000,75.041273
6500,38.874271,13.194000,75.792027
6501,38.887815,13.544000,73.833432
6502,38.901039,13.224000,75.620085
6503,38.914054,13.015000,76.834422
6504,38.927796,13.742000,72.769611
6505,38.941153,13.357000,74.867111
6506,38.954245,13.092000,76.382524
6507,38.967806,13.561000,73.740875
6508,38.981107,13.301000,75.182317
6509,38.994298,13.191000,75.809264
6510,39.007790,13.492000,74.117996
6511,39.021057,13.267000,75.374991
6512,39.034099,13.042000,76.675357
6513,39.047830,13.731000,72.827908
6514,39.061063,13.233000,75.568654
6515,39.074267,13.204000,75.734626
6516,39.087973,13.706000,72.960747
6517,39.101125,13.152000,76.034063
6518,39.114191,13.066000,76.534517
6519,39.128111,13.920000,71.839080
6520,39.141262,13.151000,76.039845
6521,39.154300,13.038000,76.698880
6522,39.167912,13.612000,73.464590
6523,39.181057,13.145000,76.074553
6524,39.194184,13.127000,76.178868
6525,39.218846,24.662000,40.548212
6526,39.233550,14.704000,68.008705
6527,39.240523,6.973000,143.410297
6528,39.247095,6.572000,152.160682
6529,39.254949,7.854000,127.323657
6530,39.263121,8.172000,122.369065
6531,39.275724,12.603000,79.346187
6532,39.289065,13.341000,74.956900
6533,39.301860,12.795000,78.155530
6534,39.314463,12.603000,79.346187
6535,39.328361,13.898000,71.952799
6536,39.340932,12.571000,79.548166
6537,39.354692,13.760000,72.674419
6538,39.367828,13.136000,76.126675
6539,39.380953,13.125000,76.190476
6540,39.394559,13.606000,73.496987
6541,39.407805,13.246000,75.494489
6542,39.420828,13.023000,76.787223
6543,39.434610,13.782000,72.558410
6544,39.448936,14.326000,69.803155
6545,39.460954,12.018000,83.208521
6546,39.474458,13.504000,74.052133
6547,39.487967,13.509000,74.024724
6548,39.500999,13.032000,76.734193
6549,39.516294,15.295000,65.380843
6550,39.528091,11.797000,84.767314
6551,39.541212,13.121000,76.213703
6552,39.554516,13.304000,75.165364
6553,39.567704,13.188000,75.826509
6554,39.580917,13.213000,75.683039
6555,39.594332,13.415000,74.543422
6556,39.607917,13.585000,73.610600
6557,39.620947,13.030000,76.745971
6558,39.634659,13.712000,72.928821
6559,39.647921,13.262000,75.403408
6560,39.661126,13.205000,75.728891
6561,39.674538,13.412000,74.560095
6562,39.687900,13.362000,74.839096
6563,39.700878,12.978000,77.053475
6564,39.714464,13.586000,73.605182
6565,39.727864,13.400000,74.626866
6566,39.741134,13.270000,75.357950
6567,39.754591,13.457000,74.310768
6568,39.767791,13.200000,75.757576
6569,39.780887,13.096000,76.359194
6570,39.794356,13.469000,74.244562
6571,39.807784,13.428000,74.471254
6572,39.820993,13.209000,75.705958
6573,39.834242,13.249000,75.477395
6574,39.847759,13.517000,73.980913
6575,39.860865,13.106000,76.300931
6576,39.874404,13.539000,73.860699
6577,39.887573,13.169000,75.935910
6578,39.900775,13.202000,75.746099
6579,39.914271,13.496000,74.096028
6580,39.927743,13.472000,74.228029
6581,39.940835,13.092000,76.382524
6582,39.954504,13.669000,73.158241
6583,39.967493,12.989000,76.988221
6584,39.981122,13.629000,73.372955
6585,39.994314,13.192000,75.803517
6586,40.008032,13.718000,72.896924
6587,40.020846,12.814000,78.039644
6588,40.034378,13.532000,73.898906
6589,40.047792,13.414000,74.548979
6590,40.061028,13.236000,75.551526
6591,40.074321,13.293000,75.227563
6592,40.087645,13.324000,75.052537
6593,40.100768,13.123000,76.202088
6594,40.114611,13.843000,72.238677
6595,40.127542,12.931000,77.333540
6596,40.140641,13.099000,76.341705
6597,40.154451,13.810000,72.411296
6598,40.167535,13.084000,76.429227
6599,40.180745,13.210000,75.700227
6600,40.194484,13.739000,72.785501
6601,40.207567,13.083000,76.435068
6602,40.220796,13.229000,75.591504
6603,40.234394,13.598000,73.540227
6604,40.247603,13.209000,75.705958
6605,40.260608,13.005000,76.893502
6606,40.274233,13.625000,73.394495
6607,40.287587,13.354000,74.883930
6608,40.301228,13.641000,73.308408
6609,40.314473,13.245000,75.500189
6610,40.327916,13.443000,74.388157
6611,40.340711,12.795000,78.155530
6612,40.354552,13.841000,72.249115
6613,40.367698,13.146000,76.068766
6614,40.380936,13.238000,75.540112
6615,40.394237,13.301000,75.182317
6616,40.407731,13.494000,74.107011
6617,40.420670,12.939000,77.285725
6618,40.434263,13.593000,73.567277
6619,40.447793,13.530000,73.909830
6620,40.460887,13.094000,76.370857
6621,40.474339,13.452000,74.338388
6622,40.487740,13.401000,74.621297
6623,40.500580,12.840000,77.881620
6624,40.514551,13.971000,71.576838
6625,40.527716,13.165000,75.958982
6626,40.540991,13.275000,75.329567
6627,40.554279,13.288000,75.255870
6628,40.567481,13.202000,75.746099
6629,40.580616,13.135000,76.132470
6630,40.597317,16.701000,59.876654
6631,40.610845,13.528000,73.920757
6632,40.626838,15.993000,62.527356
6633,40.634217,7.379000,135.519718
6634,40.648068,13.851000,72.196953
6635,40.662630,14.562000,68.671886
6636,40.674388,11.758000,85.048478
6637,40.687624,13.236000,75.551526
6638,40.700622,12.998000,76.934913
6639,40.714233,13.611000,73.469988
6640,40.727585,13.352000,74.895147
6641,40.740674,13.089000,76.400031
6642,40.754268,13.594000,73.561866
6643,40.767457,13.189000,75.820760
6644,40.780559,13.102000,76.324225
6645,40.794115,13.556000,73.768073
6646,40.807353,13.238000,75.540112
6647,40.820993,13.640000,73.313783
6648,40.834019,13.026000,76.769538
6649,40.847396,13.377000,74.755177
6650,40.860572,13.176000,75.895568
6651,40.874276,13.704000,72.971395
6652,40.887336,13.060000,76.569678
6653,40.900802,13.466000,74.261102
6654,40.914418,13.616000,73.443008
6655,40.927368,12.950000,77.220077
6656,40.940967,13.599000,73.534819
6657,40.954410,13.443000,74.388157
6658,40.967705,13.295000,75.216247
6659,40.981134,13.429000,74.465709
6660,40.994509,13.375000,74.766355
6661,41.008004,13.495000,74.101519
6662,41.021039,13.035000,76.716532
6663,41.034668,13.629000,73.372955
6664,41.047760,13.092000,76.382524
6665,41.061428,13.668000,73.163594
6666,41.074295,12.867000,77.718194
6667,41.088182,13.887000,72.009793
6668,41.100825,12.643000,79.095151
6669,41.114339,13.514000,73.997336
6670,41.127733,13.394000,74.660296
6671,41.141034,13.301000,75.182317
6672,41.154339,13.305000,75.159714
6673,41.168493,14.154000,70.651406
6674,41.181524,13.031000,76.740081
6675,41.195290,13.766000,72.642743
6676,41.208077,12.787000,78.204426
6677,41.221170,13.093000,76.376690
6678,41.234347,13.177000,75.889808
6679,41.247804,13.457000,74.310768
6680,41.261087,13.283000,75.284198
6681,41.274381,13.294000,75.221905
6682,41.287646,13.265000,75.386355
6683,41.301027,13.381000,74.732830
6684,41.314302,13.275000,75.329567
6685,41.327423,13.121000,76.213703
6686,41.341074,13.651000,73.254707
6687,41.354590,13.516000,73.986387
6688,41.367945,13.355000,74.878323
6689,41.381214,13.269000,75.363630
6690,41.394165,12.951000,77.214115
6691,41.407672,13.507000,74.035685
6692,41.420530,12.858000,77.772593
6693,41.434509,13.979000,71.535875
6694,41.447321,12.812000,78.051826
6695,41.460572,13.251000,75.466003
6696,41.474100,13.528000,73.920757
6697,41.487541,13.441000,74.399226
6698,41.500461,12.920000,77.399381
6699,41.514562,14.101000,70.916956
6700,41.527485,12.923000,77.381413
6701,41.540517,13.032000,76.734193
6702,41.554241,13.724000,72.865054
6703,41.567528,13.287000,75.261534
6704,41.580333,12.805000,78.094494
6705,41.593917,13.584000,73.616019
6706,41.607322,13.405000,74.599030
6707,41.620523,13.201000,75.751837
6708,41.633950,13.427000,74.476800
6709,41.647611,13.661000,73.201083
6710,41.660407,12.796000,78.149422
6711,41.674296,13.889000,71.999424
6712,41.687504,13.208000,75.711690
6713,41.700379,12.875000,77.669903
6714,41.714253,13.874000,72.077267
6715,41.727611,13.358000,74.861506
6716,41.740728,13.117000,76.236944
6717,41.754118,13.390000,74.682599
6718,41.767518,13.400000,74.626866
6719,41.780608,13.090000,76.394194
6720,41.794023,13.415000,74.543422
6721,41.807515,13.492000,74.117996
6722,41.820691,13.176000,75.895568
6723,41.833948,13.257000,75.431847
6724,41.847581,13.633000,73.351427
6725,41.860353,12.772000,78.296273
6726,41.874098,13.745000,72.753729
6727,41.887348,13.250000,75.471698
6728,41.900548,13.200000,75.757576
6729,41.914134,13.586000,73.605182
6730,41.927373,13.239000,75.534406
6731,41.940503,13.130000,76.161462
6732,41.953980,13.477000,74.200490
6733,41.967257,13.277000,75.318219
6734,41.980414,13.157000,76.005168
6735,41.993975,13.561000,73.740875
6736,42.007258,13.283000,75.284198
6737,42.020457,13.199000,75.763315
6738,42.034233,13.776000,72.590012
6739,42.047601,13.368000,74.805506
6740,42.060852,13.251000,75.466003
6741,42.078404,17.552000,56.973564
6742,42.087374,8.970000,111.482720
6743,42.100502,13.128000,76.173065
6744,42.141383,40.881000,24.461241
6745,42.141876,0.493000,2028.397566
6746,42.146303,4.427000,225.886605
6747,42.154472,8.169000,122.414004
6748,42.168250,13.778000,72.579475
6749,42.181014,12.764000,78.345346
6750,42.194753,13.739000,72.785501
6751,42.209644,14.891000,67.154657
6752,42.221390,11.746000,85.135365
6753,42.224292,2.902000,344.589938
6754,42.231984,7.692000,130.005200
6755,42.235001,3.017000,331.455088
6756,42.242142,7.141000,140.036409
6757,42.252144,10.002000,99.980004
6758,42.255454,3.310000,302.114804
6759,42.260702,5.248000,190.548780
6760,42.268156,7.454000,134.156158
6761,42.278309,10.153000,98.493056
6762,42.278840,0.531000,1883.239171
6763,42.285967,7.127000,140.311492
6764,42.288410,2.443000,409.332788
6765,42.296293,7.883000,126.855258
6766,42.303028,6.735000,148.478099
6767,42.305189,2.161000,462.748727
6768,42.314095,8.906000,112.283854
6769,42.321893,7.798000,128.238010
6770,42.324031,2.138000,467.726848
6771,42.330671,6.640000,150.602410
6772,42.337301,6.630000,150.829563
6773,42.339407,2.106000,474.833808
6774,42.341316,1.909000,523.834468
6775,42.347398,6.082000,164.419599
6776,42.350706,3.308000,302.297461
6777,42.357830,7.124000,140.370578
6778,42.359839,2.009000,497.760080
6779,42.364343,4.504000,222.024867
6780,42.370152,5.809000,172.146669
6781,42.377385,7.233000,138.255219
6782,42.379383,1.998000,500.500501
6783,42.385568,6.185000,161.681487
6784,42.394018,8.450000,118.343195
6785,42.401189,7.171000,139.450565
6786,42.406728,5.539000,180.538003
6787,42.408701,1.973000,506.842372
6788,42.420830,12.129000,82.447028
6789,42.423765,2.935000,340.715503
6790,42.434581,10.816000,92.455621
6791,42.436850,2.269000,440.722785
6792,42.447358,10.508000,95.165588
6793,42.450492,3.134000,319.081047
6794,42.456819,6.327000,158.052790
6795,42.462876,6.057000,165.098233
6796,42.465506,2.630000,380.228137
6797,42.467489,1.983000,504.286435
6798,42.473530,6.041000,165.535507
6799,42.479535,6.005000,166.527893
6800,42.481485,1.950000,512.820513
6801,42.488885,7.400000,135.135135
6802,42.500792,11.907000,83.984211
6803,42.503334,2.542000,393.391031
6804,42.510220,6.886000,145.222190
6805,42.516727,6.507000,153.680652
6806,42.527446,10.719000,93.292285
6807,42.533506,6.060000,165.016502
6808,42.540433,6.927000,144.362639
6809,42.547791,7.358000,135.906496
6810,42.549394,1.603000,623.830318
6811,42.554920,5.526000,180.962722
6812,42.557729,2.809000,355.998576
6813,42.563293,5.564000,179.726815
6814,42.567601,4.308000,232.126277
6815,42.574021,6.420000,155.763240
6816,42.583998,9.977000,100.230530
6817,42.586613,2.615000,382.409178
6818,42.610277,23.664000,42.258283
6819,42.612964,2.687000,372.162263
6820,42.620836,7.872000,127.032520
6821,42.623617,2.781000,359.582884
6822,42.631477,7.860000,127.226463
6823,42.634094,2.617000,382.116928
6824,42.647757,13.663000,73.190368
6825,42.650348,2.591000,385.951370
6826,42.656791,6.443000,155.207202
6827,42.661874,5.083000,196.734212
6828,42.665115,3.241000,308.546745
6829,42.667938,2.823000,354.233085
6830,42.674433,6.495000,153.964588
6831,42.679548,5.115000,195.503421
6832,42.682482,2.934000,340.831629
6833,42.684916,2.434000,410.846343
6834,42.700941,16.025000,62.402496
6835,42.703541,2.600000,384.615385
6836,42.710216,6.675000,149.812734
6837,42.715336,5.120000,195.312500
6838,42.719489,4.153000,240.789791
6839,42.722183,2.694000,371.195249
6840,42.729387,7.204000,138.811771
6841,42.731737,2.350000,425.531915
6842,42.741254,9.517000,105.075129
6843,42.743943,2.689000,371.885459
6844,42.750126,6.183000,161.733786
6845,42.752560,2.434000,410.846343
6846,42.762161,9.601000,104.155817
6847,42.764886,2.725000,366.972477
6848,42.771311,6.425000,155.642023
6849,42.773820,2.509000,398.565165
6850,42.781620,7.800000,128.205128
6851,42.784234,2.614000,382.555471
6852,42.790540,6.306000,158.579131
6853,42.792986,2.446000,408.830744
6854,42.808549,15.563000,64.254964
6855,42.811159,2.610000,383.141762
6856,42.820120,8.961000,111.594688
6857,42.822772,2.652000,377.073906
6858,42.828928,6.156000,162.443145
6859,42.830952,2.024000,494.071146
6860,42.839674,8.722000,114.652603
6861,42.842352,2.678000,373.412995
6862,42.848596,6.244000,160.153748
6863,42.850898,2.302000,434.404865
6864,42.858754,7.856000,127.291242
6865,42.865199,6.445000,155.159038
6866,42.867319,2.120000,471.698113
6867,42.869507,2.188000,457.038391
6868,42.877849,8.342000,119.875330
6869,42.880225,2.376000,420.875421
6870,42.887120,6.895000,145.032632
6871,42.893477,6.357000,157.306906
6872,42.895479,2.002000,499.500500
6873,42.899619,4.140000,241.545894
6874,42.914160,14.541000,68.771061
6875,42.916822,2.662000,375.657400
6876,42.923611,6.789000,147.297098
6877,42.930085,6.474000,154.464010
6878,42.933545,3.460000,289.017341
6879,42.935979,2.434000,410.846343
6880,42.954260,18.281000,54.701603
6881,42.957030,2.770000,361.010830
6882,42.964108,7.078000,141.282848
6883,42.970264,6.156000,162.443145
6884,42.975495,5.231000,191.168037
6885,42.978017,2.522000,396.510706
6886,42.994449,16.432000,60.856865
6887,42.997153,2.704000,369.822485
6888,43.004275,7.122000,140.409997
6889,43.009806,5.531000,180.799132
6890,43.020746,10.940000,91.407678
6891,43.023440,2.694000,371.195249
6892,43.032160,8.720000,114.678899
6893,43.034582,2.422000,412.881916
6894,43.047489,12.907000,77.477338
6895,43.049872,2.383000,419.639110
6896,43.060493,10.621000,94.153093
6897,43.063222,2.729000,366.434591
6898,43.070779,7.557000,132.327643
6899,43.073255,2.476000,403.877221
6900,43.087261,14.006000,71.397972
6901,43.089931,2.670000,374.531835
6902,43.096023,6.092000,164.149705
6903,43.101654,5.631000,177.588350
6904,43.114371,12.717000,78.634898
6905,43.117052,2.681000,372.995151
6906,43.126439,9.387000,106.530308
6907,43.129164,2.725000,366.972477
6908,43.141778,12.614000,79.276994
6909,43.144591,2.813000,355.492357
6910,43.154290,9.699000,103.103413
6911,43.157073,2.783000,359.324470
6912,43.166523,9.450000,105.820106
6913,43.169517,2.994000,334.001336
6914,43.180809,11.292000,88.558271
6915,43.183556,2.747000,364.033491
6916,43.190096,6.540000,152.905199
6917,43.195407,5.311000,188.288458
6918,43.207492,12.085000,82.747207
6919,43.210227,2.735000,365.630713
6920,43.220438,10.211000,97.933601
6921,43.223232,2.794000,357.909807
6922,43.229669,6.437000,155.351872
6923,43.235258,5.589000,178.922884
6924,43.247400,12.142000,82.358755
6925,43.254520,7.120000,140.449438
6926,43.260660,6.140000,162.866450
6927,43.267081,6.421000,155.738981
6928,43.274332,7.251000,137.912012
6929,43.276690,2.358000,424.088210
6930,43.283429,6.739000,148.389969
6931,43.285844,2.415000,414.078675
6932,43.295356,9.512000,105.130362
6933,43.297872,2.516000,397.456280
6934,43.313963,16.091000,62.146542
6935,43.316544,2.581000,387.446726
6936,43.322949,6.405000,156.128025
6937,43.328529,5.580000,179.211470
6938,43.330502,1.973000,506.842372
6939,43.336339,5.837000,171.320884
6940,43.340491,4.152000,240.847784
6941,43.347767,7.276000,137.438153
6942,43.353897,6.130000,163.132137
6943,43.360466,6.569000,152.230172
6944,43.363606,3.140000,318.471338
6945,43.367903,4.297000,232.720503
6946,43.380488,12.585000,79.459674
6947,43.385293,4.805000,208.116545
6948,43.389319,4.026000,248.385494
6949,43.394793,5.474000,182.681768
6950,43.406961,12.168000,82.182774
6951,43.409597,2.636000,379.362671
6952,43.415397,5.800000,172.413793
6953,43.420165,4.768000,209.731544
6954,43.422768,2.603000,384.172109
6955,43.429093,6.325000,158.102767
6956,43.432221,3.128000,319.693095
6957,43.436194,3.973000,251.698968
6958,43.442091,5.897000,169.577751
6959,43.444176,2.085000,479.616307
6960,43.447125,2.949000,339.097999
6961,43.449402,2.277000,439.174352
6962,43.458222,8.820000,113.378685
6963,43.460908,2.686000,372.300819
6964,43.462877,1.969000,507.872016
6965,43.469523,6.646000,150.466446
6966,43.472037,2.514000,397.772474
6967,43.475292,3.255000,307.219662
6968,43.478348,3.056000,327.225131
6969,43.482716,4.368000,228.937729
6970,43.486346,3.630000,275.482094
6971,43.493592,7.246000,138.007176
6972,43.495645,2.053000,487.092060
6973,43.501102,5.457000,183.250870
6974,43.503113,2.011000,497.265042
6975,43.508890,5.777000,173.100225
6976,43.513508,4.618000,216.543958
6977,43.520336,6.828000,146.455770
6978,43.522462,2.126000,470.366886
6979,43.528083,5.621000,177.904287
6980,43.530090,2.007000,498.256104
6981,43.535237,5.147000,194.287935
6982,43.537228,1.991000,502.260171
6983,43.542482,5.254000,190.331176
6984,43.553821,11.339000,88.191199
6985,43.561104,7.283000,137.306055
6986,43.564480,3.376000,296.208531
6987,43.566875,2.395000,417.536534
6988,43.580710,13.835000,72.280448
6989,43.587213,6.503000,153.775181
6990,43.589514,2.301000,434.593655
6991,43.594675,5.161000,193.760899
6992,43.597932,3.257000,307.031010
6993,43.604073,6.141000,162.839928
6994,43.606128,2.055000,486.618005
6995,43.612089,5.961000,167.757088
6996,43.615112,3.023000,330.797221
6997,43.621193,6.081000,164.446637
6998,43.633742,12.549000,79.687625
6999,43.640718,6.976000,143.348624
7000,43.642734,2.016000,496.031746
7001,43.648437,5.703000,175.346309
7002,43.651148,2.711000,368.867577
7003,43.653533,2.385000,419.287212
7004,43.659880,6.347000,157.554750
7005,43.665706,5.826000,171.644353
7006,43.668517,2.811000,355.745286
7007,43.674585,6.068000,164.798945
7008,43.687247,12.662000,78.976465
7009,43.694472,7.225000,138.408304
7010,43.700586,6.114000,163.559045
7011,43.707016,6.430000,155.520995
7012,43.710437,3.421000,292.312189
7013,43.714355,3.918000,255.232261
7014,43.720800,6.445000,155.159038
7015,43.723243,2.443000,409.332788
7016,43.729284,6.041000,165.535507
7017,43.732578,3.294000,303.582271
7018,43.736316,3.738000,267.522739
7019,43.741556,5.240000,190.839695
7020,43.743558,2.002000,499.500500
7021,43.749665,6.107000,163.746520
7022,43.753487,3.822000,261.643119
7023,43.760254,6.767000,147.775972
7024,43.762415,2.161000,462.748727
7025,43.768055,5.640000,177.304965
7026,43.780643,12.588000,79.440737
7027,43.787810,7.167000,139.528394
7028,43.791291,3.481000,287.273772
7029,43.795367,4.076000,245.338567
7030,43.799826,4.459000,224.265530
7031,43.803628,3.802000,263.019463
7032,43.806790,3.162000,316.255534
7033,43.810707,3.917000,255.297421
7034,43.815688,4.981000,200.762899
7035,43.821379,5.691000,175.716043
7036,43.833729,12.350000,80.971660
7037,43.840317,6.588000,151.791135
7038,43.845414,5.097000,196.193840
7039,43.848122,2.708000,369.276219
7040,43.850150,2.028000,493.096647
7041,43.856462,6.312000,158.428390
7042,43.860059,3.597000,278.009452
7043,43.866501,6.442000,155.231295
7044,43.868671,2.170000,460.829493
7045,43.874259,5.588000,178.954903
7046,43.880061,5.802000,172.354361
7047,43.882107,2.046000,488.758553
7048,43.887577,5.470000,182.815356
7049,43.890868,3.291000,303.859009
7050,43.897799,6.931000,144.279325
7051,43.900358,2.559000,390.777648
7052,43.902728,2.370000,421.940928
7053,43.910333,7.605000,131.492439
7054,43.912713,2.380000,420.168067
7055,43.926969,14.256000,70.145903
7056,43.933345,6.376000,156.838143
7057,43.938512,5.167000,193.535901
7058,43.941035,2.523000,396.353547
7059,43.943072,2.037000,490.918017
7060,43.948688,5.616000,178.062678
7061,43.951170,2.482000,402.900886
7062,43.956056,4.886000,204.666394
7063,43.967087,11.031000,90.653613
7064,43.973476,6.389000,156.519017
7065,43.978238,4.762000,209.995800
7066,43.980865,2.627000,380.662352
7067,43.982953,2.088000,478.927203
7068,43.989001,6.048000,165.343915
7069,43.993394,4.393000,227.634874
7070,43.999356,5.962000,167.728950
7071,44.002548,3.192000,313.283208
7072,44.008644,6.096000,164.041995
7073,44.020364,11.720000,85.324232
7074,44.026898,6.534000,153.045608
7075,44.030695,3.797000,263.365815
7076,44.034462,3.767000,265.463233
7077,44.036471,2.009000,497.760080
7078,44.042126,5.655000,176.834660
7079,44.046836,4.710000,212.314225
7080,44.052936,6.100000,163.934426
7081,44.056391,3.455000,289.435601
7082,44.062478,6.087000,164.284541
7083,44.073995,11.517000,86.828167
7084,44.080488,6.493000,154.012013
7085,44.086823,6.335000,157.853197
7086,44.093642,6.819000,146.649069
7087,44.095784,2.142000,466.853408
7088,44.101932,6.148000,162.654522
7089,44.113771,11.839000,84.466593
7090,44.120705,6.934000,144.216902
7091,44.124120,3.415000,292.825769
7092,44.128717,4.597000,217.533174
7093,44.130723,2.006000,498.504487
7094,44.134654,3.931000,254.388196
7095,44.140156,5.502000,181.752090
7096,44.146068,5.912000,169.147497
7097,44.148161,2.093000,477.783086
7098,44.154021,5.860000,170.648464
7099,44.159519,5.498000,181.884322
7100,44.164613,5.094000,196.309384
7101,44.169339,4.726000,211.595430
7102,44.180349,11.010000,90.826521
7103,44.187587,7.238000,138.159713
7104,44.189620,2.033000,491.883915
7105,44.195423,5.803000,172.324660
7106,44.207030,11.607000,86.154907
7107,44.213623,6.593000,151.676020
7108,44.222187,8.564000,116.767865
7109,44.228544,6.357000,157.306906
7110,44.233900,5.356000,186.706497
7111,44.240073,6.173000,161.995788
7112,44.242365,2.292000,436.300175
7113,44.248557,6.192000,161.498708
7114,44.260422,11.865000,84.281500
7115,44.266945,6.523000,153.303695
7116,44.271821,4.876000,205.086136
7117,44.273974,2.153000,464.468184
7118,44.276403,2.429000,411.692054
7119,44.282199,5.796000,172.532781
7120,44.287065,4.866000,205.507604
7121,44.289264,2.199000,454.752160
7122,44.294833,5.569000,179.565452
7123,44.300375,5.542000,180.440274
7124,44.303706,3.331000,300.210147
7125,44.310435,6.729000,148.610492
7126,44.314949,4.514000,221.533008
7127,44.327193,12.244000,81.672656
7128,44.334543,7.350000,136.054422
7129,44.340579,6.036000,165.672631
7130,44.347304,6.725000,148.698885
7131,44.353355,6.051000,165.261940
7132,44.355409,2.054000,486.854917
7133,44.367249,11.840000,84.459459
7134,44.374530,7.281000,137.343771
7135,44.376573,2.043000,489.476260
7136,44.382725,6.152000,162.548765
7137,44.395478,12.753000,78.412922
7138,44.402885,7.407000,135.007425
7139,44.409394,6.509000,153.633431
7140,44.413816,4.422000,226.142017
7141,44.420234,6.418000,155.811779
7142,44.426378,6.144000,162.760417
7143,44.428891,2.513000,397.930760
7144,44.435396,6.505000,153.727902
7145,44.438804,3.408000,293.427230
7146,44.442661,3.857000,259.268862
7147,44.447694,5.033000,198.688655
7148,44.456899,9.205000,108.636611
7149,44.458116,1.217000,821.692687
7150,44.460631,2.515000,397.614314
7151,44.463418,2.787000,358.808755
7152,44.469490,6.072000,164.690382
7153,44.474693,5.203000,192.196810
7154,44.477169,2.476000,403.877221
7155,44.482236,5.067000,197.355437
7156,44.484275,2.039000,490.436488
7157,44.491065,6.790000,147.275405
7158,44.493158,2.093000,477.783086
7159,44.500694,7.536000,132.696391
7160,44.502939,2.245000,445.434298
7161,44.513915,10.976000,91.107872
7162,44.520849,6.934000,144.216902
7163,44.523638,2.789000,358.551452
7164,44.530067,6.429000,155.545186
7165,44.532236,2.169000,461.041955
7166,44.537998,5.762000,173.550850
7167,44.540229,2.231000,448.229494
7168,44.546220,5.991000,166.917042
7169,44.548314,2.094000,477.554919
7170,44.553463,5.149000,194.212468
7171,44.556143,2.680000,373.134328
7172,44.562341,6.198000,161.342369
7173,44.564438,2.097000,476.871722
7174,44.569857,5.419000,184.535892
7175,44.573275,3.418000,292.568754
7176,44.579346,6.071000,164.717509
7177,44.584404,5.058000,197.706603
7178,44.586614,2.210000,452.488688
7179,44.591967,5.353000,186.811134
7180,44.594494,2.527000,395.726157
7181,44.596800,2.306000,433.651344
7182,44.599434,2.634000,379.650721
7183,44.609753,10.319000,96.908615
7184,44.612579,2.826000,353.857042
7185,44.614502,1.923000,520.020801
7186,44.621030,6.528000,153.186275
7187,44.626158,5.128000,195.007800
7188,44.628721,2.563000,390.167772
7189,44.633841,5.120000,195.312500
7190,44.637543,3.702000,270.124257
7191,44.648531,10.988000,91.008373
7192,44.650987,2.456000,407.166124
7193,44.652883,1.896000,527.426160
7194,44.659543,6.660000,150.150150
7195,44.661645,2.102000,475.737393
7196,44.667065,5.420000,184.501845
7197,44.670310,3.245000,308.166410
7198,44.676521,6.211000,161.004669
7199,44.678550,2.029000,492.853622
7200,44.683498,4.948000,202.101859
7201,44.697517,14.019000,71.331764
7202,44.698542,1.025000,975.609756
7203,44.701220,2.678000,373.412995
7204,44.704062,2.842000,351.864884
7205,44.710591,6.529000,153.162812
7206,44.713939,3.348000,298.685783
7207,44.716526,2.587000,386.548125
7208,44.728353,11.827000,84.552296
7209,44.735529,7.176000,139.353400
7210,44.738920,3.391000,294.898260
7211,44.742827,3.907000,255.950857
7212,44.745281,2.454000,407.497963
7213,44.748822,3.541000,282.406100
7214,44.753946,5.124000,195.160031
7215,44.760098,6.152000,162.548765
7216,44.767170,7.072000,141.402715
7217,44.773782,6.612000,151.240169
7218,44.778062,4.280000,233.644860
7219,44.781736,3.674000,272.182907
7220,44.785236,3.500000,285.714286
7221,44.793138,7.902000,126.550240
7222,44.795464,2.326000,429.922614
7223,44.797762,2.298000,435.161010
7224,44.804259,6.497000,153.917193
7225,44.808245,3.986000,250.878073
7226,44.811772,3.527000,283.527077
7227,44.814874,3.102000,322.372663
7228,44.821122,6.248000,160.051216
7229,44.825201,4.079000,245.158127
7230,44.829279,4.078000,245.218244
7231,44.833701,4.422000,226.142017
7232,44.841119,7.418000,134.807226
7233,44.846843,5.724000,174.703005
7234,44.852556,5.713000,175.039384
7235,44.855473,2.917000,342.817964
7236,44.862034,6.561000,152.415790
7237,44.864164,2.130000,469.483568
7238,44.869795,5.631000,177.588350
7239,44.871895,2.100000,476.190476
7240,44.877692,5.797000,172.503019
7241,44.880134,2.442000,409.500410
7242,44.885158,5.024000,199.044586
7243,44.887174,2.016000,496.031746
7244,44.893048,5.874000,170.241743
7245,44.900476,7.428000,134.625740
7246,44.907111,6.635000,150.715901
7247,44.909205,2.094000,477.554919
7248,44.914799,5.594000,178.762960
7249,44.917947,3.148000,317.662008
7250,44.920564,2.617000,382.116928
7251,44.926672,6.108000,163.719712
7252,44.932189,5.517000,181.257930
7253,44.935204,3.015000,331.674959
7254,44.941374,6.170000,162.074554
7255,44.946432,5.058000,197.706603
7256,44.948702,2.270000,440.528634
7257,44.951545,2.843000,351.741119
7258,44.958140,6.595000,151.630023
7259,44.960639,2.499000,400.160064
7260,44.965376,4.737000,211.104074
7261,44.968870,3.494000,286.204923
7262,44.972971,4.101000,243.842965
7263,44.975026,2.055000,486.618005
7264,44.980855,5.829000,171.556013
7265,44.984434,3.579000,279.407656
7266,44.988785,4.351000,229.832222
7267,44.993814,5.029000,198.846689
7268,45.000778,6.964000,143.595635
