frame,time_s,frame_ms,fps
1,0.007762,7.762000,128.832775
2,0.082195,74.433000,13.434901
3,0.084651,2.456000,407.166124
4,0.093256,8.605000,116.211505
5,0.099331,6.075000,164.609053
6,0.104326,4.995000,200.200200
7,0.117094,12.768000,78.320802
8,0.139327,22.233000,44.978186
9,0.159168,19.841000,50.400685
10,0.162964,3.796000,263.435195
11,0.171409,8.445000,118.413262
12,0.212532,41.123000,24.317292
13,0.213512,0.980000,1020.408163
14,0.224002,10.490000,95.328885
15,0.232948,8.946000,111.781802
16,0.249810,16.862000,59.304946
17,0.257002,7.192000,139.043382
18,0.262033,5.031000,198.767641
19,0.267246,5.213000,191.828122
20,0.277186,9.940000,100.603622
21,0.290585,13.399000,74.632435
22,0.303605,13.020000,76.804916
23,0.316975,13.370000,74.794316
24,0.330946,13.971000,71.576838
25,0.343596,12.650000,79.051383
26,0.357442,13.846000,72.223025
27,0.371211,13.769000,72.626916
28,0.384450,13.239000,75.534406
29,0.397201,12.751000,78.425222
30,0.411218,14.017000,71.341942
31,0.424362,13.144000,76.080341
32,0.436945,12.583000,79.472304
33,0.450404,13.459000,74.299725
34,0.463936,13.532000,73.898906
35,0.477176,13.240000,75.528701
36,0.490345,13.169000,75.935910
37,0.503538,13.193000,75.797772
38,0.518102,14.564000,68.662455
39,0.530170,12.068000,82.863772
40,0.543610,13.440000,74.404762
41,0.558703,15.093000,66.255880
42,0.570236,11.533000,86.707708
43,0.583643,13.407000,74.587902
44,0.597440,13.797000,72.479525
45,0.610294,12.854000,77.796795
46,0.624572,14.278000,70.037820
47,0.638257,13.685000,73.072707
48,0.650264,12.007000,83.284751
49,0.664482,14.218000,70.333380
50,0.676851,12.369000,80.847279
51,0.690232,13.381000,74.732830
52,0.704207,13.975000,71.556351
53,0.717135,12.928000,77.351485
54,0.730230,13.095000,76.365025
55,0.744618,14.388000,69.502363
56,0.758139,13.521000,73.959027
57,0.770923,12.784000,78.222778
58,0.783470,12.547000,79.700327
59,0.796889,13.419000,74.521201
60,0.809860,12.971000,77.095058
61,0.824149,14.289000,69.983904
62,0.837154,13.005000,76.893502
63,0.851187,14.033000,71.260600
64,0.864013,12.826000,77.966630
65,0.879288,15.275000,65.466448
66,0.890376,11.088000,90.187590
67,0.904365,13.989000,71.484738
68,0.917560,13.195000,75.786283
69,0.930769,13.209000,75.705958
70,0.944262,13.493000,74.112503
71,0.957752,13.490000,74.128984
72,0.972305,14.553000,68.714354
73,0.984410,12.105000,82.610492
74,0.997571,13.161000,75.982068
75,1.010806,13.235000,75.557235
76,1.025978,15.172000,65.910888
77,1.037714,11.736000,85.207907
78,1.051124,13.410000,74.571216
79,1.064606,13.482000,74.172971
80,1.080615,16.009000,62.464864
81,1.091195,10.580000,94.517958
82,1.105065,13.870000,72.098053
83,1.118081,13.016000,76.828519
84,1.130925,12.844000,77.857365
85,1.144567,13.642000,73.303035
86,1.159212,14.645000,68.282690
87,1.170972,11.760000,85.034014
88,1.185345,14.373000,69.574897
89,1.197836,12.491000,80.057642
90,1.210834,12.998000,76.934913
91,1.224780,13.946000,71.705148
92,1.238727,13.947000,71.700007
93,1.250909,12.182000,82.088327
94,1.264427,13.518000,73.975440
95,1.278886,14.459000,69.161076
96,1.290913,12.027000,83.146254
97,1.304752,13.839000,72.259556
98,1.319771,15.019000,66.582329
99,1.330871,11.100000,90.090090
100,1.345032,14.161000,70.616482
101,1.358186,13.154000,76.022503
102,1.371376,13.190000,75.815011
103,1.389078,17.702000,56.490792
104,1.397715,8.637000,115.780942
105,1.419007,21.292000,46.965997
106,1.425856,6.849000,146.006716
107,1.437900,12.044000,83.028894
108,1.450834,12.934000,77.315602
109,1.465001,14.167000,70.586574
110,1.478255,13.254000,75.448921
111,1.491334,13.079000,76.458445
112,1.506598,15.264000,65.513627
113,1.519067,12.469000,80.198893
114,1.531159,12.092000,82.699305
115,1.548140,16.981000,58.889347
116,1.558852,10.712000,93.353249
117,1.571111,12.259000,81.572722
118,1.584948,13.837000,72.270001
119,1.598780,13.832000,72.296125
120,1.611162,12.382000,80.762397
121,1.625418,14.256000,70.145903
122,1.638016,12.598000,79.377679
123,1.643436,5.420000,184.501845
124,1.664743,21.307000,46.932933
125,1.677412,12.669000,78.932828
126,1.691433,14.021000,71.321589
127,1.703913,12.480000,80.128205
128,1.716774,12.861000,77.754451
129,1.730914,14.140000,70.721358
130,1.743956,13.042000,76.675357
131,1.758164,14.208000,70.382883
132,1.772555,14.391000,69.487874
133,1.785789,13.234000,75.562944
134,1.797341,11.552000,86.565097
135,1.810460,13.119000,76.225322
136,1.824103,13.643000,73.297662
137,1.837041,12.938000,77.291699
138,1.842244,5.203000,192.196810
139,1.864827,22.583000,44.281096
140,1.877093,12.266000,81.526170
141,1.890816,13.723000,72.870364
142,1.905346,14.530000,68.823125
143,1.909044,3.698000,270.416441
144,1.935243,26.199000,38.169396
145,1.945171,9.928000,100.725222
146,1.958920,13.749000,72.732562
147,1.973091,14.171000,70.566650
148,1.975561,2.470000,404.858300
149,1.999929,24.368000,41.037426
150,2.011597,11.668000,85.704491
151,2.027837,16.240000,61.576355
152,2.039033,11.196000,89.317613
153,2.053941,14.908000,67.078079
154,2.063672,9.731000,102.764361
155,2.076904,13.232000,75.574365
156,2.092430,15.526000,64.408090
157,2.106152,13.722000,72.875674
158,2.117899,11.747000,85.128118
159,2.135091,17.192000,58.166589
160,2.145769,10.678000,93.650496
161,2.160332,14.563000,68.667170
162,2.173872,13.540000,73.855244
163,2.185354,11.482000,87.092841
164,2.200777,15.423000,64.838229
165,2.213059,12.282000,81.419964
166,2.229891,16.832000,59.410646
167,2.253691,23.800000,42.016807
168,2.254221,0.530000,1886.792453
169,2.268026,13.805000,72.437523
170,2.278704,10.678000,93.650496
171,2.293666,14.962000,66.835984
172,2.306690,13.024000,76.781327
173,2.320201,13.511000,74.013767
174,2.333162,12.961000,77.154541
175,2.345055,11.893000,84.083074
176,2.359341,14.286000,69.998600
177,2.373094,13.753000,72.711408
178,2.376219,3.125000,320.000000
179,2.400213,23.994000,41.677086
180,2.411691,11.478000,87.123192
181,2.425563,13.872000,72.087659
182,2.441486,15.923000,62.802236
183,2.442805,1.319000,758.150114
184,2.447687,4.882000,204.834084
185,2.466545,18.858000,53.027893
186,2.478005,11.460000,87.260035
187,2.490782,12.777000,78.265634
188,2.503815,13.033000,76.728305
189,2.507050,3.235000,309.119011
190,2.531084,24.034000,41.607722
191,2.543778,12.694000,78.777375
192,2.557659,13.881000,72.040919
193,2.570495,12.836000,77.905890
194,2.586116,15.621000,64.016388
195,2.597004,10.888000,91.844232
196,2.610569,13.565000,73.719130
197,2.624782,14.213000,70.358123
198,2.637127,12.345000,81.004455
199,2.650280,13.153000,76.028283
200,2.663717,13.437000,74.421374
201,2.677034,13.317000,75.091988
202,2.690444,13.410000,74.571216
203,2.703662,13.218000,75.654411
204,2.717583,13.921000,71.833920
205,2.734288,16.705000,59.862317
206,2.746573,12.285000,81.400081
207,2.760028,13.455000,74.321813
208,2.773620,13.592000,73.572690
209,2.787086,13.466000,74.261102
210,2.801159,14.073000,71.058054
211,2.810148,8.989000,111.247080
212,2.823626,13.478000,74.194984
213,2.836894,13.268000,75.369310
214,2.850369,13.475000,74.211503
215,2.863480,13.111000,76.271833
216,2.876531,13.051000,76.622481
217,2.890153,13.622000,73.410659
218,2.903470,13.317000,75.091988
219,2.916903,13.433000,74.443535
220,2.929818,12.915000,77.429346
221,2.943322,13.504000,74.052133
222,2.956956,13.634000,73.346047
223,2.969988,13.032000,76.734193
224,2.983500,13.512000,74.008289
225,2.996872,13.372000,74.783129
226,3.010176,13.304000,75.165364
227,3.023438,13.262000,75.403408
228,3.036705,13.267000,75.374991
229,3.050073,13.368000,74.805506
230,3.063716,13.643000,73.297662
231,3.076863,13.147000,76.062980
232,3.090657,13.794000,72.495288
233,3.103462,12.805000,78.094494
234,3.116648,13.186000,75.838010
235,3.130767,14.119000,70.826546
236,3.143204,12.437000,80.405242
237,3.156616,13.412000,74.560095
238,3.170149,13.533000,73.893446
239,3.175536,5.387000,185.632077
240,3.197304,21.768000,45.938993
241,3.210153,12.849000,77.827068
242,3.223538,13.385000,74.710497
243,3.236680,13.142000,76.091919
244,3.241931,5.251000,190.439916
245,3.263915,21.984000,45.487627
246,3.276671,12.756000,78.394481
247,3.290723,14.052000,71.164247
248,3.303393,12.670000,78.926598
249,3.308642,5.249000,190.512479
250,3.331000,22.358000,44.726720
251,3.343648,12.648000,79.063884
252,3.358629,14.981000,66.751218
253,3.370150,11.521000,86.798021
254,3.383454,13.304000,75.165364
255,3.397003,13.549000,73.806185
256,3.410040,13.037000,76.704763
257,3.424535,14.495000,68.989307
258,3.442139,17.604000,56.805272
259,3.450265,8.126000,123.061777
260,3.465985,15.720000,63.613232
261,3.466032,0.047000,21276.595745
262,3.466045,0.013000,76923.076923
263,3.473875,7.830000,127.713921
264,3.480633,6.758000,147.972773
265,3.487561,6.928000,144.341801
266,3.494437,6.876000,145.433392
267,3.501367,6.930000,144.300144
268,3.508280,6.913000,144.654998
269,3.515265,6.985000,143.163923
270,3.515867,0.602000,1661.129568
271,3.530888,15.021000,66.573464
272,3.533515,2.627000,380.662352
273,3.542930,9.415000,106.213489
274,3.561329,18.399000,54.350780
275,3.570197,8.868000,112.764998
276,3.583347,13.150000,76.045627
277,3.596441,13.094000,76.370857
278,3.610062,13.621000,73.416049
279,3.623231,13.169000,75.935910
280,3.636679,13.448000,74.360500
281,3.649841,13.162000,75.976295
282,3.663665,13.824000,72.337963
283,3.676437,12.772000,78.296273
284,3.690082,13.645000,73.286918
285,3.703506,13.424000,74.493445
286,3.717134,13.628000,73.378339
287,3.730041,12.907000,77.477338
288,3.743476,13.435000,74.432453
289,3.756552,13.076000,76.475987
290,3.770208,13.656000,73.227885
291,3.783188,12.980000,77.041602
292,3.804453,21.265000,47.025629
293,3.822595,18.142000,55.120714
294,3.830116,7.521000,132.961042
295,3.837633,7.517000,133.031795
296,3.849907,12.274000,81.473032
297,3.863137,13.230000,75.585790
298,3.878022,14.885000,67.181727
299,3.889902,11.880000,84.175084
300,3.903241,13.339000,74.968139
301,3.916507,13.266000,75.380672
302,3.929966,13.459000,74.299725
303,3.943170,13.204000,75.734626
304,3.956378,13.208000,75.711690
305,3.970027,13.649000,73.265441
306,3.983169,13.142000,76.091919
307,3.996460,13.291000,75.238883
308,4.009908,13.448000,74.360500
309,4.023451,13.543000,73.838884
310,4.036456,13.005000,76.893502
311,4.049895,13.439000,74.410298
312,4.063298,13.403000,74.610162
313,4.078792,15.494000,64.541113
314,4.090616,11.824000,84.573748
315,4.103060,12.444000,80.360013
316,4.116254,13.194000,75.792027
317,4.129947,13.693000,73.030015
318,4.143298,13.351000,74.900756
319,4.156396,13.098000,76.347534
320,4.169747,13.351000,74.900756
321,4.183568,13.821000,72.353665
322,4.196470,12.902000,77.507363
323,4.210239,13.769000,72.626916
324,4.223497,13.258000,75.426158
325,4.236412,12.915000,77.429346
326,4.250053,13.641000,73.308408
327,4.263516,13.463000,74.277650
328,4.276437,12.921000,77.393391
329,4.289887,13.450000,74.349442
330,4.304513,14.626000,68.371393
331,4.316409,11.896000,84.061870
332,4.330328,13.919000,71.844242
333,4.343028,12.700000,78.740157
334,4.356357,13.329000,75.024383
335,4.369751,13.394000,74.660296
336,4.383235,13.484000,74.161970
337,4.396276,13.041000,76.681236
338,4.409758,13.482000,74.172971
339,4.423218,13.460000,74.294205
340,4.436419,13.201000,75.751837
341,4.449766,13.347000,74.923204
342,4.463158,13.392000,74.671446
343,4.476358,13.200000,75.757576
344,4.489866,13.508000,74.030204
345,4.503284,13.418000,74.526755
346,4.516216,12.932000,77.327560
347,4.529761,13.545000,73.827981
348,4.543216,13.455000,74.321813
349,4.556277,13.061000,76.563816
350,4.569744,13.467000,74.255588
351,4.583046,13.302000,75.176665
352,4.596222,13.176000,75.895568
353,4.609697,13.475000,74.211503
354,4.628126,18.429000,54.262304
355,4.638490,10.364000,96.487843
356,4.650075,11.585000,86.318515
357,4.667433,17.358000,57.610324
358,4.677570,10.137000,98.648515
359,4.689842,12.272000,81.486310
360,4.703248,13.406000,74.593466
361,4.716354,13.106000,76.300931
362,4.729940,13.586000,73.605182
363,4.743186,13.246000,75.494489
364,4.756393,13.207000,75.717423
365,4.769650,13.257000,75.431847
366,4.782900,13.250000,75.471698
367,4.796174,13.274000,75.335242
368,4.809799,13.625000,73.394495
369,4.823163,13.364000,74.827896
370,4.836443,13.280000,75.301205
371,4.849795,13.352000,74.895147
372,4.863129,13.334000,74.996250
373,4.876428,13.299000,75.193624
374,4.889808,13.380000,74.738416
375,4.903122,13.314000,75.108908
376,4.916424,13.302000,75.176665
377,4.929775,13.351000,74.900756
378,4.943136,13.361000,74.844697
379,4.956466,13.330000,75.018755
380,4.969925,13.459000,74.299725
381,4.983157,13.232000,75.574365
382,4.996389,13.232000,75.574365
383,5.009818,13.429000,74.465709
384,5.023691,13.873000,72.082462
385,5.036447,12.756000,78.394481
386,5.049745,13.298000,75.199278
387,5.063169,13.424000,74.493445
388,5.076400,13.231000,75.580077
389,5.089815,13.415000,74.543422
390,5.103104,13.289000,75.250207
391,5.116304,13.200000,75.757576
392,5.129732,13.428000,74.471254
393,5.143095,13.363000,74.833495
394,5.156345,13.250000,75.471698
395,5.169641,13.296000,75.210590
396,5.183086,13.445000,74.377092
397,5.196331,13.245000,75.500189
398,5.209705,13.374000,74.771946
399,5.223052,13.347000,74.923204
400,5.236273,13.221000,75.637244
401,5.249586,13.313000,75.114550
402,5.262962,13.376000,74.760766
403,5.276207,13.245000,75.500189
404,5.289621,13.414000,74.548979
405,5.303046,13.425000,74.487896
406,5.316320,13.274000,75.335242
407,5.329723,13.403000,74.610162
408,5.343071,13.348000,74.917591
409,5.356315,13.244000,75.505889
410,5.369675,13.360000,74.850299
411,5.383009,13.334000,74.996250
412,5.396028,13.019000,76.810815
413,5.409569,13.541000,73.849790
414,5.422882,13.313000,75.114550
415,5.436120,13.238000,75.540112
416,5.449505,13.385000,74.710497
417,5.465665,16.160000,61.881188
418,5.476196,10.531000,94.957744
419,5.489612,13.416000,74.537865
420,5.502949,13.337000,74.979381
421,5.516108,13.159000,75.993617
422,5.529693,13.585000,73.610600
423,5.543020,13.327000,75.035642
424,5.555940,12.920000,77.399381
425,5.569594,13.654000,73.238611
426,5.582649,13.055000,76.599004
427,5.595879,13.230000,75.585790
428,5.609676,13.797000,72.479525
429,5.622946,13.270000,75.357950
430,5.635846,12.900000,77.519380
431,5.649343,13.497000,74.090539
432,5.662925,13.582000,73.626859
433,5.675797,12.872000,77.688005
434,5.689640,13.843000,72.238677
435,5.702852,13.212000,75.688768
436,5.715907,13.055000,76.599004
437,5.729345,13.438000,74.415836
438,5.742759,13.414000,74.548979
439,5.755767,13.008000,76.875769
440,5.769438,13.671000,73.147539
441,5.782591,13.153000,76.028283
442,5.795899,13.308000,75.142771
443,5.809233,13.334000,74.996250
444,5.822930,13.697000,73.008688
445,5.835830,12.900000,77.519380
446,5.850375,14.545000,68.752149
447,5.862695,12.320000,81.168831
448,5.875784,13.089000,76.400031
449,5.889407,13.623000,73.405270
450,5.902677,13.270000,75.357950
451,5.915771,13.094000,76.370857
452,5.929351,13.580000,73.637703
453,5.942899,13.548000,73.811633
454,5.956038,13.139000,76.109293
455,5.969639,13.601000,73.524006
456,5.982882,13.243000,75.511591
457,5.996331,13.449000,74.354971
458,6.009819,13.488000,74.139976
459,6.022947,13.128000,76.173065
460,6.035866,12.919000,77.405372
461,6.049454,13.588000,73.594348
462,6.062665,13.211000,75.694497
463,6.075837,13.172000,75.918615
464,6.089503,13.666000,73.174301
465,6.102940,13.437000,74.421374
466,6.115784,12.844000,77.857365
467,6.129748,13.964000,71.612718
468,6.143000,13.252000,75.460308
469,6.156112,13.112000,76.266016
470,6.169450,13.338000,74.973759
471,6.182673,13.223000,75.625804
472,6.196193,13.520000,73.964497
473,6.209792,13.599000,73.534819
474,6.222754,12.962000,77.148588
475,6.235972,13.218000,75.654411
476,6.250954,14.982000,66.746763
477,6.262972,12.018000,83.208521
478,6.276013,13.041000,76.681236
479,6.289450,13.437000,74.421374
480,6.303080,13.630000,73.367572
481,6.315898,12.818000,78.015291
482,6.329483,13.585000,73.610600
483,6.342679,13.196000,75.780540
484,6.355941,13.262000,75.403408
485,6.369932,13.991000,71.474519
486,6.382868,12.936000,77.303649
487,6.396050,13.182000,75.861023
488,6.409508,13.458000,74.305246
489,6.422855,13.347000,74.923204
490,6.435882,13.027000,76.763645
491,6.449535,13.653000,73.243976
492,6.462727,13.192000,75.803517
493,6.475883,13.156000,76.010946
494,6.489298,13.415000,74.543422
495,6.502590,13.292000,75.233223
496,6.515837,13.247000,75.488790
497,6.529384,13.547000,73.817081
498,6.542770,13.386000,74.704916
499,6.555654,12.884000,77.615647
500,6.569667,14.013000,71.362306
501,6.582474,12.807000,78.082299
502,6.595892,13.418000,74.526755
503,6.609740,13.848000,72.212594
504,6.622802,13.062000,76.557954
505,6.635809,13.007000,76.881679
506,6.649507,13.698000,73.003358
507,6.662826,13.319000,75.080712
508,6.675766,12.940000,77.279753
509,6.689445,13.679000,73.104759
510,6.702890,13.445000,74.377092
511,6.715981,13.091000,76.388358
512,6.729345,13.364000,74.827896
513,6.742723,13.378000,74.749589
514,6.755803,13.080000,76.452599
515,6.769408,13.605000,73.502389
516,6.782791,13.383000,74.721662
517,6.795861,13.070000,76.511094
518,6.809607,13.746000,72.748436
519,6.822829,13.222000,75.631523
520,6.836602,13.773000,72.605823
521,6.849797,13.195000,75.786283
522,6.862773,12.976000,77.065351
523,6.875940,13.167000,75.947444
524,6.890463,14.523000,68.856297
525,6.903120,12.657000,79.007664
526,6.916549,13.429000,74.465709
527,6.929957,13.408000,74.582339
528,6.942916,12.959000,77.166448
529,6.956053,13.137000,76.120880
530,6.970310,14.257000,70.140983
531,6.982856,12.546000,79.706679
532,6.995997,13.141000,76.097709
533,7.009523,13.526000,73.931687
534,7.022724,13.201000,75.751837
535,7.035998,13.274000,75.335242
536,7.058019,22.021000,45.411198
537,7.066862,8.843000,113.083795
538,7.075889,9.027000,110.778775
539,7.089477,13.588000,73.594348
540,7.102653,13.176000,75.895568
541,7.115759,13.106000,76.300931
542,7.129341,13.582000,73.626859
543,7.142706,13.365000,74.822297
544,7.156299,13.593000,73.567277
545,7.169471,13.172000,75.918615
546,7.182957,13.486000,74.150971
547,7.196069,13.112000,76.266016
548,7.209508,13.439000,74.410298
549,7.223393,13.885000,72.020166
550,7.236187,12.794000,78.161638
551,7.254628,18.441000,54.226994
552,7.265375,10.747000,93.049223
553,7.276236,10.861000,92.072553
554,7.289488,13.252000,75.460308
555,7.302950,13.462000,74.283167
556,7.316023,13.073000,76.493536
557,7.329484,13.461000,74.288686
558,7.342712,13.228000,75.597218
559,7.355921,13.209000,75.705958
560,7.369549,13.628000,73.378339
561,7.382699,13.150000,76.045627
562,7.395896,13.197000,75.774797
563,7.409535,13.639000,73.319158
564,7.422691,13.156000,76.010946
565,7.435838,13.147000,76.062980
566,7.449644,13.806000,72.432276
567,7.462694,13.050000,76.628352
568,7.475946,13.252000,75.460308
569,7.489275,13.329000,75.024383
570,7.502838,13.563000,73.730001
571,7.515894,13.056000,76.593137
572,7.529771,13.877000,72.061685
573,7.542870,13.099000,76.341705
574,7.555753,12.883000,77.621672
575,7.569279,13.526000,73.931687
576,7.582481,13.202000,75.746099
577,7.595643,13.162000,75.976295
578,7.609245,13.602000,73.518600
579,7.622737,13.492000,74.117996
580,7.635547,12.810000,78.064012
581,7.649260,13.713000,72.923503
582,7.663152,13.892000,71.983876
583,7.675722,12.570000,79.554495
584,7.689463,13.741000,72.774907
585,7.702552,13.089000,76.400031
586,7.715802,13.250000,75.471698
587,7.729622,13.820000,72.358900
588,7.743014,13.392000,74.671446
589,7.756202,13.188000,75.826509
590,7.770115,13.913000,71.875225
591,7.783165,13.050000,76.628352
592,7.796348,13.183000,75.855268
593,7.810010,13.662000,73.195725
594,7.823595,13.585000,73.610600
595,7.836371,12.776000,78.271760
596,7.852854,16.483000,60.668568
597,7.862412,9.558000,104.624398
598,7.876164,13.752000,72.716696
599,7.889547,13.383000,74.721662
600,7.902873,13.326000,75.041273
601,7.916116,13.243000,75.511591
602,7.929539,13.423000,74.498994
603,7.942509,12.970000,77.101002
604,7.955833,13.324000,75.052537
605,7.969057,13.224000,75.620085
606,7.982470,13.413000,74.554537
607,7.995661,13.191000,75.809264
608,8.009283,13.622000,73.410659
609,8.022418,13.135000,76.132470
610,8.036206,13.788000,72.526835
611,8.049248,13.042000,76.675357
612,8.062860,13.612000,73.464590
613,8.075847,12.987000,77.000077
614,8.089448,13.601000,73.524006
615,8.102487,13.039000,76.692998
616,8.115587,13.100000,76.335878
617,8.129466,13.879000,72.051301
618,8.142553,13.087000,76.411706
619,8.155602,13.049000,76.634225
620,8.169236,13.634000,73.346047
621,8.182580,13.344000,74.940048
622,8.195783,13.203000,75.740362
623,8.209124,13.341000,74.956900
624,8.222823,13.699000,72.998029
625,8.235730,12.907000,77.477338
626,8.249336,13.606000,73.496987
627,8.262495,13.159000,75.993617
628,8.275631,13.136000,76.126675
629,8.289290,13.659000,73.211802
630,8.302529,13.239000,75.534406
631,8.315677,13.148000,76.057195
632,8.329317,13.640000,73.313783
633,8.342506,13.189000,75.820760
634,8.355631,13.125000,76.190476
635,8.369146,13.515000,73.991861
636,8.383088,13.942000,71.725721
637,8.395718,12.630000,79.176564
638,8.409378,13.660000,73.206442
639,8.422704,13.326000,75.041273
640,8.436044,13.340000,74.962519
641,8.449115,13.071000,76.505241
642,8.462879,13.764000,72.653298
643,8.475638,12.759000,78.376048
644,8.489127,13.489000,74.134480
645,8.502651,13.524000,73.942621
646,8.515680,13.029000,76.751861
647,8.529320,13.640000,73.313783
648,8.542700,13.380000,74.738416
649,8.555485,12.785000,78.216660
650,8.569211,13.726000,72.854437
651,8.582396,13.185000,75.843762
652,8.595555,13.159000,75.993617
653,8.609125,13.570000,73.691968
654,8.622492,13.367000,74.811102
655,8.641804,19.312000,51.781276
656,8.654968,13.164000,75.964752
657,8.664300,9.332000,107.158165
658,8.677848,13.548000,73.811633
659,8.690705,12.857000,77.778642
660,8.703049,12.344000,81.011017
661,8.715604,12.555000,79.649542
662,8.729023,13.419000,74.521201
663,8.742280,13.257000,75.431847
664,8.755726,13.446000,74.371560
665,8.769099,13.373000,74.777537
666,8.782700,13.601000,73.524006
667,8.795740,13.040000,76.687117
668,8.809418,13.678000,73.110104
669,8.822339,12.921000,77.393391
670,8.835911,13.572000,73.681108
671,8.849084,13.173000,75.912852
672,8.862501,13.417000,74.532310
673,8.875682,13.181000,75.866778
674,8.889579,13.897000,71.957977
675,8.902494,12.915000,77.429346
676,8.915598,13.104000,76.312576
677,8.929386,13.788000,72.526835
678,8.942702,13.316000,75.097627
679,8.955727,13.025000,76.775432
680,8.969437,13.710000,72.939460
681,8.982493,13.056000,76.593137
682,8.995757,13.264000,75.392039
683,9.009348,13.591000,73.578103
684,9.023052,13.704000,72.971395
685,9.035962,12.910000,77.459334
686,9.049544,13.582000,73.626859
687,9.062865,13.321000,75.069439
688,9.076425,13.560000,73.746313
689,9.089356,12.931000,77.333540
690,9.103162,13.806000,72.432276
691,9.116166,13.004000,76.899416
692,9.129933,13.767000,72.637466
693,9.142782,12.849000,77.827068
694,9.157130,14.348000,69.696125
695,9.169158,12.028000,83.139342
696,9.183079,13.921000,71.833920
697,9.197139,14.060000,71.123755
698,9.209579,12.440000,80.385852
699,9.222936,13.357000,74.867111
700,9.236683,13.747000,72.743144
701,9.250041,13.358000,74.861506
702,9.264242,14.201000,70.417576
703,9.276061,11.819000,84.609527
704,9.289061,13.000000,76.923077
705,9.306726,17.665000,56.609114
706,9.315520,8.794000,113.713896
707,9.329339,13.819000,72.364136
708,9.342602,13.263000,75.397723
709,9.355470,12.868000,77.712154
710,9.369244,13.774000,72.600552
711,9.382290,13.046000,76.651847
712,9.395647,13.357000,74.867111
713,9.409005,13.358000,74.861506
714,9.422377,13.372000,74.783129
715,9.437216,14.839000,67.389986
716,9.449480,12.264000,81.539465
717,9.462259,12.779000,78.253384
718,9.475436,13.177000,75.889808
719,9.489015,13.579000,73.643125
720,9.502593,13.578000,73.648549
721,9.515220,12.627000,79.195375
722,9.528957,13.737000,72.796098
723,9.542158,13.201000,75.751837
724,9.555317,13.159000,75.993617
725,9.568922,13.605000,73.502389
726,9.582438,13.516000,73.986387
727,9.595284,12.846000,77.845244
728,9.617307,22.023000,45.407074
729,9.631754,14.447000,69.218523
730,9.635346,3.592000,278.396437
731,9.648763,13.417000,74.532310
732,9.662387,13.624000,73.399883
733,9.675270,12.883000,77.621672
734,9.688885,13.615000,73.448402
735,9.702265,13.380000,74.738416
736,9.715407,13.142000,76.091919
737,9.729058,13.651000,73.254707
738,9.742099,13.041000,76.681236
739,9.755185,13.086000,76.417545
740,9.769077,13.892000,71.983876
741,9.782397,13.320000,75.075075
742,9.795618,13.221000,75.637244
743,9.809051,13.433000,74.443535
744,9.822444,13.393000,74.665870
745,9.835473,13.029000,76.751861
746,9.849151,13.678000,73.110104
747,9.862261,13.110000,76.277651
748,9.875686,13.425000,74.487896
749,9.888967,13.281000,75.295535
750,9.902825,13.858000,72.160485
751,9.915416,12.591000,79.421809
752,9.929101,13.685000,73.072707
753,9.942373,13.272000,75.346594
754,9.955589,13.216000,75.665860
755,9.969081,13.492000,74.117996
756,9.982527,13.446000,74.371560
757,9.995412,12.885000,77.609624
758,10.008842,13.430000,74.460164
759,10.022010,13.168000,75.941677
760,10.035251,13.241000,75.522997
761,10.048924,13.673000,73.136839
762,10.065333,16.409000,60.942166
763,10.077230,11.897000,84.054804
764,10.089237,12.007000,83.284751
765,10.102308,13.071000,76.505241
766,10.115352,13.044000,76.663600
767,10.128898,13.546000,73.822531
768,10.142352,13.454000,74.327338
769,10.155314,12.962000,77.148588
770,10.169139,13.825000,72.332731
771,10.182228,13.089000,76.400031
772,10.198463,16.235000,61.595319
773,10.226097,27.634000,36.187305
774,10.226760,0.663000,1508.295626
775,10.236266,9.506000,105.196718
776,10.250500,14.234000,70.254321
777,10.262307,11.807000,84.695520
778,10.275361,13.054000,76.604872
779,10.286913,11.552000,86.565097
780,10.289031,2.118000,472.143532
781,10.294179,5.148000,194.250194
782,10.300317,6.138000,162.919518
783,10.311472,11.155000,89.645899
784,10.315619,4.147000,241.138172
785,10.329022,13.403000,74.610162
786,10.337670,8.648000,115.633673
787,10.361184,23.514000,42.527856
788,10.361549,0.365000,2739.726027
789,10.365000,3.451000,289.771081
790,10.368052,3.052000,327.653997
791,10.383177,15.125000,66.115702
792,10.390074,6.897000,144.990576
793,10.395539,5.465000,182.982617
794,10.402059,6.520000,153.374233
795,10.404860,2.801000,357.015352
796,10.408464,3.604000,277.469478
797,10.422414,13.950000,71.684588
798,10.429488,7.074000,141.362737
799,10.431863,2.375000,421.052632
800,10.434392,2.529000,395.413207
801,10.448754,14.362000,69.628185
802,10.456703,7.949000,125.801988
803,10.458694,1.991000,502.260171
804,10.465188,6.494000,153.988297
805,10.475484,10.296000,97.125097
806,10.482974,7.490000,133.511348
807,10.488925,5.951000,168.038985
808,10.493413,4.488000,222.816399
809,10.498270,4.857000,205.888408
810,10.502788,4.518000,221.336875
811,10.515590,12.802000,78.112795
812,10.523015,7.425000,134.680135
813,10.525336,2.321000,430.848772
814,10.531679,6.343000,157.654107
815,10.537045,5.366000,186.358554
816,10.543903,6.858000,145.815106
817,10.555686,11.783000,84.868030
818,10.562416,6.730000,148.588410
819,10.564857,2.441000,409.668169
820,10.570764,5.907000,169.290672
821,10.582187,11.423000,87.542677
822,10.589504,7.317000,136.668033
823,10.594577,5.073000,197.122019
824,10.597527,2.950000,338.983051
825,10.599704,2.177000,459.347726
826,10.605778,6.074000,164.636154
827,10.608596,2.818000,354.861604
828,10.615588,6.992000,143.020595
829,10.618664,3.076000,325.097529
830,10.622725,4.061000,246.244767
831,10.625054,2.329000,429.368828
832,10.630332,5.278000,189.465707
833,10.635490,5.158000,193.873594
834,10.642774,7.284000,137.287205
835,10.644519,1.745000,573.065903
836,10.648519,4.000000,250.000000
837,10.651215,2.696000,370.919881
838,10.656705,5.490000,182.149362
839,10.661847,5.142000,194.476857
840,10.668703,6.856000,145.857643
841,10.670489,1.786000,559.910414
842,10.675329,4.840000,206.611570
843,10.677290,1.961000,509.943906
844,10.682835,5.545000,180.342651
845,10.688717,5.882000,170.010201
846,10.696158,7.441000,134.390539
847,10.698031,1.873000,533.902830
848,10.702442,4.411000,226.705962
849,10.704448,2.006000,498.504487
850,10.710125,5.677000,176.149375
851,10.715073,4.948000,202.101859
852,10.721841,6.768000,147.754137
853,10.726562,4.721000,211.819530
854,10.728904,2.342000,426.985482
855,10.731053,2.149000,465.332713
856,10.736448,5.395000,185.356812
857,10.742049,5.601000,178.539547
858,10.748941,6.892000,145.095763
859,10.750859,1.918000,521.376434
860,10.755140,4.281000,233.590283
861,10.757076,1.936000,516.528926
862,10.762402,5.326000,187.758167
863,10.768469,6.067000,164.826108
864,10.770681,2.212000,452.079566
865,10.776776,6.095000,164.068909
866,10.781627,4.851000,206.143063
867,10.783570,1.943000,514.668039
868,10.789532,5.962000,167.728950
869,10.791837,2.305000,433.839479
870,10.796201,4.364000,229.147571
871,10.801739,5.538000,180.570603
872,10.803635,1.896000,527.426160
873,10.809426,5.791000,172.681748
874,10.815409,5.983000,167.140231
875,10.821679,6.270000,159.489633
876,10.828214,6.535000,153.022188
877,10.833457,5.243000,190.730498
878,10.835384,1.927000,518.941360
879,10.837323,1.939000,515.729758
880,10.842876,5.553000,180.082838
881,10.848636,5.760000,173.611111
882,10.852351,3.715000,269.179004
883,10.857428,5.077000,196.966713
884,10.861727,4.299000,232.612235
885,10.863839,2.112000,473.484848
886,10.866978,3.139000,318.572794
887,10.875128,8.150000,122.699387
888,10.881428,6.300000,158.730159
889,10.883918,2.490000,401.606426
890,10.888920,5.002000,199.920032
891,10.890881,1.961000,509.943906
892,10.896232,5.351000,186.880957
893,10.902091,5.859000,170.677590
894,10.904668,2.577000,388.048118
895,10.910978,6.310000,158.478605
896,10.915073,4.095000,244.200244
897,10.917278,2.205000,453.514739
898,10.919283,2.005000,498.753117
899,10.928559,9.276000,107.805088
900,10.935188,6.629000,150.852316
901,10.937287,2.099000,476.417342
902,10.942393,5.106000,195.848022
903,10.944357,1.964000,509.164969
904,10.950204,5.847000,171.027878
905,10.955402,5.198000,192.381685
906,10.961687,6.285000,159.108990
907,10.964328,2.641000,378.644453
908,10.968385,4.057000,246.487552
909,10.970999,2.614000,382.555471
910,10.973206,2.207000,453.103761
911,10.989284,16.078000,62.196791
912,10.991629,2.345000,426.439232
913,10.997497,5.868000,170.415815
914,11.003082,5.585000,179.051030
915,11.008728,5.646000,177.116543
916,11.012985,4.257000,234.907212
917,11.018113,5.128000,195.007800
918,11.022488,4.375000,228.571429
919,11.024465,1.977000,505.816894
920,11.030176,5.711000,175.100683
921,11.032987,2.811000,355.745286
922,11.037059,4.072000,245.579568
923,11.039061,2.002000,499.500500
924,11.045296,6.235000,160.384924
925,11.048724,3.428000,291.715286
926,11.051104,2.380000,420.168067
927,11.057633,6.529000,153.162812
928,11.062197,4.564000,219.106047
929,11.064134,1.937000,516.262261
930,11.069842,5.708000,175.192712
931,11.075108,5.266000,189.897455
932,11.077758,2.650000,377.358491
933,11.083998,6.240000,160.256410
934,11.089485,5.487000,182.248952
935,11.091418,1.933000,517.330574
936,11.096010,4.592000,217.770035
937,11.102099,6.089000,164.230580
938,11.104724,2.625000,380.952381
939,11.110853,6.129000,163.158753
940,11.116965,6.112000,163.612565
941,11.128794,11.829000,84.538000
942,11.135359,6.565000,152.322925
943,11.138592,3.233000,309.310238
944,11.140987,2.395000,417.536534
945,11.146837,5.850000,170.940171
946,11.152323,5.486000,182.282173
947,11.155194,2.871000,348.310693
948,11.157674,2.480000,403.225806
949,11.163254,5.580000,179.211470
950,11.167633,4.379000,228.362640
951,11.169668,2.035000,491.400491
952,11.176018,6.350000,157.480315
953,11.178191,2.173000,460.193281
954,11.180535,2.344000,426.621160
955,11.185840,5.305000,188.501414
956,11.190439,4.599000,217.438574
957,11.192500,2.061000,485.201359
958,11.198229,5.729000,174.550532
959,11.208733,10.504000,95.201828
960,11.211279,2.546000,392.772977
961,11.218166,6.887000,145.201104
962,11.220451,2.285000,437.636761
963,11.225666,5.215000,191.754554
964,11.230359,4.693000,213.083316
965,11.232430,2.071000,482.858522
966,11.238422,5.992000,166.889186
967,11.248612,10.190000,98.135427
968,11.255103,6.491000,154.059467
969,11.258198,3.095000,323.101777
970,11.260653,2.455000,407.331976
971,11.275310,14.657000,68.226786
972,11.282227,6.917000,144.571346
973,11.284264,2.037000,490.918017
974,11.288352,4.088000,244.618395
975,11.290278,1.926000,519.210800
976,11.296098,5.820000,171.821306
977,11.299840,3.742000,267.236772
978,11.303204,3.364000,297.265161
979,11.308734,5.530000,180.831826
980,11.310785,2.051000,487.567040
981,11.315163,4.378000,228.414801
982,11.321962,6.799000,147.080453
983,11.323924,1.962000,509.683996
984,11.327916,3.992000,250.501002
985,11.330355,2.439000,410.004100
986,11.336381,6.026000,165.947561
987,11.341739,5.358000,186.636805
988,11.348247,6.508000,153.657037
989,11.355311,7.064000,141.562854
990,11.361344,6.033000,165.755014
991,11.368644,7.300000,136.986301
992,11.370810,2.166000,461.680517
993,11.378724,7.914000,126.358352
994,11.381058,2.334000,428.449015
995,11.383493,2.435000,410.677618
996,11.385425,1.932000,517.598344
997,11.395063,9.638000,103.755966
998,11.401693,6.630000,150.829563
999,11.403648,1.955000,511.508951
1000,11.408708,5.060000,197.628458
1001,11.414217,5.509000,181.521147
1002,11.416303,2.086000,479.386385
1003,11.421853,5.550000,180.180180
1004,11.428489,6.636000,150.693189
1005,11.430556,2.067000,483.792937
1006,11.434980,4.424000,226.039783
1007,11.436961,1.981000,504.795558
1008,11.440361,3.400000,294.117647
1009,11.448469,8.108000,123.334978
1010,11.454902,6.433000,155.448469
1011,11.457046,2.144000,466.417910
1012,11.462124,5.078000,196.927924
1013,11.463977,1.853000,539.665407
1014,11.469639,5.662000,176.616037
1015,11.475306,5.667000,176.460208
1016,11.477909,2.603000,384.172109
1017,11.484284,6.375000,156.862745
1018,11.488378,4.094000,244.259893
1019,11.490633,2.255000,443.458980
1020,11.496157,5.524000,181.028240
1021,11.501747,5.590000,178.890877
1022,11.508425,6.678000,149.745433
1023,11.510595,2.170000,460.829493
1024,11.515592,4.997000,200.120072
1025,11.517642,2.050000,487.804878
1026,11.523257,5.615000,178.094390
1027,11.528641,5.384000,185.735513
1028,11.535502,6.861000,145.751348
1029,11.537568,2.066000,484.027106
1030,11.542027,4.459000,224.265530
1031,11.544017,1.990000,502.512563
1032,11.547133,3.116000,320.924262
1033,11.554988,7.855000,127.307447
1034,11.561367,6.379000,156.764383
1035,11.563400,2.033000,491.883915
1036,11.568459,5.059000,197.667523
1037,11.570440,1.981000,504.795558
1038,11.575982,5.542000,180.440274
1039,11.581870,5.888000,169.836957
1040,11.588271,6.401000,156.225590
1041,11.590294,2.023000,494.315373
1042,11.596079,5.785000,172.860847
1043,11.608610,12.531000,79.802091
1044,11.614918,6.308000,158.528852
1045,11.618037,3.119000,320.615582
1046,11.621037,3.000000,333.333333
1047,11.625794,4.757000,210.216523
1048,11.630308,4.514000,221.533008
1049,11.633180,2.872000,348.189415
1050,11.637080,3.900000,256.410256
1051,11.648558,11.478000,87.123192
1052,11.655140,6.582000,151.929505
1053,11.657586,2.446000,408.830744
1054,11.663430,5.844000,171.115674
1055,11.675260,11.830000,84.530854
1056,11.681827,6.567000,152.276534
1057,11.686322,4.495000,222.469410
1058,11.688261,1.939000,515.729758
1059,11.690667,2.406000,415.627598
1060,11.694910,4.243000,235.682300
1061,11.698609,3.699000,270.343336
1062,11.704343,5.734000,174.398326
1063,11.715350,11.007000,90.851276
1064,11.721364,6.014000,166.278683
1065,11.724069,2.705000,369.685767
1066,11.728619,4.550000,219.780220
1067,11.730558,1.939000,515.729758
1068,11.732483,1.925000,519.480519
1069,11.741690,9.207000,108.613012
1070,11.748550,6.860000,145.772595
1071,11.750519,1.969000,507.872016
1072,11.756081,5.562000,179.791442
1073,11.760699,4.618000,216.543958
1074,11.762676,1.977000,505.816894
1075,11.768575,5.899000,169.520258
1076,11.774834,6.259000,159.769931
1077,11.777416,2.582000,387.296669
1078,11.781312,3.896000,256.673511
1079,11.792178,10.866000,92.030186
1080,11.794530,2.352000,425.170068
1081,11.802756,8.226000,121.565767
1082,11.804760,2.004000,499.001996
1083,11.806761,2.001000,499.750125
1084,11.812855,6.094000,164.095832
1085,11.818124,5.269000,189.789334
1086,11.820178,2.054000,486.854917
1087,11.825922,5.744000,174.094708
1088,11.830762,4.840000,206.611570
1089,11.833735,2.973000,336.360579
1090,11.836316,2.581000,387.446726
1091,11.848687,12.371000,80.834209
1092,11.851031,2.344000,426.621160
1093,11.858367,7.336000,136.314068
1094,11.861938,3.571000,280.033604
1095,11.863951,2.013000,496.770989
1096,11.865995,2.044000,489.236791
1097,11.875620,9.625000,103.896104
1098,11.878246,2.626000,380.807312
1099,11.888601,10.355000,96.571704
1100,11.890826,2.225000,449.438202
1101,11.896976,6.150000,162.601626
1102,11.900778,3.802000,263.019463
1103,11.902698,1.920000,520.833333
1104,11.908746,6.048000,165.343915
1105,11.913801,5.055000,197.823937
1106,11.915753,1.952000,512.295082
1107,11.921519,5.766000,173.430454
1108,11.924138,2.619000,381.825124
1109,11.928940,4.802000,208.246564
1110,11.931193,2.253000,443.852641
1111,11.943081,11.888000,84.118439
1112,11.945284,2.203000,453.926464
1113,11.954942,9.658000,103.541106
1114,11.961294,6.352000,157.430730
1115,11.963419,2.125000,470.588235
1116,11.968516,5.097000,196.193840
1117,11.970421,1.905000,524.934383
1118,11.976465,6.044000,165.453342
1119,11.982026,5.561000,179.823773
1120,11.984687,2.661000,375.798572
1121,11.991283,6.596000,151.607035
1122,11.995791,4.508000,221.827862
1123,11.997838,2.047000,488.519785
1124,11.999927,2.089000,478.697942
1125,12.008520,8.593000,116.373793
1126,12.011154,2.634000,379.650721
1127,12.021933,10.779000,92.772985
1128,12.024544,2.611000,382.995021
1129,12.031027,6.483000,154.249576
1130,12.035736,4.709000,212.359312
1131,12.037700,1.964000,509.164969
1132,12.043804,6.104000,163.826999
1133,12.050549,6.745000,148.257969
1134,12.052900,2.351000,425.350915
1135,12.061639,8.739000,114.429569
1136,12.068580,6.941000,144.071459
1137,12.070468,1.888000,529.661017
1138,12.075347,4.879000,204.960033
1139,12.077296,1.949000,513.083633
1140,12.083006,5.710000,175.131349
1141,12.088474,5.468000,182.882224
1142,12.092496,4.022000,248.632521
1143,12.099187,6.691000,149.454491
1144,12.102378,3.191000,313.381385
1145,12.104621,2.243000,445.831476
1146,12.114981,10.360000,96.525097
1147,12.121411,6.430000,155.520995
1148,12.124568,3.157000,316.756414
1149,12.128700,4.132000,242.013553
1150,12.130928,2.228000,448.833034
1151,12.137201,6.273000,159.413359
1152,12.141511,4.310000,232.018561
1153,12.143468,1.957000,510.986203
1154,12.149709,6.241000,160.230732
1155,12.153520,3.811000,262.398321
1156,12.155980,2.460000,406.504065
1157,12.157908,1.928000,518.672199
1158,12.164098,6.190000,161.550889
1159,12.165993,1.895000,527.704485
1160,12.169858,3.865000,258.732212
1161,12.172991,3.133000,319.182892
1162,12.178000,5.009000,199.640647
1163,12.181729,3.729000,268.168410
1164,12.188515,6.786000,147.362216
1165,12.190519,2.004000,499.001996
1166,12.195114,4.595000,217.627856
1167,12.197073,1.959000,510.464523
1168,12.202526,5.453000,183.385292
1169,12.209184,6.658000,150.195254
1170,12.215254,6.070000,164.744646
1171,12.221508,6.254000,159.897665
1172,12.228163,6.655000,150.262960
1173,12.233329,5.166000,193.573364
1174,12.235379,2.050000,487.804878
1175,12.241770,6.391000,156.470036
1176,12.246373,4.603000,217.249620
1177,12.248228,1.855000,539.083558
1178,12.253884,5.656000,176.803395
1179,12.258395,4.511000,221.680337
1180,12.260900,2.505000,399.201597
1181,12.262871,1.971000,507.356672
1182,12.269193,6.322000,158.177792
1183,12.271874,2.681000,372.995151
1184,12.276158,4.284000,233.426704
1185,12.278161,2.003000,499.251123
1186,12.284797,6.636000,150.693189
1187,12.288685,3.888000,257.201646
1188,12.295588,6.903000,144.864552
1189,12.301972,6.384000,156.641604
1190,12.304690,2.718000,367.917586
1191,12.312615,7.925000,126.182965
1192,12.316173,3.558000,281.056773
1193,12.319311,3.138000,318.674315
1194,12.322060,2.749000,363.768643
1195,12.328855,6.795000,147.167035
1196,12.331284,2.429000,411.692054
1197,12.342385,11.101000,90.081975
1198,12.344765,2.380000,420.168067
1199,12.355814,11.049000,90.505928
1200,12.358550,2.736000,365.497076
1201,12.368533,9.983000,100.170289
1202,12.371296,2.763000,361.925443
1203,12.378514,7.218000,138.542533
1204,12.380907,2.393000,417.885499
1205,12.395380,14.473000,69.094175
1206,12.398102,2.722000,367.376929
1207,12.410585,12.483000,80.108948
1208,12.413038,2.453000,407.664085
1209,12.421953,8.915000,112.170499
1210,12.424762,2.809000,355.998576
1211,12.432012,7.250000,137.931034
1212,12.434536,2.524000,396.196513
1213,12.448751,14.215000,70.348224
1214,12.451569,2.818000,354.861604
1215,12.461841,10.272000,97.352025
1216,12.464620,2.779000,359.841670
1217,12.471741,7.121000,140.429715
1218,12.474183,2.442000,409.500410
1219,12.488839,14.656000,68.231441
1220,12.491572,2.733000,365.898280
1221,12.504466,12.894000,77.555452
1222,12.506920,2.454000,407.497963
1223,12.515246,8.326000,120.105693
1224,12.517984,2.738000,365.230095
1225,12.525302,7.318000,136.649358
1226,12.532253,6.951000,143.864192
1227,12.542015,9.762000,102.438025
1228,12.544770,2.755000,362.976407
1229,12.555169,10.399000,96.163093
1230,12.562153,6.984000,143.184422
1231,12.564795,2.642000,378.501136
1232,12.567464,2.669000,374.672162
1233,12.582169,14.705000,68.004080
1234,12.589247,7.078000,141.282848
1235,12.596563,7.316000,136.686714
1236,12.599028,2.465000,405.679513
1237,12.608534,9.506000,105.196718
1238,12.611390,2.856000,350.140056
1239,12.619075,7.685000,130.123617
1240,12.626106,7.031000,142.227279
1241,12.629070,2.964000,337.381916
1242,12.634020,4.950000,202.020202
1243,12.636136,2.116000,472.589792
1244,12.638500,2.364000,423.011844
1245,12.648395,9.895000,101.061142
1246,12.651810,3.415000,292.825769
1247,12.660119,8.309000,120.351426
1248,12.663192,3.073000,325.414904
1249,12.669546,6.354000,157.381177
1250,12.674697,5.151000,194.137061
1251,12.688817,14.120000,70.821530
1252,12.691537,2.720000,367.647059
1253,12.712093,20.556000,48.647597
1254,12.714805,2.712000,368.731563
1255,12.728701,13.896000,71.963155
1256,12.735458,6.757000,147.994672
1257,12.739755,4.297000,232.720503
1258,12.742414,2.659000,376.081234
1259,12.748872,6.458000,154.846702
1260,12.753828,4.956000,201.775626
1261,12.756613,2.785000,359.066427
1262,12.758953,2.340000,427.350427
1263,12.768457,9.504000,105.218855
1264,12.771212,2.755000,362.976407
1265,12.778691,7.479000,133.707715
1266,12.781083,2.392000,418.060201
1267,12.787097,6.014000,166.278683
1268,12.792238,5.141000,194.514686
1269,12.794662,2.424000,412.541254
1270,12.797301,2.639000,378.931413
1271,12.803600,6.299000,158.755358
1272,12.808531,4.931000,202.798621
1273,12.810439,1.908000,524.109015
1274,12.817062,6.623000,150.988978
1275,12.822198,5.136000,194.704050
1276,12.828626,6.428000,155.569384
1277,12.835207,6.581000,151.952591
1278,12.837841,2.634000,379.650721
1279,12.846366,8.525000,117.302053
1280,12.848905,2.539000,393.855849
1281,12.852312,3.407000,293.513355
1282,12.854683,2.371000,421.762969
1283,12.861821,7.138000,140.095265
1284,12.864286,2.465000,405.679513
1285,12.873288,9.002000,111.086425
1286,12.875960,2.672000,374.251497
1287,12.881947,5.987000,167.028562
1288,12.888311,6.364000,157.133878
1289,12.901879,13.568000,73.702830
1290,12.904435,2.556000,391.236307
1291,12.912207,7.772000,128.667010
1292,12.914528,2.321000,430.848772
1293,12.920433,5.905000,169.348010
1294,12.925222,4.789000,208.811861
1295,12.928095,2.873000,348.068221
1296,12.930526,2.431000,411.353353
1297,12.937889,7.363000,135.814206
1298,12.940237,2.348000,425.894378
1299,12.955186,14.949000,66.894107
1300,12.957873,2.687000,372.162263
1301,12.965358,7.485000,133.600534
1302,12.967663,2.305000,433.839479
1303,12.981780,14.117000,70.836580
1304,12.988503,6.723000,148.743121
1305,12.991343,2.840000,352.112676
1306,12.995752,4.409000,226.808800
1307,12.998080,2.328000,429.553265
1308,13.000271,2.191000,456.412597
1309,13.008308,8.037000,124.424537
1310,13.011004,2.696000,370.919881
1311,13.018241,7.237000,138.178803
1312,13.024209,5.968000,167.560322
1313,13.026848,2.639000,378.931413
1314,13.031153,4.305000,232.288037
1315,13.033385,2.232000,448.028674
1316,13.039774,6.389000,156.519017
1317,13.048477,8.703000,114.902907
1318,13.055079,6.602000,151.469252
1319,13.057963,2.884000,346.740638
1320,13.062425,4.462000,224.114747
1321,13.075183,12.758000,78.382192
1322,13.077889,2.706000,369.549150
1323,13.084704,6.815000,146.735143
1324,13.087139,2.435000,410.677618
1325,13.092872,5.733000,174.428746
1326,13.098053,5.181000,193.012932
1327,13.102807,4.754000,210.349180
1328,13.105426,2.619000,381.825124
1329,13.114903,9.477000,105.518624
1330,13.121670,6.767000,147.775972
1331,13.124514,2.844000,351.617440
1332,13.126850,2.336000,428.082192
1333,13.133101,6.251000,159.974404
1334,13.137060,3.959000,252.589038
1335,13.140132,3.072000,325.520833
1336,13.142449,2.317000,431.592577
1337,13.149166,6.717000,148.875986
1338,13.153489,4.323000,231.320842
1339,13.155492,2.003000,499.251123
1340,13.161833,6.341000,157.703832
1341,13.164090,2.257000,443.066017
1342,13.166223,2.133000,468.823254
1343,13.182108,15.885000,62.952471
1344,13.184836,2.728000,366.568915
1345,13.195993,11.157000,89.629829
1346,13.198425,2.432000,411.184211
1347,13.208460,10.035000,99.651221
1348,13.211231,2.771000,360.880549
1349,13.217857,6.626000,150.920616
1350,13.220222,2.365000,422.832981
1351,13.235293,15.071000,66.352598
1352,13.237918,2.625000,380.952381
1353,13.250856,12.938000,77.291699
1354,13.253242,2.386000,419.111484
1355,13.261774,8.532000,117.205813
1356,13.268451,6.677000,149.767860
1357,13.271021,2.570000,389.105058
1358,13.273370,2.349000,425.713069
1359,13.288491,15.121000,66.133192
1360,13.294870,6.379000,156.764383
1361,13.303673,8.803000,113.597637
1362,13.306013,2.340000,427.350427
1363,13.314972,8.959000,111.619600
1364,13.321569,6.597000,151.584053
1365,13.323682,2.113000,473.260767
1366,13.325878,2.196000,455.373406
1367,13.331553,5.675000,176.211454
1368,13.337512,5.959000,167.813392
1369,13.341991,4.479000,223.264121
1370,13.344660,2.669000,374.672162
1371,13.356653,11.993000,83.381973
1372,13.358988,2.335000,428.265525
1373,13.368812,9.824000,101.791531
1374,13.371472,2.660000,375.939850
1375,13.382233,10.761000,92.928167
1376,13.384901,2.668000,374.812594
1377,13.395195,10.294000,97.143967
1378,13.397824,2.629000,380.372765
1379,13.408203,10.379000,96.348396
1380,13.410765,2.562000,390.320062
1381,13.418372,7.607000,131.457868
1382,13.420695,2.323000,430.477830
1383,13.434212,13.517000,73.980913
1384,13.436601,2.389000,418.585182
1385,13.448496,11.895000,84.068937
1386,13.455680,7.184000,139.198218
1387,13.461696,6.016000,166.223404
1388,13.468471,6.775000,147.601476
1389,13.471196,2.725000,366.972477
1390,13.475715,4.519000,221.287896
1391,13.477668,1.953000,512.032770
1392,13.483719,6.051000,165.261940
1393,13.489831,6.112000,163.612565
1394,13.492168,2.337000,427.899016
1395,13.501633,9.465000,105.652404
1396,13.504204,2.571000,388.953715
1397,13.510531,6.327000,158.052790
1398,13.514685,4.154000,240.731825
1399,13.518358,3.673000,272.257011
1400,13.522917,4.559000,219.346348
1401,13.532539,9.622000,103.928497
1402,13.535195,2.656000,376.506024
1403,13.543894,8.699000,114.955742
1404,13.550398,6.504000,153.751538
1405,13.554981,4.583000,218.197687
1406,13.561928,6.947000,143.947027
1407,13.564585,2.657000,376.364321
1408,13.566892,2.307000,433.463372
1409,13.581902,15.010000,66.622252
1410,13.584614,2.712000,368.731563
1411,13.596246,11.632000,85.969739
1412,13.598728,2.482000,402.900886
1413,13.608398,9.670000,103.412616
1414,13.611156,2.758000,362.581581
1415,13.618508,7.352000,136.017410
1416,13.620894,2.386000,419.111484
1417,13.626908,6.014000,166.278683
1418,13.631814,4.906000,203.832042
1419,13.635087,3.273000,305.530095
1420,13.637263,2.176000,459.558824
1421,13.648254,10.991000,90.983532
1422,13.654924,6.670000,149.925037
1423,13.657829,2.905000,344.234079
1424,13.660565,2.736000,365.497076
1425,13.667034,6.469000,154.583398
1426,13.673721,6.687000,149.543891
1427,13.676149,2.428000,411.861614
1428,13.678589,2.440000,409.836066
1429,13.690629,12.040000,83.056478
1430,13.697296,6.667000,149.992500
1431,13.701656,4.360000,229.357798
1432,13.704557,2.901000,344.708721
1433,13.711930,7.373000,135.630001
1434,13.714407,2.477000,403.714170
1435,13.720412,6.005000,166.527893
1436,13.725480,5.068000,197.316496
1437,13.727809,2.329000,429.368828
1438,13.730248,2.439000,410.004100
1439,13.747815,17.567000,56.924916
1440,13.750535,2.720000,367.647059
1441,13.768557,18.022000,55.487737
1442,13.771282,2.725000,366.972477
1443,13.781798,10.516000,95.093191
1444,13.788648,6.850000,145.985401
1445,13.795208,6.560000,152.439024
1446,13.802151,6.943000,144.029958
1447,13.810284,8.133000,122.955859
1448,13.812673,2.389000,418.585182
1449,13.821644,8.971000,111.470293
1450,13.828387,6.743000,148.301943
1451,13.832381,3.994000,250.375563
1452,13.834778,2.397000,417.188152
1453,13.848765,13.987000,71.494960
1454,13.851525,2.760000,362.318841
1455,13.863425,11.900000,84.033613
1456,13.865844,2.419000,413.393964
1457,13.874995,9.151000,109.277675
1458,13.877774,2.779000,359.841670
1459,13.885008,7.234000,138.236107
1460,13.887428,2.420000,413.223140
1461,13.893756,6.328000,158.027813
1462,13.899503,5.747000,174.003828
1463,13.903300,3.797000,263.365815
1464,13.905827,2.527000,395.726157
1465,13.912875,7.048000,141.884222
1466,13.915323,2.448000,408.496732
1467,13.928609,13.286000,75.267199
1468,13.931326,2.717000,368.053000
1469,13.941989,10.663000,93.782238
1470,13.944654,2.665000,375.234522
1471,13.955778,11.124000,89.895721
1472,13.958240,2.462000,406.173842
1473,13.968268,10.028000,99.720782
1474,13.970931,2.663000,375.516335
1475,13.978642,7.711000,129.684866
1476,13.980904,2.262000,442.086649
1477,13.995127,14.223000,70.308655
1478,13.997678,2.551000,392.003136
1479,14.009496,11.818000,84.616686
1480,14.011774,2.278000,438.981563
1481,14.017697,5.923000,168.833361
1482,14.023071,5.374000,186.081131
1483,14.025077,2.006000,498.504487
1484,14.031553,6.476000,154.416306
1485,14.033720,2.167000,461.467467
1486,14.035969,2.249000,444.642063
1487,14.041697,5.728000,174.581006
1488,14.046362,4.665000,214.362272
1489,14.049219,2.857000,350.017501
1490,14.051572,2.353000,424.989375
1491,14.061461,9.889000,101.122459
1492,14.066120,4.659000,214.638334
1493,14.070807,4.687000,213.356091
1494,14.073215,2.408000,415.282392
1495,14.079422,6.207000,161.108426
1496,14.084217,4.795000,208.550574
1497,14.087152,2.935000,340.715503
1498,14.089577,2.425000,412.371134
1499,14.095326,5.749000,173.943294
1500,14.099940,4.614000,216.731686
1501,14.101996,2.056000,486.381323
1502,14.108231,6.235000,160.384924
1503,14.110708,2.477000,403.714170
1504,14.113537,2.829000,353.481796
1505,14.128435,14.898000,67.123104
1506,14.135090,6.655000,150.262960
1507,14.143257,8.167000,122.443982
1508,14.145629,2.372000,421.585160
1509,14.154870,9.241000,108.213397
1510,14.162203,7.333000,136.369835
1511,14.164235,2.032000,492.125984
1512,14.166395,2.160000,462.962963
1513,14.181777,15.382000,65.011052
1514,14.186063,4.286000,233.317779
1515,14.195430,9.367000,106.757767
1516,14.197784,2.354000,424.808836
1517,14.208235,10.451000,95.684623
1518,14.210985,2.750000,363.636364
1519,14.217736,6.751000,148.126204
1520,14.220080,2.344000,426.621160
1521,14.225724,5.644000,177.179305
1522,14.230522,4.798000,208.420175
1523,14.233680,3.158000,316.656111
1524,14.236012,2.332000,428.816467
1525,14.242007,5.995000,166.805671
1526,14.247069,5.062000,197.550375
1527,14.250711,3.642000,274.574410
1528,14.253061,2.350000,425.531915
1529,14.261666,8.605000,116.211505
1530,14.268818,7.152000,139.821029
1531,14.272368,3.550000,281.690141
1532,14.274933,2.565000,389.863548
1533,14.280803,5.870000,170.357751
1534,14.285455,4.652000,214.961307
1535,14.289577,4.122000,242.600679
1536,14.296531,6.954000,143.802128
1537,14.303013,6.482000,154.273372
1538,14.305311,2.298000,435.161010
1539,14.315190,9.879000,101.224820
1540,14.322085,6.895000,145.032632
1541,14.328521,6.436000,155.376010
1542,14.331235,2.714000,368.459838
1543,14.341925,10.690000,93.545370
1544,14.344503,2.578000,387.897595
1545,14.361270,16.767000,59.640961
1546,14.363693,2.423000,412.711515
1547,14.369339,5.646000,177.116543
1548,14.371453,2.114000,473.036897
1549,14.381666,10.213000,97.914423
1550,14.384359,2.693000,371.333086
1551,14.395924,11.565000,86.467791
1552,14.398296,2.372000,421.585160
1553,14.408074,9.778000,102.270403
1554,14.410720,2.646000,377.928949
1555,14.418421,7.701000,129.853266
1556,14.420756,2.335000,428.265525
1557,14.429688,8.932000,111.957009
1558,14.431978,2.290000,436.681223
1559,14.434177,2.199000,454.752160
1560,14.436223,2.046000,488.758553
1561,14.443333,7.110000,140.646976
1562,14.446835,3.502000,285.551114
1563,14.448815,1.980000,505.050505
1564,14.452995,4.180000,239.234450
1565,14.457246,4.251000,235.238767
1566,14.463122,5.876000,170.183799
1567,14.468957,5.835000,171.379606
1568,14.471355,2.398000,417.014178
1569,14.475090,3.735000,267.737617
1570,14.477701,2.611000,382.995021
1571,14.488801,11.100000,90.090090
1572,14.491139,2.338000,427.715997
1573,14.501374,10.235000,97.703957
1574,14.504010,2.636000,379.362671
1575,14.510539,6.529000,153.162812
1576,14.516500,5.961000,167.757088
1577,14.529482,12.982000,77.029733
1578,14.536675,7.193000,139.024051
1579,14.543119,6.444000,155.183116
1580,14.545727,2.608000,383.435583
1581,14.557154,11.427000,87.512033
1582,14.564273,7.119000,140.469167
1583,14.568514,4.241000,235.793445
1584,14.571400,2.886000,346.500347
1585,14.582071,10.671000,93.711930
1586,14.584750,2.679000,373.273610
1587,14.595233,10.483000,95.392540
1588,14.601905,6.672000,149.880096
1589,14.612152,10.247000,97.589538
1590,14.615309,3.157000,316.756414
1591,14.635174,19.865000,50.339794
1592,14.638101,2.927000,341.646737
1593,14.648527,10.426000,95.914061
1594,14.651254,2.727000,366.703337
1595,14.662076,10.822000,92.404361
1596,14.668617,6.541000,152.881822
1597,14.674827,6.210000,161.030596
1598,14.677526,2.699000,370.507595
1599,14.687733,10.207000,97.971980
1600,14.694694,6.961000,143.657520
1601,14.701937,7.243000,138.064338
1602,14.704348,2.411000,414.765657
1603,14.715149,10.801000,92.584020
1604,14.722394,7.245000,138.026225
1605,14.728515,6.121000,163.371998
1606,14.735554,7.039000,142.065634
1607,14.741789,6.235000,160.384924
1608,14.744587,2.798000,357.398142
1609,14.755849,11.262000,88.794175
1610,14.758284,2.435000,410.677618
1611,14.768106,9.822000,101.812258
1612,14.770789,2.683000,372.717108
1613,14.778460,7.671000,130.361100
1614,14.785452,6.992000,143.020595
1615,14.787994,2.542000,393.391031
1616,14.792414,4.420000,226.244344
1617,14.798342,5.928000,168.690958
1618,14.800733,2.391000,418.235048
1619,14.802692,1.959000,510.464523
1620,14.808165,5.473000,182.715147
1621,14.810175,2.010000,497.512438
1622,14.816909,6.734000,148.500149
1623,14.821677,4.768000,209.731544
1624,14.827981,6.304000,158.629442
1625,14.835014,7.033000,142.186833
1626,14.837657,2.643000,378.357927
1627,14.848012,10.355000,96.571704
1628,14.854951,6.939000,144.112985
1629,14.861942,6.991000,143.041053
1630,14.864800,2.858000,349.895031
1631,14.875042,10.242000,97.637180
1632,14.877798,2.756000,362.844702
1633,14.889437,11.639000,85.918034
1634,14.892370,2.933000,340.947835
1635,14.908285,15.915000,62.833805
1636,14.911115,2.830000,353.356890
1637,14.929576,18.461000,54.168247
1638,14.932216,2.640000,378.787879
1639,14.942713,10.497000,95.265314
1640,14.945243,2.530000,395.256917
1641,14.956317,11.074000,90.301607
1642,14.962249,5.932000,168.577208
1643,14.969148,6.899000,144.948543
1644,14.972493,3.345000,298.953662
1645,14.982705,10.212000,97.924011
1646,14.989069,6.364000,157.133878
1647,14.995915,6.846000,146.070698
1648,15.002279,6.364000,157.133878
1649,15.009023,6.744000,148.279953
1650,15.011564,2.541000,393.545848
1651,15.022496,10.932000,91.474570
1652,15.028793,6.297000,158.805781
1653,15.036341,7.548000,132.485427
1654,15.039036,2.695000,371.057514
1655,15.049729,10.693000,93.519125
1656,15.052477,2.748000,363.901019
1657,15.063499,11.022000,90.727636
1658,15.066101,2.602000,384.319754
1659,15.077445,11.344000,88.152327
1660,15.080015,2.570000,389.105058
1661,15.089661,9.646000,103.669915
1662,15.096400,6.739000,148.389969
1663,15.103812,7.412000,134.916352
1664,15.106415,2.603000,384.172109
1665,15.116301,9.886000,101.153146
1666,15.122682,6.381000,156.715248
1667,15.129680,6.998000,142.897971
1668,15.135783,6.103000,163.853842
1669,15.143950,8.167000,122.443982
1670,15.150431,6.481000,154.297176
1671,15.157206,6.775000,147.601476
1672,15.163802,6.596000,151.607035
1673,15.165789,1.987000,503.271263
1674,15.167774,1.985000,503.778338
1675,15.180322,12.548000,79.693975
1676,15.186366,6.044000,165.453342
1677,15.196436,10.070000,99.304866
1678,15.202867,6.431000,155.496812
1679,15.209896,7.029000,142.267748
1680,15.216677,6.781000,147.470875
1681,15.221064,4.387000,227.946205
1682,15.227244,6.180000,161.812298
1683,15.229165,1.921000,520.562207
1684,15.234345,5.180000,193.050193
1685,15.249073,14.728000,67.897882
1686,15.251626,2.553000,391.696044
1687,15.261460,9.834000,101.688021
1688,15.265045,3.585000,278.940028
1689,15.270349,5.304000,188.536953
1690,15.275064,4.715000,212.089077
1691,15.277016,1.952000,512.295082
1692,15.278979,1.963000,509.424350
1693,15.284938,5.959000,167.813392
1694,15.290559,5.621000,177.904287
1695,15.293350,2.791000,358.294518
1696,15.298952,5.602000,178.507676
1697,15.301505,2.553000,391.696044
1698,15.303808,2.303000,434.216240
1699,15.314654,10.846000,92.199889
1700,15.321752,7.098000,140.884756
1701,15.325944,4.192000,238.549618
1702,15.328291,2.347000,426.075841
1703,15.330341,2.050000,487.804878
1704,15.333115,2.774000,360.490267
1705,15.341205,8.090000,123.609394
1706,15.347601,6.396000,156.347717
1707,15.350058,2.457000,407.000407
1708,15.355900,5.842000,171.174255
1709,15.368094,12.194000,82.007545
1710,15.370645,2.551000,392.003136
1711,15.377340,6.695000,149.365198
1712,15.381201,3.861000,259.000259
1713,15.384772,3.571000,280.033604
1714,15.387093,2.321000,430.848772
1715,15.394191,7.098000,140.884756
1716,15.399297,5.106000,195.848022
1717,15.408084,8.787000,113.804484
1718,15.410663,2.579000,387.747189
1719,15.417201,6.538000,152.951973
1720,15.421623,4.422000,226.142017
1721,15.423595,1.972000,507.099391
1722,15.427024,3.429000,291.630213
1723,15.435317,8.293000,120.583625
1724,15.437523,2.206000,453.309157
1725,15.447803,10.280000,97.276265
1726,15.454437,6.634000,150.738619
1727,15.461384,6.947000,143.947027
1728,15.466144,4.760000,210.084034
1729,15.469893,3.749000,266.737797
1730,15.474766,4.873000,205.212395
1731,15.478053,3.287000,304.228780
1732,15.480277,2.224000,449.640288
1733,15.486197,5.920000,168.918919
1734,15.492332,6.135000,162.999185
1735,15.494880,2.548000,392.464678
1736,15.500502,5.622000,177.872643
1737,15.502484,1.982000,504.540868
1738,15.508301,5.817000,171.909919
1739,15.511073,2.772000,360.750361
1740,15.513308,2.235000,447.427293
1741,15.528094,14.786000,67.631543
1742,15.530389,2.295000,435.729847
1743,15.536092,5.703000,175.346309
1744,15.540502,4.410000,226.757370
1745,15.542392,1.890000,529.100529
1746,15.548497,6.105000,163.800164
1747,15.551006,2.509000,398.565165
1748,15.556784,5.778000,173.070267
1749,15.559286,2.502000,399.680256
1750,15.563376,4.090000,244.498778
1751,15.568268,4.892000,204.415372
1752,15.570075,1.807000,553.403431
1753,15.581358,11.283000,88.628911
1754,15.583931,2.573000,388.651380
1755,15.590629,6.698000,149.298298
1756,15.592889,2.260000,442.477876
1757,15.600970,8.081000,123.747061
1758,15.602975,2.005000,498.753117
1759,15.604895,1.920000,520.833333
1760,15.610956,6.061000,164.989276
1761,15.621239,10.283000,97.247885
1762,15.625121,3.882000,257.599176
1763,15.630211,5.090000,196.463654
1764,15.634733,4.522000,221.141088
1765,15.637946,3.213000,311.235605
1766,15.642227,4.281000,233.590283
1767,15.647827,5.600000,178.571429
1768,15.654058,6.231000,160.487883
1769,15.658898,4.840000,206.611570
1770,15.660941,2.043000,489.476260
1771,15.663246,2.305000,433.839479
1772,15.665559,2.313000,432.338954
1773,15.671285,5.726000,174.641984
1774,15.673644,2.359000,423.908436
1775,15.687984,14.340000,69.735007
1776,15.694023,6.039000,165.590330
1777,15.697332,3.309000,302.206105
1778,15.699561,2.229000,448.631673
1779,15.714561,15.000000,66.666667
1780,15.720334,5.773000,173.220163
1781,15.722848,2.514000,397.772474
1782,15.726784,3.936000,254.065041
1783,15.732346,5.562000,179.791442
1784,15.734628,2.282000,438.212095
1785,15.739400,4.772000,209.555742
1786,15.741337,1.937000,516.262261
1787,15.746927,5.590000,178.890877
1788,15.751806,4.879000,204.960033
1789,15.753750,1.944000,514.403292
1790,15.759238,5.488000,182.215743
1791,15.761769,2.531000,395.100751
1792,15.765592,3.823000,261.574680
1793,15.767548,1.956000,511.247444
1794,15.773693,6.145000,162.733930
1795,15.778610,4.917000,203.376042
1796,15.780573,1.963000,509.424350
1797,15.788449,7.876000,126.968004
1798,15.790815,2.366000,422.654269
1799,15.792899,2.084000,479.846449
1800,15.798412,5.513000,181.389443
1801,15.808121,9.709000,102.997219
1802,15.814490,6.369000,157.010520
1803,15.821276,6.786000,147.362216
1804,15.827592,6.316000,158.328056
1805,15.834642,7.050000,141.843972
1806,15.837145,2.503000,399.520575
1807,15.843785,6.640000,150.602410
1808,15.848203,4.418000,226.346763
1809,15.850164,1.961000,509.943906
1810,15.855614,5.450000,183.486239
1811,15.861747,6.133000,163.052340
1812,15.863940,2.193000,455.996352
1813,15.874343,10.403000,96.126117
1814,15.880579,6.236000,160.359205
1815,15.883040,2.461000,406.338887
1816,15.887926,4.886000,204.666394
1817,15.889860,1.934000,517.063082
1818,15.895183,5.323000,187.863986
1819,15.901219,6.036000,165.672631
1820,15.907998,6.779000,147.514383
1821,15.910053,2.055000,486.618005
1822,15.914092,4.039000,247.586036
1823,15.916461,2.369000,422.119038
1824,15.918638,2.177000,459.347726
1825,15.927674,9.036000,110.668437
1826,15.934472,6.798000,147.102089
1827,15.937244,2.772000,360.750361
1828,15.941343,4.099000,243.961942
1829,15.943366,2.023000,494.315373
1830,15.948930,5.564000,179.726815
1831,15.954656,5.726000,174.641984
1832,15.961384,6.728000,148.632580
1833,15.963947,2.563000,390.167772
1834,15.968420,4.473000,223.563604
1835,15.970388,1.968000,508.130081
1836,15.974596,4.208000,237.642586
1837,15.981116,6.520000,153.374233
1838,15.985704,4.588000,217.959895
1839,15.989984,4.280000,233.644860
1840,15.995719,5.735000,174.367916
1841,15.999049,3.330000,300.300300
1842,16.003255,4.206000,237.755587
1843,16.008023,4.768000,209.731544
1844,16.010597,2.574000,388.500389
1845,16.017192,6.595000,151.630023
1846,16.021278,4.086000,244.738130
1847,16.023415,2.137000,467.945718
1848,16.025638,2.223000,449.842555
1849,16.034447,8.809000,113.520263
1850,16.037046,2.599000,384.763371
1851,16.043301,6.255000,159.872102
1852,16.048951,5.650000,176.991150
1853,16.060036,11.085000,90.211998
1854,16.062286,2.250000,444.444444
1855,16.069222,6.936000,144.175317
1856,16.072781,3.559000,280.977803
1857,16.074789,2.008000,498.007968
1858,16.081373,6.584000,151.883354
1859,16.083394,2.021000,494.804552
1860,16.089125,5.731000,174.489618
1861,16.093500,4.375000,228.571429
1862,16.095674,2.174000,459.981601
1863,16.101288,5.614000,178.126113
1864,16.103863,2.575000,388.349515
1865,16.110863,7.000000,142.857143
1866,16.114727,3.864000,258.799172
1867,16.116642,1.915000,522.193211
1868,16.122145,5.503000,181.719062
1869,16.127592,5.447000,183.587296
1870,16.134443,6.851000,145.964093
1871,16.137167,2.724000,367.107195
1872,16.141233,4.066000,245.941958
1873,16.146912,5.679000,176.087339
1874,16.149731,2.819000,354.735722
1875,16.153776,4.045000,247.218789
1876,16.155728,1.952000,512.295082
1877,16.161173,5.445000,183.654729
1878,16.168572,7.399000,135.153399
1879,16.170804,2.232000,448.028674
1880,16.180929,10.125000,98.765432
1881,16.187489,6.560000,152.439024
1882,16.190099,2.610000,383.141762
1883,16.192370,2.271000,440.334654
1884,16.197869,5.499000,181.851246
1885,16.202174,4.305000,232.288037
1886,16.204545,2.371000,421.762969
1887,16.206850,2.305000,433.839479
1888,16.221162,14.312000,69.871437
1889,16.227058,5.896000,169.606513
1890,16.229564,2.506000,399.042298
1891,16.233388,3.824000,261.506276
1892,16.235403,2.015000,496.277916
1893,16.239450,4.047000,247.096615
1894,16.243573,4.123000,242.541838
1895,16.249630,6.057000,165.098233
1896,16.251598,1.968000,508.130081
1897,16.256175,4.577000,218.483723
1898,16.261120,4.945000,202.224469
1899,16.267391,6.271000,159.464200
1900,16.269990,2.599000,384.763371
1901,16.273759,3.769000,265.322367
1902,16.276051,2.292000,436.300175
1903,16.282031,5.980000,167.224080
1904,16.287718,5.687000,175.839634
1905,16.293951,6.233000,160.436387
1906,16.296279,2.328000,429.553265
1907,16.301152,4.873000,205.212395
1908,16.303136,1.984000,504.032258
1909,16.308727,5.591000,178.858880
1910,16.314416,5.689000,175.777817
1911,16.320795,6.379000,156.764383
1912,16.325740,4.945000,202.224469
1913,16.327843,2.103000,475.511175
1914,16.330209,2.366000,422.654269
1915,16.332189,1.980000,505.050505
1916,16.341488,9.299000,107.538445
1917,16.348019,6.531000,153.115909
1918,16.354484,6.465000,154.679041
1919,16.361213,6.729000,148.610492
1920,16.363267,2.054000,486.854917
1921,16.367677,4.410000,226.757370
1922,16.369587,1.910000,523.560209
1923,16.375836,6.249000,160.025604
1924,16.379780,3.944000,253.549696
1925,16.382115,2.335000,428.265525
1926,16.384117,2.002000,499.500500
1927,16.390545,6.428000,155.569384
1928,16.394453,3.908000,255.885363
1929,16.396409,1.956000,511.247444
1930,16.402232,5.823000,171.732784
1931,16.404525,2.293000,436.109900
1932,16.407820,3.295000,303.490137
1933,16.410050,2.230000,448.430493
1934,16.416848,6.798000,147.102089
1935,16.420689,3.841000,260.348867
1936,16.422659,1.970000,507.614213
1937,16.428797,6.138000,162.919518
1938,16.432132,3.335000,299.850075
1939,16.434451,2.319000,431.220354
1940,16.436424,1.973000,506.842372
1941,16.442591,6.167000,162.153397
1942,16.445323,2.732000,366.032211
1943,16.450080,4.757000,210.216523
1944,16.455705,5.625000,177.777778
1945,16.458135,2.430000,411.522634
1946,16.461323,3.188000,313.676286
1947,16.463522,2.199000,454.752160
1948,16.469087,5.565000,179.694519
1949,16.473596,4.509000,221.778665
1950,16.476267,2.671000,374.391614
1951,16.478479,2.212000,452.079566
1952,16.487669,9.190000,108.813928
1953,16.493997,6.328000,158.027813
1954,16.496254,2.257000,443.066017
1955,16.498784,2.530000,395.256917
1956,16.514474,15.690000,63.734863
1957,16.519098,4.624000,216.262976
1958,16.522709,3.611000,276.931598
1959,16.527617,4.908000,203.748981
1960,16.529472,1.855000,539.083558
1961,16.535655,6.183000,161.733786
1962,16.540982,5.327000,187.722921
1963,16.543557,2.575000,388.349515
1964,16.550534,6.977000,143.328078
1965,16.556598,6.064000,164.907652
1966,16.559054,2.456000,407.166124
1967,16.563100,4.046000,247.157687
1968,16.567614,4.514000,221.533008
1969,16.569824,2.210000,452.488688
1970,16.581142,11.318000,88.354833
1971,16.585991,4.849000,206.228088
1972,16.590143,4.152000,240.847784
1973,16.592216,2.073000,482.392668
1974,16.607901,15.685000,63.755180
1975,16.610994,3.093000,323.310702
1976,16.621534,10.540000,94.876660
1977,16.627465,5.931000,168.605631
1978,16.634302,6.837000,146.262981
1979,16.637647,3.345000,298.953662
1980,16.643115,5.468000,182.882224
1981,16.648712,5.597000,178.667143
1982,16.651065,2.353000,424.989375
1983,16.655168,4.103000,243.724104
1984,16.661141,5.973000,167.420057
1985,16.667820,6.679000,149.723012
1986,16.671719,3.899000,256.476019
1987,16.673671,1.952000,512.295082
1988,16.675727,2.056000,486.381323
1989,16.682150,6.423000,155.690487
1990,16.684060,1.910000,523.560209
1991,16.689930,5.870000,170.357751
1992,16.693968,4.038000,247.647350
1993,16.696022,2.054000,486.854917
1994,16.701172,5.150000,194.174757
1995,16.703687,2.515000,397.614314
1996,16.712056,8.369000,119.488589
1997,16.714427,2.371000,421.762969
1998,16.716403,1.976000,506.072874
1999,16.719702,3.299000,303.122158
2000,16.727532,7.830000,127.713921
2001,16.734163,6.631000,150.806816
2002,16.736568,2.405000,415.800416
2003,16.741045,4.477000,223.363860
2004,16.744146,3.101000,322.476620
2005,16.748454,4.308000,232.126277
2006,16.754767,6.313000,158.403295
2007,16.761226,6.459000,154.822728
2008,16.768102,6.876000,145.433392
2009,16.771660,3.558000,281.056773
2010,16.780862,9.202000,108.672028
2011,16.787581,6.719000,148.831671
2012,16.794558,6.977000,143.328078
2013,16.800860,6.302000,158.679784
2014,16.807946,7.086000,141.123342
2015,16.814817,6.871000,145.539223
2016,16.817900,3.083000,324.359390
2017,16.821645,3.745000,267.022697
2018,16.823611,1.966000,508.646999
2019,16.829265,5.654000,176.865936
2020,16.834490,5.225000,191.387560
2021,16.837116,2.626000,380.807312
2022,16.843687,6.571000,152.183838
2023,16.849475,5.788000,172.771251
2024,16.861172,11.697000,85.492006
2025,16.863435,2.263000,441.891295
2026,16.869734,6.299000,158.755358
2027,16.873865,4.131000,242.072137
2028,16.875773,1.908000,524.109015
2029,16.882058,6.285000,159.108990
2030,16.884049,1.991000,502.260171
2031,16.889645,5.596000,178.699071
2032,16.901255,11.610000,86.132644
2033,16.903927,2.672000,374.251497
2034,16.910513,6.586000,151.837230
2035,16.914985,4.472000,223.613596
2036,16.917091,2.106000,474.833808
2037,16.920514,3.423000,292.141396
2038,16.927613,7.099000,140.864911
2039,16.934299,6.686000,149.566258
2040,16.936542,2.243000,445.831476
2041,16.941562,5.020000,199.203187
2042,16.943508,1.946000,513.874615
2043,16.949244,5.736000,174.337517
2044,16.954652,5.408000,184.911243
2045,16.961589,6.937000,144.154534
2046,16.963613,2.024000,494.071146
2047,16.967992,4.379000,228.362640
2048,16.970061,2.069000,483.325278
2049,16.975763,5.702000,175.377061
2050,16.980903,5.140000,194.552529
2051,16.987480,6.577000,152.045005
2052,16.989778,2.298000,435.161010
2053,16.994999,5.221000,191.534189
2054,16.996887,1.888000,529.661017
2055,17.002579,5.692000,175.685172
2056,17.007732,5.153000,194.061712
2057,17.010349,2.617000,382.116928
2058,17.017050,6.701000,149.231458
2059,17.020714,3.664000,272.925764
2060,17.023132,2.418000,413.564930
2061,17.025864,2.732000,366.032211
2062,17.034203,8.339000,119.918455
2063,17.040626,6.423000,155.690487
2064,17.043781,3.155000,316.957211
2065,17.047927,4.146000,241.196334
2066,17.051870,3.943000,253.613999
2067,17.055524,3.654000,273.672687
2068,17.068142,12.618000,79.251862
2069,17.074609,6.467000,154.631205
2070,17.087694,13.085000,76.423386
2071,17.091571,3.877000,257.931390
2072,17.096674,5.103000,195.963159
2073,17.101180,4.506000,221.926320
2074,17.103134,1.954000,511.770727
2075,17.108463,5.329000,187.652468
2076,17.114418,5.955000,167.926113
2077,17.117140,2.722000,367.376929
2078,17.126278,9.138000,109.433136
2079,17.128689,2.411000,414.765657
2080,17.130803,2.114000,473.036897
2081,17.136949,6.146000,162.707452
2082,17.143275,6.326000,158.077774
2083,17.145685,2.410000,414.937759
2084,17.154796,9.111000,109.757436
2085,17.161658,6.862000,145.730108
2086,17.167684,6.026000,165.947561
2087,17.174550,6.866000,145.645208
2088,17.177099,2.549000,392.310710
2089,17.181003,3.904000,256.147541
2090,17.182945,1.942000,514.933059
2091,17.188900,5.955000,167.926113
2092,17.194192,5.292000,188.964475
2093,17.200884,6.692000,149.432158
2094,17.203758,2.874000,347.947112
2095,17.207775,4.017000,248.941997
2096,17.209730,1.955000,511.508951
2097,17.215328,5.598000,178.635227
2098,17.220989,5.661000,176.647235
2099,17.227614,6.625000,150.943396
2100,17.229561,1.947000,513.610683
2101,17.233998,4.437000,225.377507
2102,17.235915,1.917000,521.648409
2103,17.241383,5.468000,182.882224
2104,17.247542,6.159000,162.364020
2105,17.254523,6.981000,143.245953
2106,17.257645,3.122000,320.307495
2107,17.261809,4.164000,240.153698
2108,17.268124,6.315000,158.353127
2109,17.270133,2.009000,497.760080
2110,17.274416,4.283000,233.481205
2111,17.276332,1.916000,521.920668
2112,17.282093,5.761000,173.580976
2113,17.288670,6.577000,152.045005
2114,17.294420,5.750000,173.913043
2115,17.300738,6.318000,158.277936
2116,17.307505,6.767000,147.775972
2117,17.310531,3.026000,330.469266
2118,17.314213,3.682000,271.591526
2119,17.320519,6.306000,158.579131
2120,17.322655,2.136000,468.164794
2121,17.327155,4.500000,222.222222
2122,17.329014,1.859000,537.923615
2123,17.331019,2.005000,498.753117
2124,17.341220,10.201000,98.029605
2125,17.343484,2.264000,441.696113
2126,17.349815,6.331000,157.952930
2127,17.353593,3.778000,264.690312
2128,17.355619,2.026000,493.583416
2129,17.361722,6.103000,163.853842
2130,17.364632,2.910000,343.642612
2131,17.368300,3.668000,272.628135
2132,17.371401,3.101000,322.476620
2133,17.375967,4.566000,219.010074
2134,17.381053,5.086000,196.618168
2135,17.387457,6.404000,156.152405
2136,17.390005,2.548000,392.464678
2137,17.394649,4.644000,215.331611
2138,17.396639,1.990000,502.512563
2139,17.402270,5.631000,177.588350
2140,17.407410,5.140000,194.552529
2141,17.409638,2.228000,448.833034
2142,17.416273,6.635000,150.715901
2143,17.421037,4.764000,209.907641
2144,17.423303,2.266000,441.306267
2145,17.429726,6.423000,155.690487
2146,17.434007,4.281000,233.590283
2147,17.435943,1.936000,516.528926
2148,17.442174,6.231000,160.487883
2149,17.446335,4.161000,240.326845
2150,17.448734,2.399000,416.840350
2151,17.450704,1.970000,507.614213
2152,17.457128,6.424000,155.666252
2153,17.460975,3.847000,259.942813
2154,17.462957,1.982000,504.540868
2155,17.469154,6.197000,161.368404
2156,17.474401,5.247000,190.585096
2157,17.481225,6.824000,146.541618
2158,17.483412,2.187000,457.247371
2159,17.487915,4.503000,222.074173
2160,17.489870,1.955000,511.508951
2161,17.495355,5.485000,182.315406
2162,17.500878,5.523000,181.061018
2163,17.507551,6.673000,149.857635
2164,17.511155,3.604000,277.469478
2165,17.514555,3.400000,294.117647
2166,17.516486,1.931000,517.866390
2167,17.522016,5.530000,180.831826
2168,17.527972,5.956000,167.897918
2169,17.533854,5.882000,170.010201
2170,17.541785,7.931000,126.087505
2171,17.547901,6.116000,163.505559
2172,17.554371,6.470000,154.559505
2173,17.560768,6.397000,156.323277
2174,17.567968,7.200000,138.888889
2175,17.574012,6.044000,165.453342
2176,17.581056,7.044000,141.964793
2177,17.587541,6.485000,154.202005
2178,17.589501,1.960000,510.204082
2179,17.594374,4.873000,205.212395
2180,17.607791,13.417000,74.532310
2181,17.614688,6.897000,144.990576
2182,17.617299,2.611000,382.995021
2183,17.623109,5.810000,172.117040
2184,17.626234,3.125000,320.000000
2185,17.629715,3.481000,287.273772
2186,17.635376,5.661000,176.647235
2187,17.637401,2.025000,493.827160
2188,17.647719,10.318000,96.918007
2189,17.654393,6.674000,149.835181
2190,17.664800,10.407000,96.089171
2191,17.671572,6.772000,147.666864
2192,17.675070,3.498000,285.877644
2193,17.681427,6.357000,157.306906
2194,17.688674,7.247000,137.988133
2195,17.691690,3.016000,331.564987
2196,17.701082,9.392000,106.473595
2197,17.703652,2.570000,389.105058
2198,17.710081,6.429000,155.545186
2199,17.716408,6.327000,158.052790
2200,17.718909,2.501000,399.840064
2201,17.722983,4.074000,245.459008
2202,17.728896,5.913000,169.118891
2203,17.730766,1.870000,534.759358
2204,17.740907,10.141000,98.609605
2205,17.747886,6.979000,143.287004
2206,17.749865,1.979000,505.305710
2207,17.753939,4.074000,245.459008
2208,17.767685,13.746000,72.748436
2209,17.774547,6.862000,145.730108
2210,17.777062,2.515000,397.614314
2211,17.780437,3.375000,296.296296
2212,17.786497,6.060000,165.016502
2213,17.789528,3.031000,329.924117
2214,17.793821,4.293000,232.937340
2215,17.799329,5.508000,181.554103
2216,17.804393,5.064000,197.472354
2217,17.806372,1.979000,505.305710
2218,17.812065,5.693000,175.654312
2219,17.820895,8.830000,113.250283
2220,17.826830,5.935000,168.491997
2221,17.829204,2.374000,421.229992
2222,17.833224,4.020000,248.756219
2223,17.835241,2.017000,495.785821
2224,17.841192,5.951000,168.038985
2225,17.844264,3.072000,325.520833
2226,17.848245,3.981000,251.193168
2227,17.850244,1.999000,500.250125
2228,17.856019,5.775000,173.160173
2229,17.863936,7.917000,126.310471
2230,17.870314,6.378000,156.788962
2231,17.872756,2.442000,409.500410
2232,17.877292,4.536000,220.458554
2233,17.883268,5.976000,167.336011
2234,17.885309,2.041000,489.955904
2235,17.891544,6.235000,160.384924
2236,17.893808,2.264000,441.696113
2237,17.901069,7.261000,137.722077
2238,17.905102,4.033000,247.954376
2239,17.909269,4.167000,239.980802
2240,17.913459,4.190000,238.663484
2241,17.916850,3.391000,294.898260
2242,17.923858,7.008000,142.694064
2243,17.926064,2.206000,453.309157
2244,17.929223,3.159000,316.555872
2245,17.931473,2.250000,444.444444
2246,17.940739,9.266000,107.921433
2247,17.943325,2.586000,386.697602
2248,17.949618,6.293000,158.906722
2249,17.955381,5.763000,173.520736
2250,17.967675,12.294000,81.340491
2251,17.974099,6.424000,155.666252
2252,17.976611,2.512000,398.089172
2253,17.980763,4.152000,240.847784
2254,17.984715,3.952000,253.036437
2255,17.988868,4.153000,240.789791
2256,17.994283,5.415000,184.672207
2257,17.996853,2.570000,389.105058
2258,18.003917,7.064000,141.562854
2259,18.007782,3.865000,258.732212
2260,18.009716,1.934000,517.063082
2261,18.015559,5.843000,171.144960
2262,18.021294,5.735000,174.367916
2263,18.026850,5.556000,179.985601
2264,18.034092,7.242000,138.083402
2265,18.040359,6.267000,159.565981
2266,18.043313,2.954000,338.524035
2267,18.045654,2.341000,427.167877
2268,18.051458,5.804000,172.294969
2269,18.056094,4.636000,215.703192
2270,18.058736,2.642000,378.501136
2271,18.064851,6.115000,163.532298
2272,18.074916,10.065000,99.354198
2273,18.080945,6.029000,165.864986
2274,18.087280,6.335000,157.853197
2275,18.093821,6.541000,152.881822
2276,18.096135,2.314000,432.152118
2277,18.102218,6.083000,164.392569
2278,18.104129,1.911000,523.286238
2279,18.109532,5.403000,185.082362
2280,18.114210,4.678000,213.766567
2281,18.120583,6.373000,156.911972
2282,18.123461,2.878000,347.463516
2283,18.127522,4.061000,246.244767
2284,18.129494,1.972000,507.099391
2285,18.135235,5.741000,174.185682
2286,18.140685,5.450000,183.486239
2287,18.147561,6.876000,145.433392
2288,18.149448,1.887000,529.941706
2289,18.155338,5.890000,169.779287
2290,18.167515,12.177000,82.122033
2291,18.173799,6.284000,159.134309
2292,18.176434,2.635000,379.506641
2293,18.180268,3.834000,260.824204
2294,18.186585,6.317000,158.302992
2295,18.188762,2.177000,459.347726
2296,18.193770,5.008000,199.680511
2297,18.199233,5.463000,183.049606
2298,18.207588,8.355000,119.688809
2299,18.214349,6.761000,147.907114
2300,18.216801,2.452000,407.830343
2301,18.221498,4.697000,212.901852
2302,18.223522,2.024000,494.071146
2303,18.226842,3.320000,301.204819
2304,18.234176,7.334000,136.351241
2305,18.240917,6.741000,148.345943
2306,18.242986,2.069000,483.325278
2307,18.247979,4.993000,200.280393
2308,18.249890,1.911000,523.286238
2309,18.255831,5.941000,168.321831
2310,18.260950,5.119000,195.350654
2311,18.267528,6.578000,152.021891
2312,18.270110,2.582000,387.296669
2313,18.274517,4.407000,226.911731
2314,18.276507,1.990000,502.512563
2315,18.282495,5.988000,167.000668
2316,18.287384,4.889000,204.540806
2317,18.294139,6.755000,148.038490
2318,18.296149,2.010000,497.512438
2319,18.301914,5.765000,173.460538
2320,18.314253,12.339000,81.043845
2321,18.320913,6.660000,150.150150
2322,18.323727,2.814000,355.366027
2323,18.328402,4.675000,213.903743
2324,18.330684,2.282000,438.212095
2325,18.336829,6.145000,162.733930
2326,18.341134,4.305000,232.288037
2327,18.343699,2.565000,389.863548
2328,18.354288,10.589000,94.437624
2329,18.361064,6.776000,147.579693
2330,18.363271,2.207000,453.103761
2331,18.367805,4.534000,220.555801
2332,18.369755,1.950000,512.820513
2333,18.375669,5.914000,169.090294
2334,18.381701,6.032000,165.782493
2335,18.384020,2.319000,431.220354
2336,18.394041,10.021000,99.790440
2337,18.400932,6.891000,145.116819
2338,18.402971,2.039000,490.436488
2339,18.407940,4.969000,201.247736
2340,18.409967,2.027000,493.339911
2341,18.415669,5.702000,175.377061
2342,18.421009,5.340000,187.265918
2343,18.425081,4.072000,245.579568
2344,18.429988,4.907000,203.790503
2345,18.434918,4.930000,202.839757
2346,18.436932,2.014000,496.524330
2347,18.438929,1.997000,500.751127
2348,18.447503,8.574000,116.631677
2349,18.450125,2.622000,381.388253
2350,18.466873,16.748000,59.708622
2351,18.474040,7.167000,139.528394
2352,18.487783,13.743000,72.764316
2353,18.490383,2.600000,384.615385
2354,18.500984,10.601000,94.330724
2355,18.503540,2.556000,391.236307
2356,18.514256,10.716000,93.318402
2357,18.521392,7.136000,140.134529
2358,18.523380,1.988000,503.018109
2359,18.527377,3.997000,250.187641
2360,18.529923,2.546000,392.772977
2361,18.532181,2.258000,442.869796
2362,18.540694,8.513000,117.467403
2363,18.547583,6.889000,145.158949
2364,18.550559,2.976000,336.021505
2365,18.554404,3.845000,260.078023
2366,18.559753,5.349000,186.950832
2367,18.562441,2.688000,372.023810
2368,18.566685,4.244000,235.626767
2369,18.568683,1.998000,500.500501
2370,18.570900,2.217000,451.059991
2371,18.581231,10.331000,96.796051
2372,18.587482,6.251000,159.974404
2373,18.594247,6.765000,147.819660
2374,18.600976,6.729000,148.610492
2375,18.605277,4.301000,232.504069
2376,18.612198,6.921000,144.487791
2377,18.614242,2.044000,489.236791
2378,18.619190,4.948000,202.101859
2379,18.622524,3.334000,299.940012
2380,18.625057,2.533000,394.788788
2381,18.631128,6.071000,164.717509
2382,18.633324,2.196000,455.373406
2383,18.647796,14.472000,69.098950
2384,18.650725,2.929000,341.413452
2385,18.661081,10.356000,96.562379
2386,18.667459,6.378000,156.788962
2387,18.676383,8.924000,112.057373
2388,18.679061,2.678000,373.412995
2389,18.689215,10.154000,98.483356
2390,18.691614,2.399000,416.840350
2391,18.701157,9.543000,104.788850
2392,18.708073,6.916000,144.592250
2393,18.714354,6.281000,159.210317
2394,18.717001,2.647000,377.786173
2395,18.730453,13.452000,74.338388
2396,18.733098,2.645000,378.071834
2397,18.741955,8.857000,112.905047
2398,18.744233,2.278000,438.981563
2399,18.754570,10.337000,96.739866
2400,18.757157,2.587000,386.548125
2401,18.767956,10.799000,92.601167
2402,18.770545,2.589000,386.249517
2403,18.781571,11.026000,90.694722
2404,18.783973,2.402000,416.319734
2405,18.790423,6.450000,155.038760
2406,18.797080,6.657000,150.217816
2407,18.807955,10.875000,91.954023
2408,18.810559,2.604000,384.024578
2409,18.820950,10.391000,96.237128
2410,18.827394,6.444000,155.183116
2411,18.830337,2.943000,339.789331
2412,18.834150,3.813000,262.260687
2413,18.836148,1.998000,500.500501
2414,18.839711,3.563000,280.662363
2415,18.847823,8.112000,123.274162
2416,18.850417,2.594000,385.505012
2417,18.861160,10.743000,93.083869
2418,18.863734,2.574000,388.500389
2419,18.874359,10.625000,94.117647
2420,18.876925,2.566000,389.711613
2421,18.887689,10.764000,92.902267
2422,18.890280,2.591000,385.951370
2423,18.901046,10.766000,92.885008
2424,18.903787,2.741000,364.830354
2425,18.916916,13.129000,76.167263
2426,18.919520,2.604000,384.024578
2427,18.927850,8.330000,120.048019
2428,18.930282,2.432000,411.184211
2429,18.941252,10.970000,91.157703
2430,18.943877,2.625000,380.952381
2431,18.955684,11.807000,84.695520
2432,18.958353,2.669000,374.672162
2433,18.968929,10.576000,94.553707
2434,18.971208,2.279000,438.788943
2435,18.982382,11.174000,89.493467
2436,18.984987,2.605000,383.877159
2437,18.995675,10.688000,93.562874
2438,18.998358,2.683000,372.717108
2439,19.009089,10.731000,93.187960
2440,19.011624,2.535000,394.477318
2441,19.022265,10.641000,93.976130
2442,19.024843,2.578000,387.897595
2443,19.035948,11.105000,90.049527
2444,19.038561,2.613000,382.701875
2445,19.049230,10.669000,93.729497
2446,19.051807,2.577000,388.048118
2447,19.062746,10.939000,91.416034
2448,19.065382,2.636000,379.362671
2449,19.070903,5.521000,181.126607
2450,19.073248,2.345000,426.439232
2451,19.087505,14.257000,70.140983
2452,19.093809,6.304000,158.629442
2453,19.102524,8.715000,114.744693
2454,19.105134,2.610000,383.141762
2455,19.113926,8.792000,113.739763
2456,19.120964,7.038000,142.085820
2457,19.123648,2.684000,372.578241
2458,19.126426,2.778000,359.971202
2459,19.143401,16.975000,58.910162
2460,19.145927,2.526000,395.882819
2461,19.155482,9.555000,104.657248
2462,19.157833,2.351000,425.350915
2463,19.167444,9.611000,104.047446
2464,19.170098,2.654000,376.789751
2465,19.176475,6.377000,156.813549
2466,19.179024,2.549000,392.310710
2467,19.194214,15.190000,65.832785
2468,19.198395,4.181000,239.177230
2469,19.207514,9.119000,109.661147
2470,19.210294,2.780000,359.712230
2471,19.221078,10.784000,92.729970
2472,19.224485,3.407000,293.513355
2473,19.234307,9.822000,101.812258
2474,19.236907,2.600000,384.615385
2475,19.249797,12.890000,77.579519
2476,19.253247,3.450000,289.855072
2477,19.270176,16.929000,59.070235
2478,19.272835,2.659000,376.081234
2479,19.294116,21.281000,46.990273
2480,19.296867,2.751000,363.504180
2481,19.315808,18.941000,52.795523
2482,19.319017,3.209000,311.623559
2483,19.333649,14.632000,68.343357
2484,19.336758,3.109000,321.646832
2485,19.352658,15.900000,62.893082
2486,19.355512,2.854000,350.385424
2487,19.366103,10.591000,94.419790
2488,19.368905,2.802000,356.887937
2489,19.382549,13.644000,73.292290
2490,19.385503,2.954000,338.524035
2491,19.402511,17.008000,58.795861
2492,19.405396,2.885000,346.620451
2493,19.421568,16.172000,61.835271
2494,19.424440,2.872000,348.189415
2495,19.438286,13.846000,72.223025
2496,19.444407,6.121000,163.371998
2497,19.462420,18.013000,55.515461
2498,19.465134,2.714000,368.459838
2499,19.489838,24.704000,40.479275
2500,19.492362,2.524000,396.196513
2501,19.515209,22.847000,43.769423
2502,19.517858,2.649000,377.500944
2503,19.535361,17.503000,57.133063
2504,19.537990,2.629000,380.372765
2505,19.554544,16.554000,60.408361
2506,19.557057,2.513000,397.930760
2507,19.571226,14.169000,70.576611
2508,19.574162,2.936000,340.599455
2509,19.587242,13.080000,76.452599
2510,19.590354,3.112000,321.336761
2511,19.613638,23.284000,42.947947
2512,19.616804,3.166000,315.855970
2513,19.634586,17.782000,56.236644
2514,19.637599,3.013000,331.895121
2515,19.661011,23.412000,42.713139
2516,19.663986,2.975000,336.134454
2517,19.689072,25.086000,39.862872
2518,19.692221,3.149000,317.561131
2519,19.717559,25.338000,39.466414
2520,19.720638,3.079000,324.780773
2521,19.741233,20.595000,48.555475
2522,19.744827,3.594000,278.241514
2523,19.763301,18.474000,54.130129
2524,19.766272,2.971000,336.587008
2525,19.809069,42.797000,23.366124
2526,19.814580,5.511000,181.455271
2527,19.834544,19.964000,50.090162
2528,19.843302,8.758000,114.181320
2529,19.861121,17.819000,56.119872
2530,19.864458,3.337000,299.670363
2531,19.887776,23.318000,42.885325
2532,19.891136,3.360000,297.619048
2533,19.914544,23.408000,42.720437
2534,19.918017,3.473000,287.935502
2535,19.941095,23.078000,43.331311
2536,19.944875,3.780000,264.550265
2537,19.967949,23.074000,43.338823
2538,19.971865,3.916000,255.362615
2539,20.001300,29.435000,33.973161
2540,20.005181,3.881000,257.665550
2541,20.021058,15.877000,62.984191
2542,20.032300,11.242000,88.952144
2543,20.037253,4.953000,201.897840
2544,20.046971,9.718000,102.901832
2545,20.050572,3.601000,277.700639
2546,20.053967,3.395000,294.550810
2547,20.075404,21.437000,46.648318
2548,20.078602,3.198000,312.695435
2549,20.102614,24.012000,41.645844
2550,20.105602,2.988000,334.672021
2551,20.129237,23.635000,42.310133
2552,20.132375,3.138000,318.674315
2553,20.155665,23.290000,42.936883
2554,20.158846,3.181000,314.366551
2555,20.183083,24.237000,41.259232
2556,20.186443,3.360000,297.619048
2557,20.209760,23.317000,42.887164
2558,20.212862,3.102000,322.372663
2559,20.237023,24.161000,41.389015
2560,20.240568,3.545000,282.087447
2561,20.262493,21.925000,45.610034
2562,20.273304,10.811000,92.498381
2563,20.289892,16.588000,60.284543
2564,20.292574,2.682000,372.856078
2565,20.316285,23.711000,42.174518
2566,20.319611,3.326000,300.661455
2567,20.333063,13.452000,74.338388
2568,20.337555,4.492000,222.617988
2569,20.351689,14.134000,70.751380
2570,20.355399,3.710000,269.541779
2571,20.374299,18.900000,52.910053
2572,20.378958,4.659000,214.638334
2573,20.394401,15.443000,64.754258
2574,20.402200,7.799000,128.221567
2575,20.410203,8.003000,124.953143
2576,20.417410,7.207000,138.753989
2577,20.424123,6.713000,148.964695
2578,20.427192,3.069000,325.839036
2579,20.449837,22.645000,44.159859
2580,20.452922,3.085000,324.149109
2581,20.465218,12.296000,81.327261
2582,20.468265,3.047000,328.191664
2583,20.479229,10.964000,91.207588
2584,20.482016,2.787000,358.808755
2585,20.492378,10.362000,96.506466
2586,20.495292,2.914000,343.170899
2587,20.507300,12.008000,83.277815
2588,20.510413,3.113000,321.233537
2589,20.527569,17.156000,58.288645
2590,20.530353,2.784000,359.195402
2591,20.541981,11.628000,85.999312
2592,20.544793,2.812000,355.618777
2593,20.554031,9.238000,108.248539
2594,20.556568,2.537000,394.166338
2595,20.567453,10.885000,91.869545
2596,20.570178,2.725000,366.972477
2597,20.577961,7.783000,128.485160
2598,20.580238,2.277000,439.174352
2599,20.591417,11.179000,89.453439
2600,20.594061,2.644000,378.214826
2601,20.602840,8.779000,113.908190
2602,20.604931,2.091000,478.240077
2603,20.620853,15.922000,62.806180
2604,20.623528,2.675000,373.831776
2605,20.635423,11.895000,84.068937
2606,20.638277,2.854000,350.385424
2607,20.647203,8.926000,112.032265
2608,20.649829,2.626000,380.807312
2609,20.661262,11.433000,87.466107
2610,20.663593,2.331000,429.000429
2611,20.677410,13.817000,72.374611
2612,20.680101,2.691000,371.609067
2613,20.700759,20.658000,48.407397
2614,20.703511,2.752000,363.372093
2615,20.713967,10.456000,95.638868
2616,20.716376,2.409000,415.110004
2617,20.724746,8.370000,119.474313
2618,20.727465,2.719000,367.782273
2619,20.738075,10.610000,94.250707
2620,20.740812,2.737000,365.363537
2621,20.754057,13.245000,75.500189
2622,20.756793,2.736000,365.497076
2623,20.767264,10.471000,95.501862
2624,20.769978,2.714000,368.459838
2625,20.781269,11.291000,88.566115
2626,20.784055,2.786000,358.937545
2627,20.796182,12.127000,82.460625
2628,20.798623,2.441000,409.668169
2629,20.808140,9.517000,105.075129
2630,20.810937,2.797000,357.525921
2631,20.833996,23.059000,43.367015
2632,20.836741,2.745000,364.298725
2633,20.848249,11.508000,86.896072
2634,20.850946,2.697000,370.782351
2635,20.863115,12.169000,82.176021
2636,20.865801,2.686000,372.300819
2637,20.873869,8.068000,123.946455
2638,20.876287,2.418000,413.564930
2639,20.887886,11.599000,86.214329
2640,20.890576,2.690000,371.747212
2641,20.900589,10.013000,99.870169
2642,20.903386,2.797000,357.525921
2643,20.915019,11.633000,85.962348
2644,20.917765,2.746000,364.166060
2645,20.927500,9.735000,102.722137
2646,20.930145,2.645000,378.071834
2647,20.941618,11.473000,87.161161
2648,20.944303,2.685000,372.439479
2649,20.954898,10.595000,94.384143
2650,20.957241,2.343000,426.803244
2651,20.964847,7.606000,131.475151
2652,20.967509,2.662000,375.657400
2653,20.980670,13.161000,75.982068
2654,20.983392,2.722000,367.376929
2655,20.994820,11.428000,87.504375
2656,20.997158,2.338000,427.715997
2657,21.005862,8.704000,114.889706
2658,21.008532,2.670000,374.531835
2659,21.020523,11.991000,83.395880
2660,21.023212,2.689000,371.885459
2661,21.034476,11.264000,88.778409
2662,21.036795,2.319000,431.220354
2663,21.047251,10.456000,95.638868
2664,21.049948,2.697000,370.782351
2665,21.061884,11.936000,83.780161
2666,21.064520,2.636000,379.362671
2667,21.075306,10.786000,92.712776
2668,21.077930,2.624000,381.097561
2669,21.088386,10.456000,95.638868
2670,21.091051,2.665000,375.234522
2671,21.101510,10.459000,95.611435
2672,21.104154,2.644000,378.214826
2673,21.114464,10.310000,96.993210
2674,21.117069,2.605000,383.877159
2675,21.127967,10.898000,91.759956
2676,21.130695,2.728000,366.568915
2677,21.141597,10.902000,91.726289
2678,21.144574,2.977000,335.908633
2679,21.155338,10.764000,92.902267
2680,21.158086,2.748000,363.901019
2681,21.167788,9.702000,103.071532
2682,21.170353,2.565000,389.863548
2683,21.181640,11.287000,88.597502
2684,21.184718,3.078000,324.886290
2685,21.195454,10.736000,93.144560
2686,21.198239,2.785000,359.066427
2687,21.207348,9.109000,109.781535
2688,21.209897,2.549000,392.310710
2689,21.219512,9.615000,104.004160
2690,21.222048,2.536000,394.321767
2691,21.231254,9.206000,108.624810
2692,21.234079,2.825000,353.982301
2693,21.243491,9.412000,106.247344
2694,21.246152,2.661000,375.798572
2695,21.254207,8.055000,124.146493
2696,21.257014,2.807000,356.252227
2697,21.274143,17.129000,58.380524
2698,21.277009,2.866000,348.918353
2699,21.295728,18.719000,53.421657
2700,21.298315,2.587000,386.548125
2701,21.314099,15.784000,63.355297
2702,21.316931,2.832000,353.107345
2703,21.328138,11.207000,89.229946
2704,21.330839,2.701000,370.233247
2705,21.342288,11.449000,87.343873
2706,21.345000,2.712000,368.731563
2707,21.355314,10.314000,96.955594
2708,21.358059,2.745000,364.298725
2709,21.368103,10.044000,99.561928
2710,21.370821,2.718000,367.917586
2711,21.380950,10.129000,98.726429
2712,21.383824,2.874000,347.947112
2713,21.395799,11.975000,83.507307
2714,21.398663,2.864000,349.162011
2715,21.409269,10.606000,94.286253
2716,21.412174,2.905000,344.234079
2717,21.421223,9.049000,110.509449
2718,21.423919,2.696000,370.919881
2719,21.436128,12.209000,81.906790
2720,21.439083,2.955000,338.409475
2721,21.447966,8.883000,112.574581
2722,21.450606,2.640000,378.787879
2723,21.461350,10.744000,93.075205
2724,21.464271,2.921000,342.348511
2725,21.487678,23.407000,42.722263
2726,21.490859,3.181000,314.366551
2727,21.504646,13.787000,72.532095
2728,21.507670,3.024000,330.687831
2729,21.520201,12.531000,79.802091
2730,21.523315,3.114000,321.130379
2731,21.540664,17.349000,57.640210
2732,21.543710,3.046000,328.299409
2733,21.567598,23.888000,41.862023
2734,21.570970,3.372000,296.559905
2735,21.593949,22.979000,43.517995
2736,21.597637,3.688000,271.149675
2737,21.609291,11.654000,85.807448
2738,21.612928,3.637000,274.951883
2739,21.622479,9.551000,104.701078
2740,21.625853,3.374000,296.384114
2741,21.633959,8.106000,123.365408
2742,21.637292,3.333000,300.030003
2743,21.668224,30.932000,32.328980
2744,21.671677,3.453000,289.603244
2745,21.688495,16.818000,59.460102
2746,21.691782,3.287000,304.228780
2747,21.705376,13.594000,73.561866
2748,21.708772,3.396000,294.464075
2749,21.728705,19.933000,50.168063
2750,21.732413,3.708000,269.687163
2751,21.742237,9.824000,101.791531
2752,21.745642,3.405000,293.685756
2753,21.767390,21.748000,45.981240
2754,21.771020,3.630000,275.482094
2755,21.782717,11.697000,85.492006
2756,21.786408,3.691000,270.929287
2757,21.796176,9.768000,102.375102
2758,21.799529,3.353000,298.240382
2759,21.808398,8.869000,112.752283
2760,21.811803,3.405000,293.685756
2761,21.834138,22.335000,44.772778
2762,21.837482,3.344000,299.043062
2763,21.866110,28.628000,34.930837
2764,21.866660,0.550000,1818.181818
2765,21.869854,3.194000,313.087038
2766,21.878233,8.379000,119.345984
2767,21.881477,3.244000,308.261406
2768,21.893464,11.987000,83.423709
2769,21.896585,3.121000,320.410125
2770,21.940155,43.570000,22.951572
2771,21.940658,0.503000,1988.071571
2772,21.943485,2.827000,353.731871
2773,21.946019,2.534000,394.632991
2774,21.957728,11.709000,85.404390
2775,21.960783,3.055000,327.332242
2776,21.985221,24.438000,40.919879
2777,21.988161,2.940000,340.136054
2778,22.008261,20.100000,49.751244
2779,22.011543,3.282000,304.692261
2780,22.034283,22.740000,43.975374
2781,22.037329,3.046000,328.299409
2782,22.060446,23.117000,43.258208
2783,22.061229,0.783000,1277.139208
2784,22.063860,2.631000,380.083618
2785,22.066592,2.732000,366.032211
2786,22.100561,33.969000,29.438606
2787,22.101106,0.545000,1834.862385
2788,22.111413,10.307000,97.021442
2789,22.114397,2.984000,335.120643
2790,22.128652,14.255000,70.150824
2791,22.131293,2.641000,378.644453
2792,22.141472,10.179000,98.241478
2793,22.144270,2.798000,357.398142
2794,22.168566,24.296000,41.159039
2795,22.171343,2.777000,360.100828
2796,22.181116,9.773000,102.322726
2797,22.184192,3.076000,325.097529
2798,22.207374,23.182000,43.136917
2799,22.210214,2.840000,352.112676
2800,22.219990,9.776000,102.291326
2801,22.223035,3.045000,328.407225
2802,22.230761,7.726000,129.433083
2803,22.233381,2.620000,381.679389
2804,22.247374,13.993000,71.464304
2805,22.250186,2.812000,355.618777
2806,22.258427,8.241000,121.344497
2807,22.261293,2.866000,348.918353
2808,22.269940,8.647000,115.647045
2809,22.272658,2.718000,367.917586
2810,22.287192,14.534000,68.804183
2811,22.289920,2.728000,366.568915
2812,22.300243,10.323000,96.871065
2813,22.303035,2.792000,358.166189
2814,22.312292,9.257000,108.026358
2815,22.314838,2.546000,392.772977
2816,22.329675,14.837000,67.399070
2817,22.332433,2.758000,362.581581
2818,22.353858,21.425000,46.674446
2819,22.356597,2.739000,365.096751
2820,22.367098,10.501000,95.229026
2821,22.369988,2.890000,346.020761
2822,22.379383,9.395000,106.439596
2823,22.381823,2.440000,409.836066
2824,22.390658,8.835000,113.186191
2825,22.393129,2.471000,404.694456
2826,22.402298,9.169000,109.063148
2827,22.404900,2.602000,384.319754
2828,22.420402,15.502000,64.507805
2829,22.423094,2.692000,371.471025
2830,22.433317,10.223000,97.818644
2831,22.435966,2.649000,377.500944
2832,22.446338,10.372000,96.413421
2833,22.449026,2.688000,372.023810
2834,22.458882,9.856000,101.461039
2835,22.461272,2.390000,418.410042
2836,22.472087,10.815000,92.464170
2837,22.474781,2.694000,371.195249
2838,22.484700,9.919000,100.816615
2839,22.487097,2.397000,417.188152
2840,22.497733,10.636000,94.020308
2841,22.500123,2.390000,418.410042
2842,22.513776,13.653000,73.243976
2843,22.516388,2.612000,382.848392
2844,22.525304,8.916000,112.157918
2845,22.527682,2.378000,420.521447
2846,22.536665,8.983000,111.321385
2847,22.538967,2.302000,434.404865
2848,22.553747,14.780000,67.658999
2849,22.556388,2.641000,378.644453
2850,22.565226,8.838000,113.147771
2851,22.567769,2.543000,393.236335
2852,22.578228,10.459000,95.611435
2853,22.580871,2.643000,378.357927
2854,22.590446,9.575000,104.438642
2855,22.592797,2.351000,425.350915
2856,22.601518,8.721000,114.665749
2857,22.603831,2.313000,432.338954
2858,22.620359,16.528000,60.503388
2859,22.623025,2.666000,375.093773
2860,22.632550,9.525000,104.986877
2861,22.635256,2.706000,369.549150
2862,22.643690,8.434000,118.567702
2863,22.646018,2.328000,429.553265
2864,22.655077,9.059000,110.387460
2865,22.657421,2.344000,426.621160
2866,22.665583,8.162000,122.518990
2867,22.667978,2.395000,417.536534
2868,22.676483,8.505000,117.577895
2869,22.678812,2.329000,429.368828
2870,22.689458,10.646000,93.931993
2871,22.692104,2.646000,377.928949
2872,22.700560,8.456000,118.259224
2873,22.702951,2.391000,418.235048
2874,22.713642,10.691000,93.536620
2875,22.716271,2.629000,380.372765
2876,22.725028,8.757000,114.194359
2877,22.727369,2.341000,427.167877
2878,22.736228,8.859000,112.879558
2879,22.738567,2.339000,427.533134
2880,22.753640,15.073000,66.343794
2881,22.756300,2.660000,375.939850
2882,22.764786,8.486000,117.841150
2883,22.767280,2.494000,400.962310
2884,22.775985,8.705000,114.876508
2885,22.778333,2.348000,425.894378
2886,22.793718,15.385000,64.998375
2887,22.796365,2.647000,377.786173
2888,22.806408,10.043000,99.571841
2889,22.809044,2.636000,379.362671
2890,22.818040,8.996000,111.160516
2891,22.820423,2.383000,419.639110
2892,22.830158,9.735000,102.722137
2893,22.832663,2.505000,399.201597
2894,22.842518,9.855000,101.471334
2895,22.844992,2.474000,404.203719
2896,22.860387,15.395000,64.956155
2897,22.863101,2.714000,368.459838
2898,22.873345,10.244000,97.618118
2899,22.875797,2.452000,407.830343
2900,22.886426,10.629000,94.082228
2901,22.888849,2.423000,412.711515
2902,22.900668,11.819000,84.609527
2903,22.903350,2.682000,372.856078
2904,22.915031,11.681000,85.609109
2905,22.917387,2.356000,424.448217
2906,22.940507,23.120000,43.252595
2907,22.943149,2.642000,378.501136
2908,22.967135,23.986000,41.690986
2909,22.969860,2.725000,366.972477
2910,22.980852,10.992000,90.975255
2911,22.983409,2.557000,391.083301
2912,22.994897,11.488000,87.047354
2913,22.997258,2.361000,423.549343
2914,23.007479,10.221000,97.837785
2915,23.009901,2.422000,412.881916
2916,23.036328,26.427000,37.840088
2917,23.039019,2.691000,371.609067
2918,23.061550,22.531000,44.383294
2919,23.064317,2.767000,361.402241
2920,23.088305,23.988000,41.687510
2921,23.091106,2.801000,357.015352
2922,23.115387,24.281000,41.184465
2923,23.118318,2.931000,341.180484
2924,23.142249,23.931000,41.786804
2925,23.145244,2.995000,333.889816
2926,23.168868,23.624000,42.329834
2927,23.172170,3.302000,302.846760
2928,23.195178,23.008000,43.463143
2929,23.198896,3.718000,268.961807
2930,23.211520,12.624000,79.214195
2931,23.215287,3.767000,265.463233
2932,23.228649,13.362000,74.839096
2933,23.232062,3.413000,292.997363
2934,23.247275,15.213000,65.733254
2935,23.254679,7.404000,135.062129
2936,23.263000,8.321000,120.177863
2937,23.269805,6.805000,146.950771
2938,23.276498,6.693000,149.409831
2939,23.279905,3.407000,293.513355
2940,23.288706,8.801000,113.623452
2941,23.291647,2.941000,340.020401
2942,23.313645,21.998000,45.458678
2943,23.316710,3.065000,326.264274
2944,23.328494,11.784000,84.860828
2945,23.331381,2.887000,346.380326
2946,23.341736,10.355000,96.571704
2947,23.344493,2.757000,362.713094
2948,23.367128,22.635000,44.179368
2949,23.369995,2.867000,348.796652
2950,23.382261,12.266000,81.526170
2951,23.385081,2.820000,354.609929
2952,23.395088,10.007000,99.930049
2953,23.397485,2.397000,417.188152
2954,23.406961,9.476000,105.529759
2955,23.409389,2.428000,411.861614
2956,23.421603,12.214000,81.873260
2957,23.424249,2.646000,377.928949
2958,23.433751,9.502000,105.241002
2959,23.436182,2.431000,411.353353
2960,23.445618,9.436000,105.977109
2961,23.447979,2.361000,423.549343
2962,23.458276,10.297000,97.115665
2963,23.460645,2.369000,422.119038
2964,23.469911,9.266000,107.921433
2965,23.472493,2.582000,387.296669
2966,23.487018,14.525000,68.846816
2967,23.489673,2.655000,376.647834
2968,23.501733,12.060000,82.918740
2969,23.504420,2.687000,372.162263
2970,23.514787,10.367000,96.459921
2971,23.517495,2.708000,369.276219
2972,23.528166,10.671000,93.711930
2973,23.530823,2.657000,376.364321
2974,23.541650,10.827000,92.361688
2975,23.544249,2.599000,384.763371
2976,23.554810,10.561000,94.688003
2977,23.557447,2.637000,379.218809
2978,23.580349,22.902000,43.664309
2979,23.582974,2.625000,380.952381
2980,23.594728,11.754000,85.077420
2981,23.597364,2.636000,379.362671
2982,23.608426,11.062000,90.399566
2983,23.610876,2.450000,408.163265
2984,23.634860,23.984000,41.694463
2985,23.637527,2.667000,374.953131
2986,23.661998,24.471000,40.864697
2987,23.664649,2.651000,377.216145
2988,23.688191,23.542000,42.477275
2989,23.690835,2.644000,378.214826
2990,23.715502,24.667000,40.539993
2991,23.718214,2.712000,368.731563
2992,23.729689,11.475000,87.145969
2993,23.732384,2.695000,371.057514
2994,23.748141,15.757000,63.463857
2995,23.750746,2.605000,383.877159
2996,23.769080,18.334000,54.543471
2997,23.771863,2.783000,359.324470
2998,23.780965,9.102000,109.865964
2999,23.783746,2.781000,359.582884
3000,23.793603,9.857000,101.450746
3001,23.796130,2.527000,395.726157
3002,23.806944,10.814000,92.472721
3003,23.809672,2.728000,366.568915
3004,23.820134,10.462000,95.584018
3005,23.822783,2.649000,377.500944
3006,23.831416,8.633000,115.834588
3007,23.834004,2.588000,386.398764
3008,23.847058,13.054000,76.604872
3009,23.849999,2.941000,340.020401
3010,23.860344,10.345000,96.665056
3011,23.863301,2.957000,338.180588
3012,23.873870,10.569000,94.616331
3013,23.876734,2.864000,349.162011
3014,23.887151,10.417000,95.996928
3015,23.889935,2.784000,359.195402
3016,23.900243,10.308000,97.012029
3017,23.902983,2.740000,364.963504
3018,23.927256,24.273000,41.198039
3019,23.930420,3.164000,316.055626
3020,23.960416,29.996000,33.337778
3021,23.963538,3.122000,320.307495
3022,23.981986,18.448000,54.206418
3023,23.985326,3.340000,299.401198
3024,24.008733,23.407000,42.722263
3025,24.012371,3.638000,274.876306
3026,24.035711,23.340000,42.844901
3027,24.040001,4.290000,233.100233
3028,24.061551,21.550000,46.403712
3029,24.070079,8.528000,117.260788
3030,24.089678,19.599000,51.023011
3031,24.095251,5.573000,179.436569
3032,24.114933,19.682000,50.807845
3033,24.118108,3.175000,314.960630
3034,24.141876,23.768000,42.073376
3035,24.145253,3.377000,296.120817
3036,24.168528,23.275000,42.964554
3037,24.171835,3.307000,302.388872
3038,24.182942,11.107000,90.033312
3039,24.186265,3.323000,300.932892
3040,24.203721,17.456000,57.286893
3041,24.206904,3.183000,314.169023
3042,24.222049,15.145000,66.028392
3043,24.225630,3.581000,279.251606
3044,24.246932,21.302000,46.943949
3045,24.250630,3.698000,270.416441
3046,24.262781,12.151000,82.297753
3047,24.266601,3.820000,261.780105
3048,24.287287,20.686000,48.341874
3049,24.291098,3.811000,262.398321
3050,24.300932,9.834000,101.688021
3051,24.304439,3.507000,285.143998
3052,24.327127,22.688000,44.076164
3053,24.330515,3.388000,295.159386
3054,24.359657,29.142000,34.314735
3055,24.363028,3.371000,296.647879
3056,24.381397,18.369000,54.439545
3057,24.385093,3.696000,270.562771
3058,24.408358,23.265000,42.983022
3059,24.411635,3.277000,305.157156
3060,24.434929,23.294000,42.929510
3061,24.438554,3.625000,275.862069
3062,24.461421,22.867000,43.731141
3063,24.465143,3.722000,268.672757
3064,24.488145,23.002000,43.474480
3065,24.495701,7.556000,132.345156
3066,24.515930,20.229000,49.433981
3067,24.524411,8.481000,117.910624
3068,24.541454,17.043000,58.675116
3069,24.549943,8.489000,117.799505
3070,24.556683,6.740000,148.367953
3071,24.559049,2.366000,422.654269
3072,24.581286,22.237000,44.970095
3073,24.583915,2.629000,380.372765
3074,24.607978,24.063000,41.557578
3075,24.610611,2.633000,379.794911
3076,24.622819,12.208000,81.913499
3077,24.625443,2.624000,381.097561
3078,24.641306,15.863000,63.039778
3079,24.643916,2.610000,383.141762
3080,24.662557,18.641000,53.645191
3081,24.665350,2.793000,358.037952
3082,24.674888,9.538000,104.843783
3083,24.677278,2.390000,418.410042
3084,24.691748,14.470000,69.108500
3085,24.694513,2.765000,361.663653
3086,24.713490,18.977000,52.695368
3087,24.716075,2.585000,386.847195
3088,24.726653,10.578000,94.535829
3089,24.729227,2.574000,388.500389
3090,24.738155,8.928000,112.007168
3091,24.740515,2.360000,423.728814
3092,24.749507,8.992000,111.209964
3093,24.751838,2.331000,429.000429
3094,24.760140,8.302000,120.452903
3095,24.762604,2.464000,405.844156
3096,24.780015,17.411000,57.434955
3097,24.782632,2.617000,382.116928
3098,24.791004,8.372000,119.445772
3099,24.793290,2.286000,437.445319
3100,24.801587,8.297000,120.525491
3101,24.804010,2.423000,412.711515
3102,24.819981,15.971000,62.613487
3103,24.822598,2.617000,382.116928
3104,24.831071,8.473000,118.021952
3105,24.833334,2.263000,441.891295
3106,24.846958,13.624000,73.399883
3107,24.849225,2.267000,441.111601
3108,24.858254,9.029000,110.754236
3109,24.860575,2.321000,430.848772
3110,24.869665,9.090000,110.011001
3111,24.872043,2.378000,420.521447
3112,24.886726,14.683000,68.105973
3113,24.889354,2.628000,380.517504
3114,24.899568,10.214000,97.904836
3115,24.901913,2.345000,426.439232
3116,24.913328,11.415000,87.604030
3117,24.915952,2.624000,381.097561
3118,24.925524,9.572000,104.471375
3119,24.928202,2.678000,373.412995
3120,24.937465,9.263000,107.956386
3121,24.939855,2.390000,418.410042
3122,24.949707,9.852000,101.502233
3123,24.951967,2.260000,442.477876
3124,24.966841,14.874000,67.231411
3125,24.969554,2.713000,368.595651
3126,24.981970,12.416000,80.541237
3127,24.984804,2.834000,352.858151
3128,25.006848,22.044000,45.363818
3129,25.009613,2.765000,361.663653
3130,25.020154,10.541000,94.867660
3131,25.022604,2.450000,408.163265
3132,25.034251,11.647000,85.859019
3133,25.036825,2.574000,388.500389
3134,25.047898,11.073000,90.309762
3135,25.050494,2.596000,385.208012
3136,25.061338,10.844000,92.216894
3137,25.063594,2.256000,443.262411
3138,25.075827,12.233000,81.746097
3139,25.078395,2.568000,389.408100
3140,25.101331,22.936000,43.599581
3141,25.103957,2.626000,380.807312
3142,25.128131,24.174000,41.366758
3143,25.130739,2.608000,383.435583
3144,25.154755,24.016000,41.638907
3145,25.157418,2.663000,375.516335
3146,25.181488,24.070000,41.545492
3147,25.184157,2.669000,374.672162
3148,25.208381,24.224000,41.281374
3149,25.211110,2.729000,366.434591
3150,25.235831,24.721000,40.451438
3151,25.238737,2.906000,344.115623
3152,25.261211,22.474000,44.495862
3153,25.264193,2.982000,335.345406
3154,25.288494,24.301000,41.150570
3155,25.291765,3.271000,305.716906
3156,25.314577,22.812000,43.836577
3157,25.318196,3.619000,276.319425
3158,25.341362,23.166000,43.166710
3159,25.345025,3.663000,273.000273
3160,25.369317,24.292000,41.165816
3161,25.377768,8.451000,118.329192
3162,25.395253,17.485000,57.191879
3163,25.403190,7.937000,125.992188
3164,25.410048,6.858000,145.815106
3165,25.412463,2.415000,414.078675
3166,25.435467,23.004000,43.470701
3167,25.438081,2.614000,382.555471
3168,25.462746,24.665000,40.543280
3169,25.465504,2.758000,362.581581
3170,25.487940,22.436000,44.571225
3171,25.490608,2.668000,374.812594
3172,25.515676,25.068000,39.891495
3173,25.518298,2.622000,381.388253
3174,25.541877,23.579000,42.410620
3175,25.544580,2.703000,369.959304
3176,25.568055,23.475000,42.598509
3177,25.570676,2.621000,381.533766
3178,25.594925,24.249000,41.238814
3179,25.597562,2.637000,379.218809
3180,25.622151,24.589000,40.668592
3181,25.624804,2.653000,376.931775
3182,25.648186,23.382000,42.767941
3183,25.651051,2.865000,349.040140
3184,25.675153,24.102000,41.490333
3185,25.678051,2.898000,345.065562
3186,25.702073,24.022000,41.628507
3187,25.705197,3.124000,320.102433
3188,25.728166,22.969000,43.536941
3189,25.731411,3.245000,308.166410
3190,25.740293,8.882000,112.587255
3191,25.743506,3.213000,311.235605
3192,25.754784,11.278000,88.668204
3193,25.757992,3.208000,311.720698
3194,25.768254,10.262000,97.446891
3195,25.771955,3.701000,270.197244
3196,25.781376,9.421000,106.145844
3197,25.785134,3.758000,266.098989
3198,25.795130,9.996000,100.040016
3199,25.798602,3.472000,288.018433
3200,25.808198,9.596000,104.210088
3201,25.811606,3.408000,293.427230
3202,25.821462,9.856000,101.461039
3203,25.824694,3.232000,309.405941
3204,25.834525,9.831000,101.719052
3205,25.837767,3.242000,308.451573
3206,25.861906,24.139000,41.426737
3207,25.865613,3.707000,269.759914
3208,25.888986,23.373000,42.784409
3209,25.892665,3.679000,271.812993
3210,25.914576,21.911000,45.639177
3211,25.918304,3.728000,268.240343
3212,25.928236,9.932000,100.684656
3213,25.931598,3.362000,297.441999
3214,25.941663,10.065000,99.354198
3215,25.945336,3.673000,272.257011
3216,25.967944,22.608000,44.232130
3217,25.971784,3.840000,260.416667
3218,25.994584,22.800000,43.859649
3219,25.998315,3.731000,268.024658
3220,26.021278,22.963000,43.548317
3221,26.024948,3.670000,272.479564
3222,26.052692,27.744000,36.043829
3223,26.056559,3.867000,258.598397
3224,26.066012,9.453000,105.786523
3225,26.069427,3.415000,292.825769
3226,26.089777,20.350000,49.140049
3227,26.092887,3.110000,321.543408
3228,26.102092,9.205000,108.636611
3229,26.105086,2.994000,334.001336
3230,26.113884,8.798000,113.662196
3231,26.116750,2.866000,348.918353
3232,26.139897,23.147000,43.202143
3233,26.142973,3.076000,325.097529
3234,26.153097,10.124000,98.775188
3235,26.156155,3.058000,327.011118
3236,26.166229,10.074000,99.265436
3237,26.169280,3.051000,327.761390
3238,26.177609,8.329000,120.062432
3239,26.180466,2.857000,350.017501
3240,26.188458,7.992000,125.125125
3241,26.191123,2.665000,375.234522
3242,26.199967,8.844000,113.071009
3243,26.202820,2.853000,350.508237
3244,26.219797,16.977000,58.903222
3245,26.222603,2.806000,356.379187
3246,26.232271,9.668000,103.434009
3247,26.234894,2.623000,381.242852
3248,26.243753,8.859000,112.879558
3249,26.246124,2.371000,421.762969
3250,26.256338,10.214000,97.904836
3251,26.259095,2.757000,362.713094
3252,26.267797,8.702000,114.916111
3253,26.270428,2.631000,380.083618
3254,26.286625,16.197000,61.739828
3255,26.289220,2.595000,385.356455
3256,26.298544,9.324000,107.250107
3257,26.300894,2.350000,425.531915
3258,26.309500,8.606000,116.198001
3259,26.311842,2.342000,426.985482
3260,26.320805,8.963000,111.569787
3261,26.323262,2.457000,407.000407
3262,26.339826,16.564000,60.371891
3263,26.342458,2.632000,379.939210
3264,26.351463,9.005000,111.049417
3265,26.353886,2.423000,412.711515
3266,26.364035,10.149000,98.531875
3267,26.366576,2.541000,393.545848
3268,26.374897,8.321000,120.177863
3269,26.377472,2.575000,388.349515
3270,26.393199,15.727000,63.584918
3271,26.395803,2.604000,384.024578
3272,26.406517,10.714000,93.335822
3273,26.409219,2.702000,370.096225
3274,26.420996,11.777000,84.911268
3275,26.423614,2.618000,381.970970
3276,26.434136,10.522000,95.038966
3277,26.436703,2.567000,389.559797
3278,26.446755,10.052000,99.482690
3279,26.449044,2.289000,436.871997
3280,26.459967,10.923000,91.549940
3281,26.462349,2.382000,419.815281
3282,26.479121,16.772000,59.623181
3283,26.481854,2.733000,365.898280
3284,26.501094,19.240000,51.975052
3285,26.503699,2.605000,383.877159
3286,26.528357,24.658000,40.554790
3287,26.531118,2.761000,362.187613
3288,26.554822,23.704000,42.186973
3289,26.557493,2.671000,374.391614
3290,26.582969,25.476000,39.252630
3291,26.585656,2.687000,372.162263
3292,26.609210,23.554000,42.455634
3293,26.612004,2.794000,357.909807
3294,26.636395,24.391000,40.998729
3295,26.639173,2.778000,359.971202
3296,26.663128,23.955000,41.744938
3297,26.666021,2.893000,345.661943
3298,26.688085,22.064000,45.322698
3299,26.691031,2.946000,339.443313
3300,26.715827,24.796000,40.329085
3301,26.719066,3.239000,308.737265
3302,26.741955,22.889000,43.689108
3303,26.745679,3.724000,268.528464
3304,26.769290,23.611000,42.353140
3305,26.773903,4.613000,216.778669
3306,26.795754,21.851000,45.764496
3307,26.803762,8.008000,124.875125
3308,26.821811,18.049000,55.404732
3309,26.824918,3.107000,321.853878
3310,26.849645,24.727000,40.441623
3311,26.852962,3.317000,301.477238
3312,26.874352,21.390000,46.750818
3313,26.877594,3.242000,308.451573
3314,26.901690,24.096000,41.500664
3315,26.905142,3.452000,289.687138
3316,26.928604,23.462000,42.622112
3317,26.932306,3.702000,270.124257
3318,26.954327,22.021000,45.411198
3319,26.957997,3.670000,272.479564
3320,26.967803,9.806000,101.978381
3321,26.972030,4.227000,236.574403
3322,26.981698,9.668000,103.434009
3323,26.985090,3.392000,294.811321
3324,27.007821,22.731000,43.992785
3325,27.011532,3.711000,269.469146
3326,27.034606,23.074000,43.338823
3327,27.038339,3.733000,267.881061
3328,27.060929,22.590000,44.267375
3329,27.064670,3.741000,267.308206
3330,27.074309,9.639000,103.745202
3331,27.077700,3.391000,294.898260
3332,27.088364,10.664000,93.773443
3333,27.092013,3.649000,274.047684
3334,27.101942,9.929000,100.715077
3335,27.105474,3.532000,283.125708
3336,27.128330,22.856000,43.752188
3337,27.132022,3.692000,270.855905
3338,27.155609,23.587000,42.396235
3339,27.159325,3.716000,269.106566
3340,27.182777,23.452000,42.640287
3341,27.186581,3.804000,262.881178
3342,27.209581,23.000000,43.478261
3343,27.213376,3.795000,263.504611
3344,27.234460,21.084000,47.429330
3345,27.239047,4.587000,218.007412
3346,27.262456,23.409000,42.718612
3347,27.269045,6.589000,151.768098
3348,27.287806,18.761000,53.302063
3349,27.296185,8.379000,119.345984
3350,27.308935,12.750000,78.431373
3351,27.315697,6.762000,147.885241
3352,27.318165,2.468000,405.186386
3353,27.320687,2.522000,396.510706
3354,27.341273,20.586000,48.576703
3355,27.343966,2.693000,371.333086
3356,27.367625,23.659000,42.267213
3357,27.370293,2.668000,374.812594
3358,27.394853,24.560000,40.716612
3359,27.397492,2.639000,378.931413
3360,27.422865,25.373000,39.411973
3361,27.425489,2.624000,381.097561
3362,27.448301,22.812000,43.836577
3363,27.450892,2.591000,385.951370
3364,27.474790,23.898000,41.844506
3365,27.477447,2.657000,376.364321
3366,27.500997,23.550000,42.462845
3367,27.503678,2.681000,372.995151
3368,27.528669,24.991000,40.014405
3369,27.531349,2.680000,373.134328
3370,27.554884,23.535000,42.489909
3371,27.557632,2.748000,363.901019
3372,27.581475,23.843000,41.941031
3373,27.584345,2.870000,348.432056
3374,27.608636,24.291000,41.167511
3375,27.611673,3.037000,329.272308
3376,27.641808,30.135000,33.184005
3377,27.644865,3.057000,327.118090
3378,27.660900,16.035000,62.363580
3379,27.664555,3.655000,273.597811
3380,27.687479,22.924000,43.622404
3381,27.691232,3.753000,266.453504
3382,27.701186,9.954000,100.462126
3383,27.705638,4.452000,224.618149
3384,27.714794,9.156000,109.217999
3385,27.718171,3.377000,296.120817
3386,27.741569,23.398000,42.738696
3387,27.744841,3.272000,305.623472
3388,27.768053,23.212000,43.081165
3389,27.771477,3.424000,292.056075
3390,27.795067,23.590000,42.390844
3391,27.798759,3.692000,270.855905
3392,27.822883,24.124000,41.452495
3393,27.826699,3.816000,262.054507
3394,27.848104,21.405000,46.718057
3395,27.851765,3.661000,273.149413
3396,27.874291,22.526000,44.393146
3397,27.879147,4.856000,205.930807
3398,27.900930,21.783000,45.907359
3399,27.909169,8.239000,121.373953
3400,27.917778,8.609000,116.157510
3401,27.929323,11.545000,86.617583
3402,27.932383,3.060000,326.797386
3403,27.941101,8.718000,114.705208
3404,27.954694,13.593000,73.567277
3405,27.957937,3.243000,308.356460
3406,27.982252,24.315000,41.126876
3407,27.985460,3.208000,311.720698
3408,28.008666,23.206000,43.092304
3409,28.011635,2.969000,336.813742
3410,28.034963,23.328000,42.866941
3411,28.038028,3.065000,326.264274
3412,28.062118,24.090000,41.511000
3413,28.065000,2.882000,346.981263
3414,28.088107,23.107000,43.276929
3415,28.090981,2.874000,347.947112
3416,28.115102,24.121000,41.457651
3417,28.117921,2.819000,354.735722
3418,28.141022,23.101000,43.288169
3419,28.143864,2.842000,351.864884
3420,28.168624,24.760000,40.387722
3421,28.171763,3.139000,318.572794
3422,28.194633,22.870000,43.725404
3423,28.197725,3.092000,323.415265
3424,28.207556,9.831000,101.719052
3425,28.210663,3.107000,321.853878
3426,28.221296,10.633000,94.046835
3427,28.224535,3.239000,308.737265
3428,28.248444,23.909000,41.825254
3429,28.251782,3.338000,299.580587
3430,28.274912,23.130000,43.233895
3431,28.278603,3.691000,270.929287
3432,28.301945,23.342000,42.841230
3433,28.305847,3.902000,256.278831
3434,28.315421,9.574000,104.449551
3435,28.324789,9.368000,106.746371
3436,28.328260,3.471000,288.101412
3437,28.331685,3.425000,291.970803
3438,28.355139,23.454000,42.636650
3439,28.358322,3.183000,314.169023
3440,28.381699,23.377000,42.777089
3441,28.384867,3.168000,315.656566
3442,28.408794,23.927000,41.793789
3443,28.411903,3.109000,321.646832
3444,28.434952,23.049000,43.385830
3445,28.438007,3.055000,327.332242
3446,28.450207,12.200000,81.967213
3447,28.453339,3.132000,319.284802
3448,28.473448,20.109000,49.728977
3449,28.476494,3.046000,328.299409
3450,28.487888,11.394000,87.765491
3451,28.490952,3.064000,326.370757
3452,28.499861,8.909000,112.246043
3453,28.502985,3.124000,320.102433
3454,28.512912,9.927000,100.735368
3455,28.515991,3.079000,324.780773
3456,28.526247,10.256000,97.503900
3457,28.529228,2.981000,335.457900
3458,28.539611,10.383000,96.311278
3459,28.542304,2.693000,371.333086
3460,28.554151,11.847000,84.409555
3461,28.557170,3.019000,331.235508
3462,28.586235,29.065000,34.405643
3463,28.589210,2.975000,336.134454
3464,28.607499,18.289000,54.677675
3465,28.610515,3.016000,331.564987
3466,28.634289,23.774000,42.062758
3467,28.637495,3.206000,311.915159
3468,28.661906,24.411000,40.965139
3469,28.665181,3.275000,305.343511
3470,28.688441,23.260000,42.992261
3471,28.692092,3.651000,273.897562
3472,28.703205,11.113000,89.984703
3473,28.707043,3.838000,260.552371
3474,28.724216,17.173000,58.230944
3475,28.728353,4.137000,241.721054
3476,28.740952,12.599000,79.371379
3477,28.744280,3.328000,300.480769
3478,28.766136,21.856000,45.754026
3479,28.769810,3.674000,272.182907
3480,28.778324,8.514000,117.453606
3481,28.781692,3.368000,296.912114
3482,28.789702,8.010000,124.843945
3483,28.792465,2.763000,361.925443
3484,28.800989,8.524000,117.315814
3485,28.803933,2.944000,339.673913
3486,28.819476,15.543000,64.337644
3487,28.822383,2.907000,343.997248
3488,28.831444,9.061000,110.363095
3489,28.834087,2.643000,378.357927
3490,28.846622,12.535000,79.776625
3491,28.849431,2.809000,355.998576
3492,28.860562,11.131000,89.839188
3493,28.863413,2.851000,350.754121
3494,28.873882,10.469000,95.520107
3495,28.876681,2.799000,357.270454
3496,28.887381,10.700000,93.457944
3497,28.890149,2.768000,361.271676
3498,28.900639,10.490000,95.328885
3499,28.903342,2.703000,369.959304
3500,28.926558,23.216000,43.073742
3501,28.929229,2.671000,374.391614
3502,28.938630,9.401000,106.371663
3503,28.941002,2.372000,421.585160
3504,28.951414,10.412000,96.043027
3505,28.954055,2.641000,378.644453
3506,28.964398,10.343000,96.683747
3507,28.966943,2.545000,392.927308
3508,28.976612,9.669000,103.423312
3509,28.979101,2.489000,401.767778
3510,28.993428,14.327000,69.798283
3511,28.996135,2.707000,369.412634
3512,29.006555,10.420000,95.969290
3513,29.008857,2.302000,434.404865
3514,29.019599,10.742000,93.092534
3515,29.021965,2.366000,422.654269
3516,29.032938,10.973000,91.132780
3517,29.035558,2.620000,381.679389
3518,29.047341,11.783000,84.868030
3519,29.050070,2.729000,366.434591
3520,29.059912,9.842000,101.605365
3521,29.062597,2.685000,372.439479
3522,29.075639,13.042000,76.675357
3523,29.078418,2.779000,359.841670
3524,29.089321,10.903000,91.717876
3525,29.092056,2.735000,365.630713
3526,29.102401,10.345000,96.665056
3527,29.105122,2.721000,367.511944
3528,29.114612,9.490000,105.374078
3529,29.117222,2.610000,383.141762
3530,29.127070,9.848000,101.543461
3531,29.129495,2.425000,412.371134
3532,29.139571,10.076000,99.245732
3533,29.141977,2.406000,415.627598
3534,29.152821,10.844000,92.216894
3535,29.155451,2.630000,380.228137
3536,29.166430,10.979000,91.082977
3537,29.169074,2.644000,378.214826
3538,29.179576,10.502000,95.219958
3539,29.182276,2.700000,370.370370
3540,29.192844,10.568000,94.625284
3541,29.195600,2.756000,362.844702
3542,29.206403,10.803000,92.566880
3543,29.209134,2.731000,366.166239
3544,29.220888,11.754000,85.077420
3545,29.223319,2.431000,411.353353
3546,29.246520,23.201000,43.101590
3547,29.249181,2.661000,375.798572
3548,29.269070,19.889000,50.279049
3549,29.271712,2.642000,378.501136
3550,29.287415,15.703000,63.682099
3551,29.290085,2.670000,374.531835
3552,29.313985,23.900000,41.841004
3553,29.316691,2.706000,369.549150
3554,29.341434,24.743000,40.415471
3555,29.344295,2.861000,349.528137
3556,29.367981,23.686000,42.219032
3557,29.370852,2.871000,348.310693
3558,29.394403,23.551000,42.461042
3559,29.397373,2.970000,336.700337
3560,29.420756,23.383000,42.766112
3561,29.423459,2.703000,369.959304
3562,29.447483,24.024000,41.625042
3563,29.450301,2.818000,354.861604
3564,29.474226,23.925000,41.797283
3565,29.477201,2.975000,336.134454
3566,29.504579,27.378000,36.525678
3567,29.508368,3.789000,263.921879
3568,29.520837,12.469000,80.198893
3569,29.524577,3.740000,267.379679
3570,29.554848,30.271000,33.034918
3571,29.560398,5.550000,180.180180
3572,29.580019,19.621000,50.965802
3573,29.585553,5.534000,180.701120
3574,29.595694,10.141000,98.609605
3575,29.598177,2.483000,402.738623
3576,29.607292,9.115000,109.709270
3577,29.609718,2.426000,412.201154
3578,29.632866,23.148000,43.200276
3579,29.635642,2.776000,360.230548
3580,29.646064,10.422000,95.950873
3581,29.648795,2.731000,366.166239
3582,29.663487,14.692000,68.064253
3583,29.666310,2.823000,354.233085
3584,29.687444,21.134000,47.317119
3585,29.690184,2.740000,364.963504
3586,29.714124,23.940000,41.771094
3587,29.716855,2.731000,366.166239
3588,29.740811,23.956000,41.743196
3589,29.743551,2.740000,364.963504
3590,29.767504,23.953000,41.748424
3591,29.770248,2.744000,364.431487
3592,29.793954,23.706000,42.183413
3593,29.796715,2.761000,362.187613
3594,29.820775,24.060000,41.562760
3595,29.823558,2.783000,359.324470
3596,29.847580,24.022000,41.628507
3597,29.850452,2.872000,348.189415
3598,29.874031,23.579000,42.410620
3599,29.877018,2.987000,334.784064
3600,29.900885,23.867000,41.898856
3601,29.903615,2.730000,366.300366
3602,29.927263,23.648000,42.286874
3603,29.930330,3.067000,326.051516
3604,29.953992,23.662000,42.261854
3605,29.957258,3.266000,306.184936
3606,29.980935,23.677000,42.235080
3607,29.984716,3.781000,264.480296
3608,30.007512,22.796000,43.867345
3609,30.011395,3.883000,257.532835
3610,30.033953,22.558000,44.330171
3611,30.039454,5.501000,181.785130
3612,30.060753,21.299000,46.950561
3613,30.069223,8.470000,118.063754
3614,30.094053,24.830000,40.273862
3615,30.096879,2.826000,353.857042
3616,30.114004,17.125000,58.394161
3617,30.117360,3.356000,297.973778
3618,30.140543,23.183000,43.135056
3619,30.143906,3.363000,297.353553
3620,30.167250,23.344000,42.837560
3621,30.170864,3.614000,276.701716
3622,30.193853,22.989000,43.499065
3623,30.197667,3.814000,262.191924
3624,30.220675,23.008000,43.463143
3625,30.224501,3.826000,261.369577
3626,30.247474,22.973000,43.529361
3627,30.252883,5.409000,184.877057
3628,30.273947,21.064000,47.474364
3629,30.282424,8.477000,117.966262
3630,30.300678,18.254000,54.782513
3631,30.313501,12.823000,77.984871
3632,30.316445,2.944000,339.673913
3633,30.318982,2.537000,394.166338
3634,30.338579,19.597000,51.028219
3635,30.341310,2.731000,366.166239
3636,30.354108,12.798000,78.137209
3637,30.356581,2.473000,404.367165
3638,30.379477,22.896000,43.675751
3639,30.382246,2.769000,361.141206
3640,30.393511,11.265000,88.770528
3641,30.395955,2.444000,409.165303
3642,30.407143,11.188000,89.381480
3643,30.409630,2.487000,402.090873
3644,30.433047,23.417000,42.704018
3645,30.435918,2.871000,348.310693
3646,30.459381,23.463000,42.620296
3647,30.462245,2.864000,349.162011
3648,30.473553,11.308000,88.432968
3649,30.476149,2.596000,385.208012
3650,30.499496,23.347000,42.832056
3651,30.502270,2.774000,360.490267
3652,30.515079,12.809000,78.070107
3653,30.517792,2.713000,368.595651
3654,30.539304,21.512000,46.485682
3655,30.541959,2.655000,376.647834
3656,30.553269,11.310000,88.417330
3657,30.555895,2.626000,380.807312
3658,30.566398,10.503000,95.210892
3659,30.569097,2.699000,370.507595
3660,30.579528,10.431000,95.868086
3661,30.582245,2.717000,368.053000
3662,30.593090,10.845000,92.208391
3663,30.595776,2.686000,372.300819
3664,30.606562,10.786000,92.712776
3665,30.609293,2.731000,366.166239
3666,30.638828,29.535000,33.858134
3667,30.641593,2.765000,361.663653
3668,30.660761,19.168000,52.170284
3669,30.663725,2.964000,337.381916
3670,30.687205,23.480000,42.589438
3671,30.690095,2.890000,346.020761
3672,30.714149,24.054000,41.573127
3673,30.717077,2.928000,341.530055
3674,30.741965,24.888000,40.180006
3675,30.744986,3.021000,331.016220
3676,30.768785,23.799000,42.018572
3677,30.772112,3.327000,300.571085
3678,30.794538,22.426000,44.591100
3679,30.798307,3.769000,265.322367
3680,30.820808,22.501000,44.442469
3681,30.825567,4.759000,210.128178
3682,30.847845,22.278000,44.887333
3683,30.856281,8.436000,118.539592
3684,30.874553,18.272000,54.728546
3685,30.877580,3.027000,330.360093
3686,30.900634,23.054000,43.376421
3687,30.903938,3.304000,302.663438
3688,30.927269,23.331000,42.861429
3689,30.930598,3.329000,300.390508
3690,30.953793,23.195000,43.112740
3691,30.957214,3.421000,292.312189
3692,30.980825,23.611000,42.353140
3693,30.984552,3.727000,268.312316
3694,31.009132,24.580000,40.683483
3695,31.012972,3.840000,260.416667
3696,31.034486,21.514000,46.481361
3697,31.039592,5.106000,195.848022
3698,31.061661,22.069000,45.312429
3699,31.070036,8.375000,119.402985
3700,31.088253,18.217000,54.893781
3701,31.093765,5.512000,181.422351
3702,31.113921,20.156000,49.613018
3703,31.117019,3.098000,322.788896
3704,31.140674,23.655000,42.274361
3705,31.143934,3.260000,306.748466
3706,31.167061,23.127000,43.239504
3707,31.170339,3.278000,305.064063
3708,31.194410,24.071000,41.543766
3709,31.197924,3.514000,284.575982
3710,31.220960,23.036000,43.410314
3711,31.224692,3.732000,267.952840
3712,31.248446,23.754000,42.098173
3713,31.252300,3.854000,259.470680
3714,31.276053,23.753000,42.099945
3715,31.283274,7.221000,138.484974
3716,31.300848,17.574000,56.902242
3717,31.309040,8.192000,122.070313
3718,31.315753,6.713000,148.964695
3719,31.318183,2.430000,411.522634
3720,31.341702,23.519000,42.518815
3721,31.344256,2.554000,391.542678
3722,31.368412,24.156000,41.397582
3723,31.371043,2.631000,380.083618
3724,31.394075,23.032000,43.417853
3725,31.396735,2.660000,375.939850
3726,31.421452,24.717000,40.457984
3727,31.424060,2.608000,383.435583
3728,31.447393,23.333000,42.857755
3729,31.449994,2.601000,384.467512
3730,31.475106,25.112000,39.821599
3731,31.477763,2.657000,376.364321
3732,31.500758,22.995000,43.487715
3733,31.503402,2.644000,378.214826
3734,31.527248,23.846000,41.935754
3735,31.530044,2.796000,357.653791
3736,31.554111,24.067000,41.550671
3737,31.556839,2.728000,366.568915
3738,31.582084,25.245000,39.611804
3739,31.584983,2.899000,344.946533
3740,31.608904,23.921000,41.804272
3741,31.611855,2.951000,338.868180
3742,31.633789,21.934000,45.591319
3743,31.637042,3.253000,307.408546
3744,31.660445,23.403000,42.729565
3745,31.664105,3.660000,273.224044
3746,31.686925,22.820000,43.821209
3747,31.690550,3.625000,275.862069
3748,31.700364,9.814000,101.895252
3749,31.707819,7.455000,134.138162
3750,31.726990,19.171000,52.162120
3751,31.731101,4.111000,243.249818
3752,31.740706,9.605000,104.112441
3753,31.750707,10.001000,99.990001
3754,31.753806,3.099000,322.684737
3755,31.756760,2.954000,338.524035
3756,31.779015,22.255000,44.933723
3757,31.781965,2.950000,338.983051
3758,31.790980,9.015000,110.926234
3759,31.793768,2.788000,358.680057
3760,31.802054,8.286000,120.685494
3761,31.804563,2.509000,398.565165
3762,31.819054,14.491000,69.008350
3763,31.821795,2.741000,364.830354
3764,31.833546,11.751000,85.099140
3765,31.836384,2.838000,352.360817
3766,31.845798,9.414000,106.224772
3767,31.848246,2.448000,408.496732
3768,31.859202,10.956000,91.274188
3769,31.861922,2.720000,367.647059
3770,31.872506,10.584000,94.482237
3771,31.875168,2.662000,375.657400
3772,31.886714,11.546000,86.610081
3773,31.889064,2.350000,425.531915
3774,31.917406,28.342000,35.283325
3775,31.920068,2.662000,375.657400
3776,31.940210,20.142000,49.647503
3777,31.942803,2.593000,385.653683
3778,31.966882,24.079000,41.529964
3779,31.969529,2.647000,377.786173
3780,31.994271,24.742000,40.417105
3781,31.996871,2.600000,384.615385
3782,32.021029,24.158000,41.394155
3783,32.023817,2.788000,358.680057
3784,32.048034,24.217000,41.293306
3785,32.050663,2.629000,380.372765
3786,32.073704,23.041000,43.400894
3787,32.076329,2.625000,380.952381
3788,32.088267,11.938000,83.766125
3789,32.090799,2.532000,394.944708
3790,32.107028,16.229000,61.618091
3791,32.109454,2.426000,412.201154
3792,32.127361,17.907000,55.844083
3793,32.129952,2.591000,385.951370
3794,32.139932,9.980000,100.200401
3795,32.142532,2.600000,384.615385
3796,32.165573,23.041000,43.400894
3797,32.168312,2.739000,365.096751
3798,32.177569,9.257000,108.026358
3799,32.180025,2.456000,407.166124
3800,32.188729,8.704000,114.889706
3801,32.191303,2.574000,388.500389
3802,32.200465,9.162000,109.146475
3803,32.202852,2.387000,418.935903
3804,32.218996,16.144000,61.942517
3805,32.221619,2.623000,381.242852
3806,32.233137,11.518000,86.820629
3807,32.235796,2.659000,376.081234
3808,32.245552,9.756000,102.501025
3809,32.248182,2.630000,380.228137
3810,32.257783,9.601000,104.155817
3811,32.260119,2.336000,428.082192
3812,32.268650,8.531000,117.219552
3813,32.270909,2.259000,442.673749
3814,32.285605,14.696000,68.045727
3815,32.288214,2.609000,383.288616
3816,32.297402,9.188000,108.837614
3817,32.300074,2.672000,374.251497
3818,32.308110,8.036000,124.440020
3819,32.310393,2.283000,438.020149
3820,32.325601,15.208000,65.754866
3821,32.328232,2.631000,380.083618
3822,32.336683,8.451000,118.329192
3823,32.339001,2.318000,431.406385
3824,32.352215,13.214000,75.677312
3825,32.354574,2.359000,423.908436
3826,32.362695,8.121000,123.137545
3827,32.364983,2.288000,437.062937
3828,32.373115,8.132000,122.970979
3829,32.375614,2.499000,400.160064
3830,32.384135,8.521000,117.357118
3831,32.386539,2.404000,415.973378
3832,32.396322,9.783000,102.218133
3833,32.398687,2.365000,422.832981
3834,32.408497,9.810000,101.936799
3835,32.410744,2.247000,445.037828
3836,32.420327,9.583000,104.351456
3837,32.422712,2.385000,419.287212
3838,32.432779,10.067000,99.334459
3839,32.435220,2.441000,409.668169
3840,32.445988,10.768000,92.867756
3841,32.448565,2.577000,388.048118
3842,32.459482,10.917000,91.600256
3843,32.461820,2.338000,427.715997
3844,32.472355,10.535000,94.921690
3845,32.474943,2.588000,386.398764
3846,32.493786,18.843000,53.070106
3847,32.496089,2.303000,434.216240
3848,32.512244,16.155000,61.900340
3849,32.514925,2.681000,372.995151
3850,32.524616,9.691000,103.188525
3851,32.526931,2.315000,431.965443
3852,32.543456,16.525000,60.514372
3853,32.546110,2.654000,376.789751
3854,32.555415,9.305000,107.469103
3855,32.558038,2.623000,381.242852
3856,32.566994,8.956000,111.656990
3857,32.569362,2.368000,422.297297
3858,32.579452,10.090000,99.108028
3859,32.582029,2.577000,388.048118
3860,32.593713,11.684000,85.587128
3861,32.596284,2.571000,388.953715
3862,32.605916,9.632000,103.820598
3863,32.608482,2.566000,389.711613
3864,32.619936,11.454000,87.305745
3865,32.622484,2.548000,392.464678
3866,32.633306,10.822000,92.404361
3867,32.635892,2.586000,386.697602
3868,32.644789,8.897000,112.397437
3869,32.647088,2.299000,434.971727
3870,32.656011,8.923000,112.069932
3871,32.658324,2.313000,432.338954
3872,32.667047,8.723000,114.639459
3873,32.669358,2.311000,432.713111
3874,32.685471,16.113000,62.061689
3875,32.688050,2.579000,387.747189
3876,32.696340,8.290000,120.627262
3877,32.698628,2.288000,437.062937
3878,32.713078,14.450000,69.204152
3879,32.715387,2.309000,433.087917
3880,32.725570,10.183000,98.202887
3881,32.728165,2.595000,385.356455
3882,32.735708,7.543000,132.573247
3883,32.738024,2.316000,431.778929
3884,32.747769,9.745000,102.616727
3885,32.750375,2.606000,383.729854
3886,32.759201,8.826000,113.301609
3887,32.761587,2.386000,419.111484
3888,32.778802,17.215000,58.088876
3889,32.781432,2.630000,380.228137
3890,32.790750,9.318000,107.319167
3891,32.792994,2.244000,445.632799
3892,32.801418,8.424000,118.708452
3893,32.803719,2.301000,434.593655
3894,32.818848,15.129000,66.098222
3895,32.821482,2.634000,379.650721
3896,32.830342,8.860000,112.866817
3897,32.832668,2.326000,429.922614
3898,32.846053,13.385000,74.710497
3899,32.848402,2.349000,425.713069
3900,32.860293,11.891000,84.097216
3901,32.862909,2.616000,382.262997
3902,32.873107,10.198000,98.058443
3903,32.875675,2.568000,389.408100
3904,32.885401,9.726000,102.817191
3905,32.887648,2.247000,445.037828
3906,32.896829,9.181000,108.920597
3907,32.899144,2.315000,431.965443
3908,32.912135,12.991000,76.976368
3909,32.914738,2.603000,384.172109
3910,32.924035,9.297000,107.561579
3911,32.926357,2.322000,430.663221
3912,32.934874,8.517000,117.412234
3913,32.937210,2.336000,428.082192
3914,32.952140,14.930000,66.979236
3915,32.954716,2.576000,388.198758
3916,32.963599,8.883000,112.574581
3917,32.965909,2.310000,432.900433
3918,32.974794,8.885000,112.549240
3919,32.977107,2.313000,432.338954
3920,32.992174,15.067000,66.370213
3921,32.994765,2.591000,385.951370
3922,33.003762,8.997000,111.148160
3923,33.006145,2.383000,419.639110
3924,33.014904,8.759000,114.168284
3925,33.017141,2.237000,447.027269
3926,33.032141,15.000000,66.666667
3927,33.034740,2.599000,384.763371
3928,33.043220,8.480000,117.924528
3929,33.045548,2.328000,429.553265
3930,33.054953,9.405000,106.326422
3931,33.057526,2.573000,388.651380
3932,33.066639,9.113000,109.733348
3933,33.068975,2.336000,428.082192
3934,33.085407,16.432000,60.856865
3935,33.087990,2.583000,387.146729
3936,33.097480,9.490000,105.374078
3937,33.100000,2.520000,396.825397
3938,33.108912,8.912000,112.208259
3939,33.111228,2.316000,431.778929
3940,33.125477,14.249000,70.180364
3941,33.128076,2.599000,384.763371
3942,33.136629,8.553000,116.918040
3943,33.138926,2.297000,435.350457
3944,33.152226,13.300000,75.187970
3945,33.154530,2.304000,434.027778
3946,33.165925,11.395000,87.757789
3947,33.168524,2.599000,384.763371
3948,33.178690,10.166000,98.367106
3949,33.181328,2.638000,379.075057
3950,33.190161,8.833000,113.211819
3951,33.192674,2.513000,397.930760
3952,33.202620,9.946000,100.542932
3953,33.204996,2.376000,420.875421
3954,33.216506,11.510000,86.880973
3955,33.219217,2.711000,368.867577
3956,33.228538,9.321000,107.284626
3957,33.230951,2.413000,414.421881
3958,33.245519,14.568000,68.643602
3959,33.248220,2.701000,370.233247
3960,33.258908,10.688000,93.562874
3961,33.261765,2.857000,350.017501
3962,33.272482,10.717000,93.309695
3963,33.275074,2.592000,385.802469
3964,33.285114,10.040000,99.601594
3965,33.287430,2.316000,431.778929
3966,33.299763,12.333000,81.083273
3967,33.302423,2.660000,375.939850
3968,33.312588,10.165000,98.376783
3969,33.315235,2.647000,377.786173
3970,33.334217,18.982000,52.681488
3971,33.336602,2.385000,419.287212
3972,33.352251,15.649000,63.901847
3973,33.354764,2.513000,397.930760
3974,33.365719,10.955000,91.282519
3975,33.368366,2.647000,377.786173
3976,33.378902,10.536000,94.912680
3977,33.381505,2.603000,384.172109
3978,33.392397,10.892000,91.810503
3979,33.395042,2.645000,378.071834
3980,33.425189,30.147000,33.170796
3981,33.427832,2.643000,378.357927
3982,33.446515,18.683000,53.524595
3983,33.449158,2.643000,378.357927
3984,33.473348,24.190000,41.339396
3985,33.476133,2.785000,359.066427
3986,33.500188,24.055000,41.571399
3987,33.503024,2.836000,352.609309
3988,33.528021,24.997000,40.004801
3989,33.530846,2.825000,353.982301
3990,33.553809,22.963000,43.548317
3991,33.556734,2.925000,341.880342
3992,33.581966,25.232000,39.632213
3993,33.585230,3.264000,306.372549
3994,33.607455,22.225000,44.994376
3995,33.611062,3.607000,277.238703
3996,33.633655,22.593000,44.261497
3997,33.641283,7.628000,131.095962
3998,33.660239,18.956000,52.753746
3999,33.672468,12.229000,81.772835
4000,33.675202,2.734000,365.764448
4001,33.677485,2.283000,438.020149
4002,33.687133,9.648000,103.648425
4003,33.689409,2.276000,439.367311
4004,33.714155,24.746000,40.410571
4005,33.716708,2.553000,391.696044
4006,33.741616,24.908000,40.147744
4007,33.744185,2.569000,389.256520
4008,33.768618,24.433000,40.928253
4009,33.771191,2.573000,388.651380
4010,33.794556,23.365000,42.799058
4011,33.797105,2.549000,392.310710
4012,33.820397,23.292000,42.933196
4013,33.823033,2.636000,379.362671
4014,33.847158,24.125000,41.450777
4015,33.849868,2.710000,369.003690
4016,33.873454,23.586000,42.398033
4017,33.876089,2.635000,379.506641
4018,33.901440,25.351000,39.446176
4019,33.904148,2.708000,369.276219
4020,33.927212,23.064000,43.357614
4021,33.929995,2.783000,359.324470
4022,33.953316,23.321000,42.879808
4023,33.956286,2.970000,336.700337
4024,33.980346,24.060000,41.562760
4025,33.983190,2.844000,351.617440
4026,34.006597,23.407000,42.722263
4027,34.009796,3.199000,312.597687
4028,34.033465,23.669000,42.249356
4029,34.037073,3.608000,277.161863
4030,34.060233,23.160000,43.177893
4031,34.064064,3.831000,261.028452
4032,34.087250,23.186000,43.129475
4033,34.095455,8.205000,121.876904
4034,34.113856,18.401000,54.344873
4035,34.126530,12.674000,78.901688
4036,34.135330,8.800000,113.636364
4037,34.138046,2.716000,368.188513
4038,34.153935,15.889000,62.936623
4039,34.157093,3.158000,316.656111
4040,34.179876,22.783000,43.892376
4041,34.183091,3.215000,311.041991
4042,34.207525,24.434000,40.926578
4043,34.210730,3.205000,312.012480
4044,34.234177,23.447000,42.649379
4045,34.237834,3.657000,273.448182
4046,34.260727,22.893000,43.681475
4047,34.264419,3.692000,270.855905
4048,34.286755,22.336000,44.770774
4049,34.291031,4.276000,233.863424
4050,34.314360,23.329000,42.865104
4051,34.322357,7.997000,125.046893
4052,34.341081,18.724000,53.407392
4053,34.350392,9.311000,107.399850
4054,34.367997,17.605000,56.802045
4055,34.371323,3.326000,300.661455
4056,34.393754,22.431000,44.581160
4057,34.396923,3.169000,315.556958
4058,34.420306,23.383000,42.766112
4059,34.423469,3.163000,316.155549
4060,34.448204,24.735000,40.428543
4061,34.451491,3.287000,304.228780
4062,34.474523,23.032000,43.417853
4063,34.478172,3.649000,274.047684
4064,34.500362,22.190000,45.065345
4065,34.503946,3.584000,279.017857
4066,34.526831,22.885000,43.696745
4067,34.535099,8.268000,120.948234
4068,34.553402,18.303000,54.635852
4069,34.558855,5.453000,183.385292
4070,34.581010,22.155000,45.136538
4071,34.584048,3.038000,329.163924
4072,34.607553,23.505000,42.544140
4073,34.610772,3.219000,310.655483
4074,34.634992,24.220000,41.288192
4075,34.638149,3.157000,316.756414
4076,34.661858,23.709000,42.178076
4077,34.665147,3.289000,304.043782
4078,34.686975,21.828000,45.812718
4079,34.690472,3.497000,285.959394
4080,34.699303,8.831000,113.237459
4081,34.702679,3.376000,296.208531
4082,34.713394,10.715000,93.327112
4083,34.716578,3.184000,314.070352
4084,34.726530,9.952000,100.482315
4085,34.729681,3.151000,317.359568
4086,34.740459,10.778000,92.781592
4087,34.743531,3.072000,325.520833
4088,34.767880,24.349000,41.069448
4089,34.770984,3.104000,322.164948
4090,34.793165,22.181000,45.083630
4091,34.796278,3.113000,321.233537
4092,34.806410,10.132000,98.697197
4093,34.809502,3.092000,323.415265
4094,34.821735,12.233000,81.746097
4095,34.824816,3.081000,324.569945
4096,34.846854,22.038000,45.376168
4097,34.850399,3.545000,282.087447
4098,34.874936,24.537000,40.754778
4099,34.878552,3.616000,276.548673
4100,34.900813,22.261000,44.921612
4101,34.904397,3.584000,279.017857
4102,34.927435,23.038000,43.406546
4103,34.931555,4.120000,242.718447
4104,34.941362,9.807000,101.967982
4105,34.948389,7.027000,142.308240
4106,34.965302,16.913000,59.126116
4107,34.968923,3.621000,276.166805
4108,34.980632,11.709000,85.404390
4109,34.984363,3.731000,268.024658
4110,34.993790,9.427000,106.078286
4111,34.997199,3.409000,293.341156
4112,35.006031,8.832000,113.224638
4113,35.009091,3.060000,326.797386
4114,35.031878,22.787000,43.884671
4115,35.034837,2.959000,337.952011
4116,35.043290,8.453000,118.301195
4117,35.045905,2.615000,382.409178
4118,35.054019,8.114000,123.243776
4119,35.056529,2.510000,398.406375
4120,35.071821,15.292000,65.393670
4121,35.074506,2.685000,372.439479
4122,35.085785,11.279000,88.660342
4123,35.088585,2.800000,357.142857
4124,35.097056,8.471000,118.049817
4125,35.099457,2.401000,416.493128
4126,35.107583,8.126000,123.061777
4127,35.110083,2.500000,400.000000
4128,35.125082,14.999000,66.671111
4129,35.127657,2.575000,388.349515
4130,35.137060,9.403000,106.349038
4131,35.139541,2.481000,403.063281
4132,35.148015,8.474000,118.008025
4133,35.150427,2.412000,414.593698
4134,35.160087,9.660000,103.519669
4135,35.162485,2.398000,417.014178
4136,35.178561,16.076000,62.204528
4137,35.181204,2.643000,378.357927
4138,35.193306,12.102000,82.630970
4139,35.195972,2.666000,375.093773
4140,35.206151,10.179000,98.241478
4141,35.208492,2.341000,427.167877
4142,35.220057,11.565000,86.467791
4143,35.222650,2.593000,385.653683
4144,35.233078,10.428000,95.895666
4145,35.235766,2.688000,372.023810
4146,35.245097,9.331000,107.169650
4147,35.247386,2.289000,436.871997
4148,35.262193,14.807000,67.535625
4149,35.264939,2.746000,364.166060
4150,35.285534,20.595000,48.555475
4151,35.288131,2.597000,385.059684
4152,35.298258,10.127000,98.745927
4153,35.300630,2.372000,421.585160
4154,35.310145,9.515000,105.097215
4155,35.312733,2.588000,386.398764
4156,35.321576,8.843000,113.083795
4157,35.323866,2.290000,436.681223
4158,35.332795,8.929000,111.994624
4159,35.335285,2.490000,401.606426
4160,35.351977,16.692000,59.908938
4161,35.354696,2.719000,367.782273
4162,35.365958,11.262000,88.794175
4163,35.368322,2.364000,423.011844
4164,35.378756,10.434000,95.840521
4165,35.381155,2.399000,416.840350
4166,35.391702,10.547000,94.813691
4167,35.394240,2.538000,394.011032
4168,35.404684,10.444000,95.748755
4169,35.407093,2.409000,415.110004
4170,35.417299,10.206000,97.981579
4171,35.419602,2.303000,434.216240
4172,35.428681,9.079000,110.144289
4173,35.430927,2.246000,445.235975
4174,35.439452,8.525000,117.302053
4175,35.441864,2.412000,414.593698
4176,35.458555,16.691000,59.912528
4177,35.461209,2.654000,376.789751
4178,35.471961,10.752000,93.005952
4179,35.474348,2.387000,418.935903
4180,35.485508,11.160000,89.605735
4181,35.487946,2.438000,410.172272
4182,35.497678,9.732000,102.753802
4183,35.500024,2.346000,426.257460
4184,35.512395,12.371000,80.834209
4185,35.515004,2.609000,383.288616
4186,35.525871,10.867000,92.021717
4187,35.528475,2.604000,384.024578
4188,35.538717,10.242000,97.637180
4189,35.541312,2.595000,385.356455
4190,35.551992,10.680000,93.632959
4191,35.554603,2.611000,382.995021
4192,35.565794,11.191000,89.357519
4193,35.568102,2.308000,433.275563
4194,35.576473,8.371000,119.460041
4195,35.578983,2.510000,398.406375
4196,35.588950,9.967000,100.331093
4197,35.591577,2.627000,380.662352
4198,35.600719,9.142000,109.385255
4199,35.603025,2.306000,433.651344
4200,35.618434,15.409000,64.897138
4201,35.621071,2.637000,379.218809
4202,35.630335,9.264000,107.944732
4203,35.632787,2.452000,407.830343
4204,35.641076,8.289000,120.641814
4205,35.643433,2.357000,424.268137
4206,35.658494,15.061000,66.396654
4207,35.661258,2.764000,361.794501
4208,35.671870,10.612000,94.232944
4209,35.674466,2.596000,385.208012
4210,35.685025,10.559000,94.705938
4211,35.687379,2.354000,424.808836
4212,35.695613,8.234000,121.447656
4213,35.697870,2.257000,443.066017
4214,35.708012,10.142000,98.599882
4215,35.710343,2.331000,429.000429
4216,35.719466,9.123000,109.613066
4217,35.721807,2.341000,427.167877
4218,35.746839,25.032000,39.948865
4219,35.749455,2.616000,382.262997
4220,35.766172,16.717000,59.819346
4221,35.768815,2.643000,378.357927
4222,35.778407,9.592000,104.253545
4223,35.780691,2.284000,437.828371
4224,35.791819,11.128000,89.863408
4225,35.794592,2.773000,360.620267
4226,35.805165,10.573000,94.580535
4227,35.807726,2.561000,390.472472
4228,35.818398,10.672000,93.703148
4229,35.820747,2.349000,425.713069
4230,35.834819,14.072000,71.063104
4231,35.837402,2.583000,387.146729
4232,35.859494,22.092000,45.265254
4233,35.862115,2.621000,381.533766
4234,35.887200,25.085000,39.864461
4235,35.888994,1.794000,557.413601
4236,35.913526,24.532000,40.763085
4237,35.916168,2.642000,378.501136
4238,35.927802,11.634000,85.954960
4239,35.930488,2.686000,372.300819
4240,35.942449,11.961000,83.605050
4241,35.945295,2.846000,351.370344
4242,35.962476,17.181000,58.203830
4243,35.965263,2.787000,358.808755
4244,35.980209,14.946000,66.907534
4245,35.982933,2.724000,367.107195
4246,35.991735,8.802000,113.610543
4247,35.994392,2.657000,376.364321
4248,36.005127,10.735000,93.153237
4249,36.007711,2.584000,386.996904
4250,36.018285,10.574000,94.571591
4251,36.020916,2.631000,380.083618
4252,36.028635,7.719000,129.550460
4253,36.031156,2.521000,396.667989
4254,36.040706,9.550000,104.712042
4255,36.043242,2.536000,394.321767
4256,36.051559,8.317000,120.235662
4257,36.054223,2.664000,375.375375
4258,36.071694,17.471000,57.237708
4259,36.074472,2.778000,359.971202
4260,36.083276,8.804000,113.584734
4261,36.085751,2.475000,404.040404
4262,36.093720,7.969000,125.486259
4263,36.096194,2.474000,404.203719
4264,36.111646,15.452000,64.716542
4265,36.114299,2.653000,376.931775
4266,36.123112,8.813000,113.468739
4267,36.125466,2.354000,424.808836
4268,36.133915,8.449000,118.357202
4269,36.136159,2.244000,445.632799
4270,36.151696,15.537000,64.362490
4271,36.154262,2.566000,389.711613
4272,36.163143,8.881000,112.599932
4273,36.165417,2.274000,439.753738
4274,36.173509,8.092000,123.578843
4275,36.175866,2.357000,424.268137
4276,36.191670,15.804000,63.275120
4277,36.194243,2.573000,388.651380
4278,36.202267,8.024000,124.626122
4279,36.204557,2.290000,436.681223
4280,36.219236,14.679000,68.124532
4281,36.221762,2.526000,395.882819
4282,36.231686,9.924000,100.765820
4283,36.234246,2.560000,390.625000
4284,36.242355,8.109000,123.319768
4285,36.244921,2.566000,389.711613
4286,36.253300,8.379000,119.345984
4287,36.255582,2.282000,438.212095
4288,36.271624,16.042000,62.336367
4289,36.274186,2.562000,390.320062
4290,36.283209,9.023000,110.827884
4291,36.285503,2.294000,435.919791
4292,36.294295,8.792000,113.739763
4293,36.296634,2.339000,427.533134
4294,36.311761,15.127000,66.106961
4295,36.314253,2.492000,401.284109
4296,36.325426,11.173000,89.501477
4297,36.328152,2.726000,366.837858
4298,36.338593,10.441000,95.776267
4299,36.340855,2.262000,442.086649
4300,36.350342,9.487000,105.407400
4301,36.352653,2.311000,432.713111
4302,36.361592,8.939000,111.869337
4303,36.363859,2.267000,441.111601
4304,36.378304,14.445000,69.228107
4305,36.380844,2.540000,393.700787
4306,36.390091,9.247000,108.143182
4307,36.392397,2.306000,433.651344
4308,36.401321,8.924000,112.057373
4309,36.403675,2.354000,424.808836
4310,36.418315,14.640000,68.306011
4311,36.420863,2.548000,392.464678
4312,36.431223,10.360000,96.525097
4313,36.433824,2.601000,384.467512
4314,36.444263,10.439000,95.794616
4315,36.446906,2.643000,378.357927
4316,36.458566,11.660000,85.763293
4317,36.461242,2.676000,373.692078
4318,36.471732,10.490000,95.328885
4319,36.474387,2.655000,376.647834
4320,36.485147,10.760000,92.936803
4321,36.487502,2.355000,424.628450
4322,36.498687,11.185000,89.405454
4323,36.501328,2.641000,378.644453
4324,36.512020,10.692000,93.527871
4325,36.514696,2.676000,373.692078
4326,36.525377,10.681000,93.624192
4327,36.527710,2.333000,428.632662
4328,36.537044,9.334000,107.135205
4329,36.539414,2.370000,421.940928
4330,36.557442,18.028000,55.469270
4331,36.559868,2.426000,412.201154
4332,36.578417,18.549000,53.911262
4333,36.581081,2.664000,375.375375
4334,36.591737,10.656000,93.843844
4335,36.594319,2.582000,387.296669
4336,36.605004,10.685000,93.589144
4337,36.607214,2.210000,452.488688
4338,36.615290,8.076000,123.823675
4339,36.617580,2.290000,436.681223
4340,36.627878,10.298000,97.106234
4341,36.630378,2.500000,400.000000
4342,36.640508,10.130000,98.716683
4343,36.642871,2.363000,423.190859
4344,36.658545,15.674000,63.799923
4345,36.661131,2.586000,386.697602
4346,36.671639,10.508000,95.165588
4347,36.674244,2.605000,383.877159
4348,36.685080,10.836000,92.284976
4349,36.687427,2.347000,426.075841
4350,36.696063,8.636000,115.794349
4351,36.698352,2.289000,436.871997
4352,36.707712,9.360000,106.837607
4353,36.710104,2.392000,418.060201
4354,36.724972,14.868000,67.258542
4355,36.727602,2.630000,380.228137
4356,36.738272,10.670000,93.720712
4357,36.740898,2.626000,380.807312
4358,36.753815,12.917000,77.417357
4359,36.756386,2.571000,388.953715
4360,36.764863,8.477000,117.966262
4361,36.767115,2.252000,444.049734
4362,36.778074,10.959000,91.249202
4363,36.780673,2.599000,384.763371
4364,36.790244,9.571000,104.482290
4365,36.792918,2.674000,373.971578
4366,36.802096,9.178000,108.956200
4367,36.804463,2.367000,422.475708
4368,36.818248,13.785000,72.542619
4369,36.820852,2.604000,384.024578
4370,36.830251,9.399000,106.394297
4371,36.832574,2.323000,430.477830
4372,36.844913,12.339000,81.043845
4373,36.847567,2.654000,376.789751
4374,36.857221,9.654000,103.584007
4375,36.859748,2.527000,395.726157
4376,36.868916,9.168000,109.075044
4377,36.871148,2.232000,448.028674
4378,36.884990,13.842000,72.243895
4379,36.887649,2.659000,376.081234
4380,36.899744,12.095000,82.678793
4381,36.902401,2.657000,376.364321
4382,36.911690,9.289000,107.654215
4383,36.914051,2.361000,423.549343
4384,36.924892,10.841000,92.242413
4385,36.927595,2.703000,369.959304
4386,36.935153,7.558000,132.310135
4387,36.937620,2.467000,405.350628
4388,36.947037,9.417000,106.190931
4389,36.949389,2.352000,425.170068
4390,36.964878,15.489000,64.561947
4391,36.967531,2.653000,376.931775
4392,36.976533,9.002000,111.086425
4393,36.979061,2.528000,395.569620
4394,36.988154,9.093000,109.974706
4395,36.990599,2.445000,408.997955
4396,36.999695,9.096000,109.938434
4397,37.002202,2.507000,398.883127
4398,37.018201,15.999000,62.503906
4399,37.020874,2.673000,374.111485
4400,37.030030,9.156000,109.217999
4401,37.032350,2.320000,431.034483
4402,37.041448,9.098000,109.914267
4403,37.043728,2.280000,438.596491
4404,37.052380,8.652000,115.580213
4405,37.054687,2.307000,433.463372
4406,37.071502,16.815000,59.470711
4407,37.074114,2.612000,382.848392
4408,37.082433,8.319000,120.206756
4409,37.084724,2.291000,436.490615
4410,37.093104,8.380000,119.331742
4411,37.095508,2.404000,415.973378
4412,37.111521,16.013000,62.449260
4413,37.114071,2.550000,392.156863
4414,37.121423,7.352000,136.017410
4415,37.123981,2.558000,390.930414
4416,37.131281,7.300000,136.986301
4417,37.133771,2.490000,401.606426
4418,37.141949,8.178000,122.279286
4419,37.144358,2.409000,415.110004
4420,37.153180,8.822000,113.352981
4421,37.155461,2.281000,438.404209
4422,37.164789,9.328000,107.204117
4423,37.167359,2.570000,389.105058
4424,37.176298,8.939000,111.869337
4425,37.178666,2.368000,422.297297
4426,37.186989,8.323000,120.148985
4427,37.189601,2.612000,382.848392
4428,37.204805,15.204000,65.772165
4429,37.207379,2.574000,388.500389
4430,37.216026,8.647000,115.647045
4431,37.218346,2.320000,431.034483
4432,37.226525,8.179000,122.264335
4433,37.228839,2.314000,432.152118
4434,37.244806,15.967000,62.629173
4435,37.247379,2.573000,388.651380
4436,37.255810,8.431000,118.609892
4437,37.258176,2.366000,422.654269
4438,37.266678,8.502000,117.619384
4439,37.269028,2.350000,425.531915
4440,37.284875,15.847000,63.103427
4441,37.287507,2.632000,379.939210
4442,37.298153,10.646000,93.931993
4443,37.300761,2.608000,383.435583
4444,37.308970,8.209000,121.817517
4445,37.311550,2.580000,387.596899
4446,37.324850,13.300000,75.187970
4447,37.327501,2.651000,377.216145
4448,37.335328,7.827000,127.762872
4449,37.337872,2.544000,393.081761
4450,37.355973,18.101000,55.245567
4451,37.358608,2.635000,379.506641
4452,37.378275,19.667000,50.846596
4453,37.380885,2.610000,383.141762
4454,37.391488,10.603000,94.312930
4455,37.394038,2.550000,392.156863
4456,37.402996,8.958000,111.632061
4457,37.405306,2.310000,432.900433
4458,37.414587,9.281000,107.747010
4459,37.417026,2.439000,410.004100
4460,37.431467,14.441000,69.247282
4461,37.434142,2.675000,373.831776
4462,37.442294,8.152000,122.669284
4463,37.444703,2.409000,415.110004
4464,37.453706,9.003000,111.074086
4465,37.456015,2.309000,433.087917
4466,37.471477,15.462000,64.674686
4467,37.474169,2.692000,371.471025
4468,37.482799,8.630000,115.874855
4469,37.485080,2.281000,438.404209
4470,37.494495,9.415000,106.213489
4471,37.496810,2.315000,431.965443
4472,37.511427,14.617000,68.413491
4473,37.513979,2.552000,391.849530
4474,37.523440,9.461000,105.697072
4475,37.526066,2.626000,380.807312
4476,37.534410,8.344000,119.846596
4477,37.536720,2.310000,432.900433
4478,37.554452,17.732000,56.395218
4479,37.557089,2.637000,379.218809
4480,37.565308,8.219000,121.669303
4481,37.567588,2.280000,438.596491
4482,37.579512,11.924000,83.864475
4483,37.582103,2.591000,385.951370
4484,37.592429,10.326000,96.842921
4485,37.594995,2.566000,389.711613
4486,37.603244,8.249000,121.226815
4487,37.605639,2.395000,417.536534
4488,37.614369,8.730000,114.547537
4489,37.616741,2.372000,421.585160
4490,37.625965,9.224000,108.412836
4491,37.628464,2.499000,400.160064
4492,37.644728,16.264000,61.485489
4493,37.647370,2.642000,378.501136
4494,37.656260,8.890000,112.485939
4495,37.658599,2.339000,427.533134
4496,37.666233,7.634000,130.992926
4497,37.668538,2.305000,433.839479
4498,37.684954,16.416000,60.916179
4499,37.687518,2.564000,390.015601
4500,37.698868,11.350000,88.105727
4501,37.701451,2.583000,387.146729
4502,37.708993,7.542000,132.590825
4503,37.711331,2.338000,427.715997
4504,37.724718,13.387000,74.699335
4505,37.727314,2.596000,385.208012
4506,37.734712,7.398000,135.171668
4507,37.736941,2.229000,448.631673
4508,37.751445,14.504000,68.946498
4509,37.754084,2.639000,378.931413
4510,37.761996,7.912000,126.390293
4511,37.764600,2.604000,384.024578
4512,37.778137,13.537000,73.871611
4513,37.780466,2.329000,429.368828
4514,37.788530,8.064000,124.007937
4515,37.790901,2.371000,421.762969
4516,37.799696,8.795000,113.700966
4517,37.802278,2.582000,387.296669
4518,37.818121,15.843000,63.119359
4519,37.820661,2.540000,393.700787
4520,37.829525,8.864000,112.815884
4521,37.831806,2.281000,438.404209
4522,37.844678,12.872000,77.688005
4523,37.847292,2.614000,382.555471
4524,37.856284,8.992000,111.209964
4525,37.858611,2.327000,429.737860
4526,37.867005,8.394000,119.132714
4527,37.869379,2.374000,421.229992
4528,37.884770,15.391000,64.973036
4529,37.887396,2.626000,380.807312
4530,37.897395,9.999000,100.010001
4531,37.899713,2.318000,431.406385
4532,37.910326,10.613000,94.224065
4533,37.912666,2.340000,427.350427
4534,37.922210,9.544000,104.777871
4535,37.924785,2.575000,388.349515
4536,37.933599,8.814000,113.455866
4537,37.936358,2.759000,362.450163
4538,37.945599,9.241000,108.213397
4539,37.948131,2.532000,394.944708
4540,37.964878,16.747000,59.712187
4541,37.967517,2.639000,378.931413
4542,37.978348,10.831000,92.327578
4543,37.981014,2.666000,375.093773
4544,37.991185,10.171000,98.318749
4545,37.993615,2.430000,411.522634
4546,38.002594,8.979000,111.370977
4547,38.005224,2.630000,380.228137
4548,38.018039,12.815000,78.033554
4549,38.020339,2.300000,434.782609
4550,38.031969,11.630000,85.984523
4551,38.034528,2.559000,390.777648
4552,38.046000,11.472000,87.168759
4553,38.048615,2.615000,382.409178
4554,38.059357,10.742000,93.092534
4555,38.061918,2.561000,390.472472
4556,38.071659,9.741000,102.658865
4557,38.074273,2.614000,382.555471
4558,38.085975,11.702000,85.455478
4559,38.088603,2.628000,380.517504
4560,38.114814,26.211000,38.151921
4561,38.117551,2.737000,365.363537
4562,38.150492,32.941000,30.357305
4563,38.153196,2.704000,369.822485
4564,38.166435,13.239000,75.534406
4565,38.169231,2.796000,357.653791
4566,38.192994,23.763000,42.082229
4567,38.195584,2.590000,386.100386
4568,38.219839,24.255000,41.228613
4569,38.222625,2.786000,358.937545
4570,38.246174,23.549000,42.464648
4571,38.248924,2.750000,363.636364
4572,38.273027,24.103000,41.488611
4573,38.275789,2.762000,362.056481
4574,38.299440,23.651000,42.281510
4575,38.302221,2.781000,359.582884
4576,38.326523,24.302000,41.148877
4577,38.329469,2.946000,339.443313
4578,38.353612,24.143000,41.419873
4579,38.356547,2.935000,340.715503
4580,38.380889,24.342000,41.081259
4581,38.384021,3.132000,319.284802
4582,38.406324,22.303000,44.837017
4583,38.409521,3.197000,312.793244
4584,38.432809,23.288000,42.940570
4585,38.436468,3.659000,273.298715
4586,38.446161,9.693000,103.167234
4587,38.449501,3.340000,299.401198
4588,38.471397,21.896000,45.670442
4589,38.475731,4.334000,230.733733
4590,38.487307,11.576000,86.385625
4591,38.491438,4.131000,242.072137
4592,38.501684,10.246000,97.599063
4593,38.511358,9.674000,103.369857
4594,38.514539,3.181000,314.366551
4595,38.523759,9.220000,108.459870
4596,38.526191,2.432000,411.184211
4597,38.528984,2.793000,358.037952
4598,38.539148,10.164000,98.386462
4599,38.541951,2.803000,356.760614
4600,38.571444,29.493000,33.906351
4601,38.574169,2.725000,366.972477
4602,38.593069,18.900000,52.910053
4603,38.595953,2.884000,346.740638
4604,38.619877,23.924000,41.799030
4605,38.622532,2.655000,376.647834
4606,38.646303,23.771000,42.068066
4607,38.648926,2.623000,381.242852
4608,38.673750,24.824000,40.283597
4609,38.676418,2.668000,374.812594
4610,38.699656,23.238000,43.032963
4611,38.702295,2.639000,378.931413
4612,38.726668,24.373000,41.029008
4613,38.729298,2.630000,380.228137
4614,38.753167,23.869000,41.895345
4615,38.755793,2.626000,380.807312
4616,38.781593,25.800000,38.759690
4617,38.784246,2.653000,376.931775
4618,38.807134,22.888000,43.691017
4619,38.809734,2.600000,384.615385
4620,38.833307,23.573000,42.421414
4621,38.835946,2.639000,378.931413
4622,38.860605,24.659000,40.553145
4623,38.863423,2.818000,354.861604
4624,38.886481,23.058000,43.368896
4625,38.889223,2.742000,364.697301
4626,38.913606,24.383000,41.012181
4627,38.916573,2.967000,337.040782
4628,38.948514,31.941000,31.307724
4629,38.951565,3.051000,327.761390
4630,38.967394,15.829000,63.175185
4631,38.970380,2.986000,334.896182
4632,38.992758,22.378000,44.686746
4633,38.995978,3.220000,310.559006
4634,39.019654,23.676000,42.236864
4635,39.023260,3.606000,277.315585
4636,39.033014,9.754000,102.522042
4637,39.036368,3.354000,298.151461
4638,39.046054,9.686000,103.241792
4639,39.049730,3.676000,272.034820
4640,39.060783,11.053000,90.473175
4641,39.064465,3.682000,271.591526
4642,39.086136,21.671000,46.144617
4643,39.089862,3.726000,268.384326
4644,39.099340,9.478000,105.507491
4645,39.109226,9.886000,101.153146
4646,39.112476,3.250000,307.692308
4647,39.115475,2.999000,333.444481
4648,39.124942,9.467000,105.630083
4649,39.127867,2.925000,341.880342
4650,39.138217,10.350000,96.618357
4651,39.141399,3.182000,314.267756
4652,39.151542,10.143000,98.590161
4653,39.154626,3.084000,324.254215
4654,39.183917,29.291000,34.140180
4655,39.186865,2.948000,339.213026
4656,39.206294,19.429000,51.469453
4657,39.209234,2.940000,340.136054
4658,39.232829,23.595000,42.381861
4659,39.235713,2.884000,346.740638
4660,39.259494,23.781000,42.050376
4661,39.262326,2.832000,353.107345
4662,39.286222,23.896000,41.848008
4663,39.289492,3.270000,305.810398
4664,39.315481,25.989000,38.477818
4665,39.315930,0.449000,2227.171492
4666,39.331882,15.952000,62.688064
4667,39.335553,3.671000,272.405339
4668,39.352978,17.425000,57.388809
4669,39.355789,2.811000,355.745286
4670,39.371592,15.803000,63.279124
4671,39.374650,3.058000,327.011118
4672,39.409012,34.362000,29.101915
4673,39.412380,3.368000,296.912114
4674,39.433765,21.385000,46.761749
4675,39.435662,1.897000,527.148129
4676,39.456051,20.389000,49.046054
4677,39.458900,2.849000,351.000351
4678,39.472775,13.875000,72.072072
4679,39.475674,2.899000,344.946533
4680,39.487053,11.379000,87.881185
4681,39.489962,2.909000,343.760743
4682,39.505028,15.066000,66.374618
4683,39.508046,3.018000,331.345262
4684,39.525071,17.025000,58.737151
4685,39.528099,3.028000,330.250991
4686,39.539989,11.890000,84.104289
4687,39.543211,3.222000,310.366232
4688,39.553959,10.748000,93.040566
4689,39.557086,3.127000,319.795331
4690,39.566898,9.812000,101.916021
4691,39.569843,2.945000,339.558574
4692,39.591667,21.824000,45.821114
4693,39.595015,3.348000,298.685783
4694,39.605842,10.827000,92.361688
4695,39.609087,3.245000,308.166410
4696,39.632373,23.286000,42.944258
4697,39.635766,3.393000,294.724433
4698,39.658753,22.987000,43.502849
4699,39.662613,3.860000,259.067358
4700,39.685325,22.712000,44.029588
4701,39.689113,3.788000,263.991552
4702,39.699511,10.398000,96.172341
4703,39.703124,3.613000,276.778301
4704,39.725146,22.022000,45.409136
4705,39.728974,3.828000,261.233020
4706,39.739946,10.972000,91.141086
4707,39.743491,3.545000,282.087447
4708,39.753594,10.103000,98.980501
4709,39.757244,3.650000,273.972603
4710,39.766270,9.026000,110.791048
4711,39.769351,3.081000,324.569945
4712,39.778488,9.137000,109.445113
4713,39.781360,2.872000,348.189415
4714,39.791465,10.105000,98.960910
4715,39.794234,2.769000,361.141206
4716,39.804757,10.523000,95.029934
4717,39.807436,2.679000,373.273610
4718,39.818139,10.703000,93.431748
4719,39.821166,3.027000,330.360093
4720,39.831425,10.259000,97.475387
4721,39.834269,2.844000,351.617440
4722,39.861461,27.192000,36.775522
4723,39.864187,2.726000,366.837858
4724,39.886056,21.869000,45.726828
4725,39.888819,2.763000,361.925443
4726,39.912772,23.953000,41.748424
4727,39.915537,2.765000,361.663653
4728,39.939300,23.763000,42.082229
4729,39.942081,2.781000,359.582884
4730,39.966021,23.940000,41.771094
4731,39.968787,2.766000,361.532899
4732,39.992729,23.942000,41.767605
4733,39.995513,2.784000,359.195402
4734,40.019793,24.280000,41.186161
4735,40.022674,2.881000,347.101701
4736,40.046200,23.526000,42.506163
4737,40.049051,2.851000,350.754121
4738,40.072705,23.654000,42.276148
4739,40.075552,2.847000,351.246927
4740,40.099359,23.807000,42.004452
4741,40.102186,2.827000,353.731871
4742,40.126575,24.389000,41.002091
4743,40.129419,2.844000,351.617440
4744,40.152623,23.204000,43.096018
4745,40.155545,2.922000,342.231348
4746,40.183225,27.680000,36.127168
4747,40.186289,3.064000,326.370757
4748,40.198976,12.687000,78.820840
4749,40.201648,2.672000,374.251497
4750,40.232667,31.019000,32.238306
4751,40.235874,3.207000,311.817898
4752,40.246483,10.609000,94.259591
4753,40.249471,2.988000,334.672021
4754,40.271395,21.924000,45.612115
4755,40.274903,3.508000,285.062714
4756,40.298211,23.308000,42.903724
4757,40.303685,5.474000,182.681768
4758,40.314509,10.824000,92.387288
4759,40.326558,12.049000,82.994439
4760,40.329609,3.051000,327.761390
4761,40.338829,9.220000,108.459870
4762,40.361034,22.205000,45.034902
4763,40.364271,3.237000,308.928020
4764,40.378255,13.984000,71.510297
4765,40.381475,3.220000,310.559006
4766,40.405733,24.258000,41.223514
4767,40.408819,3.086000,324.044070
4768,40.432508,23.689000,42.213686
4769,40.435743,3.235000,309.119011
4770,40.459193,23.450000,42.643923
4771,40.462253,3.060000,326.797386
4772,40.486371,24.118000,41.462808
4773,40.489413,3.042000,328.731098
4774,40.515092,25.679000,38.942326
4775,40.518211,3.119000,320.615582
4776,40.530088,11.877000,84.196346
4777,40.533196,3.108000,321.750322
4778,40.550440,17.244000,57.991185
4779,40.553657,3.217000,310.848617
4780,40.566051,12.394000,80.684202
4781,40.569095,3.044000,328.515112
4782,40.591280,22.185000,45.075501
4783,40.594533,3.253000,307.408546
4784,40.604457,9.924000,100.765820
4785,40.607413,2.956000,338.294993
4786,40.617807,10.394000,96.209352
4787,40.621016,3.209000,311.623559
4788,40.631278,10.262000,97.446891
4789,40.634535,3.257000,307.031010
4790,40.644779,10.244000,97.618118
4791,40.647783,3.004000,332.889481
4792,40.656323,8.540000,117.096019
4793,40.659495,3.172000,315.258512
4794,40.669318,9.823000,101.801894
4795,40.672461,3.143000,318.167356
4796,40.682055,9.594000,104.231812
4797,40.685138,3.083000,324.359390
4798,40.694368,9.230000,108.342362
4799,40.697184,2.816000,355.113636
4800,40.711134,13.950000,71.684588
4801,40.713981,2.847000,351.246927
4802,40.724513,10.532000,94.948728
4803,40.727466,2.953000,338.638673
4804,40.737844,10.378000,96.357680
4805,40.740637,2.793000,358.037952
4806,40.752065,11.428000,87.504375
4807,40.754565,2.500000,400.000000
4808,40.765303,10.738000,93.127212
4809,40.768053,2.750000,363.636364
4810,40.778431,10.378000,96.357680
4811,40.781242,2.811000,355.745286
4812,40.807388,26.146000,38.246768
4813,40.810088,2.700000,370.370370
4814,40.831703,21.615000,46.264168
4815,40.834545,2.842000,351.864884
4816,40.847869,13.324000,75.052537
4817,40.850711,2.842000,351.864884
4818,40.863938,13.227000,75.602933
4819,40.866684,2.746000,364.166060
4820,40.882394,15.710000,63.653724
4821,40.885157,2.763000,361.925443
4822,40.894677,9.520000,105.042017
4823,40.897118,2.441000,409.668169
4824,40.907314,10.196000,98.077678
4825,40.909919,2.605000,383.877159
4826,40.924540,14.621000,68.394775
4827,40.927150,2.610000,383.141762
4828,40.939640,12.490000,80.064051
4829,40.942330,2.690000,371.747212
4830,40.964552,22.222000,45.000450
4831,40.967183,2.631000,380.083618
4832,40.979308,12.125000,82.474227
4833,40.981941,2.633000,379.794911
4834,40.991599,9.658000,103.541106
4835,40.993893,2.294000,435.919791
4836,41.003882,9.989000,100.110121
4837,41.006284,2.402000,416.319734
4838,41.016128,9.844000,101.584722
4839,41.018576,2.448000,408.496732
4840,41.028280,9.704000,103.050289
4841,41.030691,2.411000,414.765657
4842,41.039691,9.000000,111.111111
4843,41.042258,2.567000,389.559797
4844,41.057687,15.429000,64.813014
4845,41.060347,2.660000,375.939850
4846,41.071358,11.011000,90.818273
4847,41.074042,2.684000,372.578241
4848,41.084483,10.441000,95.776267
4849,41.086865,2.382000,419.815281
4850,41.097735,10.870000,91.996320
4851,41.100416,2.681000,372.995151
4852,41.119221,18.805000,53.177346
4853,41.122046,2.825000,353.982301
4854,41.131711,9.665000,103.466115
4855,41.134104,2.393000,417.885499
4856,41.151205,17.101000,58.476113
4857,41.153847,2.642000,378.501136
4858,41.164531,10.684000,93.597903
4859,41.167220,2.689000,371.885459
4860,41.178050,10.830000,92.336103
4861,41.180746,2.696000,370.919881
4862,41.191215,10.469000,95.520107
4863,41.193859,2.644000,378.214826
4864,41.204308,10.449000,95.702938
4865,41.206933,2.625000,380.952381
4866,41.217641,10.708000,93.388121
4867,41.220342,2.701000,370.233247
4868,41.234056,13.714000,72.918186
4869,41.236816,2.760000,362.318841
4870,41.258897,22.081000,45.287804
4871,41.261630,2.733000,365.898280
4872,41.285788,24.158000,41.394155
4873,41.288599,2.811000,355.745286
4874,41.312599,24.000000,41.666667
4875,41.315458,2.859000,349.772648
4876,41.339174,23.716000,42.165627
4877,41.342142,2.968000,336.927224
4878,41.367529,25.387000,39.390239
4879,41.370773,3.244000,308.261406
4880,41.392950,22.177000,45.091762
4881,41.396672,3.722000,268.672757
4882,41.420519,23.847000,41.933996
4883,41.424286,3.767000,265.463233
4884,41.446150,21.864000,45.737285
4885,41.453257,7.107000,140.706346
4886,41.472799,19.542000,51.171835
4887,41.480831,8.032000,124.501992
4888,41.499459,18.628000,53.682628
4889,41.502447,2.988000,334.672021
4890,41.515225,12.778000,78.259509
4891,41.518356,3.131000,319.386777
4892,41.536378,18.022000,55.487737
4893,41.539568,3.190000,313.479624
4894,41.552652,13.084000,76.429227
4895,41.555791,3.139000,318.572794
4896,41.564488,8.697000,114.982178
4897,41.567408,2.920000,342.465753
4898,41.577511,10.103000,98.980501
4899,41.580708,3.197000,312.793244
4900,41.588678,7.970000,125.470514
4901,41.591318,2.640000,378.787879
4902,41.600462,9.144000,109.361330
4903,41.603175,2.713000,368.595651
4904,41.617482,14.307000,69.895855
4905,41.620598,3.116000,320.924262
4906,41.629269,8.671000,115.326952
4907,41.632069,2.800000,357.142857
4908,41.641044,8.975000,111.420613
4909,41.643669,2.625000,380.952381
4910,41.652243,8.574000,116.631677
4911,41.655045,2.802000,356.887937
4912,41.671000,15.955000,62.676277
4913,41.673743,2.743000,364.564346
4914,41.684189,10.446000,95.730423
4915,41.686913,2.724000,367.107195
4916,41.695360,8.447000,118.385226
4917,41.697765,2.405000,415.800416
4918,41.707243,9.478000,105.507491
4919,41.709636,2.393000,417.885499
4920,41.724341,14.705000,68.004080
4921,41.726969,2.628000,380.517504
4922,41.737566,10.597000,94.366330
4923,41.740182,2.616000,382.262997
4924,41.751131,10.949000,91.332542
4925,41.753743,2.612000,382.848392
4926,41.764655,10.912000,91.642229
4927,41.767047,2.392000,418.060201
4928,41.775421,8.374000,119.417244
4929,41.777839,2.418000,413.564930
4930,41.786579,8.740000,114.416476
4931,41.789020,2.441000,409.668169
4932,41.804326,15.306000,65.333856
4933,41.806910,2.584000,386.996904
4934,41.817533,10.623000,94.135367
4935,41.820197,2.664000,375.375375
4936,41.832405,12.208000,81.913499
4937,41.835130,2.725000,366.972477
4938,41.857786,22.656000,44.138418
4939,41.860494,2.708000,369.276219
4940,41.871148,10.654000,93.861460
4941,41.873625,2.477000,403.714170
4942,41.884376,10.751000,93.014603
4943,41.886929,2.553000,391.696044
4944,41.917369,30.440000,32.851511
4945,41.920153,2.784000,359.195402
4946,41.940553,20.400000,49.019608
4947,41.943173,2.620000,381.679389
4948,41.955400,12.227000,81.786211
4949,41.958132,2.732000,366.032211
4950,41.975396,17.264000,57.924004
4951,41.978026,2.630000,380.228137
4952,41.992251,14.225000,70.298770
4953,41.994867,2.616000,382.262997
4954,42.004283,9.416000,106.202209
4955,42.006596,2.313000,432.338954
4956,42.017567,10.971000,91.149394
4957,42.020205,2.638000,379.075057
4958,42.030965,10.760000,92.936803
4959,42.033248,2.283000,438.020149
4960,42.044251,11.003000,90.884304
4961,42.046795,2.544000,393.081761
4962,42.057539,10.744000,93.075205
4963,42.060138,2.599000,384.763371
4964,42.070788,10.650000,93.896714
4965,42.073128,2.340000,427.350427
4966,42.090172,17.044000,58.671673
4967,42.092809,2.637000,379.218809
4968,42.112130,19.321000,51.757155
4969,42.114754,2.624000,381.097561
4970,42.139704,24.950000,40.080160
4971,42.142641,2.937000,340.483487
4972,42.165782,23.141000,43.213344
4973,42.168507,2.725000,366.972477
4974,42.193167,24.660000,40.551500
4975,42.195949,2.782000,359.453630
4976,42.219404,23.455000,42.634833
4977,42.222029,2.625000,380.952381
4978,42.246501,24.472000,40.863027
4979,42.249493,2.992000,334.224599
4980,42.272682,23.189000,43.123895
4981,42.275952,3.270000,305.810398
4982,42.299172,23.220000,43.066322
4983,42.302815,3.643000,274.499039
4984,42.312285,9.470000,105.596621
4985,42.315239,2.954000,338.524035
4986,42.326330,11.091000,90.163195
4987,42.329404,3.074000,325.309044
4988,42.352387,22.983000,43.510421
4989,42.355626,3.239000,308.737265
4990,42.379029,23.403000,42.729565
4991,42.382673,3.644000,274.423710
4992,42.406323,23.650000,42.283298
4993,42.409976,3.653000,273.747605
4994,42.433003,23.027000,43.427281
4995,42.436670,3.667000,272.702482
4996,42.458743,22.073000,45.304218
4997,42.466463,7.720000,129.533679
4998,42.486021,19.558000,51.129972
4999,42.493116,7.095000,140.944327
5000,42.513950,20.834000,47.998464
5001,42.521927,7.977000,125.360411
5002,42.539127,17.200000,58.139535
5003,42.542140,3.013000,331.895121
5004,42.552051,9.911000,100.897992
5005,42.555108,3.057000,327.118090
5006,42.565544,10.436000,95.822154
5007,42.568667,3.123000,320.204931
5008,42.579150,10.483000,95.392540
5009,42.582297,3.147000,317.762949
5010,42.592189,9.892000,101.091791
5011,42.595272,3.083000,324.359390
5012,42.606124,10.852000,92.148913
5013,42.609243,3.119000,320.615582
5014,42.632133,22.890000,43.687200
5015,42.635421,3.288000,304.136253
5016,42.658891,23.470000,42.607584
5017,42.662153,3.262000,306.560392
5018,42.686718,24.565000,40.708325
5019,42.690348,3.630000,275.482094
5020,42.712665,22.317000,44.808890
5021,42.716289,3.624000,275.938190
5022,42.740632,24.343000,41.079571
5023,42.745333,4.701000,212.720698
5024,42.756763,11.430000,87.489064
5025,42.766253,9.490000,105.374078
5026,42.773026,6.773000,147.645061
5027,42.776666,3.640000,274.725275
5028,42.791994,15.328000,65.240084
5029,42.795590,3.596000,278.086763
5030,42.817356,21.766000,45.943214
5031,42.820968,3.612000,276.854928
5032,42.830086,9.118000,109.673174
5033,42.833050,2.964000,337.381916
5034,42.845195,12.145000,82.338411
5035,42.848363,3.168000,315.656566
5036,42.857493,9.130000,109.529025
5037,42.860374,2.881000,347.101701
5038,42.870702,10.328000,96.824167
5039,42.873817,3.115000,321.027287
5040,42.885401,11.584000,86.325967
5041,42.888349,2.948000,339.213026
5042,42.898703,10.354000,96.581031
5043,42.901686,2.983000,335.232987
5044,42.910304,8.618000,116.036203
5045,42.912930,2.626000,380.807312
5046,42.922555,9.625000,103.896104
5047,42.925304,2.749000,363.768643
5048,42.933771,8.467000,118.105586
5049,42.936349,2.578000,387.897595
5050,42.945596,9.247000,108.143182
5051,42.948213,2.617000,382.116928
5052,42.964043,15.830000,63.171194
5053,42.966701,2.658000,376.222724
5054,42.977922,11.221000,89.118617
5055,42.980346,2.424000,412.541254
5056,42.988655,8.309000,120.351426
5057,42.991167,2.512000,398.089172
5058,43.000374,9.207000,108.613012
5059,43.002687,2.313000,432.338954
5060,43.017277,14.590000,68.540096
5061,43.019834,2.557000,391.083301
5062,43.028773,8.939000,111.869337
5063,43.031084,2.311000,432.713111
5064,43.039780,8.696000,114.995400
5065,43.042103,2.323000,430.477830
5066,43.057222,15.119000,66.141941
5067,43.059790,2.568000,389.408100
5068,43.067553,7.763000,128.816179
5069,43.069796,2.243000,445.831476
5070,43.078599,8.803000,113.597637
5071,43.080885,2.286000,437.445319
5072,43.097269,16.384000,61.035156
5073,43.099813,2.544000,393.081761
5074,43.107694,7.881000,126.887451
5075,43.109905,2.211000,452.284034
5076,43.118731,8.826000,113.301609
5077,43.121210,2.479000,403.388463
5078,43.137278,16.068000,62.235499
5079,43.139837,2.559000,390.777648
5080,43.147539,7.702000,129.836406
5081,43.149826,2.287000,437.254045
5082,43.158115,8.289000,120.641814
5083,43.160396,2.281000,438.404209
5084,43.177176,16.780000,59.594756
5085,43.179829,2.653000,376.931775
5086,43.187932,8.103000,123.411082
5087,43.190200,2.268000,440.917108
5088,43.201377,11.177000,89.469446
5089,43.204001,2.624000,381.097561
5090,43.213646,9.645000,103.680664
5091,43.215982,2.336000,428.082192
5092,43.230757,14.775000,67.681895
5093,43.233378,2.621000,381.533766
5094,43.243991,10.613000,94.224065
5095,43.246592,2.601000,384.467512
5096,43.257589,10.997000,90.933891
5097,43.260247,2.658000,376.222724
5098,43.271053,10.806000,92.541181
5099,43.273659,2.606000,383.729854
5100,43.284280,10.621000,94.153093
5101,43.286883,2.603000,384.172109
5102,43.297458,10.575000,94.562648
5103,43.300142,2.684000,372.578241
5104,43.317781,17.639000,56.692556
5105,43.320374,2.593000,385.653683
5106,43.337697,17.323000,57.726722
5107,43.340398,2.701000,370.233247
5108,43.352403,12.005000,83.298626
5109,43.354993,2.590000,386.100386
5110,43.365196,10.203000,98.010389
5111,43.367724,2.528000,395.569620
5112,43.378654,10.930000,91.491308
5113,43.381205,2.551000,392.003136
5114,43.391872,10.667000,93.747070
5115,43.394410,2.538000,394.011032
5116,43.405356,10.946000,91.357574
5117,43.407899,2.543000,393.236335
5118,43.432551,24.652000,40.564660
5119,43.435169,2.618000,381.970970
5120,43.459571,24.402000,40.980248
5121,43.462194,2.623000,381.242852
5122,43.486359,24.165000,41.382164
5123,43.488974,2.615000,382.409178
5124,43.513822,24.848000,40.244688
5125,43.516422,2.600000,384.615385
5126,43.538604,22.182000,45.081598
5127,43.541199,2.595000,385.356455
5128,43.565700,24.501000,40.814661
5129,43.568422,2.722000,367.376929
5130,43.591866,23.444000,42.654837
5131,43.594567,2.701000,370.233247
5132,43.618686,24.119000,41.461089
5133,43.621475,2.789000,358.551452
5134,43.647199,25.724000,38.874203
5135,43.650172,2.973000,336.360579
5136,43.673742,23.570000,42.426814
5137,43.676895,3.153000,317.158262
5138,43.699250,22.355000,44.732722
5139,43.702851,3.601000,277.700639
5140,43.726246,23.395000,42.744176
5141,43.729877,3.631000,275.406224
5142,43.753419,23.542000,42.477275
5143,43.762200,8.781000,113.882246
5144,43.779250,17.050000,58.651026
5145,43.788136,8.886000,112.536574
5146,43.794688,6.552000,152.625153
5147,43.799365,4.677000,213.812273
5148,43.805371,6.006000,166.500167
5149,43.807685,2.314000,432.152118
5150,43.832116,24.431000,40.931603
5151,43.834669,2.553000,391.696044
5152,43.858717,24.048000,41.583500
5153,43.861307,2.590000,386.100386
5154,43.886341,25.034000,39.945674
5155,43.888861,2.520000,396.825397
5156,43.912089,23.228000,43.051490
5157,43.914692,2.603000,384.172109
5158,43.940052,25.360000,39.432177
5159,43.942576,2.524000,396.196513
5160,43.965895,23.319000,42.883486
5161,43.968438,2.543000,393.236335
5162,43.992505,24.067000,41.550671
5163,43.995073,2.568000,389.408100
5164,44.019835,24.762000,40.384460
5165,44.022452,2.617000,382.116928
5166,44.045918,23.466000,42.614847
5167,44.048603,2.685000,372.439479
5168,44.072903,24.300000,41.152263
5169,44.075694,2.791000,358.294518
5170,44.098501,22.807000,43.846188
5171,44.101371,2.870000,348.432056
5172,44.125462,24.091000,41.509277
5173,44.128653,3.191000,313.381385
5174,44.137123,8.470000,118.063754
5175,44.140243,3.120000,320.512821
5176,44.152965,12.722000,78.603993
5177,44.156182,3.217000,310.848617
5178,44.165770,9.588000,104.297038
5179,44.169361,3.591000,278.473963
5180,44.180073,10.712000,93.353249
5181,44.184586,4.513000,221.582096
5182,44.206176,21.590000,46.317740
5183,44.210058,3.882000,257.599176
5184,44.220736,10.678000,93.650496
5185,44.230303,9.567000,104.525975
5186,44.233751,3.448000,290.023202
5187,44.236815,3.064000,326.370757
5188,44.259243,22.428000,44.587123
5189,44.261894,2.651000,377.216145
5190,44.285507,23.613000,42.349553
5191,44.288454,2.947000,339.328130
5192,44.317053,28.599000,34.966258
5193,44.320127,3.074000,325.309044
5194,44.338948,18.821000,53.132140
5195,44.341870,2.922000,342.231348
5196,44.365025,23.155000,43.187217
5197,44.367987,2.962000,337.609723
5198,44.391850,23.863000,41.905879
5199,44.394823,2.973000,336.360579
5200,44.420189,25.366000,39.422849
5201,44.423185,2.996000,333.778371
5202,44.445531,22.346000,44.750738
5203,44.448452,2.921000,342.348511
5204,44.473134,24.682000,40.515355
5205,44.476326,3.192000,313.283208
5206,44.498621,22.295000,44.853106
5207,44.501783,3.162000,316.255534
5208,44.525645,23.862000,41.907636
5209,44.529020,3.375000,296.296296
5210,44.553261,24.241000,41.252424
5211,44.556304,3.043000,328.623069
5212,44.578307,22.003000,45.448348
5213,44.581465,3.158000,316.656111
5214,44.606438,24.973000,40.043247
5215,44.609691,3.253000,307.408546
5216,44.632227,22.536000,44.373447
5217,44.635378,3.151000,317.359568
5218,44.660242,24.864000,40.218790
5219,44.663416,3.174000,315.059861
5220,44.685615,22.199000,45.047074
5221,44.689304,3.689000,271.076172
5222,44.712135,22.831000,43.800096
5223,44.715792,3.657000,273.448182
5224,44.725950,10.158000,98.444576
5225,44.735184,9.234000,108.295430
5226,44.739189,4.005000,249.687890
5227,44.742225,3.036000,329.380764
5228,44.765263,23.038000,43.406546
5229,44.768416,3.153000,317.158262
5230,44.777026,8.610000,116.144019
5231,44.779874,2.848000,351.123596
5232,44.792738,12.864000,77.736318
5233,44.795828,3.090000,323.624595
5234,44.805373,9.545000,104.766894
5235,44.808518,3.145000,317.965024
5236,44.818735,10.217000,97.876089
5237,44.821839,3.104000,322.164948
5238,44.832140,10.301000,97.077954
5239,44.835098,2.958000,338.066261
5240,44.859229,24.131000,41.440471
5241,44.862299,3.070000,325.732899
5242,44.885855,23.556000,42.452029
5243,44.889016,3.161000,316.355584
5244,44.911972,22.956000,43.561596
5245,44.915210,3.238000,308.832613
5246,44.940691,25.481000,39.244928
5247,44.943926,3.235000,309.119011
5248,44.966840,22.914000,43.641442
5249,44.970128,3.288000,304.136253
5250,44.991898,21.770000,45.934773
5251,44.995484,3.586000,278.862242
5252,45.004120,8.636000,115.794349
